/*--------------------------------*- C++ -*----------------------------------*\
| =========                 |                                                 |
| \\      /  F ield         | OpenFOAM: The Open Source CFD Toolbox           |
|  \\    /   O peration     | Version:  2512                                  |
|   \\  /    A nd           | Website:  www.openfoam.com                      |
|    \\/     M anipulation  |                                                 |
\*---------------------------------------------------------------------------*/
FoamFile
{
    version     2.0;
    format      ascii;
    arch        "LSB;label=32;scalar=64";
    class       faceList;
    location    "constant/polyMesh";
    object      faces;
}
// * * * * * * * * * * * * * * * * * * * * * * * * * * * * * * * * * * * * * //


24612
(
4(1 26 251 226)
4(25 250 251 26)
4(2 27 252 227)
4(26 251 252 27)
4(3 28 253 228)
4(27 252 253 28)
4(4 29 254 229)
4(28 253 254 29)
4(5 30 255 230)
4(29 254 255 30)
4(6 31 256 231)
4(30 255 256 31)
4(7 32 257 232)
4(31 256 257 32)
4(8 33 258 233)
4(32 257 258 33)
4(9 34 259 234)
4(33 258 259 34)
4(10 35 260 235)
4(34 259 260 35)
4(11 36 261 236)
4(35 260 261 36)
4(12 37 262 237)
4(36 261 262 37)
4(13 38 263 238)
4(37 262 263 38)
4(14 39 264 239)
4(38 263 264 39)
4(15 40 265 240)
4(39 264 265 40)
4(16 41 266 241)
4(40 265 266 41)
4(17 42 267 242)
4(41 266 267 42)
4(18 43 268 243)
4(42 267 268 43)
4(19 44 269 244)
4(43 268 269 44)
4(20 45 270 245)
4(44 269 270 45)
4(21 46 271 246)
4(45 270 271 46)
4(22 47 272 247)
4(46 271 272 47)
4(23 48 273 248)
4(47 272 273 48)
4(48 273 274 49)
4(24 49 274 249)
4(26 51 276 251)
4(50 275 276 51)
4(27 52 277 252)
4(51 276 277 52)
4(28 53 278 253)
4(52 277 278 53)
4(29 54 279 254)
4(53 278 279 54)
4(30 55 280 255)
4(54 279 280 55)
4(31 56 281 256)
4(55 280 281 56)
4(32 57 282 257)
4(56 281 282 57)
4(33 58 283 258)
4(57 282 283 58)
4(34 59 284 259)
4(58 283 284 59)
4(35 60 285 260)
4(59 284 285 60)
4(36 61 286 261)
4(60 285 286 61)
4(37 62 287 262)
4(61 286 287 62)
4(38 63 288 263)
4(62 287 288 63)
4(39 64 289 264)
4(63 288 289 64)
4(40 65 290 265)
4(64 289 290 65)
4(41 66 291 266)
4(65 290 291 66)
4(42 67 292 267)
4(66 291 292 67)
4(43 68 293 268)
4(67 292 293 68)
4(44 69 294 269)
4(68 293 294 69)
4(45 70 295 270)
4(69 294 295 70)
4(46 71 296 271)
4(70 295 296 71)
4(47 72 297 272)
4(71 296 297 72)
4(48 73 298 273)
4(72 297 298 73)
4(73 298 299 74)
4(49 74 299 274)
4(51 76 301 276)
4(75 300 301 76)
4(52 77 302 277)
4(76 301 302 77)
4(53 78 303 278)
4(77 302 303 78)
4(54 79 304 279)
4(78 303 304 79)
4(55 80 305 280)
4(79 304 305 80)
4(56 81 306 281)
4(80 305 306 81)
4(57 82 307 282)
4(81 306 307 82)
4(58 83 308 283)
4(82 307 308 83)
4(59 84 309 284)
4(83 308 309 84)
4(60 85 310 285)
4(84 309 310 85)
4(61 86 311 286)
4(85 310 311 86)
4(62 87 312 287)
4(86 311 312 87)
4(63 88 313 288)
4(87 312 313 88)
4(64 89 314 289)
4(88 313 314 89)
4(65 90 315 290)
4(89 314 315 90)
4(66 91 316 291)
4(90 315 316 91)
4(67 92 317 292)
4(91 316 317 92)
4(68 93 318 293)
4(92 317 318 93)
4(69 94 319 294)
4(93 318 319 94)
4(70 95 320 295)
4(94 319 320 95)
4(71 96 321 296)
4(95 320 321 96)
4(72 97 322 297)
4(96 321 322 97)
4(73 98 323 298)
4(97 322 323 98)
4(98 323 324 99)
4(74 99 324 299)
4(76 101 326 301)
4(100 325 326 101)
4(77 102 327 302)
4(101 326 327 102)
4(78 103 328 303)
4(102 327 328 103)
4(79 104 329 304)
4(103 328 329 104)
4(80 105 330 305)
4(104 329 330 105)
4(81 106 331 306)
4(105 330 331 106)
4(82 107 332 307)
4(106 331 332 107)
4(83 108 333 308)
4(107 332 333 108)
4(84 109 334 309)
4(108 333 334 109)
4(85 110 335 310)
4(109 334 335 110)
4(86 111 336 311)
4(110 335 336 111)
4(87 112 337 312)
4(111 336 337 112)
4(88 113 338 313)
4(112 337 338 113)
4(89 114 339 314)
4(113 338 339 114)
4(90 115 340 315)
4(114 339 340 115)
4(91 116 341 316)
4(115 340 341 116)
4(92 117 342 317)
4(116 341 342 117)
4(93 118 343 318)
4(117 342 343 118)
4(94 119 344 319)
4(118 343 344 119)
4(95 120 345 320)
4(119 344 345 120)
4(96 121 346 321)
4(120 345 346 121)
4(97 122 347 322)
4(121 346 347 122)
4(98 123 348 323)
4(122 347 348 123)
4(123 348 349 124)
4(99 124 349 324)
4(101 126 351 326)
4(125 350 351 126)
4(102 127 352 327)
4(126 351 352 127)
4(103 128 353 328)
4(127 352 353 128)
4(104 129 354 329)
4(128 353 354 129)
4(105 130 355 330)
4(129 354 355 130)
4(106 131 356 331)
4(130 355 356 131)
4(107 132 357 332)
4(131 356 357 132)
4(108 133 358 333)
4(132 357 358 133)
4(109 134 359 334)
4(133 358 359 134)
4(110 135 360 335)
4(134 359 360 135)
4(111 136 361 336)
4(135 360 361 136)
4(112 137 362 337)
4(136 361 362 137)
4(113 138 363 338)
4(137 362 363 138)
4(114 139 364 339)
4(138 363 364 139)
4(115 140 365 340)
4(139 364 365 140)
4(116 141 366 341)
4(140 365 366 141)
4(117 142 367 342)
4(141 366 367 142)
4(118 143 368 343)
4(142 367 368 143)
4(119 144 369 344)
4(143 368 369 144)
4(120 145 370 345)
4(144 369 370 145)
4(121 146 371 346)
4(145 370 371 146)
4(122 147 372 347)
4(146 371 372 147)
4(123 148 373 348)
4(147 372 373 148)
4(148 373 374 149)
4(124 149 374 349)
4(126 151 376 351)
4(150 375 376 151)
4(127 152 377 352)
4(151 376 377 152)
4(128 153 378 353)
4(152 377 378 153)
4(129 154 379 354)
4(153 378 379 154)
4(130 155 380 355)
4(154 379 380 155)
4(131 156 381 356)
4(155 380 381 156)
4(132 157 382 357)
4(156 381 382 157)
4(133 158 383 358)
4(157 382 383 158)
4(134 159 384 359)
4(158 383 384 159)
4(135 160 385 360)
4(159 384 385 160)
4(136 161 386 361)
4(160 385 386 161)
4(137 162 387 362)
4(161 386 387 162)
4(138 163 388 363)
4(162 387 388 163)
4(139 164 389 364)
4(163 388 389 164)
4(140 165 390 365)
4(164 389 390 165)
4(141 166 391 366)
4(165 390 391 166)
4(142 167 392 367)
4(166 391 392 167)
4(143 168 393 368)
4(167 392 393 168)
4(144 169 394 369)
4(168 393 394 169)
4(145 170 395 370)
4(169 394 395 170)
4(146 171 396 371)
4(170 395 396 171)
4(147 172 397 372)
4(171 396 397 172)
4(148 173 398 373)
4(172 397 398 173)
4(173 398 399 174)
4(149 174 399 374)
4(151 176 401 376)
4(175 400 401 176)
4(152 177 402 377)
4(176 401 402 177)
4(153 178 403 378)
4(177 402 403 178)
4(154 179 404 379)
4(178 403 404 179)
4(155 180 405 380)
4(179 404 405 180)
4(156 181 406 381)
4(180 405 406 181)
4(157 182 407 382)
4(181 406 407 182)
4(158 183 408 383)
4(182 407 408 183)
4(159 184 409 384)
4(183 408 409 184)
4(160 185 410 385)
4(184 409 410 185)
4(161 186 411 386)
4(185 410 411 186)
4(162 187 412 387)
4(186 411 412 187)
4(163 188 413 388)
4(187 412 413 188)
4(164 189 414 389)
4(188 413 414 189)
4(165 190 415 390)
4(189 414 415 190)
4(166 191 416 391)
4(190 415 416 191)
4(167 192 417 392)
4(191 416 417 192)
4(168 193 418 393)
4(192 417 418 193)
4(169 194 419 394)
4(193 418 419 194)
4(170 195 420 395)
4(194 419 420 195)
4(171 196 421 396)
4(195 420 421 196)
4(172 197 422 397)
4(196 421 422 197)
4(173 198 423 398)
4(197 422 423 198)
4(198 423 424 199)
4(174 199 424 399)
4(176 201 426 401)
4(200 425 426 201)
4(177 202 427 402)
4(201 426 427 202)
4(178 203 428 403)
4(202 427 428 203)
4(179 204 429 404)
4(203 428 429 204)
4(180 205 430 405)
4(204 429 430 205)
4(181 206 431 406)
4(205 430 431 206)
4(182 207 432 407)
4(206 431 432 207)
4(183 208 433 408)
4(207 432 433 208)
4(184 209 434 409)
4(208 433 434 209)
4(185 210 435 410)
4(209 434 435 210)
4(186 211 436 411)
4(210 435 436 211)
4(187 212 437 412)
4(211 436 437 212)
4(188 213 438 413)
4(212 437 438 213)
4(189 214 439 414)
4(213 438 439 214)
4(190 215 440 415)
4(214 439 440 215)
4(191 216 441 416)
4(215 440 441 216)
4(192 217 442 417)
4(216 441 442 217)
4(193 218 443 418)
4(217 442 443 218)
4(194 219 444 419)
4(218 443 444 219)
4(195 220 445 420)
4(219 444 445 220)
4(196 221 446 421)
4(220 445 446 221)
4(197 222 447 422)
4(221 446 447 222)
4(198 223 448 423)
4(222 447 448 223)
4(199 224 449 424)
4(223 448 449 224)
4(450 466 610 594)
4(49 274 610 466)
4(451 467 611 595)
4(466 610 611 467)
4(452 468 612 596)
4(467 611 612 468)
4(453 469 613 597)
4(468 612 613 469)
4(454 470 614 598)
4(469 613 614 470)
4(455 471 615 599)
4(470 614 615 471)
4(456 472 616 600)
4(471 615 616 472)
4(457 473 617 601)
4(472 616 617 473)
4(458 474 618 602)
4(473 617 618 474)
4(459 475 619 603)
4(474 618 619 475)
4(460 476 620 604)
4(475 619 620 476)
4(461 477 621 605)
4(476 620 621 477)
4(462 478 622 606)
4(477 621 622 478)
4(463 479 623 607)
4(478 622 623 479)
4(464 480 624 608)
4(479 623 624 480)
4(480 624 625 481)
4(465 481 625 609)
4(466 482 626 610)
4(74 299 626 482)
4(467 483 627 611)
4(482 626 627 483)
4(468 484 628 612)
4(483 627 628 484)
4(469 485 629 613)
4(484 628 629 485)
4(470 486 630 614)
4(485 629 630 486)
4(471 487 631 615)
4(486 630 631 487)
4(472 488 632 616)
4(487 631 632 488)
4(473 489 633 617)
4(488 632 633 489)
4(474 490 634 618)
4(489 633 634 490)
4(475 491 635 619)
4(490 634 635 491)
4(476 492 636 620)
4(491 635 636 492)
4(477 493 637 621)
4(492 636 637 493)
4(478 494 638 622)
4(493 637 638 494)
4(479 495 639 623)
4(494 638 639 495)
4(480 496 640 624)
4(495 639 640 496)
4(496 640 641 497)
4(481 497 641 625)
4(482 498 642 626)
4(99 324 642 498)
4(483 499 643 627)
4(498 642 643 499)
4(484 500 644 628)
4(499 643 644 500)
4(485 501 645 629)
4(500 644 645 501)
4(486 502 646 630)
4(501 645 646 502)
4(487 503 647 631)
4(502 646 647 503)
4(488 504 648 632)
4(503 647 648 504)
4(489 505 649 633)
4(504 648 649 505)
4(490 506 650 634)
4(505 649 650 506)
4(491 507 651 635)
4(506 650 651 507)
4(492 508 652 636)
4(507 651 652 508)
4(493 509 653 637)
4(508 652 653 509)
4(494 510 654 638)
4(509 653 654 510)
4(495 511 655 639)
4(510 654 655 511)
4(496 512 656 640)
4(511 655 656 512)
4(512 656 657 513)
4(497 513 657 641)
4(498 514 658 642)
4(124 349 658 514)
4(499 515 659 643)
4(514 658 659 515)
4(500 516 660 644)
4(515 659 660 516)
4(501 517 661 645)
4(516 660 661 517)
4(502 518 662 646)
4(517 661 662 518)
4(503 519 663 647)
4(518 662 663 519)
4(504 520 664 648)
4(519 663 664 520)
4(505 521 665 649)
4(520 664 665 521)
4(506 522 666 650)
4(521 665 666 522)
4(507 523 667 651)
4(522 666 667 523)
4(508 524 668 652)
4(523 667 668 524)
4(509 525 669 653)
4(524 668 669 525)
4(510 526 670 654)
4(525 669 670 526)
4(511 527 671 655)
4(526 670 671 527)
4(512 528 672 656)
4(527 671 672 528)
4(528 672 673 529)
4(513 529 673 657)
4(514 530 674 658)
4(149 374 674 530)
4(515 531 675 659)
4(530 674 675 531)
4(516 532 676 660)
4(531 675 676 532)
4(517 533 677 661)
4(532 676 677 533)
4(518 534 678 662)
4(533 677 678 534)
4(519 535 679 663)
4(534 678 679 535)
4(520 536 680 664)
4(535 679 680 536)
4(521 537 681 665)
4(536 680 681 537)
4(522 538 682 666)
4(537 681 682 538)
4(523 539 683 667)
4(538 682 683 539)
4(524 540 684 668)
4(539 683 684 540)
4(525 541 685 669)
4(540 684 685 541)
4(526 542 686 670)
4(541 685 686 542)
4(527 543 687 671)
4(542 686 687 543)
4(528 544 688 672)
4(543 687 688 544)
4(544 688 689 545)
4(529 545 689 673)
4(530 546 690 674)
4(174 399 690 546)
4(531 547 691 675)
4(546 690 691 547)
4(532 548 692 676)
4(547 691 692 548)
4(533 549 693 677)
4(548 692 693 549)
4(534 550 694 678)
4(549 693 694 550)
4(535 551 695 679)
4(550 694 695 551)
4(536 552 696 680)
4(551 695 696 552)
4(537 553 697 681)
4(552 696 697 553)
4(538 554 698 682)
4(553 697 698 554)
4(539 555 699 683)
4(554 698 699 555)
4(540 556 700 684)
4(555 699 700 556)
4(541 557 701 685)
4(556 700 701 557)
4(542 558 702 686)
4(557 701 702 558)
4(543 559 703 687)
4(558 702 703 559)
4(544 560 704 688)
4(559 703 704 560)
4(560 704 705 561)
4(545 561 705 689)
4(546 562 706 690)
4(199 424 706 562)
4(547 563 707 691)
4(562 706 707 563)
4(548 564 708 692)
4(563 707 708 564)
4(549 565 709 693)
4(564 708 709 565)
4(550 566 710 694)
4(565 709 710 566)
4(551 567 711 695)
4(566 710 711 567)
4(552 568 712 696)
4(567 711 712 568)
4(553 569 713 697)
4(568 712 713 569)
4(554 570 714 698)
4(569 713 714 570)
4(555 571 715 699)
4(570 714 715 571)
4(556 572 716 700)
4(571 715 716 572)
4(557 573 717 701)
4(572 716 717 573)
4(558 574 718 702)
4(573 717 718 574)
4(559 575 719 703)
4(574 718 719 575)
4(560 576 720 704)
4(575 719 720 576)
4(576 720 721 577)
4(561 577 721 705)
4(562 578 722 706)
4(563 579 723 707)
4(564 580 724 708)
4(565 581 725 709)
4(566 582 726 710)
4(567 583 727 711)
4(568 584 728 712)
4(569 585 729 713)
4(570 586 730 714)
4(571 587 731 715)
4(572 588 732 716)
4(573 589 733 717)
4(574 590 734 718)
4(575 591 735 719)
4(576 592 736 720)
4(577 593 737 721)
4(738 766 1018 990)
4(481 625 1018 766)
4(739 767 1019 991)
4(766 1018 1019 767)
4(740 768 1020 992)
4(767 1019 1020 768)
4(741 769 1021 993)
4(768 1020 1021 769)
4(742 770 1022 994)
4(769 1021 1022 770)
4(743 771 1023 995)
4(770 1022 1023 771)
4(744 772 1024 996)
4(771 1023 1024 772)
4(745 773 1025 997)
4(772 1024 1025 773)
4(746 774 1026 998)
4(773 1025 1026 774)
4(747 775 1027 999)
4(774 1026 1027 775)
4(748 776 1028 1000)
4(775 1027 1028 776)
4(749 777 1029 1001)
4(776 1028 1029 777)
4(750 778 1030 1002)
4(777 1029 1030 778)
4(751 779 1031 1003)
4(778 1030 1031 779)
4(752 780 1032 1004)
4(779 1031 1032 780)
4(753 781 1033 1005)
4(780 1032 1033 781)
4(754 782 1034 1006)
4(781 1033 1034 782)
4(755 783 1035 1007)
4(782 1034 1035 783)
4(756 784 1036 1008)
4(783 1035 1036 784)
4(757 785 1037 1009)
4(784 1036 1037 785)
4(758 786 1038 1010)
4(785 1037 1038 786)
4(759 787 1039 1011)
4(786 1038 1039 787)
4(760 788 1040 1012)
4(787 1039 1040 788)
4(761 789 1041 1013)
4(788 1040 1041 789)
4(762 790 1042 1014)
4(789 1041 1042 790)
4(763 791 1043 1015)
4(790 1042 1043 791)
4(764 792 1044 1016)
4(791 1043 1044 792)
4(792 1044 1045 793)
4(766 794 1046 1018)
4(497 641 1046 794)
4(767 795 1047 1019)
4(794 1046 1047 795)
4(768 796 1048 1020)
4(795 1047 1048 796)
4(769 797 1049 1021)
4(796 1048 1049 797)
4(770 798 1050 1022)
4(797 1049 1050 798)
4(771 799 1051 1023)
4(798 1050 1051 799)
4(772 800 1052 1024)
4(799 1051 1052 800)
4(773 801 1053 1025)
4(800 1052 1053 801)
4(774 802 1054 1026)
4(801 1053 1054 802)
4(775 803 1055 1027)
4(802 1054 1055 803)
4(776 804 1056 1028)
4(803 1055 1056 804)
4(777 805 1057 1029)
4(804 1056 1057 805)
4(778 806 1058 1030)
4(805 1057 1058 806)
4(779 807 1059 1031)
4(806 1058 1059 807)
4(780 808 1060 1032)
4(807 1059 1060 808)
4(781 809 1061 1033)
4(808 1060 1061 809)
4(782 810 1062 1034)
4(809 1061 1062 810)
4(783 811 1063 1035)
4(810 1062 1063 811)
4(784 812 1064 1036)
4(811 1063 1064 812)
4(785 813 1065 1037)
4(812 1064 1065 813)
4(786 814 1066 1038)
4(813 1065 1066 814)
4(787 815 1067 1039)
4(814 1066 1067 815)
4(788 816 1068 1040)
4(815 1067 1068 816)
4(789 817 1069 1041)
4(816 1068 1069 817)
4(790 818 1070 1042)
4(817 1069 1070 818)
4(791 819 1071 1043)
4(818 1070 1071 819)
4(792 820 1072 1044)
4(819 1071 1072 820)
4(820 1072 1073 821)
4(794 822 1074 1046)
4(513 657 1074 822)
4(795 823 1075 1047)
4(822 1074 1075 823)
4(796 824 1076 1048)
4(823 1075 1076 824)
4(797 825 1077 1049)
4(824 1076 1077 825)
4(798 826 1078 1050)
4(825 1077 1078 826)
4(799 827 1079 1051)
4(826 1078 1079 827)
4(800 828 1080 1052)
4(827 1079 1080 828)
4(801 829 1081 1053)
4(828 1080 1081 829)
4(802 830 1082 1054)
4(829 1081 1082 830)
4(803 831 1083 1055)
4(830 1082 1083 831)
4(804 832 1084 1056)
4(831 1083 1084 832)
4(805 833 1085 1057)
4(832 1084 1085 833)
4(806 834 1086 1058)
4(833 1085 1086 834)
4(807 835 1087 1059)
4(834 1086 1087 835)
4(808 836 1088 1060)
4(835 1087 1088 836)
4(809 837 1089 1061)
4(836 1088 1089 837)
4(810 838 1090 1062)
4(837 1089 1090 838)
4(811 839 1091 1063)
4(838 1090 1091 839)
4(812 840 1092 1064)
4(839 1091 1092 840)
4(813 841 1093 1065)
4(840 1092 1093 841)
4(814 842 1094 1066)
4(841 1093 1094 842)
4(815 843 1095 1067)
4(842 1094 1095 843)
4(816 844 1096 1068)
4(843 1095 1096 844)
4(817 845 1097 1069)
4(844 1096 1097 845)
4(818 846 1098 1070)
4(845 1097 1098 846)
4(819 847 1099 1071)
4(846 1098 1099 847)
4(820 848 1100 1072)
4(847 1099 1100 848)
4(848 1100 1101 849)
4(822 850 1102 1074)
4(529 673 1102 850)
4(823 851 1103 1075)
4(850 1102 1103 851)
4(824 852 1104 1076)
4(851 1103 1104 852)
4(825 853 1105 1077)
4(852 1104 1105 853)
4(826 854 1106 1078)
4(853 1105 1106 854)
4(827 855 1107 1079)
4(854 1106 1107 855)
4(828 856 1108 1080)
4(855 1107 1108 856)
4(829 857 1109 1081)
4(856 1108 1109 857)
4(830 858 1110 1082)
4(857 1109 1110 858)
4(831 859 1111 1083)
4(858 1110 1111 859)
4(832 860 1112 1084)
4(859 1111 1112 860)
4(833 861 1113 1085)
4(860 1112 1113 861)
4(834 862 1114 1086)
4(861 1113 1114 862)
4(835 863 1115 1087)
4(862 1114 1115 863)
4(836 864 1116 1088)
4(863 1115 1116 864)
4(837 865 1117 1089)
4(864 1116 1117 865)
4(838 866 1118 1090)
4(865 1117 1118 866)
4(839 867 1119 1091)
4(866 1118 1119 867)
4(840 868 1120 1092)
4(867 1119 1120 868)
4(841 869 1121 1093)
4(868 1120 1121 869)
4(842 870 1122 1094)
4(869 1121 1122 870)
4(843 871 1123 1095)
4(870 1122 1123 871)
4(844 872 1124 1096)
4(871 1123 1124 872)
4(845 873 1125 1097)
4(872 1124 1125 873)
4(846 874 1126 1098)
4(873 1125 1126 874)
4(847 875 1127 1099)
4(874 1126 1127 875)
4(848 876 1128 1100)
4(875 1127 1128 876)
4(876 1128 1129 877)
4(850 878 1130 1102)
4(545 689 1130 878)
4(851 879 1131 1103)
4(878 1130 1131 879)
4(852 880 1132 1104)
4(879 1131 1132 880)
4(853 881 1133 1105)
4(880 1132 1133 881)
4(854 882 1134 1106)
4(881 1133 1134 882)
4(855 883 1135 1107)
4(882 1134 1135 883)
4(856 884 1136 1108)
4(883 1135 1136 884)
4(857 885 1137 1109)
4(884 1136 1137 885)
4(858 886 1138 1110)
4(885 1137 1138 886)
4(859 887 1139 1111)
4(886 1138 1139 887)
4(860 888 1140 1112)
4(887 1139 1140 888)
4(861 889 1141 1113)
4(888 1140 1141 889)
4(862 890 1142 1114)
4(889 1141 1142 890)
4(863 891 1143 1115)
4(890 1142 1143 891)
4(864 892 1144 1116)
4(891 1143 1144 892)
4(865 893 1145 1117)
4(892 1144 1145 893)
4(866 894 1146 1118)
4(893 1145 1146 894)
4(867 895 1147 1119)
4(894 1146 1147 895)
4(868 896 1148 1120)
4(895 1147 1148 896)
4(869 897 1149 1121)
4(896 1148 1149 897)
4(870 898 1150 1122)
4(897 1149 1150 898)
4(871 899 1151 1123)
4(898 1150 1151 899)
4(872 900 1152 1124)
4(899 1151 1152 900)
4(873 901 1153 1125)
4(900 1152 1153 901)
4(874 902 1154 1126)
4(901 1153 1154 902)
4(875 903 1155 1127)
4(902 1154 1155 903)
4(876 904 1156 1128)
4(903 1155 1156 904)
4(904 1156 1157 905)
4(878 906 1158 1130)
4(561 705 1158 906)
4(879 907 1159 1131)
4(906 1158 1159 907)
4(880 908 1160 1132)
4(907 1159 1160 908)
4(881 909 1161 1133)
4(908 1160 1161 909)
4(882 910 1162 1134)
4(909 1161 1162 910)
4(883 911 1163 1135)
4(910 1162 1163 911)
4(884 912 1164 1136)
4(911 1163 1164 912)
4(885 913 1165 1137)
4(912 1164 1165 913)
4(886 914 1166 1138)
4(913 1165 1166 914)
4(887 915 1167 1139)
4(914 1166 1167 915)
4(888 916 1168 1140)
4(915 1167 1168 916)
4(889 917 1169 1141)
4(916 1168 1169 917)
4(890 918 1170 1142)
4(917 1169 1170 918)
4(891 919 1171 1143)
4(918 1170 1171 919)
4(892 920 1172 1144)
4(919 1171 1172 920)
4(893 921 1173 1145)
4(920 1172 1173 921)
4(894 922 1174 1146)
4(921 1173 1174 922)
4(895 923 1175 1147)
4(922 1174 1175 923)
4(896 924 1176 1148)
4(923 1175 1176 924)
4(897 925 1177 1149)
4(924 1176 1177 925)
4(898 926 1178 1150)
4(925 1177 1178 926)
4(899 927 1179 1151)
4(926 1178 1179 927)
4(900 928 1180 1152)
4(927 1179 1180 928)
4(901 929 1181 1153)
4(928 1180 1181 929)
4(902 930 1182 1154)
4(929 1181 1182 930)
4(903 931 1183 1155)
4(930 1182 1183 931)
4(904 932 1184 1156)
4(931 1183 1184 932)
4(932 1184 1185 933)
4(906 934 1186 1158)
4(577 721 1186 934)
4(907 935 1187 1159)
4(934 1186 1187 935)
4(908 936 1188 1160)
4(935 1187 1188 936)
4(909 937 1189 1161)
4(936 1188 1189 937)
4(910 938 1190 1162)
4(937 1189 1190 938)
4(911 939 1191 1163)
4(938 1190 1191 939)
4(912 940 1192 1164)
4(939 1191 1192 940)
4(913 941 1193 1165)
4(940 1192 1193 941)
4(914 942 1194 1166)
4(941 1193 1194 942)
4(915 943 1195 1167)
4(942 1194 1195 943)
4(916 944 1196 1168)
4(943 1195 1196 944)
4(917 945 1197 1169)
4(944 1196 1197 945)
4(918 946 1198 1170)
4(945 1197 1198 946)
4(919 947 1199 1171)
4(946 1198 1199 947)
4(920 948 1200 1172)
4(947 1199 1200 948)
4(921 949 1201 1173)
4(948 1200 1201 949)
4(922 950 1202 1174)
4(949 1201 1202 950)
4(923 951 1203 1175)
4(950 1202 1203 951)
4(924 952 1204 1176)
4(951 1203 1204 952)
4(925 953 1205 1177)
4(952 1204 1205 953)
4(926 954 1206 1178)
4(953 1205 1206 954)
4(927 955 1207 1179)
4(954 1206 1207 955)
4(928 956 1208 1180)
4(955 1207 1208 956)
4(929 957 1209 1181)
4(956 1208 1209 957)
4(930 958 1210 1182)
4(957 1209 1210 958)
4(931 959 1211 1183)
4(958 1210 1211 959)
4(932 960 1212 1184)
4(959 1211 1212 960)
4(960 1212 1213 961)
4(934 962 1214 1186)
4(593 737 1214 962)
4(935 963 1215 1187)
4(962 1214 1215 963)
4(936 964 1216 1188)
4(963 1215 1216 964)
4(937 965 1217 1189)
4(964 1216 1217 965)
4(938 966 1218 1190)
4(965 1217 1218 966)
4(939 967 1219 1191)
4(966 1218 1219 967)
4(940 968 1220 1192)
4(967 1219 1220 968)
4(941 969 1221 1193)
4(968 1220 1221 969)
4(942 970 1222 1194)
4(969 1221 1222 970)
4(943 971 1223 1195)
4(970 1222 1223 971)
4(944 972 1224 1196)
4(971 1223 1224 972)
4(945 973 1225 1197)
4(972 1224 1225 973)
4(946 974 1226 1198)
4(973 1225 1226 974)
4(947 975 1227 1199)
4(974 1226 1227 975)
4(948 976 1228 1200)
4(975 1227 1228 976)
4(949 977 1229 1201)
4(976 1228 1229 977)
4(950 978 1230 1202)
4(977 1229 1230 978)
4(951 979 1231 1203)
4(978 1230 1231 979)
4(952 980 1232 1204)
4(979 1231 1232 980)
4(953 981 1233 1205)
4(980 1232 1233 981)
4(954 982 1234 1206)
4(981 1233 1234 982)
4(955 983 1235 1207)
4(982 1234 1235 983)
4(956 984 1236 1208)
4(983 1235 1236 984)
4(957 985 1237 1209)
4(984 1236 1237 985)
4(958 986 1238 1210)
4(985 1237 1238 986)
4(959 987 1239 1211)
4(986 1238 1239 987)
4(960 988 1240 1212)
4(987 1239 1240 988)
4(988 1240 1241 989)
4(201 1243 2993 426)
4(1242 2992 2993 1243)
4(202 1244 2994 427)
4(1243 2993 2994 1244)
4(203 1245 2995 428)
4(1244 2994 2995 1245)
4(204 1246 2996 429)
4(1245 2995 2996 1246)
4(205 1247 2997 430)
4(1246 2996 2997 1247)
4(206 1248 2998 431)
4(1247 2997 2998 1248)
4(207 1249 2999 432)
4(1248 2998 2999 1249)
4(208 1250 3000 433)
4(1249 2999 3000 1250)
4(209 1251 3001 434)
4(1250 3000 3001 1251)
4(210 1252 3002 435)
4(1251 3001 3002 1252)
4(211 1253 3003 436)
4(1252 3002 3003 1253)
4(212 1254 3004 437)
4(1253 3003 3004 1254)
4(213 1255 3005 438)
4(1254 3004 3005 1255)
4(214 1256 3006 439)
4(1255 3005 3006 1256)
4(215 1257 3007 440)
4(1256 3006 3007 1257)
4(216 1258 3008 441)
4(1257 3007 3008 1258)
4(217 1259 3009 442)
4(1258 3008 3009 1259)
4(218 1260 3010 443)
4(1259 3009 3010 1260)
4(219 1261 3011 444)
4(1260 3010 3011 1261)
4(220 1262 3012 445)
4(1261 3011 3012 1262)
4(221 1263 3013 446)
4(1262 3012 3013 1263)
4(222 1264 3014 447)
4(1263 3013 3014 1264)
4(223 1265 3015 448)
4(1264 3014 3015 1265)
4(1265 3015 3016 1266)
4(1243 1268 3018 2993)
4(1267 3017 3018 1268)
4(1244 1269 3019 2994)
4(1268 3018 3019 1269)
4(1245 1270 3020 2995)
4(1269 3019 3020 1270)
4(1246 1271 3021 2996)
4(1270 3020 3021 1271)
4(1247 1272 3022 2997)
4(1271 3021 3022 1272)
4(1248 1273 3023 2998)
4(1272 3022 3023 1273)
4(1249 1274 3024 2999)
4(1273 3023 3024 1274)
4(1250 1275 3025 3000)
4(1274 3024 3025 1275)
4(1251 1276 3026 3001)
4(1275 3025 3026 1276)
4(1252 1277 3027 3002)
4(1276 3026 3027 1277)
4(1253 1278 3028 3003)
4(1277 3027 3028 1278)
4(1254 1279 3029 3004)
4(1278 3028 3029 1279)
4(1255 1280 3030 3005)
4(1279 3029 3030 1280)
4(1256 1281 3031 3006)
4(1280 3030 3031 1281)
4(1257 1282 3032 3007)
4(1281 3031 3032 1282)
4(1258 1283 3033 3008)
4(1282 3032 3033 1283)
4(1259 1284 3034 3009)
4(1283 3033 3034 1284)
4(1260 1285 3035 3010)
4(1284 3034 3035 1285)
4(1261 1286 3036 3011)
4(1285 3035 3036 1286)
4(1262 1287 3037 3012)
4(1286 3036 3037 1287)
4(1263 1288 3038 3013)
4(1287 3037 3038 1288)
4(1264 1289 3039 3014)
4(1288 3038 3039 1289)
4(1265 1290 3040 3015)
4(1289 3039 3040 1290)
4(1290 3040 3041 1291)
4(1268 1293 3043 3018)
4(1292 3042 3043 1293)
4(1269 1294 3044 3019)
4(1293 3043 3044 1294)
4(1270 1295 3045 3020)
4(1294 3044 3045 1295)
4(1271 1296 3046 3021)
4(1295 3045 3046 1296)
4(1272 1297 3047 3022)
4(1296 3046 3047 1297)
4(1273 1298 3048 3023)
4(1297 3047 3048 1298)
4(1274 1299 3049 3024)
4(1298 3048 3049 1299)
4(1275 1300 3050 3025)
4(1299 3049 3050 1300)
4(1276 1301 3051 3026)
4(1300 3050 3051 1301)
4(1277 1302 3052 3027)
4(1301 3051 3052 1302)
4(1278 1303 3053 3028)
4(1302 3052 3053 1303)
4(1279 1304 3054 3029)
4(1303 3053 3054 1304)
4(1280 1305 3055 3030)
4(1304 3054 3055 1305)
4(1281 1306 3056 3031)
4(1305 3055 3056 1306)
4(1282 1307 3057 3032)
4(1306 3056 3057 1307)
4(1283 1308 3058 3033)
4(1307 3057 3058 1308)
4(1284 1309 3059 3034)
4(1308 3058 3059 1309)
4(1285 1310 3060 3035)
4(1309 3059 3060 1310)
4(1286 1311 3061 3036)
4(1310 3060 3061 1311)
4(1287 1312 3062 3037)
4(1311 3061 3062 1312)
4(1288 1313 3063 3038)
4(1312 3062 3063 1313)
4(1289 1314 3064 3039)
4(1313 3063 3064 1314)
4(1290 1315 3065 3040)
4(1314 3064 3065 1315)
4(1315 3065 3066 1316)
4(1293 1318 3068 3043)
4(1317 3067 3068 1318)
4(1294 1319 3069 3044)
4(1318 3068 3069 1319)
4(1295 1320 3070 3045)
4(1319 3069 3070 1320)
4(1296 1321 3071 3046)
4(1320 3070 3071 1321)
4(1297 1322 3072 3047)
4(1321 3071 3072 1322)
4(1298 1323 3073 3048)
4(1322 3072 3073 1323)
4(1299 1324 3074 3049)
4(1323 3073 3074 1324)
4(1300 1325 3075 3050)
4(1324 3074 3075 1325)
4(1301 1326 3076 3051)
4(1325 3075 3076 1326)
4(1302 1327 3077 3052)
4(1326 3076 3077 1327)
4(1303 1328 3078 3053)
4(1327 3077 3078 1328)
4(1304 1329 3079 3054)
4(1328 3078 3079 1329)
4(1305 1330 3080 3055)
4(1329 3079 3080 1330)
4(1306 1331 3081 3056)
4(1330 3080 3081 1331)
4(1307 1332 3082 3057)
4(1331 3081 3082 1332)
4(1308 1333 3083 3058)
4(1332 3082 3083 1333)
4(1309 1334 3084 3059)
4(1333 3083 3084 1334)
4(1310 1335 3085 3060)
4(1334 3084 3085 1335)
4(1311 1336 3086 3061)
4(1335 3085 3086 1336)
4(1312 1337 3087 3062)
4(1336 3086 3087 1337)
4(1313 1338 3088 3063)
4(1337 3087 3088 1338)
4(1314 1339 3089 3064)
4(1338 3088 3089 1339)
4(1315 1340 3090 3065)
4(1339 3089 3090 1340)
4(1340 3090 3091 1341)
4(1318 1343 3093 3068)
4(1342 3092 3093 1343)
4(1319 1344 3094 3069)
4(1343 3093 3094 1344)
4(1320 1345 3095 3070)
4(1344 3094 3095 1345)
4(1321 1346 3096 3071)
4(1345 3095 3096 1346)
4(1322 1347 3097 3072)
4(1346 3096 3097 1347)
4(1323 1348 3098 3073)
4(1347 3097 3098 1348)
4(1324 1349 3099 3074)
4(1348 3098 3099 1349)
4(1325 1350 3100 3075)
4(1349 3099 3100 1350)
4(1326 1351 3101 3076)
4(1350 3100 3101 1351)
4(1327 1352 3102 3077)
4(1351 3101 3102 1352)
4(1328 1353 3103 3078)
4(1352 3102 3103 1353)
4(1329 1354 3104 3079)
4(1353 3103 3104 1354)
4(1330 1355 3105 3080)
4(1354 3104 3105 1355)
4(1331 1356 3106 3081)
4(1355 3105 3106 1356)
4(1332 1357 3107 3082)
4(1356 3106 3107 1357)
4(1333 1358 3108 3083)
4(1357 3107 3108 1358)
4(1334 1359 3109 3084)
4(1358 3108 3109 1359)
4(1335 1360 3110 3085)
4(1359 3109 3110 1360)
4(1336 1361 3111 3086)
4(1360 3110 3111 1361)
4(1337 1362 3112 3087)
4(1361 3111 3112 1362)
4(1338 1363 3113 3088)
4(1362 3112 3113 1363)
4(1339 1364 3114 3089)
4(1363 3113 3114 1364)
4(1340 1365 3115 3090)
4(1364 3114 3115 1365)
4(1365 3115 3116 1366)
4(1343 1368 3118 3093)
4(1367 3117 3118 1368)
4(1344 1369 3119 3094)
4(1368 3118 3119 1369)
4(1345 1370 3120 3095)
4(1369 3119 3120 1370)
4(1346 1371 3121 3096)
4(1370 3120 3121 1371)
4(1347 1372 3122 3097)
4(1371 3121 3122 1372)
4(1348 1373 3123 3098)
4(1372 3122 3123 1373)
4(1349 1374 3124 3099)
4(1373 3123 3124 1374)
4(1350 1375 3125 3100)
4(1374 3124 3125 1375)
4(1351 1376 3126 3101)
4(1375 3125 3126 1376)
4(1352 1377 3127 3102)
4(1376 3126 3127 1377)
4(1353 1378 3128 3103)
4(1377 3127 3128 1378)
4(1354 1379 3129 3104)
4(1378 3128 3129 1379)
4(1355 1380 3130 3105)
4(1379 3129 3130 1380)
4(1356 1381 3131 3106)
4(1380 3130 3131 1381)
4(1357 1382 3132 3107)
4(1381 3131 3132 1382)
4(1358 1383 3133 3108)
4(1382 3132 3133 1383)
4(1359 1384 3134 3109)
4(1383 3133 3134 1384)
4(1360 1385 3135 3110)
4(1384 3134 3135 1385)
4(1361 1386 3136 3111)
4(1385 3135 3136 1386)
4(1362 1387 3137 3112)
4(1386 3136 3137 1387)
4(1363 1388 3138 3113)
4(1387 3137 3138 1388)
4(1364 1389 3139 3114)
4(1388 3138 3139 1389)
4(1365 1390 3140 3115)
4(1389 3139 3140 1390)
4(1390 3140 3141 1391)
4(1368 1393 3143 3118)
4(1392 3142 3143 1393)
4(1369 1394 3144 3119)
4(1393 3143 3144 1394)
4(1370 1395 3145 3120)
4(1394 3144 3145 1395)
4(1371 1396 3146 3121)
4(1395 3145 3146 1396)
4(1372 1397 3147 3122)
4(1396 3146 3147 1397)
4(1373 1398 3148 3123)
4(1397 3147 3148 1398)
4(1374 1399 3149 3124)
4(1398 3148 3149 1399)
4(1375 1400 3150 3125)
4(1399 3149 3150 1400)
4(1376 1401 3151 3126)
4(1400 3150 3151 1401)
4(1377 1402 3152 3127)
4(1401 3151 3152 1402)
4(1378 1403 3153 3128)
4(1402 3152 3153 1403)
4(1379 1404 3154 3129)
4(1403 3153 3154 1404)
4(1380 1405 3155 3130)
4(1404 3154 3155 1405)
4(1381 1406 3156 3131)
4(1405 3155 3156 1406)
4(1382 1407 3157 3132)
4(1406 3156 3157 1407)
4(1383 1408 3158 3133)
4(1407 3157 3158 1408)
4(1384 1409 3159 3134)
4(1408 3158 3159 1409)
4(1385 1410 3160 3135)
4(1409 3159 3160 1410)
4(1386 1411 3161 3136)
4(1410 3160 3161 1411)
4(1387 1412 3162 3137)
4(1411 3161 3162 1412)
4(1388 1413 3163 3138)
4(1412 3162 3163 1413)
4(1389 1414 3164 3139)
4(1413 3163 3164 1414)
4(1390 1415 3165 3140)
4(1414 3164 3165 1415)
4(1415 3165 3166 1416)
4(1393 1418 3168 3143)
4(1417 3167 3168 1418)
4(1394 1419 3169 3144)
4(1418 3168 3169 1419)
4(1395 1420 3170 3145)
4(1419 3169 3170 1420)
4(1396 1421 3171 3146)
4(1420 3170 3171 1421)
4(1397 1422 3172 3147)
4(1421 3171 3172 1422)
4(1398 1423 3173 3148)
4(1422 3172 3173 1423)
4(1399 1424 3174 3149)
4(1423 3173 3174 1424)
4(1400 1425 3175 3150)
4(1424 3174 3175 1425)
4(1401 1426 3176 3151)
4(1425 3175 3176 1426)
4(1402 1427 3177 3152)
4(1426 3176 3177 1427)
4(1403 1428 3178 3153)
4(1427 3177 3178 1428)
4(1404 1429 3179 3154)
4(1428 3178 3179 1429)
4(1405 1430 3180 3155)
4(1429 3179 3180 1430)
4(1406 1431 3181 3156)
4(1430 3180 3181 1431)
4(1407 1432 3182 3157)
4(1431 3181 3182 1432)
4(1408 1433 3183 3158)
4(1432 3182 3183 1433)
4(1409 1434 3184 3159)
4(1433 3183 3184 1434)
4(1410 1435 3185 3160)
4(1434 3184 3185 1435)
4(1411 1436 3186 3161)
4(1435 3185 3186 1436)
4(1412 1437 3187 3162)
4(1436 3186 3187 1437)
4(1413 1438 3188 3163)
4(1437 3187 3188 1438)
4(1414 1439 3189 3164)
4(1438 3188 3189 1439)
4(1415 1440 3190 3165)
4(1439 3189 3190 1440)
4(1440 3190 3191 1441)
4(1418 1443 3193 3168)
4(1442 3192 3193 1443)
4(1419 1444 3194 3169)
4(1443 3193 3194 1444)
4(1420 1445 3195 3170)
4(1444 3194 3195 1445)
4(1421 1446 3196 3171)
4(1445 3195 3196 1446)
4(1422 1447 3197 3172)
4(1446 3196 3197 1447)
4(1423 1448 3198 3173)
4(1447 3197 3198 1448)
4(1424 1449 3199 3174)
4(1448 3198 3199 1449)
4(1425 1450 3200 3175)
4(1449 3199 3200 1450)
4(1426 1451 3201 3176)
4(1450 3200 3201 1451)
4(1427 1452 3202 3177)
4(1451 3201 3202 1452)
4(1428 1453 3203 3178)
4(1452 3202 3203 1453)
4(1429 1454 3204 3179)
4(1453 3203 3204 1454)
4(1430 1455 3205 3180)
4(1454 3204 3205 1455)
4(1431 1456 3206 3181)
4(1455 3205 3206 1456)
4(1432 1457 3207 3182)
4(1456 3206 3207 1457)
4(1433 1458 3208 3183)
4(1457 3207 3208 1458)
4(1434 1459 3209 3184)
4(1458 3208 3209 1459)
4(1435 1460 3210 3185)
4(1459 3209 3210 1460)
4(1436 1461 3211 3186)
4(1460 3210 3211 1461)
4(1437 1462 3212 3187)
4(1461 3211 3212 1462)
4(1438 1463 3213 3188)
4(1462 3212 3213 1463)
4(1439 1464 3214 3189)
4(1463 3213 3214 1464)
4(1440 1465 3215 3190)
4(1464 3214 3215 1465)
4(1465 3215 3216 1466)
4(1443 1468 3218 3193)
4(1467 3217 3218 1468)
4(1444 1469 3219 3194)
4(1468 3218 3219 1469)
4(1445 1470 3220 3195)
4(1469 3219 3220 1470)
4(1446 1471 3221 3196)
4(1470 3220 3221 1471)
4(1447 1472 3222 3197)
4(1471 3221 3222 1472)
4(1448 1473 3223 3198)
4(1472 3222 3223 1473)
4(1449 1474 3224 3199)
4(1473 3223 3224 1474)
4(1450 1475 3225 3200)
4(1474 3224 3225 1475)
4(1451 1476 3226 3201)
4(1475 3225 3226 1476)
4(1452 1477 3227 3202)
4(1476 3226 3227 1477)
4(1453 1478 3228 3203)
4(1477 3227 3228 1478)
4(1454 1479 3229 3204)
4(1478 3228 3229 1479)
4(1455 1480 3230 3205)
4(1479 3229 3230 1480)
4(1456 1481 3231 3206)
4(1480 3230 3231 1481)
4(1457 1482 3232 3207)
4(1481 3231 3232 1482)
4(1458 1483 3233 3208)
4(1482 3232 3233 1483)
4(1459 1484 3234 3209)
4(1483 3233 3234 1484)
4(1460 1485 3235 3210)
4(1484 3234 3235 1485)
4(1461 1486 3236 3211)
4(1485 3235 3236 1486)
4(1462 1487 3237 3212)
4(1486 3236 3237 1487)
4(1463 1488 3238 3213)
4(1487 3237 3238 1488)
4(1464 1489 3239 3214)
4(1488 3238 3239 1489)
4(1465 1490 3240 3215)
4(1489 3239 3240 1490)
4(1490 3240 3241 1491)
4(1468 1493 3243 3218)
4(1492 3242 3243 1493)
4(1469 1494 3244 3219)
4(1493 3243 3244 1494)
4(1470 1495 3245 3220)
4(1494 3244 3245 1495)
4(1471 1496 3246 3221)
4(1495 3245 3246 1496)
4(1472 1497 3247 3222)
4(1496 3246 3247 1497)
4(1473 1498 3248 3223)
4(1497 3247 3248 1498)
4(1474 1499 3249 3224)
4(1498 3248 3249 1499)
4(1475 1500 3250 3225)
4(1499 3249 3250 1500)
4(1476 1501 3251 3226)
4(1500 3250 3251 1501)
4(1477 1502 3252 3227)
4(1501 3251 3252 1502)
4(1478 1503 3253 3228)
4(1502 3252 3253 1503)
4(1479 1504 3254 3229)
4(1503 3253 3254 1504)
4(1480 1505 3255 3230)
4(1504 3254 3255 1505)
4(1481 1506 3256 3231)
4(1505 3255 3256 1506)
4(1482 1507 3257 3232)
4(1506 3256 3257 1507)
4(1483 1508 3258 3233)
4(1507 3257 3258 1508)
4(1484 1509 3259 3234)
4(1508 3258 3259 1509)
4(1485 1510 3260 3235)
4(1509 3259 3260 1510)
4(1486 1511 3261 3236)
4(1510 3260 3261 1511)
4(1487 1512 3262 3237)
4(1511 3261 3262 1512)
4(1488 1513 3263 3238)
4(1512 3262 3263 1513)
4(1489 1514 3264 3239)
4(1513 3263 3264 1514)
4(1490 1515 3265 3240)
4(1514 3264 3265 1515)
4(1515 3265 3266 1516)
4(1493 1518 3268 3243)
4(1517 3267 3268 1518)
4(1494 1519 3269 3244)
4(1518 3268 3269 1519)
4(1495 1520 3270 3245)
4(1519 3269 3270 1520)
4(1496 1521 3271 3246)
4(1520 3270 3271 1521)
4(1497 1522 3272 3247)
4(1521 3271 3272 1522)
4(1498 1523 3273 3248)
4(1522 3272 3273 1523)
4(1499 1524 3274 3249)
4(1523 3273 3274 1524)
4(1500 1525 3275 3250)
4(1524 3274 3275 1525)
4(1501 1526 3276 3251)
4(1525 3275 3276 1526)
4(1502 1527 3277 3252)
4(1526 3276 3277 1527)
4(1503 1528 3278 3253)
4(1527 3277 3278 1528)
4(1504 1529 3279 3254)
4(1528 3278 3279 1529)
4(1505 1530 3280 3255)
4(1529 3279 3280 1530)
4(1506 1531 3281 3256)
4(1530 3280 3281 1531)
4(1507 1532 3282 3257)
4(1531 3281 3282 1532)
4(1508 1533 3283 3258)
4(1532 3282 3283 1533)
4(1509 1534 3284 3259)
4(1533 3283 3284 1534)
4(1510 1535 3285 3260)
4(1534 3284 3285 1535)
4(1511 1536 3286 3261)
4(1535 3285 3286 1536)
4(1512 1537 3287 3262)
4(1536 3286 3287 1537)
4(1513 1538 3288 3263)
4(1537 3287 3288 1538)
4(1514 1539 3289 3264)
4(1538 3288 3289 1539)
4(1515 1540 3290 3265)
4(1539 3289 3290 1540)
4(1540 3290 3291 1541)
4(1518 1543 3293 3268)
4(1542 3292 3293 1543)
4(1519 1544 3294 3269)
4(1543 3293 3294 1544)
4(1520 1545 3295 3270)
4(1544 3294 3295 1545)
4(1521 1546 3296 3271)
4(1545 3295 3296 1546)
4(1522 1547 3297 3272)
4(1546 3296 3297 1547)
4(1523 1548 3298 3273)
4(1547 3297 3298 1548)
4(1524 1549 3299 3274)
4(1548 3298 3299 1549)
4(1525 1550 3300 3275)
4(1549 3299 3300 1550)
4(1526 1551 3301 3276)
4(1550 3300 3301 1551)
4(1527 1552 3302 3277)
4(1551 3301 3302 1552)
4(1528 1553 3303 3278)
4(1552 3302 3303 1553)
4(1529 1554 3304 3279)
4(1553 3303 3304 1554)
4(1530 1555 3305 3280)
4(1554 3304 3305 1555)
4(1531 1556 3306 3281)
4(1555 3305 3306 1556)
4(1532 1557 3307 3282)
4(1556 3306 3307 1557)
4(1533 1558 3308 3283)
4(1557 3307 3308 1558)
4(1534 1559 3309 3284)
4(1558 3308 3309 1559)
4(1535 1560 3310 3285)
4(1559 3309 3310 1560)
4(1536 1561 3311 3286)
4(1560 3310 3311 1561)
4(1537 1562 3312 3287)
4(1561 3311 3312 1562)
4(1538 1563 3313 3288)
4(1562 3312 3313 1563)
4(1539 1564 3314 3289)
4(1563 3313 3314 1564)
4(1540 1565 3315 3290)
4(1564 3314 3315 1565)
4(1565 3315 3316 1566)
4(1543 1568 3318 3293)
4(1567 3317 3318 1568)
4(1544 1569 3319 3294)
4(1568 3318 3319 1569)
4(1545 1570 3320 3295)
4(1569 3319 3320 1570)
4(1546 1571 3321 3296)
4(1570 3320 3321 1571)
4(1547 1572 3322 3297)
4(1571 3321 3322 1572)
4(1548 1573 3323 3298)
4(1572 3322 3323 1573)
4(1549 1574 3324 3299)
4(1573 3323 3324 1574)
4(1550 1575 3325 3300)
4(1574 3324 3325 1575)
4(1551 1576 3326 3301)
4(1575 3325 3326 1576)
4(1552 1577 3327 3302)
4(1576 3326 3327 1577)
4(1553 1578 3328 3303)
4(1577 3327 3328 1578)
4(1554 1579 3329 3304)
4(1578 3328 3329 1579)
4(1555 1580 3330 3305)
4(1579 3329 3330 1580)
4(1556 1581 3331 3306)
4(1580 3330 3331 1581)
4(1557 1582 3332 3307)
4(1581 3331 3332 1582)
4(1558 1583 3333 3308)
4(1582 3332 3333 1583)
4(1559 1584 3334 3309)
4(1583 3333 3334 1584)
4(1560 1585 3335 3310)
4(1584 3334 3335 1585)
4(1561 1586 3336 3311)
4(1585 3335 3336 1586)
4(1562 1587 3337 3312)
4(1586 3336 3337 1587)
4(1563 1588 3338 3313)
4(1587 3337 3338 1588)
4(1564 1589 3339 3314)
4(1588 3338 3339 1589)
4(1565 1590 3340 3315)
4(1589 3339 3340 1590)
4(1590 3340 3341 1591)
4(1568 1593 3343 3318)
4(1592 3342 3343 1593)
4(1569 1594 3344 3319)
4(1593 3343 3344 1594)
4(1570 1595 3345 3320)
4(1594 3344 3345 1595)
4(1571 1596 3346 3321)
4(1595 3345 3346 1596)
4(1572 1597 3347 3322)
4(1596 3346 3347 1597)
4(1573 1598 3348 3323)
4(1597 3347 3348 1598)
4(1574 1599 3349 3324)
4(1598 3348 3349 1599)
4(1575 1600 3350 3325)
4(1599 3349 3350 1600)
4(1576 1601 3351 3326)
4(1600 3350 3351 1601)
4(1577 1602 3352 3327)
4(1601 3351 3352 1602)
4(1578 1603 3353 3328)
4(1602 3352 3353 1603)
4(1579 1604 3354 3329)
4(1603 3353 3354 1604)
4(1580 1605 3355 3330)
4(1604 3354 3355 1605)
4(1581 1606 3356 3331)
4(1605 3355 3356 1606)
4(1582 1607 3357 3332)
4(1606 3356 3357 1607)
4(1583 1608 3358 3333)
4(1607 3357 3358 1608)
4(1584 1609 3359 3334)
4(1608 3358 3359 1609)
4(1585 1610 3360 3335)
4(1609 3359 3360 1610)
4(1586 1611 3361 3336)
4(1610 3360 3361 1611)
4(1587 1612 3362 3337)
4(1611 3361 3362 1612)
4(1588 1613 3363 3338)
4(1612 3362 3363 1613)
4(1589 1614 3364 3339)
4(1613 3363 3364 1614)
4(1590 1615 3365 3340)
4(1614 3364 3365 1615)
4(1615 3365 3366 1616)
4(1593 1618 3368 3343)
4(1617 3367 3368 1618)
4(1594 1619 3369 3344)
4(1618 3368 3369 1619)
4(1595 1620 3370 3345)
4(1619 3369 3370 1620)
4(1596 1621 3371 3346)
4(1620 3370 3371 1621)
4(1597 1622 3372 3347)
4(1621 3371 3372 1622)
4(1598 1623 3373 3348)
4(1622 3372 3373 1623)
4(1599 1624 3374 3349)
4(1623 3373 3374 1624)
4(1600 1625 3375 3350)
4(1624 3374 3375 1625)
4(1601 1626 3376 3351)
4(1625 3375 3376 1626)
4(1602 1627 3377 3352)
4(1626 3376 3377 1627)
4(1603 1628 3378 3353)
4(1627 3377 3378 1628)
4(1604 1629 3379 3354)
4(1628 3378 3379 1629)
4(1605 1630 3380 3355)
4(1629 3379 3380 1630)
4(1606 1631 3381 3356)
4(1630 3380 3381 1631)
4(1607 1632 3382 3357)
4(1631 3381 3382 1632)
4(1608 1633 3383 3358)
4(1632 3382 3383 1633)
4(1609 1634 3384 3359)
4(1633 3383 3384 1634)
4(1610 1635 3385 3360)
4(1634 3384 3385 1635)
4(1611 1636 3386 3361)
4(1635 3385 3386 1636)
4(1612 1637 3387 3362)
4(1636 3386 3387 1637)
4(1613 1638 3388 3363)
4(1637 3387 3388 1638)
4(1614 1639 3389 3364)
4(1638 3388 3389 1639)
4(1615 1640 3390 3365)
4(1639 3389 3390 1640)
4(1640 3390 3391 1641)
4(1618 1643 3393 3368)
4(1642 3392 3393 1643)
4(1619 1644 3394 3369)
4(1643 3393 3394 1644)
4(1620 1645 3395 3370)
4(1644 3394 3395 1645)
4(1621 1646 3396 3371)
4(1645 3395 3396 1646)
4(1622 1647 3397 3372)
4(1646 3396 3397 1647)
4(1623 1648 3398 3373)
4(1647 3397 3398 1648)
4(1624 1649 3399 3374)
4(1648 3398 3399 1649)
4(1625 1650 3400 3375)
4(1649 3399 3400 1650)
4(1626 1651 3401 3376)
4(1650 3400 3401 1651)
4(1627 1652 3402 3377)
4(1651 3401 3402 1652)
4(1628 1653 3403 3378)
4(1652 3402 3403 1653)
4(1629 1654 3404 3379)
4(1653 3403 3404 1654)
4(1630 1655 3405 3380)
4(1654 3404 3405 1655)
4(1631 1656 3406 3381)
4(1655 3405 3406 1656)
4(1632 1657 3407 3382)
4(1656 3406 3407 1657)
4(1633 1658 3408 3383)
4(1657 3407 3408 1658)
4(1634 1659 3409 3384)
4(1658 3408 3409 1659)
4(1635 1660 3410 3385)
4(1659 3409 3410 1660)
4(1636 1661 3411 3386)
4(1660 3410 3411 1661)
4(1637 1662 3412 3387)
4(1661 3411 3412 1662)
4(1638 1663 3413 3388)
4(1662 3412 3413 1663)
4(1639 1664 3414 3389)
4(1663 3413 3414 1664)
4(1640 1665 3415 3390)
4(1664 3414 3415 1665)
4(1665 3415 3416 1666)
4(1643 1668 3418 3393)
4(1667 3417 3418 1668)
4(1644 1669 3419 3394)
4(1668 3418 3419 1669)
4(1645 1670 3420 3395)
4(1669 3419 3420 1670)
4(1646 1671 3421 3396)
4(1670 3420 3421 1671)
4(1647 1672 3422 3397)
4(1671 3421 3422 1672)
4(1648 1673 3423 3398)
4(1672 3422 3423 1673)
4(1649 1674 3424 3399)
4(1673 3423 3424 1674)
4(1650 1675 3425 3400)
4(1674 3424 3425 1675)
4(1651 1676 3426 3401)
4(1675 3425 3426 1676)
4(1652 1677 3427 3402)
4(1676 3426 3427 1677)
4(1653 1678 3428 3403)
4(1677 3427 3428 1678)
4(1654 1679 3429 3404)
4(1678 3428 3429 1679)
4(1655 1680 3430 3405)
4(1679 3429 3430 1680)
4(1656 1681 3431 3406)
4(1680 3430 3431 1681)
4(1657 1682 3432 3407)
4(1681 3431 3432 1682)
4(1658 1683 3433 3408)
4(1682 3432 3433 1683)
4(1659 1684 3434 3409)
4(1683 3433 3434 1684)
4(1660 1685 3435 3410)
4(1684 3434 3435 1685)
4(1661 1686 3436 3411)
4(1685 3435 3436 1686)
4(1662 1687 3437 3412)
4(1686 3436 3437 1687)
4(1663 1688 3438 3413)
4(1687 3437 3438 1688)
4(1664 1689 3439 3414)
4(1688 3438 3439 1689)
4(1665 1690 3440 3415)
4(1689 3439 3440 1690)
4(1690 3440 3441 1691)
4(1668 1693 3443 3418)
4(1692 3442 3443 1693)
4(1669 1694 3444 3419)
4(1693 3443 3444 1694)
4(1670 1695 3445 3420)
4(1694 3444 3445 1695)
4(1671 1696 3446 3421)
4(1695 3445 3446 1696)
4(1672 1697 3447 3422)
4(1696 3446 3447 1697)
4(1673 1698 3448 3423)
4(1697 3447 3448 1698)
4(1674 1699 3449 3424)
4(1698 3448 3449 1699)
4(1675 1700 3450 3425)
4(1699 3449 3450 1700)
4(1676 1701 3451 3426)
4(1700 3450 3451 1701)
4(1677 1702 3452 3427)
4(1701 3451 3452 1702)
4(1678 1703 3453 3428)
4(1702 3452 3453 1703)
4(1679 1704 3454 3429)
4(1703 3453 3454 1704)
4(1680 1705 3455 3430)
4(1704 3454 3455 1705)
4(1681 1706 3456 3431)
4(1705 3455 3456 1706)
4(1682 1707 3457 3432)
4(1706 3456 3457 1707)
4(1683 1708 3458 3433)
4(1707 3457 3458 1708)
4(1684 1709 3459 3434)
4(1708 3458 3459 1709)
4(1685 1710 3460 3435)
4(1709 3459 3460 1710)
4(1686 1711 3461 3436)
4(1710 3460 3461 1711)
4(1687 1712 3462 3437)
4(1711 3461 3462 1712)
4(1688 1713 3463 3438)
4(1712 3462 3463 1713)
4(1689 1714 3464 3439)
4(1713 3463 3464 1714)
4(1690 1715 3465 3440)
4(1714 3464 3465 1715)
4(1715 3465 3466 1716)
4(1693 1718 3468 3443)
4(1717 3467 3468 1718)
4(1694 1719 3469 3444)
4(1718 3468 3469 1719)
4(1695 1720 3470 3445)
4(1719 3469 3470 1720)
4(1696 1721 3471 3446)
4(1720 3470 3471 1721)
4(1697 1722 3472 3447)
4(1721 3471 3472 1722)
4(1698 1723 3473 3448)
4(1722 3472 3473 1723)
4(1699 1724 3474 3449)
4(1723 3473 3474 1724)
4(1700 1725 3475 3450)
4(1724 3474 3475 1725)
4(1701 1726 3476 3451)
4(1725 3475 3476 1726)
4(1702 1727 3477 3452)
4(1726 3476 3477 1727)
4(1703 1728 3478 3453)
4(1727 3477 3478 1728)
4(1704 1729 3479 3454)
4(1728 3478 3479 1729)
4(1705 1730 3480 3455)
4(1729 3479 3480 1730)
4(1706 1731 3481 3456)
4(1730 3480 3481 1731)
4(1707 1732 3482 3457)
4(1731 3481 3482 1732)
4(1708 1733 3483 3458)
4(1732 3482 3483 1733)
4(1709 1734 3484 3459)
4(1733 3483 3484 1734)
4(1710 1735 3485 3460)
4(1734 3484 3485 1735)
4(1711 1736 3486 3461)
4(1735 3485 3486 1736)
4(1712 1737 3487 3462)
4(1736 3486 3487 1737)
4(1713 1738 3488 3463)
4(1737 3487 3488 1738)
4(1714 1739 3489 3464)
4(1738 3488 3489 1739)
4(1715 1740 3490 3465)
4(1739 3489 3490 1740)
4(1740 3490 3491 1741)
4(1718 1743 3493 3468)
4(1742 3492 3493 1743)
4(1719 1744 3494 3469)
4(1743 3493 3494 1744)
4(1720 1745 3495 3470)
4(1744 3494 3495 1745)
4(1721 1746 3496 3471)
4(1745 3495 3496 1746)
4(1722 1747 3497 3472)
4(1746 3496 3497 1747)
4(1723 1748 3498 3473)
4(1747 3497 3498 1748)
4(1724 1749 3499 3474)
4(1748 3498 3499 1749)
4(1725 1750 3500 3475)
4(1749 3499 3500 1750)
4(1726 1751 3501 3476)
4(1750 3500 3501 1751)
4(1727 1752 3502 3477)
4(1751 3501 3502 1752)
4(1728 1753 3503 3478)
4(1752 3502 3503 1753)
4(1729 1754 3504 3479)
4(1753 3503 3504 1754)
4(1730 1755 3505 3480)
4(1754 3504 3505 1755)
4(1731 1756 3506 3481)
4(1755 3505 3506 1756)
4(1732 1757 3507 3482)
4(1756 3506 3507 1757)
4(1733 1758 3508 3483)
4(1757 3507 3508 1758)
4(1734 1759 3509 3484)
4(1758 3508 3509 1759)
4(1735 1760 3510 3485)
4(1759 3509 3510 1760)
4(1736 1761 3511 3486)
4(1760 3510 3511 1761)
4(1737 1762 3512 3487)
4(1761 3511 3512 1762)
4(1738 1763 3513 3488)
4(1762 3512 3513 1763)
4(1739 1764 3514 3489)
4(1763 3513 3514 1764)
4(1740 1765 3515 3490)
4(1764 3514 3515 1765)
4(1765 3515 3516 1766)
4(1743 1768 3518 3493)
4(1767 3517 3518 1768)
4(1744 1769 3519 3494)
4(1768 3518 3519 1769)
4(1745 1770 3520 3495)
4(1769 3519 3520 1770)
4(1746 1771 3521 3496)
4(1770 3520 3521 1771)
4(1747 1772 3522 3497)
4(1771 3521 3522 1772)
4(1748 1773 3523 3498)
4(1772 3522 3523 1773)
4(1749 1774 3524 3499)
4(1773 3523 3524 1774)
4(1750 1775 3525 3500)
4(1774 3524 3525 1775)
4(1751 1776 3526 3501)
4(1775 3525 3526 1776)
4(1752 1777 3527 3502)
4(1776 3526 3527 1777)
4(1753 1778 3528 3503)
4(1777 3527 3528 1778)
4(1754 1779 3529 3504)
4(1778 3528 3529 1779)
4(1755 1780 3530 3505)
4(1779 3529 3530 1780)
4(1756 1781 3531 3506)
4(1780 3530 3531 1781)
4(1757 1782 3532 3507)
4(1781 3531 3532 1782)
4(1758 1783 3533 3508)
4(1782 3532 3533 1783)
4(1759 1784 3534 3509)
4(1783 3533 3534 1784)
4(1760 1785 3535 3510)
4(1784 3534 3535 1785)
4(1761 1786 3536 3511)
4(1785 3535 3536 1786)
4(1762 1787 3537 3512)
4(1786 3536 3537 1787)
4(1763 1788 3538 3513)
4(1787 3537 3538 1788)
4(1764 1789 3539 3514)
4(1788 3538 3539 1789)
4(1765 1790 3540 3515)
4(1789 3539 3540 1790)
4(1790 3540 3541 1791)
4(1768 1793 3543 3518)
4(1792 3542 3543 1793)
4(1769 1794 3544 3519)
4(1793 3543 3544 1794)
4(1770 1795 3545 3520)
4(1794 3544 3545 1795)
4(1771 1796 3546 3521)
4(1795 3545 3546 1796)
4(1772 1797 3547 3522)
4(1796 3546 3547 1797)
4(1773 1798 3548 3523)
4(1797 3547 3548 1798)
4(1774 1799 3549 3524)
4(1798 3548 3549 1799)
4(1775 1800 3550 3525)
4(1799 3549 3550 1800)
4(1776 1801 3551 3526)
4(1800 3550 3551 1801)
4(1777 1802 3552 3527)
4(1801 3551 3552 1802)
4(1778 1803 3553 3528)
4(1802 3552 3553 1803)
4(1779 1804 3554 3529)
4(1803 3553 3554 1804)
4(1780 1805 3555 3530)
4(1804 3554 3555 1805)
4(1781 1806 3556 3531)
4(1805 3555 3556 1806)
4(1782 1807 3557 3532)
4(1806 3556 3557 1807)
4(1783 1808 3558 3533)
4(1807 3557 3558 1808)
4(1784 1809 3559 3534)
4(1808 3558 3559 1809)
4(1785 1810 3560 3535)
4(1809 3559 3560 1810)
4(1786 1811 3561 3536)
4(1810 3560 3561 1811)
4(1787 1812 3562 3537)
4(1811 3561 3562 1812)
4(1788 1813 3563 3538)
4(1812 3562 3563 1813)
4(1789 1814 3564 3539)
4(1813 3563 3564 1814)
4(1790 1815 3565 3540)
4(1814 3564 3565 1815)
4(1815 3565 3566 1816)
4(1793 1818 3568 3543)
4(1817 3567 3568 1818)
4(1794 1819 3569 3544)
4(1818 3568 3569 1819)
4(1795 1820 3570 3545)
4(1819 3569 3570 1820)
4(1796 1821 3571 3546)
4(1820 3570 3571 1821)
4(1797 1822 3572 3547)
4(1821 3571 3572 1822)
4(1798 1823 3573 3548)
4(1822 3572 3573 1823)
4(1799 1824 3574 3549)
4(1823 3573 3574 1824)
4(1800 1825 3575 3550)
4(1824 3574 3575 1825)
4(1801 1826 3576 3551)
4(1825 3575 3576 1826)
4(1802 1827 3577 3552)
4(1826 3576 3577 1827)
4(1803 1828 3578 3553)
4(1827 3577 3578 1828)
4(1804 1829 3579 3554)
4(1828 3578 3579 1829)
4(1805 1830 3580 3555)
4(1829 3579 3580 1830)
4(1806 1831 3581 3556)
4(1830 3580 3581 1831)
4(1807 1832 3582 3557)
4(1831 3581 3582 1832)
4(1808 1833 3583 3558)
4(1832 3582 3583 1833)
4(1809 1834 3584 3559)
4(1833 3583 3584 1834)
4(1810 1835 3585 3560)
4(1834 3584 3585 1835)
4(1811 1836 3586 3561)
4(1835 3585 3586 1836)
4(1812 1837 3587 3562)
4(1836 3586 3587 1837)
4(1813 1838 3588 3563)
4(1837 3587 3588 1838)
4(1814 1839 3589 3564)
4(1838 3588 3589 1839)
4(1815 1840 3590 3565)
4(1839 3589 3590 1840)
4(1840 3590 3591 1841)
4(1818 1843 3593 3568)
4(1842 3592 3593 1843)
4(1819 1844 3594 3569)
4(1843 3593 3594 1844)
4(1820 1845 3595 3570)
4(1844 3594 3595 1845)
4(1821 1846 3596 3571)
4(1845 3595 3596 1846)
4(1822 1847 3597 3572)
4(1846 3596 3597 1847)
4(1823 1848 3598 3573)
4(1847 3597 3598 1848)
4(1824 1849 3599 3574)
4(1848 3598 3599 1849)
4(1825 1850 3600 3575)
4(1849 3599 3600 1850)
4(1826 1851 3601 3576)
4(1850 3600 3601 1851)
4(1827 1852 3602 3577)
4(1851 3601 3602 1852)
4(1828 1853 3603 3578)
4(1852 3602 3603 1853)
4(1829 1854 3604 3579)
4(1853 3603 3604 1854)
4(1830 1855 3605 3580)
4(1854 3604 3605 1855)
4(1831 1856 3606 3581)
4(1855 3605 3606 1856)
4(1832 1857 3607 3582)
4(1856 3606 3607 1857)
4(1833 1858 3608 3583)
4(1857 3607 3608 1858)
4(1834 1859 3609 3584)
4(1858 3608 3609 1859)
4(1835 1860 3610 3585)
4(1859 3609 3610 1860)
4(1836 1861 3611 3586)
4(1860 3610 3611 1861)
4(1837 1862 3612 3587)
4(1861 3611 3612 1862)
4(1838 1863 3613 3588)
4(1862 3612 3613 1863)
4(1839 1864 3614 3589)
4(1863 3613 3614 1864)
4(1840 1865 3615 3590)
4(1864 3614 3615 1865)
4(1865 3615 3616 1866)
4(1843 1868 3618 3593)
4(1867 3617 3618 1868)
4(1844 1869 3619 3594)
4(1868 3618 3619 1869)
4(1845 1870 3620 3595)
4(1869 3619 3620 1870)
4(1846 1871 3621 3596)
4(1870 3620 3621 1871)
4(1847 1872 3622 3597)
4(1871 3621 3622 1872)
4(1848 1873 3623 3598)
4(1872 3622 3623 1873)
4(1849 1874 3624 3599)
4(1873 3623 3624 1874)
4(1850 1875 3625 3600)
4(1874 3624 3625 1875)
4(1851 1876 3626 3601)
4(1875 3625 3626 1876)
4(1852 1877 3627 3602)
4(1876 3626 3627 1877)
4(1853 1878 3628 3603)
4(1877 3627 3628 1878)
4(1854 1879 3629 3604)
4(1878 3628 3629 1879)
4(1855 1880 3630 3605)
4(1879 3629 3630 1880)
4(1856 1881 3631 3606)
4(1880 3630 3631 1881)
4(1857 1882 3632 3607)
4(1881 3631 3632 1882)
4(1858 1883 3633 3608)
4(1882 3632 3633 1883)
4(1859 1884 3634 3609)
4(1883 3633 3634 1884)
4(1860 1885 3635 3610)
4(1884 3634 3635 1885)
4(1861 1886 3636 3611)
4(1885 3635 3636 1886)
4(1862 1887 3637 3612)
4(1886 3636 3637 1887)
4(1863 1888 3638 3613)
4(1887 3637 3638 1888)
4(1864 1889 3639 3614)
4(1888 3638 3639 1889)
4(1865 1890 3640 3615)
4(1889 3639 3640 1890)
4(1890 3640 3641 1891)
4(1868 1893 3643 3618)
4(1892 3642 3643 1893)
4(1869 1894 3644 3619)
4(1893 3643 3644 1894)
4(1870 1895 3645 3620)
4(1894 3644 3645 1895)
4(1871 1896 3646 3621)
4(1895 3645 3646 1896)
4(1872 1897 3647 3622)
4(1896 3646 3647 1897)
4(1873 1898 3648 3623)
4(1897 3647 3648 1898)
4(1874 1899 3649 3624)
4(1898 3648 3649 1899)
4(1875 1900 3650 3625)
4(1899 3649 3650 1900)
4(1876 1901 3651 3626)
4(1900 3650 3651 1901)
4(1877 1902 3652 3627)
4(1901 3651 3652 1902)
4(1878 1903 3653 3628)
4(1902 3652 3653 1903)
4(1879 1904 3654 3629)
4(1903 3653 3654 1904)
4(1880 1905 3655 3630)
4(1904 3654 3655 1905)
4(1881 1906 3656 3631)
4(1905 3655 3656 1906)
4(1882 1907 3657 3632)
4(1906 3656 3657 1907)
4(1883 1908 3658 3633)
4(1907 3657 3658 1908)
4(1884 1909 3659 3634)
4(1908 3658 3659 1909)
4(1885 1910 3660 3635)
4(1909 3659 3660 1910)
4(1886 1911 3661 3636)
4(1910 3660 3661 1911)
4(1887 1912 3662 3637)
4(1911 3661 3662 1912)
4(1888 1913 3663 3638)
4(1912 3662 3663 1913)
4(1889 1914 3664 3639)
4(1913 3663 3664 1914)
4(1890 1915 3665 3640)
4(1914 3664 3665 1915)
4(1915 3665 3666 1916)
4(1893 1918 3668 3643)
4(1917 3667 3668 1918)
4(1894 1919 3669 3644)
4(1918 3668 3669 1919)
4(1895 1920 3670 3645)
4(1919 3669 3670 1920)
4(1896 1921 3671 3646)
4(1920 3670 3671 1921)
4(1897 1922 3672 3647)
4(1921 3671 3672 1922)
4(1898 1923 3673 3648)
4(1922 3672 3673 1923)
4(1899 1924 3674 3649)
4(1923 3673 3674 1924)
4(1900 1925 3675 3650)
4(1924 3674 3675 1925)
4(1901 1926 3676 3651)
4(1925 3675 3676 1926)
4(1902 1927 3677 3652)
4(1926 3676 3677 1927)
4(1903 1928 3678 3653)
4(1927 3677 3678 1928)
4(1904 1929 3679 3654)
4(1928 3678 3679 1929)
4(1905 1930 3680 3655)
4(1929 3679 3680 1930)
4(1906 1931 3681 3656)
4(1930 3680 3681 1931)
4(1907 1932 3682 3657)
4(1931 3681 3682 1932)
4(1908 1933 3683 3658)
4(1932 3682 3683 1933)
4(1909 1934 3684 3659)
4(1933 3683 3684 1934)
4(1910 1935 3685 3660)
4(1934 3684 3685 1935)
4(1911 1936 3686 3661)
4(1935 3685 3686 1936)
4(1912 1937 3687 3662)
4(1936 3686 3687 1937)
4(1913 1938 3688 3663)
4(1937 3687 3688 1938)
4(1914 1939 3689 3664)
4(1938 3688 3689 1939)
4(1915 1940 3690 3665)
4(1939 3689 3690 1940)
4(1940 3690 3691 1941)
4(1918 1943 3693 3668)
4(1942 3692 3693 1943)
4(1919 1944 3694 3669)
4(1943 3693 3694 1944)
4(1920 1945 3695 3670)
4(1944 3694 3695 1945)
4(1921 1946 3696 3671)
4(1945 3695 3696 1946)
4(1922 1947 3697 3672)
4(1946 3696 3697 1947)
4(1923 1948 3698 3673)
4(1947 3697 3698 1948)
4(1924 1949 3699 3674)
4(1948 3698 3699 1949)
4(1925 1950 3700 3675)
4(1949 3699 3700 1950)
4(1926 1951 3701 3676)
4(1950 3700 3701 1951)
4(1927 1952 3702 3677)
4(1951 3701 3702 1952)
4(1928 1953 3703 3678)
4(1952 3702 3703 1953)
4(1929 1954 3704 3679)
4(1953 3703 3704 1954)
4(1930 1955 3705 3680)
4(1954 3704 3705 1955)
4(1931 1956 3706 3681)
4(1955 3705 3706 1956)
4(1932 1957 3707 3682)
4(1956 3706 3707 1957)
4(1933 1958 3708 3683)
4(1957 3707 3708 1958)
4(1934 1959 3709 3684)
4(1958 3708 3709 1959)
4(1935 1960 3710 3685)
4(1959 3709 3710 1960)
4(1936 1961 3711 3686)
4(1960 3710 3711 1961)
4(1937 1962 3712 3687)
4(1961 3711 3712 1962)
4(1938 1963 3713 3688)
4(1962 3712 3713 1963)
4(1939 1964 3714 3689)
4(1963 3713 3714 1964)
4(1940 1965 3715 3690)
4(1964 3714 3715 1965)
4(1965 3715 3716 1966)
4(1943 1968 3718 3693)
4(1967 3717 3718 1968)
4(1944 1969 3719 3694)
4(1968 3718 3719 1969)
4(1945 1970 3720 3695)
4(1969 3719 3720 1970)
4(1946 1971 3721 3696)
4(1970 3720 3721 1971)
4(1947 1972 3722 3697)
4(1971 3721 3722 1972)
4(1948 1973 3723 3698)
4(1972 3722 3723 1973)
4(1949 1974 3724 3699)
4(1973 3723 3724 1974)
4(1950 1975 3725 3700)
4(1974 3724 3725 1975)
4(1951 1976 3726 3701)
4(1975 3725 3726 1976)
4(1952 1977 3727 3702)
4(1976 3726 3727 1977)
4(1953 1978 3728 3703)
4(1977 3727 3728 1978)
4(1954 1979 3729 3704)
4(1978 3728 3729 1979)
4(1955 1980 3730 3705)
4(1979 3729 3730 1980)
4(1956 1981 3731 3706)
4(1980 3730 3731 1981)
4(1957 1982 3732 3707)
4(1981 3731 3732 1982)
4(1958 1983 3733 3708)
4(1982 3732 3733 1983)
4(1959 1984 3734 3709)
4(1983 3733 3734 1984)
4(1960 1985 3735 3710)
4(1984 3734 3735 1985)
4(1961 1986 3736 3711)
4(1985 3735 3736 1986)
4(1962 1987 3737 3712)
4(1986 3736 3737 1987)
4(1963 1988 3738 3713)
4(1987 3737 3738 1988)
4(1964 1989 3739 3714)
4(1988 3738 3739 1989)
4(1965 1990 3740 3715)
4(1989 3739 3740 1990)
4(1990 3740 3741 1991)
4(1968 1993 3743 3718)
4(1992 3742 3743 1993)
4(1969 1994 3744 3719)
4(1993 3743 3744 1994)
4(1970 1995 3745 3720)
4(1994 3744 3745 1995)
4(1971 1996 3746 3721)
4(1995 3745 3746 1996)
4(1972 1997 3747 3722)
4(1996 3746 3747 1997)
4(1973 1998 3748 3723)
4(1997 3747 3748 1998)
4(1974 1999 3749 3724)
4(1998 3748 3749 1999)
4(1975 2000 3750 3725)
4(1999 3749 3750 2000)
4(1976 2001 3751 3726)
4(2000 3750 3751 2001)
4(1977 2002 3752 3727)
4(2001 3751 3752 2002)
4(1978 2003 3753 3728)
4(2002 3752 3753 2003)
4(1979 2004 3754 3729)
4(2003 3753 3754 2004)
4(1980 2005 3755 3730)
4(2004 3754 3755 2005)
4(1981 2006 3756 3731)
4(2005 3755 3756 2006)
4(1982 2007 3757 3732)
4(2006 3756 3757 2007)
4(1983 2008 3758 3733)
4(2007 3757 3758 2008)
4(1984 2009 3759 3734)
4(2008 3758 3759 2009)
4(1985 2010 3760 3735)
4(2009 3759 3760 2010)
4(1986 2011 3761 3736)
4(2010 3760 3761 2011)
4(1987 2012 3762 3737)
4(2011 3761 3762 2012)
4(1988 2013 3763 3738)
4(2012 3762 3763 2013)
4(1989 2014 3764 3739)
4(2013 3763 3764 2014)
4(1990 2015 3765 3740)
4(2014 3764 3765 2015)
4(2015 3765 3766 2016)
4(1993 2018 3768 3743)
4(2017 3767 3768 2018)
4(1994 2019 3769 3744)
4(2018 3768 3769 2019)
4(1995 2020 3770 3745)
4(2019 3769 3770 2020)
4(1996 2021 3771 3746)
4(2020 3770 3771 2021)
4(1997 2022 3772 3747)
4(2021 3771 3772 2022)
4(1998 2023 3773 3748)
4(2022 3772 3773 2023)
4(1999 2024 3774 3749)
4(2023 3773 3774 2024)
4(2000 2025 3775 3750)
4(2024 3774 3775 2025)
4(2001 2026 3776 3751)
4(2025 3775 3776 2026)
4(2002 2027 3777 3752)
4(2026 3776 3777 2027)
4(2003 2028 3778 3753)
4(2027 3777 3778 2028)
4(2004 2029 3779 3754)
4(2028 3778 3779 2029)
4(2005 2030 3780 3755)
4(2029 3779 3780 2030)
4(2006 2031 3781 3756)
4(2030 3780 3781 2031)
4(2007 2032 3782 3757)
4(2031 3781 3782 2032)
4(2008 2033 3783 3758)
4(2032 3782 3783 2033)
4(2009 2034 3784 3759)
4(2033 3783 3784 2034)
4(2010 2035 3785 3760)
4(2034 3784 3785 2035)
4(2011 2036 3786 3761)
4(2035 3785 3786 2036)
4(2012 2037 3787 3762)
4(2036 3786 3787 2037)
4(2013 2038 3788 3763)
4(2037 3787 3788 2038)
4(2014 2039 3789 3764)
4(2038 3788 3789 2039)
4(2015 2040 3790 3765)
4(2039 3789 3790 2040)
4(2040 3790 3791 2041)
4(2018 2043 3793 3768)
4(2042 3792 3793 2043)
4(2019 2044 3794 3769)
4(2043 3793 3794 2044)
4(2020 2045 3795 3770)
4(2044 3794 3795 2045)
4(2021 2046 3796 3771)
4(2045 3795 3796 2046)
4(2022 2047 3797 3772)
4(2046 3796 3797 2047)
4(2023 2048 3798 3773)
4(2047 3797 3798 2048)
4(2024 2049 3799 3774)
4(2048 3798 3799 2049)
4(2025 2050 3800 3775)
4(2049 3799 3800 2050)
4(2026 2051 3801 3776)
4(2050 3800 3801 2051)
4(2027 2052 3802 3777)
4(2051 3801 3802 2052)
4(2028 2053 3803 3778)
4(2052 3802 3803 2053)
4(2029 2054 3804 3779)
4(2053 3803 3804 2054)
4(2030 2055 3805 3780)
4(2054 3804 3805 2055)
4(2031 2056 3806 3781)
4(2055 3805 3806 2056)
4(2032 2057 3807 3782)
4(2056 3806 3807 2057)
4(2033 2058 3808 3783)
4(2057 3807 3808 2058)
4(2034 2059 3809 3784)
4(2058 3808 3809 2059)
4(2035 2060 3810 3785)
4(2059 3809 3810 2060)
4(2036 2061 3811 3786)
4(2060 3810 3811 2061)
4(2037 2062 3812 3787)
4(2061 3811 3812 2062)
4(2038 2063 3813 3788)
4(2062 3812 3813 2063)
4(2039 2064 3814 3789)
4(2063 3813 3814 2064)
4(2040 2065 3815 3790)
4(2064 3814 3815 2065)
4(2065 3815 3816 2066)
4(2043 2068 3818 3793)
4(2067 3817 3818 2068)
4(2044 2069 3819 3794)
4(2068 3818 3819 2069)
4(2045 2070 3820 3795)
4(2069 3819 3820 2070)
4(2046 2071 3821 3796)
4(2070 3820 3821 2071)
4(2047 2072 3822 3797)
4(2071 3821 3822 2072)
4(2048 2073 3823 3798)
4(2072 3822 3823 2073)
4(2049 2074 3824 3799)
4(2073 3823 3824 2074)
4(2050 2075 3825 3800)
4(2074 3824 3825 2075)
4(2051 2076 3826 3801)
4(2075 3825 3826 2076)
4(2052 2077 3827 3802)
4(2076 3826 3827 2077)
4(2053 2078 3828 3803)
4(2077 3827 3828 2078)
4(2054 2079 3829 3804)
4(2078 3828 3829 2079)
4(2055 2080 3830 3805)
4(2079 3829 3830 2080)
4(2056 2081 3831 3806)
4(2080 3830 3831 2081)
4(2057 2082 3832 3807)
4(2081 3831 3832 2082)
4(2058 2083 3833 3808)
4(2082 3832 3833 2083)
4(2059 2084 3834 3809)
4(2083 3833 3834 2084)
4(2060 2085 3835 3810)
4(2084 3834 3835 2085)
4(2061 2086 3836 3811)
4(2085 3835 3836 2086)
4(2062 2087 3837 3812)
4(2086 3836 3837 2087)
4(2063 2088 3838 3813)
4(2087 3837 3838 2088)
4(2064 2089 3839 3814)
4(2088 3838 3839 2089)
4(2065 2090 3840 3815)
4(2089 3839 3840 2090)
4(2090 3840 3841 2091)
4(2068 2093 3843 3818)
4(2092 3842 3843 2093)
4(2069 2094 3844 3819)
4(2093 3843 3844 2094)
4(2070 2095 3845 3820)
4(2094 3844 3845 2095)
4(2071 2096 3846 3821)
4(2095 3845 3846 2096)
4(2072 2097 3847 3822)
4(2096 3846 3847 2097)
4(2073 2098 3848 3823)
4(2097 3847 3848 2098)
4(2074 2099 3849 3824)
4(2098 3848 3849 2099)
4(2075 2100 3850 3825)
4(2099 3849 3850 2100)
4(2076 2101 3851 3826)
4(2100 3850 3851 2101)
4(2077 2102 3852 3827)
4(2101 3851 3852 2102)
4(2078 2103 3853 3828)
4(2102 3852 3853 2103)
4(2079 2104 3854 3829)
4(2103 3853 3854 2104)
4(2080 2105 3855 3830)
4(2104 3854 3855 2105)
4(2081 2106 3856 3831)
4(2105 3855 3856 2106)
4(2082 2107 3857 3832)
4(2106 3856 3857 2107)
4(2083 2108 3858 3833)
4(2107 3857 3858 2108)
4(2084 2109 3859 3834)
4(2108 3858 3859 2109)
4(2085 2110 3860 3835)
4(2109 3859 3860 2110)
4(2086 2111 3861 3836)
4(2110 3860 3861 2111)
4(2087 2112 3862 3837)
4(2111 3861 3862 2112)
4(2088 2113 3863 3838)
4(2112 3862 3863 2113)
4(2089 2114 3864 3839)
4(2113 3863 3864 2114)
4(2090 2115 3865 3840)
4(2114 3864 3865 2115)
4(2115 3865 3866 2116)
4(2093 2118 3868 3843)
4(2117 3867 3868 2118)
4(2094 2119 3869 3844)
4(2118 3868 3869 2119)
4(2095 2120 3870 3845)
4(2119 3869 3870 2120)
4(2096 2121 3871 3846)
4(2120 3870 3871 2121)
4(2097 2122 3872 3847)
4(2121 3871 3872 2122)
4(2098 2123 3873 3848)
4(2122 3872 3873 2123)
4(2099 2124 3874 3849)
4(2123 3873 3874 2124)
4(2100 2125 3875 3850)
4(2124 3874 3875 2125)
4(2101 2126 3876 3851)
4(2125 3875 3876 2126)
4(2102 2127 3877 3852)
4(2126 3876 3877 2127)
4(2103 2128 3878 3853)
4(2127 3877 3878 2128)
4(2104 2129 3879 3854)
4(2128 3878 3879 2129)
4(2105 2130 3880 3855)
4(2129 3879 3880 2130)
4(2106 2131 3881 3856)
4(2130 3880 3881 2131)
4(2107 2132 3882 3857)
4(2131 3881 3882 2132)
4(2108 2133 3883 3858)
4(2132 3882 3883 2133)
4(2109 2134 3884 3859)
4(2133 3883 3884 2134)
4(2110 2135 3885 3860)
4(2134 3884 3885 2135)
4(2111 2136 3886 3861)
4(2135 3885 3886 2136)
4(2112 2137 3887 3862)
4(2136 3886 3887 2137)
4(2113 2138 3888 3863)
4(2137 3887 3888 2138)
4(2114 2139 3889 3864)
4(2138 3888 3889 2139)
4(2115 2140 3890 3865)
4(2139 3889 3890 2140)
4(2140 3890 3891 2141)
4(2118 2143 3893 3868)
4(2142 3892 3893 2143)
4(2119 2144 3894 3869)
4(2143 3893 3894 2144)
4(2120 2145 3895 3870)
4(2144 3894 3895 2145)
4(2121 2146 3896 3871)
4(2145 3895 3896 2146)
4(2122 2147 3897 3872)
4(2146 3896 3897 2147)
4(2123 2148 3898 3873)
4(2147 3897 3898 2148)
4(2124 2149 3899 3874)
4(2148 3898 3899 2149)
4(2125 2150 3900 3875)
4(2149 3899 3900 2150)
4(2126 2151 3901 3876)
4(2150 3900 3901 2151)
4(2127 2152 3902 3877)
4(2151 3901 3902 2152)
4(2128 2153 3903 3878)
4(2152 3902 3903 2153)
4(2129 2154 3904 3879)
4(2153 3903 3904 2154)
4(2130 2155 3905 3880)
4(2154 3904 3905 2155)
4(2131 2156 3906 3881)
4(2155 3905 3906 2156)
4(2132 2157 3907 3882)
4(2156 3906 3907 2157)
4(2133 2158 3908 3883)
4(2157 3907 3908 2158)
4(2134 2159 3909 3884)
4(2158 3908 3909 2159)
4(2135 2160 3910 3885)
4(2159 3909 3910 2160)
4(2136 2161 3911 3886)
4(2160 3910 3911 2161)
4(2137 2162 3912 3887)
4(2161 3911 3912 2162)
4(2138 2163 3913 3888)
4(2162 3912 3913 2163)
4(2139 2164 3914 3889)
4(2163 3913 3914 2164)
4(2140 2165 3915 3890)
4(2164 3914 3915 2165)
4(2165 3915 3916 2166)
4(2143 2168 3918 3893)
4(2167 3917 3918 2168)
4(2144 2169 3919 3894)
4(2168 3918 3919 2169)
4(2145 2170 3920 3895)
4(2169 3919 3920 2170)
4(2146 2171 3921 3896)
4(2170 3920 3921 2171)
4(2147 2172 3922 3897)
4(2171 3921 3922 2172)
4(2148 2173 3923 3898)
4(2172 3922 3923 2173)
4(2149 2174 3924 3899)
4(2173 3923 3924 2174)
4(2150 2175 3925 3900)
4(2174 3924 3925 2175)
4(2151 2176 3926 3901)
4(2175 3925 3926 2176)
4(2152 2177 3927 3902)
4(2176 3926 3927 2177)
4(2153 2178 3928 3903)
4(2177 3927 3928 2178)
4(2154 2179 3929 3904)
4(2178 3928 3929 2179)
4(2155 2180 3930 3905)
4(2179 3929 3930 2180)
4(2156 2181 3931 3906)
4(2180 3930 3931 2181)
4(2157 2182 3932 3907)
4(2181 3931 3932 2182)
4(2158 2183 3933 3908)
4(2182 3932 3933 2183)
4(2159 2184 3934 3909)
4(2183 3933 3934 2184)
4(2160 2185 3935 3910)
4(2184 3934 3935 2185)
4(2161 2186 3936 3911)
4(2185 3935 3936 2186)
4(2162 2187 3937 3912)
4(2186 3936 3937 2187)
4(2163 2188 3938 3913)
4(2187 3937 3938 2188)
4(2164 2189 3939 3914)
4(2188 3938 3939 2189)
4(2165 2190 3940 3915)
4(2189 3939 3940 2190)
4(2190 3940 3941 2191)
4(2168 2193 3943 3918)
4(2192 3942 3943 2193)
4(2169 2194 3944 3919)
4(2193 3943 3944 2194)
4(2170 2195 3945 3920)
4(2194 3944 3945 2195)
4(2171 2196 3946 3921)
4(2195 3945 3946 2196)
4(2172 2197 3947 3922)
4(2196 3946 3947 2197)
4(2173 2198 3948 3923)
4(2197 3947 3948 2198)
4(2174 2199 3949 3924)
4(2198 3948 3949 2199)
4(2175 2200 3950 3925)
4(2199 3949 3950 2200)
4(2176 2201 3951 3926)
4(2200 3950 3951 2201)
4(2177 2202 3952 3927)
4(2201 3951 3952 2202)
4(2178 2203 3953 3928)
4(2202 3952 3953 2203)
4(2179 2204 3954 3929)
4(2203 3953 3954 2204)
4(2180 2205 3955 3930)
4(2204 3954 3955 2205)
4(2181 2206 3956 3931)
4(2205 3955 3956 2206)
4(2182 2207 3957 3932)
4(2206 3956 3957 2207)
4(2183 2208 3958 3933)
4(2207 3957 3958 2208)
4(2184 2209 3959 3934)
4(2208 3958 3959 2209)
4(2185 2210 3960 3935)
4(2209 3959 3960 2210)
4(2186 2211 3961 3936)
4(2210 3960 3961 2211)
4(2187 2212 3962 3937)
4(2211 3961 3962 2212)
4(2188 2213 3963 3938)
4(2212 3962 3963 2213)
4(2189 2214 3964 3939)
4(2213 3963 3964 2214)
4(2190 2215 3965 3940)
4(2214 3964 3965 2215)
4(2215 3965 3966 2216)
4(2193 2218 3968 3943)
4(2217 3967 3968 2218)
4(2194 2219 3969 3944)
4(2218 3968 3969 2219)
4(2195 2220 3970 3945)
4(2219 3969 3970 2220)
4(2196 2221 3971 3946)
4(2220 3970 3971 2221)
4(2197 2222 3972 3947)
4(2221 3971 3972 2222)
4(2198 2223 3973 3948)
4(2222 3972 3973 2223)
4(2199 2224 3974 3949)
4(2223 3973 3974 2224)
4(2200 2225 3975 3950)
4(2224 3974 3975 2225)
4(2201 2226 3976 3951)
4(2225 3975 3976 2226)
4(2202 2227 3977 3952)
4(2226 3976 3977 2227)
4(2203 2228 3978 3953)
4(2227 3977 3978 2228)
4(2204 2229 3979 3954)
4(2228 3978 3979 2229)
4(2205 2230 3980 3955)
4(2229 3979 3980 2230)
4(2206 2231 3981 3956)
4(2230 3980 3981 2231)
4(2207 2232 3982 3957)
4(2231 3981 3982 2232)
4(2208 2233 3983 3958)
4(2232 3982 3983 2233)
4(2209 2234 3984 3959)
4(2233 3983 3984 2234)
4(2210 2235 3985 3960)
4(2234 3984 3985 2235)
4(2211 2236 3986 3961)
4(2235 3985 3986 2236)
4(2212 2237 3987 3962)
4(2236 3986 3987 2237)
4(2213 2238 3988 3963)
4(2237 3987 3988 2238)
4(2214 2239 3989 3964)
4(2238 3988 3989 2239)
4(2215 2240 3990 3965)
4(2239 3989 3990 2240)
4(2240 3990 3991 2241)
4(2218 2243 3993 3968)
4(2242 3992 3993 2243)
4(2219 2244 3994 3969)
4(2243 3993 3994 2244)
4(2220 2245 3995 3970)
4(2244 3994 3995 2245)
4(2221 2246 3996 3971)
4(2245 3995 3996 2246)
4(2222 2247 3997 3972)
4(2246 3996 3997 2247)
4(2223 2248 3998 3973)
4(2247 3997 3998 2248)
4(2224 2249 3999 3974)
4(2248 3998 3999 2249)
4(2225 2250 4000 3975)
4(2249 3999 4000 2250)
4(2226 2251 4001 3976)
4(2250 4000 4001 2251)
4(2227 2252 4002 3977)
4(2251 4001 4002 2252)
4(2228 2253 4003 3978)
4(2252 4002 4003 2253)
4(2229 2254 4004 3979)
4(2253 4003 4004 2254)
4(2230 2255 4005 3980)
4(2254 4004 4005 2255)
4(2231 2256 4006 3981)
4(2255 4005 4006 2256)
4(2232 2257 4007 3982)
4(2256 4006 4007 2257)
4(2233 2258 4008 3983)
4(2257 4007 4008 2258)
4(2234 2259 4009 3984)
4(2258 4008 4009 2259)
4(2235 2260 4010 3985)
4(2259 4009 4010 2260)
4(2236 2261 4011 3986)
4(2260 4010 4011 2261)
4(2237 2262 4012 3987)
4(2261 4011 4012 2262)
4(2238 2263 4013 3988)
4(2262 4012 4013 2263)
4(2239 2264 4014 3989)
4(2263 4013 4014 2264)
4(2240 2265 4015 3990)
4(2264 4014 4015 2265)
4(2265 4015 4016 2266)
4(2243 2268 4018 3993)
4(2267 4017 4018 2268)
4(2244 2269 4019 3994)
4(2268 4018 4019 2269)
4(2245 2270 4020 3995)
4(2269 4019 4020 2270)
4(2246 2271 4021 3996)
4(2270 4020 4021 2271)
4(2247 2272 4022 3997)
4(2271 4021 4022 2272)
4(2248 2273 4023 3998)
4(2272 4022 4023 2273)
4(2249 2274 4024 3999)
4(2273 4023 4024 2274)
4(2250 2275 4025 4000)
4(2274 4024 4025 2275)
4(2251 2276 4026 4001)
4(2275 4025 4026 2276)
4(2252 2277 4027 4002)
4(2276 4026 4027 2277)
4(2253 2278 4028 4003)
4(2277 4027 4028 2278)
4(2254 2279 4029 4004)
4(2278 4028 4029 2279)
4(2255 2280 4030 4005)
4(2279 4029 4030 2280)
4(2256 2281 4031 4006)
4(2280 4030 4031 2281)
4(2257 2282 4032 4007)
4(2281 4031 4032 2282)
4(2258 2283 4033 4008)
4(2282 4032 4033 2283)
4(2259 2284 4034 4009)
4(2283 4033 4034 2284)
4(2260 2285 4035 4010)
4(2284 4034 4035 2285)
4(2261 2286 4036 4011)
4(2285 4035 4036 2286)
4(2262 2287 4037 4012)
4(2286 4036 4037 2287)
4(2263 2288 4038 4013)
4(2287 4037 4038 2288)
4(2264 2289 4039 4014)
4(2288 4038 4039 2289)
4(2265 2290 4040 4015)
4(2289 4039 4040 2290)
4(2290 4040 4041 2291)
4(2268 2293 4043 4018)
4(2292 4042 4043 2293)
4(2269 2294 4044 4019)
4(2293 4043 4044 2294)
4(2270 2295 4045 4020)
4(2294 4044 4045 2295)
4(2271 2296 4046 4021)
4(2295 4045 4046 2296)
4(2272 2297 4047 4022)
4(2296 4046 4047 2297)
4(2273 2298 4048 4023)
4(2297 4047 4048 2298)
4(2274 2299 4049 4024)
4(2298 4048 4049 2299)
4(2275 2300 4050 4025)
4(2299 4049 4050 2300)
4(2276 2301 4051 4026)
4(2300 4050 4051 2301)
4(2277 2302 4052 4027)
4(2301 4051 4052 2302)
4(2278 2303 4053 4028)
4(2302 4052 4053 2303)
4(2279 2304 4054 4029)
4(2303 4053 4054 2304)
4(2280 2305 4055 4030)
4(2304 4054 4055 2305)
4(2281 2306 4056 4031)
4(2305 4055 4056 2306)
4(2282 2307 4057 4032)
4(2306 4056 4057 2307)
4(2283 2308 4058 4033)
4(2307 4057 4058 2308)
4(2284 2309 4059 4034)
4(2308 4058 4059 2309)
4(2285 2310 4060 4035)
4(2309 4059 4060 2310)
4(2286 2311 4061 4036)
4(2310 4060 4061 2311)
4(2287 2312 4062 4037)
4(2311 4061 4062 2312)
4(2288 2313 4063 4038)
4(2312 4062 4063 2313)
4(2289 2314 4064 4039)
4(2313 4063 4064 2314)
4(2290 2315 4065 4040)
4(2314 4064 4065 2315)
4(2315 4065 4066 2316)
4(2293 2318 4068 4043)
4(2317 4067 4068 2318)
4(2294 2319 4069 4044)
4(2318 4068 4069 2319)
4(2295 2320 4070 4045)
4(2319 4069 4070 2320)
4(2296 2321 4071 4046)
4(2320 4070 4071 2321)
4(2297 2322 4072 4047)
4(2321 4071 4072 2322)
4(2298 2323 4073 4048)
4(2322 4072 4073 2323)
4(2299 2324 4074 4049)
4(2323 4073 4074 2324)
4(2300 2325 4075 4050)
4(2324 4074 4075 2325)
4(2301 2326 4076 4051)
4(2325 4075 4076 2326)
4(2302 2327 4077 4052)
4(2326 4076 4077 2327)
4(2303 2328 4078 4053)
4(2327 4077 4078 2328)
4(2304 2329 4079 4054)
4(2328 4078 4079 2329)
4(2305 2330 4080 4055)
4(2329 4079 4080 2330)
4(2306 2331 4081 4056)
4(2330 4080 4081 2331)
4(2307 2332 4082 4057)
4(2331 4081 4082 2332)
4(2308 2333 4083 4058)
4(2332 4082 4083 2333)
4(2309 2334 4084 4059)
4(2333 4083 4084 2334)
4(2310 2335 4085 4060)
4(2334 4084 4085 2335)
4(2311 2336 4086 4061)
4(2335 4085 4086 2336)
4(2312 2337 4087 4062)
4(2336 4086 4087 2337)
4(2313 2338 4088 4063)
4(2337 4087 4088 2338)
4(2314 2339 4089 4064)
4(2338 4088 4089 2339)
4(2315 2340 4090 4065)
4(2339 4089 4090 2340)
4(2340 4090 4091 2341)
4(2318 2343 4093 4068)
4(2342 4092 4093 2343)
4(2319 2344 4094 4069)
4(2343 4093 4094 2344)
4(2320 2345 4095 4070)
4(2344 4094 4095 2345)
4(2321 2346 4096 4071)
4(2345 4095 4096 2346)
4(2322 2347 4097 4072)
4(2346 4096 4097 2347)
4(2323 2348 4098 4073)
4(2347 4097 4098 2348)
4(2324 2349 4099 4074)
4(2348 4098 4099 2349)
4(2325 2350 4100 4075)
4(2349 4099 4100 2350)
4(2326 2351 4101 4076)
4(2350 4100 4101 2351)
4(2327 2352 4102 4077)
4(2351 4101 4102 2352)
4(2328 2353 4103 4078)
4(2352 4102 4103 2353)
4(2329 2354 4104 4079)
4(2353 4103 4104 2354)
4(2330 2355 4105 4080)
4(2354 4104 4105 2355)
4(2331 2356 4106 4081)
4(2355 4105 4106 2356)
4(2332 2357 4107 4082)
4(2356 4106 4107 2357)
4(2333 2358 4108 4083)
4(2357 4107 4108 2358)
4(2334 2359 4109 4084)
4(2358 4108 4109 2359)
4(2335 2360 4110 4085)
4(2359 4109 4110 2360)
4(2336 2361 4111 4086)
4(2360 4110 4111 2361)
4(2337 2362 4112 4087)
4(2361 4111 4112 2362)
4(2338 2363 4113 4088)
4(2362 4112 4113 2363)
4(2339 2364 4114 4089)
4(2363 4113 4114 2364)
4(2340 2365 4115 4090)
4(2364 4114 4115 2365)
4(2365 4115 4116 2366)
4(2343 2368 4118 4093)
4(2367 4117 4118 2368)
4(2344 2369 4119 4094)
4(2368 4118 4119 2369)
4(2345 2370 4120 4095)
4(2369 4119 4120 2370)
4(2346 2371 4121 4096)
4(2370 4120 4121 2371)
4(2347 2372 4122 4097)
4(2371 4121 4122 2372)
4(2348 2373 4123 4098)
4(2372 4122 4123 2373)
4(2349 2374 4124 4099)
4(2373 4123 4124 2374)
4(2350 2375 4125 4100)
4(2374 4124 4125 2375)
4(2351 2376 4126 4101)
4(2375 4125 4126 2376)
4(2352 2377 4127 4102)
4(2376 4126 4127 2377)
4(2353 2378 4128 4103)
4(2377 4127 4128 2378)
4(2354 2379 4129 4104)
4(2378 4128 4129 2379)
4(2355 2380 4130 4105)
4(2379 4129 4130 2380)
4(2356 2381 4131 4106)
4(2380 4130 4131 2381)
4(2357 2382 4132 4107)
4(2381 4131 4132 2382)
4(2358 2383 4133 4108)
4(2382 4132 4133 2383)
4(2359 2384 4134 4109)
4(2383 4133 4134 2384)
4(2360 2385 4135 4110)
4(2384 4134 4135 2385)
4(2361 2386 4136 4111)
4(2385 4135 4136 2386)
4(2362 2387 4137 4112)
4(2386 4136 4137 2387)
4(2363 2388 4138 4113)
4(2387 4137 4138 2388)
4(2364 2389 4139 4114)
4(2388 4138 4139 2389)
4(2365 2390 4140 4115)
4(2389 4139 4140 2390)
4(2390 4140 4141 2391)
4(2368 2393 4143 4118)
4(2392 4142 4143 2393)
4(2369 2394 4144 4119)
4(2393 4143 4144 2394)
4(2370 2395 4145 4120)
4(2394 4144 4145 2395)
4(2371 2396 4146 4121)
4(2395 4145 4146 2396)
4(2372 2397 4147 4122)
4(2396 4146 4147 2397)
4(2373 2398 4148 4123)
4(2397 4147 4148 2398)
4(2374 2399 4149 4124)
4(2398 4148 4149 2399)
4(2375 2400 4150 4125)
4(2399 4149 4150 2400)
4(2376 2401 4151 4126)
4(2400 4150 4151 2401)
4(2377 2402 4152 4127)
4(2401 4151 4152 2402)
4(2378 2403 4153 4128)
4(2402 4152 4153 2403)
4(2379 2404 4154 4129)
4(2403 4153 4154 2404)
4(2380 2405 4155 4130)
4(2404 4154 4155 2405)
4(2381 2406 4156 4131)
4(2405 4155 4156 2406)
4(2382 2407 4157 4132)
4(2406 4156 4157 2407)
4(2383 2408 4158 4133)
4(2407 4157 4158 2408)
4(2384 2409 4159 4134)
4(2408 4158 4159 2409)
4(2385 2410 4160 4135)
4(2409 4159 4160 2410)
4(2386 2411 4161 4136)
4(2410 4160 4161 2411)
4(2387 2412 4162 4137)
4(2411 4161 4162 2412)
4(2388 2413 4163 4138)
4(2412 4162 4163 2413)
4(2389 2414 4164 4139)
4(2413 4163 4164 2414)
4(2390 2415 4165 4140)
4(2414 4164 4165 2415)
4(2415 4165 4166 2416)
4(2393 2418 4168 4143)
4(2417 4167 4168 2418)
4(2394 2419 4169 4144)
4(2418 4168 4169 2419)
4(2395 2420 4170 4145)
4(2419 4169 4170 2420)
4(2396 2421 4171 4146)
4(2420 4170 4171 2421)
4(2397 2422 4172 4147)
4(2421 4171 4172 2422)
4(2398 2423 4173 4148)
4(2422 4172 4173 2423)
4(2399 2424 4174 4149)
4(2423 4173 4174 2424)
4(2400 2425 4175 4150)
4(2424 4174 4175 2425)
4(2401 2426 4176 4151)
4(2425 4175 4176 2426)
4(2402 2427 4177 4152)
4(2426 4176 4177 2427)
4(2403 2428 4178 4153)
4(2427 4177 4178 2428)
4(2404 2429 4179 4154)
4(2428 4178 4179 2429)
4(2405 2430 4180 4155)
4(2429 4179 4180 2430)
4(2406 2431 4181 4156)
4(2430 4180 4181 2431)
4(2407 2432 4182 4157)
4(2431 4181 4182 2432)
4(2408 2433 4183 4158)
4(2432 4182 4183 2433)
4(2409 2434 4184 4159)
4(2433 4183 4184 2434)
4(2410 2435 4185 4160)
4(2434 4184 4185 2435)
4(2411 2436 4186 4161)
4(2435 4185 4186 2436)
4(2412 2437 4187 4162)
4(2436 4186 4187 2437)
4(2413 2438 4188 4163)
4(2437 4187 4188 2438)
4(2414 2439 4189 4164)
4(2438 4188 4189 2439)
4(2415 2440 4190 4165)
4(2439 4189 4190 2440)
4(2440 4190 4191 2441)
4(2418 2443 4193 4168)
4(2442 4192 4193 2443)
4(2419 2444 4194 4169)
4(2443 4193 4194 2444)
4(2420 2445 4195 4170)
4(2444 4194 4195 2445)
4(2421 2446 4196 4171)
4(2445 4195 4196 2446)
4(2422 2447 4197 4172)
4(2446 4196 4197 2447)
4(2423 2448 4198 4173)
4(2447 4197 4198 2448)
4(2424 2449 4199 4174)
4(2448 4198 4199 2449)
4(2425 2450 4200 4175)
4(2449 4199 4200 2450)
4(2426 2451 4201 4176)
4(2450 4200 4201 2451)
4(2427 2452 4202 4177)
4(2451 4201 4202 2452)
4(2428 2453 4203 4178)
4(2452 4202 4203 2453)
4(2429 2454 4204 4179)
4(2453 4203 4204 2454)
4(2430 2455 4205 4180)
4(2454 4204 4205 2455)
4(2431 2456 4206 4181)
4(2455 4205 4206 2456)
4(2432 2457 4207 4182)
4(2456 4206 4207 2457)
4(2433 2458 4208 4183)
4(2457 4207 4208 2458)
4(2434 2459 4209 4184)
4(2458 4208 4209 2459)
4(2435 2460 4210 4185)
4(2459 4209 4210 2460)
4(2436 2461 4211 4186)
4(2460 4210 4211 2461)
4(2437 2462 4212 4187)
4(2461 4211 4212 2462)
4(2438 2463 4213 4188)
4(2462 4212 4213 2463)
4(2439 2464 4214 4189)
4(2463 4213 4214 2464)
4(2440 2465 4215 4190)
4(2464 4214 4215 2465)
4(2465 4215 4216 2466)
4(2443 2468 4218 4193)
4(2467 4217 4218 2468)
4(2444 2469 4219 4194)
4(2468 4218 4219 2469)
4(2445 2470 4220 4195)
4(2469 4219 4220 2470)
4(2446 2471 4221 4196)
4(2470 4220 4221 2471)
4(2447 2472 4222 4197)
4(2471 4221 4222 2472)
4(2448 2473 4223 4198)
4(2472 4222 4223 2473)
4(2449 2474 4224 4199)
4(2473 4223 4224 2474)
4(2450 2475 4225 4200)
4(2474 4224 4225 2475)
4(2451 2476 4226 4201)
4(2475 4225 4226 2476)
4(2452 2477 4227 4202)
4(2476 4226 4227 2477)
4(2453 2478 4228 4203)
4(2477 4227 4228 2478)
4(2454 2479 4229 4204)
4(2478 4228 4229 2479)
4(2455 2480 4230 4205)
4(2479 4229 4230 2480)
4(2456 2481 4231 4206)
4(2480 4230 4231 2481)
4(2457 2482 4232 4207)
4(2481 4231 4232 2482)
4(2458 2483 4233 4208)
4(2482 4232 4233 2483)
4(2459 2484 4234 4209)
4(2483 4233 4234 2484)
4(2460 2485 4235 4210)
4(2484 4234 4235 2485)
4(2461 2486 4236 4211)
4(2485 4235 4236 2486)
4(2462 2487 4237 4212)
4(2486 4236 4237 2487)
4(2463 2488 4238 4213)
4(2487 4237 4238 2488)
4(2464 2489 4239 4214)
4(2488 4238 4239 2489)
4(2465 2490 4240 4215)
4(2489 4239 4240 2490)
4(2490 4240 4241 2491)
4(2468 2493 4243 4218)
4(2492 4242 4243 2493)
4(2469 2494 4244 4219)
4(2493 4243 4244 2494)
4(2470 2495 4245 4220)
4(2494 4244 4245 2495)
4(2471 2496 4246 4221)
4(2495 4245 4246 2496)
4(2472 2497 4247 4222)
4(2496 4246 4247 2497)
4(2473 2498 4248 4223)
4(2497 4247 4248 2498)
4(2474 2499 4249 4224)
4(2498 4248 4249 2499)
4(2475 2500 4250 4225)
4(2499 4249 4250 2500)
4(2476 2501 4251 4226)
4(2500 4250 4251 2501)
4(2477 2502 4252 4227)
4(2501 4251 4252 2502)
4(2478 2503 4253 4228)
4(2502 4252 4253 2503)
4(2479 2504 4254 4229)
4(2503 4253 4254 2504)
4(2480 2505 4255 4230)
4(2504 4254 4255 2505)
4(2481 2506 4256 4231)
4(2505 4255 4256 2506)
4(2482 2507 4257 4232)
4(2506 4256 4257 2507)
4(2483 2508 4258 4233)
4(2507 4257 4258 2508)
4(2484 2509 4259 4234)
4(2508 4258 4259 2509)
4(2485 2510 4260 4235)
4(2509 4259 4260 2510)
4(2486 2511 4261 4236)
4(2510 4260 4261 2511)
4(2487 2512 4262 4237)
4(2511 4261 4262 2512)
4(2488 2513 4263 4238)
4(2512 4262 4263 2513)
4(2489 2514 4264 4239)
4(2513 4263 4264 2514)
4(2490 2515 4265 4240)
4(2514 4264 4265 2515)
4(2515 4265 4266 2516)
4(2493 2518 4268 4243)
4(2517 4267 4268 2518)
4(2494 2519 4269 4244)
4(2518 4268 4269 2519)
4(2495 2520 4270 4245)
4(2519 4269 4270 2520)
4(2496 2521 4271 4246)
4(2520 4270 4271 2521)
4(2497 2522 4272 4247)
4(2521 4271 4272 2522)
4(2498 2523 4273 4248)
4(2522 4272 4273 2523)
4(2499 2524 4274 4249)
4(2523 4273 4274 2524)
4(2500 2525 4275 4250)
4(2524 4274 4275 2525)
4(2501 2526 4276 4251)
4(2525 4275 4276 2526)
4(2502 2527 4277 4252)
4(2526 4276 4277 2527)
4(2503 2528 4278 4253)
4(2527 4277 4278 2528)
4(2504 2529 4279 4254)
4(2528 4278 4279 2529)
4(2505 2530 4280 4255)
4(2529 4279 4280 2530)
4(2506 2531 4281 4256)
4(2530 4280 4281 2531)
4(2507 2532 4282 4257)
4(2531 4281 4282 2532)
4(2508 2533 4283 4258)
4(2532 4282 4283 2533)
4(2509 2534 4284 4259)
4(2533 4283 4284 2534)
4(2510 2535 4285 4260)
4(2534 4284 4285 2535)
4(2511 2536 4286 4261)
4(2535 4285 4286 2536)
4(2512 2537 4287 4262)
4(2536 4286 4287 2537)
4(2513 2538 4288 4263)
4(2537 4287 4288 2538)
4(2514 2539 4289 4264)
4(2538 4288 4289 2539)
4(2515 2540 4290 4265)
4(2539 4289 4290 2540)
4(2540 4290 4291 2541)
4(2518 2543 4293 4268)
4(2542 4292 4293 2543)
4(2519 2544 4294 4269)
4(2543 4293 4294 2544)
4(2520 2545 4295 4270)
4(2544 4294 4295 2545)
4(2521 2546 4296 4271)
4(2545 4295 4296 2546)
4(2522 2547 4297 4272)
4(2546 4296 4297 2547)
4(2523 2548 4298 4273)
4(2547 4297 4298 2548)
4(2524 2549 4299 4274)
4(2548 4298 4299 2549)
4(2525 2550 4300 4275)
4(2549 4299 4300 2550)
4(2526 2551 4301 4276)
4(2550 4300 4301 2551)
4(2527 2552 4302 4277)
4(2551 4301 4302 2552)
4(2528 2553 4303 4278)
4(2552 4302 4303 2553)
4(2529 2554 4304 4279)
4(2553 4303 4304 2554)
4(2530 2555 4305 4280)
4(2554 4304 4305 2555)
4(2531 2556 4306 4281)
4(2555 4305 4306 2556)
4(2532 2557 4307 4282)
4(2556 4306 4307 2557)
4(2533 2558 4308 4283)
4(2557 4307 4308 2558)
4(2534 2559 4309 4284)
4(2558 4308 4309 2559)
4(2535 2560 4310 4285)
4(2559 4309 4310 2560)
4(2536 2561 4311 4286)
4(2560 4310 4311 2561)
4(2537 2562 4312 4287)
4(2561 4311 4312 2562)
4(2538 2563 4313 4288)
4(2562 4312 4313 2563)
4(2539 2564 4314 4289)
4(2563 4313 4314 2564)
4(2540 2565 4315 4290)
4(2564 4314 4315 2565)
4(2565 4315 4316 2566)
4(2543 2568 4318 4293)
4(2567 4317 4318 2568)
4(2544 2569 4319 4294)
4(2568 4318 4319 2569)
4(2545 2570 4320 4295)
4(2569 4319 4320 2570)
4(2546 2571 4321 4296)
4(2570 4320 4321 2571)
4(2547 2572 4322 4297)
4(2571 4321 4322 2572)
4(2548 2573 4323 4298)
4(2572 4322 4323 2573)
4(2549 2574 4324 4299)
4(2573 4323 4324 2574)
4(2550 2575 4325 4300)
4(2574 4324 4325 2575)
4(2551 2576 4326 4301)
4(2575 4325 4326 2576)
4(2552 2577 4327 4302)
4(2576 4326 4327 2577)
4(2553 2578 4328 4303)
4(2577 4327 4328 2578)
4(2554 2579 4329 4304)
4(2578 4328 4329 2579)
4(2555 2580 4330 4305)
4(2579 4329 4330 2580)
4(2556 2581 4331 4306)
4(2580 4330 4331 2581)
4(2557 2582 4332 4307)
4(2581 4331 4332 2582)
4(2558 2583 4333 4308)
4(2582 4332 4333 2583)
4(2559 2584 4334 4309)
4(2583 4333 4334 2584)
4(2560 2585 4335 4310)
4(2584 4334 4335 2585)
4(2561 2586 4336 4311)
4(2585 4335 4336 2586)
4(2562 2587 4337 4312)
4(2586 4336 4337 2587)
4(2563 2588 4338 4313)
4(2587 4337 4338 2588)
4(2564 2589 4339 4314)
4(2588 4338 4339 2589)
4(2565 2590 4340 4315)
4(2589 4339 4340 2590)
4(2590 4340 4341 2591)
4(2568 2593 4343 4318)
4(2592 4342 4343 2593)
4(2569 2594 4344 4319)
4(2593 4343 4344 2594)
4(2570 2595 4345 4320)
4(2594 4344 4345 2595)
4(2571 2596 4346 4321)
4(2595 4345 4346 2596)
4(2572 2597 4347 4322)
4(2596 4346 4347 2597)
4(2573 2598 4348 4323)
4(2597 4347 4348 2598)
4(2574 2599 4349 4324)
4(2598 4348 4349 2599)
4(2575 2600 4350 4325)
4(2599 4349 4350 2600)
4(2576 2601 4351 4326)
4(2600 4350 4351 2601)
4(2577 2602 4352 4327)
4(2601 4351 4352 2602)
4(2578 2603 4353 4328)
4(2602 4352 4353 2603)
4(2579 2604 4354 4329)
4(2603 4353 4354 2604)
4(2580 2605 4355 4330)
4(2604 4354 4355 2605)
4(2581 2606 4356 4331)
4(2605 4355 4356 2606)
4(2582 2607 4357 4332)
4(2606 4356 4357 2607)
4(2583 2608 4358 4333)
4(2607 4357 4358 2608)
4(2584 2609 4359 4334)
4(2608 4358 4359 2609)
4(2585 2610 4360 4335)
4(2609 4359 4360 2610)
4(2586 2611 4361 4336)
4(2610 4360 4361 2611)
4(2587 2612 4362 4337)
4(2611 4361 4362 2612)
4(2588 2613 4363 4338)
4(2612 4362 4363 2613)
4(2589 2614 4364 4339)
4(2613 4363 4364 2614)
4(2590 2615 4365 4340)
4(2614 4364 4365 2615)
4(2615 4365 4366 2616)
4(2593 2618 4368 4343)
4(2617 4367 4368 2618)
4(2594 2619 4369 4344)
4(2618 4368 4369 2619)
4(2595 2620 4370 4345)
4(2619 4369 4370 2620)
4(2596 2621 4371 4346)
4(2620 4370 4371 2621)
4(2597 2622 4372 4347)
4(2621 4371 4372 2622)
4(2598 2623 4373 4348)
4(2622 4372 4373 2623)
4(2599 2624 4374 4349)
4(2623 4373 4374 2624)
4(2600 2625 4375 4350)
4(2624 4374 4375 2625)
4(2601 2626 4376 4351)
4(2625 4375 4376 2626)
4(2602 2627 4377 4352)
4(2626 4376 4377 2627)
4(2603 2628 4378 4353)
4(2627 4377 4378 2628)
4(2604 2629 4379 4354)
4(2628 4378 4379 2629)
4(2605 2630 4380 4355)
4(2629 4379 4380 2630)
4(2606 2631 4381 4356)
4(2630 4380 4381 2631)
4(2607 2632 4382 4357)
4(2631 4381 4382 2632)
4(2608 2633 4383 4358)
4(2632 4382 4383 2633)
4(2609 2634 4384 4359)
4(2633 4383 4384 2634)
4(2610 2635 4385 4360)
4(2634 4384 4385 2635)
4(2611 2636 4386 4361)
4(2635 4385 4386 2636)
4(2612 2637 4387 4362)
4(2636 4386 4387 2637)
4(2613 2638 4388 4363)
4(2637 4387 4388 2638)
4(2614 2639 4389 4364)
4(2638 4388 4389 2639)
4(2615 2640 4390 4365)
4(2639 4389 4390 2640)
4(2640 4390 4391 2641)
4(2618 2643 4393 4368)
4(2642 4392 4393 2643)
4(2619 2644 4394 4369)
4(2643 4393 4394 2644)
4(2620 2645 4395 4370)
4(2644 4394 4395 2645)
4(2621 2646 4396 4371)
4(2645 4395 4396 2646)
4(2622 2647 4397 4372)
4(2646 4396 4397 2647)
4(2623 2648 4398 4373)
4(2647 4397 4398 2648)
4(2624 2649 4399 4374)
4(2648 4398 4399 2649)
4(2625 2650 4400 4375)
4(2649 4399 4400 2650)
4(2626 2651 4401 4376)
4(2650 4400 4401 2651)
4(2627 2652 4402 4377)
4(2651 4401 4402 2652)
4(2628 2653 4403 4378)
4(2652 4402 4403 2653)
4(2629 2654 4404 4379)
4(2653 4403 4404 2654)
4(2630 2655 4405 4380)
4(2654 4404 4405 2655)
4(2631 2656 4406 4381)
4(2655 4405 4406 2656)
4(2632 2657 4407 4382)
4(2656 4406 4407 2657)
4(2633 2658 4408 4383)
4(2657 4407 4408 2658)
4(2634 2659 4409 4384)
4(2658 4408 4409 2659)
4(2635 2660 4410 4385)
4(2659 4409 4410 2660)
4(2636 2661 4411 4386)
4(2660 4410 4411 2661)
4(2637 2662 4412 4387)
4(2661 4411 4412 2662)
4(2638 2663 4413 4388)
4(2662 4412 4413 2663)
4(2639 2664 4414 4389)
4(2663 4413 4414 2664)
4(2640 2665 4415 4390)
4(2664 4414 4415 2665)
4(2665 4415 4416 2666)
4(2643 2668 4418 4393)
4(2667 4417 4418 2668)
4(2644 2669 4419 4394)
4(2668 4418 4419 2669)
4(2645 2670 4420 4395)
4(2669 4419 4420 2670)
4(2646 2671 4421 4396)
4(2670 4420 4421 2671)
4(2647 2672 4422 4397)
4(2671 4421 4422 2672)
4(2648 2673 4423 4398)
4(2672 4422 4423 2673)
4(2649 2674 4424 4399)
4(2673 4423 4424 2674)
4(2650 2675 4425 4400)
4(2674 4424 4425 2675)
4(2651 2676 4426 4401)
4(2675 4425 4426 2676)
4(2652 2677 4427 4402)
4(2676 4426 4427 2677)
4(2653 2678 4428 4403)
4(2677 4427 4428 2678)
4(2654 2679 4429 4404)
4(2678 4428 4429 2679)
4(2655 2680 4430 4405)
4(2679 4429 4430 2680)
4(2656 2681 4431 4406)
4(2680 4430 4431 2681)
4(2657 2682 4432 4407)
4(2681 4431 4432 2682)
4(2658 2683 4433 4408)
4(2682 4432 4433 2683)
4(2659 2684 4434 4409)
4(2683 4433 4434 2684)
4(2660 2685 4435 4410)
4(2684 4434 4435 2685)
4(2661 2686 4436 4411)
4(2685 4435 4436 2686)
4(2662 2687 4437 4412)
4(2686 4436 4437 2687)
4(2663 2688 4438 4413)
4(2687 4437 4438 2688)
4(2664 2689 4439 4414)
4(2688 4438 4439 2689)
4(2665 2690 4440 4415)
4(2689 4439 4440 2690)
4(2690 4440 4441 2691)
4(2668 2693 4443 4418)
4(2692 4442 4443 2693)
4(2669 2694 4444 4419)
4(2693 4443 4444 2694)
4(2670 2695 4445 4420)
4(2694 4444 4445 2695)
4(2671 2696 4446 4421)
4(2695 4445 4446 2696)
4(2672 2697 4447 4422)
4(2696 4446 4447 2697)
4(2673 2698 4448 4423)
4(2697 4447 4448 2698)
4(2674 2699 4449 4424)
4(2698 4448 4449 2699)
4(2675 2700 4450 4425)
4(2699 4449 4450 2700)
4(2676 2701 4451 4426)
4(2700 4450 4451 2701)
4(2677 2702 4452 4427)
4(2701 4451 4452 2702)
4(2678 2703 4453 4428)
4(2702 4452 4453 2703)
4(2679 2704 4454 4429)
4(2703 4453 4454 2704)
4(2680 2705 4455 4430)
4(2704 4454 4455 2705)
4(2681 2706 4456 4431)
4(2705 4455 4456 2706)
4(2682 2707 4457 4432)
4(2706 4456 4457 2707)
4(2683 2708 4458 4433)
4(2707 4457 4458 2708)
4(2684 2709 4459 4434)
4(2708 4458 4459 2709)
4(2685 2710 4460 4435)
4(2709 4459 4460 2710)
4(2686 2711 4461 4436)
4(2710 4460 4461 2711)
4(2687 2712 4462 4437)
4(2711 4461 4462 2712)
4(2688 2713 4463 4438)
4(2712 4462 4463 2713)
4(2689 2714 4464 4439)
4(2713 4463 4464 2714)
4(2690 2715 4465 4440)
4(2714 4464 4465 2715)
4(2715 4465 4466 2716)
4(2693 2718 4468 4443)
4(2717 4467 4468 2718)
4(2694 2719 4469 4444)
4(2718 4468 4469 2719)
4(2695 2720 4470 4445)
4(2719 4469 4470 2720)
4(2696 2721 4471 4446)
4(2720 4470 4471 2721)
4(2697 2722 4472 4447)
4(2721 4471 4472 2722)
4(2698 2723 4473 4448)
4(2722 4472 4473 2723)
4(2699 2724 4474 4449)
4(2723 4473 4474 2724)
4(2700 2725 4475 4450)
4(2724 4474 4475 2725)
4(2701 2726 4476 4451)
4(2725 4475 4476 2726)
4(2702 2727 4477 4452)
4(2726 4476 4477 2727)
4(2703 2728 4478 4453)
4(2727 4477 4478 2728)
4(2704 2729 4479 4454)
4(2728 4478 4479 2729)
4(2705 2730 4480 4455)
4(2729 4479 4480 2730)
4(2706 2731 4481 4456)
4(2730 4480 4481 2731)
4(2707 2732 4482 4457)
4(2731 4481 4482 2732)
4(2708 2733 4483 4458)
4(2732 4482 4483 2733)
4(2709 2734 4484 4459)
4(2733 4483 4484 2734)
4(2710 2735 4485 4460)
4(2734 4484 4485 2735)
4(2711 2736 4486 4461)
4(2735 4485 4486 2736)
4(2712 2737 4487 4462)
4(2736 4486 4487 2737)
4(2713 2738 4488 4463)
4(2737 4487 4488 2738)
4(2714 2739 4489 4464)
4(2738 4488 4489 2739)
4(2715 2740 4490 4465)
4(2739 4489 4490 2740)
4(2740 4490 4491 2741)
4(2718 2743 4493 4468)
4(2742 4492 4493 2743)
4(2719 2744 4494 4469)
4(2743 4493 4494 2744)
4(2720 2745 4495 4470)
4(2744 4494 4495 2745)
4(2721 2746 4496 4471)
4(2745 4495 4496 2746)
4(2722 2747 4497 4472)
4(2746 4496 4497 2747)
4(2723 2748 4498 4473)
4(2747 4497 4498 2748)
4(2724 2749 4499 4474)
4(2748 4498 4499 2749)
4(2725 2750 4500 4475)
4(2749 4499 4500 2750)
4(2726 2751 4501 4476)
4(2750 4500 4501 2751)
4(2727 2752 4502 4477)
4(2751 4501 4502 2752)
4(2728 2753 4503 4478)
4(2752 4502 4503 2753)
4(2729 2754 4504 4479)
4(2753 4503 4504 2754)
4(2730 2755 4505 4480)
4(2754 4504 4505 2755)
4(2731 2756 4506 4481)
4(2755 4505 4506 2756)
4(2732 2757 4507 4482)
4(2756 4506 4507 2757)
4(2733 2758 4508 4483)
4(2757 4507 4508 2758)
4(2734 2759 4509 4484)
4(2758 4508 4509 2759)
4(2735 2760 4510 4485)
4(2759 4509 4510 2760)
4(2736 2761 4511 4486)
4(2760 4510 4511 2761)
4(2737 2762 4512 4487)
4(2761 4511 4512 2762)
4(2738 2763 4513 4488)
4(2762 4512 4513 2763)
4(2739 2764 4514 4489)
4(2763 4513 4514 2764)
4(2740 2765 4515 4490)
4(2764 4514 4515 2765)
4(2765 4515 4516 2766)
4(2743 2768 4518 4493)
4(2767 4517 4518 2768)
4(2744 2769 4519 4494)
4(2768 4518 4519 2769)
4(2745 2770 4520 4495)
4(2769 4519 4520 2770)
4(2746 2771 4521 4496)
4(2770 4520 4521 2771)
4(2747 2772 4522 4497)
4(2771 4521 4522 2772)
4(2748 2773 4523 4498)
4(2772 4522 4523 2773)
4(2749 2774 4524 4499)
4(2773 4523 4524 2774)
4(2750 2775 4525 4500)
4(2774 4524 4525 2775)
4(2751 2776 4526 4501)
4(2775 4525 4526 2776)
4(2752 2777 4527 4502)
4(2776 4526 4527 2777)
4(2753 2778 4528 4503)
4(2777 4527 4528 2778)
4(2754 2779 4529 4504)
4(2778 4528 4529 2779)
4(2755 2780 4530 4505)
4(2779 4529 4530 2780)
4(2756 2781 4531 4506)
4(2780 4530 4531 2781)
4(2757 2782 4532 4507)
4(2781 4531 4532 2782)
4(2758 2783 4533 4508)
4(2782 4532 4533 2783)
4(2759 2784 4534 4509)
4(2783 4533 4534 2784)
4(2760 2785 4535 4510)
4(2784 4534 4535 2785)
4(2761 2786 4536 4511)
4(2785 4535 4536 2786)
4(2762 2787 4537 4512)
4(2786 4536 4537 2787)
4(2763 2788 4538 4513)
4(2787 4537 4538 2788)
4(2764 2789 4539 4514)
4(2788 4538 4539 2789)
4(2765 2790 4540 4515)
4(2789 4539 4540 2790)
4(2790 4540 4541 2791)
4(2768 2793 4543 4518)
4(2792 4542 4543 2793)
4(2769 2794 4544 4519)
4(2793 4543 4544 2794)
4(2770 2795 4545 4520)
4(2794 4544 4545 2795)
4(2771 2796 4546 4521)
4(2795 4545 4546 2796)
4(2772 2797 4547 4522)
4(2796 4546 4547 2797)
4(2773 2798 4548 4523)
4(2797 4547 4548 2798)
4(2774 2799 4549 4524)
4(2798 4548 4549 2799)
4(2775 2800 4550 4525)
4(2799 4549 4550 2800)
4(2776 2801 4551 4526)
4(2800 4550 4551 2801)
4(2777 2802 4552 4527)
4(2801 4551 4552 2802)
4(2778 2803 4553 4528)
4(2802 4552 4553 2803)
4(2779 2804 4554 4529)
4(2803 4553 4554 2804)
4(2780 2805 4555 4530)
4(2804 4554 4555 2805)
4(2781 2806 4556 4531)
4(2805 4555 4556 2806)
4(2782 2807 4557 4532)
4(2806 4556 4557 2807)
4(2783 2808 4558 4533)
4(2807 4557 4558 2808)
4(2784 2809 4559 4534)
4(2808 4558 4559 2809)
4(2785 2810 4560 4535)
4(2809 4559 4560 2810)
4(2786 2811 4561 4536)
4(2810 4560 4561 2811)
4(2787 2812 4562 4537)
4(2811 4561 4562 2812)
4(2788 2813 4563 4538)
4(2812 4562 4563 2813)
4(2789 2814 4564 4539)
4(2813 4563 4564 2814)
4(2790 2815 4565 4540)
4(2814 4564 4565 2815)
4(2815 4565 4566 2816)
4(2793 2818 4568 4543)
4(2817 4567 4568 2818)
4(2794 2819 4569 4544)
4(2818 4568 4569 2819)
4(2795 2820 4570 4545)
4(2819 4569 4570 2820)
4(2796 2821 4571 4546)
4(2820 4570 4571 2821)
4(2797 2822 4572 4547)
4(2821 4571 4572 2822)
4(2798 2823 4573 4548)
4(2822 4572 4573 2823)
4(2799 2824 4574 4549)
4(2823 4573 4574 2824)
4(2800 2825 4575 4550)
4(2824 4574 4575 2825)
4(2801 2826 4576 4551)
4(2825 4575 4576 2826)
4(2802 2827 4577 4552)
4(2826 4576 4577 2827)
4(2803 2828 4578 4553)
4(2827 4577 4578 2828)
4(2804 2829 4579 4554)
4(2828 4578 4579 2829)
4(2805 2830 4580 4555)
4(2829 4579 4580 2830)
4(2806 2831 4581 4556)
4(2830 4580 4581 2831)
4(2807 2832 4582 4557)
4(2831 4581 4582 2832)
4(2808 2833 4583 4558)
4(2832 4582 4583 2833)
4(2809 2834 4584 4559)
4(2833 4583 4584 2834)
4(2810 2835 4585 4560)
4(2834 4584 4585 2835)
4(2811 2836 4586 4561)
4(2835 4585 4586 2836)
4(2812 2837 4587 4562)
4(2836 4586 4587 2837)
4(2813 2838 4588 4563)
4(2837 4587 4588 2838)
4(2814 2839 4589 4564)
4(2838 4588 4589 2839)
4(2815 2840 4590 4565)
4(2839 4589 4590 2840)
4(2840 4590 4591 2841)
4(2818 2843 4593 4568)
4(2842 4592 4593 2843)
4(2819 2844 4594 4569)
4(2843 4593 4594 2844)
4(2820 2845 4595 4570)
4(2844 4594 4595 2845)
4(2821 2846 4596 4571)
4(2845 4595 4596 2846)
4(2822 2847 4597 4572)
4(2846 4596 4597 2847)
4(2823 2848 4598 4573)
4(2847 4597 4598 2848)
4(2824 2849 4599 4574)
4(2848 4598 4599 2849)
4(2825 2850 4600 4575)
4(2849 4599 4600 2850)
4(2826 2851 4601 4576)
4(2850 4600 4601 2851)
4(2827 2852 4602 4577)
4(2851 4601 4602 2852)
4(2828 2853 4603 4578)
4(2852 4602 4603 2853)
4(2829 2854 4604 4579)
4(2853 4603 4604 2854)
4(2830 2855 4605 4580)
4(2854 4604 4605 2855)
4(2831 2856 4606 4581)
4(2855 4605 4606 2856)
4(2832 2857 4607 4582)
4(2856 4606 4607 2857)
4(2833 2858 4608 4583)
4(2857 4607 4608 2858)
4(2834 2859 4609 4584)
4(2858 4608 4609 2859)
4(2835 2860 4610 4585)
4(2859 4609 4610 2860)
4(2836 2861 4611 4586)
4(2860 4610 4611 2861)
4(2837 2862 4612 4587)
4(2861 4611 4612 2862)
4(2838 2863 4613 4588)
4(2862 4612 4613 2863)
4(2839 2864 4614 4589)
4(2863 4613 4614 2864)
4(2840 2865 4615 4590)
4(2864 4614 4615 2865)
4(2865 4615 4616 2866)
4(2843 2868 4618 4593)
4(2867 4617 4618 2868)
4(2844 2869 4619 4594)
4(2868 4618 4619 2869)
4(2845 2870 4620 4595)
4(2869 4619 4620 2870)
4(2846 2871 4621 4596)
4(2870 4620 4621 2871)
4(2847 2872 4622 4597)
4(2871 4621 4622 2872)
4(2848 2873 4623 4598)
4(2872 4622 4623 2873)
4(2849 2874 4624 4599)
4(2873 4623 4624 2874)
4(2850 2875 4625 4600)
4(2874 4624 4625 2875)
4(2851 2876 4626 4601)
4(2875 4625 4626 2876)
4(2852 2877 4627 4602)
4(2876 4626 4627 2877)
4(2853 2878 4628 4603)
4(2877 4627 4628 2878)
4(2854 2879 4629 4604)
4(2878 4628 4629 2879)
4(2855 2880 4630 4605)
4(2879 4629 4630 2880)
4(2856 2881 4631 4606)
4(2880 4630 4631 2881)
4(2857 2882 4632 4607)
4(2881 4631 4632 2882)
4(2858 2883 4633 4608)
4(2882 4632 4633 2883)
4(2859 2884 4634 4609)
4(2883 4633 4634 2884)
4(2860 2885 4635 4610)
4(2884 4634 4635 2885)
4(2861 2886 4636 4611)
4(2885 4635 4636 2886)
4(2862 2887 4637 4612)
4(2886 4636 4637 2887)
4(2863 2888 4638 4613)
4(2887 4637 4638 2888)
4(2864 2889 4639 4614)
4(2888 4638 4639 2889)
4(2865 2890 4640 4615)
4(2889 4639 4640 2890)
4(2890 4640 4641 2891)
4(2868 2893 4643 4618)
4(2892 4642 4643 2893)
4(2869 2894 4644 4619)
4(2893 4643 4644 2894)
4(2870 2895 4645 4620)
4(2894 4644 4645 2895)
4(2871 2896 4646 4621)
4(2895 4645 4646 2896)
4(2872 2897 4647 4622)
4(2896 4646 4647 2897)
4(2873 2898 4648 4623)
4(2897 4647 4648 2898)
4(2874 2899 4649 4624)
4(2898 4648 4649 2899)
4(2875 2900 4650 4625)
4(2899 4649 4650 2900)
4(2876 2901 4651 4626)
4(2900 4650 4651 2901)
4(2877 2902 4652 4627)
4(2901 4651 4652 2902)
4(2878 2903 4653 4628)
4(2902 4652 4653 2903)
4(2879 2904 4654 4629)
4(2903 4653 4654 2904)
4(2880 2905 4655 4630)
4(2904 4654 4655 2905)
4(2881 2906 4656 4631)
4(2905 4655 4656 2906)
4(2882 2907 4657 4632)
4(2906 4656 4657 2907)
4(2883 2908 4658 4633)
4(2907 4657 4658 2908)
4(2884 2909 4659 4634)
4(2908 4658 4659 2909)
4(2885 2910 4660 4635)
4(2909 4659 4660 2910)
4(2886 2911 4661 4636)
4(2910 4660 4661 2911)
4(2887 2912 4662 4637)
4(2911 4661 4662 2912)
4(2888 2913 4663 4638)
4(2912 4662 4663 2913)
4(2889 2914 4664 4639)
4(2913 4663 4664 2914)
4(2890 2915 4665 4640)
4(2914 4664 4665 2915)
4(2915 4665 4666 2916)
4(2893 2918 4668 4643)
4(2917 4667 4668 2918)
4(2894 2919 4669 4644)
4(2918 4668 4669 2919)
4(2895 2920 4670 4645)
4(2919 4669 4670 2920)
4(2896 2921 4671 4646)
4(2920 4670 4671 2921)
4(2897 2922 4672 4647)
4(2921 4671 4672 2922)
4(2898 2923 4673 4648)
4(2922 4672 4673 2923)
4(2899 2924 4674 4649)
4(2923 4673 4674 2924)
4(2900 2925 4675 4650)
4(2924 4674 4675 2925)
4(2901 2926 4676 4651)
4(2925 4675 4676 2926)
4(2902 2927 4677 4652)
4(2926 4676 4677 2927)
4(2903 2928 4678 4653)
4(2927 4677 4678 2928)
4(2904 2929 4679 4654)
4(2928 4678 4679 2929)
4(2905 2930 4680 4655)
4(2929 4679 4680 2930)
4(2906 2931 4681 4656)
4(2930 4680 4681 2931)
4(2907 2932 4682 4657)
4(2931 4681 4682 2932)
4(2908 2933 4683 4658)
4(2932 4682 4683 2933)
4(2909 2934 4684 4659)
4(2933 4683 4684 2934)
4(2910 2935 4685 4660)
4(2934 4684 4685 2935)
4(2911 2936 4686 4661)
4(2935 4685 4686 2936)
4(2912 2937 4687 4662)
4(2936 4686 4687 2937)
4(2913 2938 4688 4663)
4(2937 4687 4688 2938)
4(2914 2939 4689 4664)
4(2938 4688 4689 2939)
4(2915 2940 4690 4665)
4(2939 4689 4690 2940)
4(2940 4690 4691 2941)
4(2918 2943 4693 4668)
4(2942 4692 4693 2943)
4(2919 2944 4694 4669)
4(2943 4693 4694 2944)
4(2920 2945 4695 4670)
4(2944 4694 4695 2945)
4(2921 2946 4696 4671)
4(2945 4695 4696 2946)
4(2922 2947 4697 4672)
4(2946 4696 4697 2947)
4(2923 2948 4698 4673)
4(2947 4697 4698 2948)
4(2924 2949 4699 4674)
4(2948 4698 4699 2949)
4(2925 2950 4700 4675)
4(2949 4699 4700 2950)
4(2926 2951 4701 4676)
4(2950 4700 4701 2951)
4(2927 2952 4702 4677)
4(2951 4701 4702 2952)
4(2928 2953 4703 4678)
4(2952 4702 4703 2953)
4(2929 2954 4704 4679)
4(2953 4703 4704 2954)
4(2930 2955 4705 4680)
4(2954 4704 4705 2955)
4(2931 2956 4706 4681)
4(2955 4705 4706 2956)
4(2932 2957 4707 4682)
4(2956 4706 4707 2957)
4(2933 2958 4708 4683)
4(2957 4707 4708 2958)
4(2934 2959 4709 4684)
4(2958 4708 4709 2959)
4(2935 2960 4710 4685)
4(2959 4709 4710 2960)
4(2936 2961 4711 4686)
4(2960 4710 4711 2961)
4(2937 2962 4712 4687)
4(2961 4711 4712 2962)
4(2938 2963 4713 4688)
4(2962 4712 4713 2963)
4(2939 2964 4714 4689)
4(2963 4713 4714 2964)
4(2940 2965 4715 4690)
4(2964 4714 4715 2965)
4(2965 4715 4716 2966)
4(2943 2968 4718 4693)
4(2967 4717 4718 2968)
4(2944 2969 4719 4694)
4(2968 4718 4719 2969)
4(2945 2970 4720 4695)
4(2969 4719 4720 2970)
4(2946 2971 4721 4696)
4(2970 4720 4721 2971)
4(2947 2972 4722 4697)
4(2971 4721 4722 2972)
4(2948 2973 4723 4698)
4(2972 4722 4723 2973)
4(2949 2974 4724 4699)
4(2973 4723 4724 2974)
4(2950 2975 4725 4700)
4(2974 4724 4725 2975)
4(2951 2976 4726 4701)
4(2975 4725 4726 2976)
4(2952 2977 4727 4702)
4(2976 4726 4727 2977)
4(2953 2978 4728 4703)
4(2977 4727 4728 2978)
4(2954 2979 4729 4704)
4(2978 4728 4729 2979)
4(2955 2980 4730 4705)
4(2979 4729 4730 2980)
4(2956 2981 4731 4706)
4(2980 4730 4731 2981)
4(2957 2982 4732 4707)
4(2981 4731 4732 2982)
4(2958 2983 4733 4708)
4(2982 4732 4733 2983)
4(2959 2984 4734 4709)
4(2983 4733 4734 2984)
4(2960 2985 4735 4710)
4(2984 4734 4735 2985)
4(2961 2986 4736 4711)
4(2985 4735 4736 2986)
4(2962 2987 4737 4712)
4(2986 4736 4737 2987)
4(2963 2988 4738 4713)
4(2987 4737 4738 2988)
4(2964 2989 4739 4714)
4(2988 4738 4739 2989)
4(2965 2990 4740 4715)
4(2989 4739 4740 2990)
4(2990 4740 4741 2991)
4(962 4743 6773 1214)
4(4742 6772 6773 4743)
4(963 4744 6774 1215)
4(4743 6773 6774 4744)
4(964 4745 6775 1216)
4(4744 6774 6775 4745)
4(965 4746 6776 1217)
4(4745 6775 6776 4746)
4(966 4747 6777 1218)
4(4746 6776 6777 4747)
4(967 4748 6778 1219)
4(4747 6777 6778 4748)
4(968 4749 6779 1220)
4(4748 6778 6779 4749)
4(969 4750 6780 1221)
4(4749 6779 6780 4750)
4(970 4751 6781 1222)
4(4750 6780 6781 4751)
4(971 4752 6782 1223)
4(4751 6781 6782 4752)
4(972 4753 6783 1224)
4(4752 6782 6783 4753)
4(973 4754 6784 1225)
4(4753 6783 6784 4754)
4(974 4755 6785 1226)
4(4754 6784 6785 4755)
4(975 4756 6786 1227)
4(4755 6785 6786 4756)
4(976 4757 6787 1228)
4(4756 6786 6787 4757)
4(977 4758 6788 1229)
4(4757 6787 6788 4758)
4(978 4759 6789 1230)
4(4758 6788 6789 4759)
4(979 4760 6790 1231)
4(4759 6789 6790 4760)
4(980 4761 6791 1232)
4(4760 6790 6791 4761)
4(981 4762 6792 1233)
4(4761 6791 6792 4762)
4(982 4763 6793 1234)
4(4762 6792 6793 4763)
4(983 4764 6794 1235)
4(4763 6793 6794 4764)
4(984 4765 6795 1236)
4(4764 6794 6795 4765)
4(985 4766 6796 1237)
4(4765 6795 6796 4766)
4(986 4767 6797 1238)
4(4766 6796 6797 4767)
4(987 4768 6798 1239)
4(4767 6797 6798 4768)
4(988 4769 6799 1240)
4(4768 6798 6799 4769)
4(4769 6799 6800 4770)
4(4743 4772 6802 6773)
4(4771 6801 6802 4772)
4(4744 4773 6803 6774)
4(4772 6802 6803 4773)
4(4745 4774 6804 6775)
4(4773 6803 6804 4774)
4(4746 4775 6805 6776)
4(4774 6804 6805 4775)
4(4747 4776 6806 6777)
4(4775 6805 6806 4776)
4(4748 4777 6807 6778)
4(4776 6806 6807 4777)
4(4749 4778 6808 6779)
4(4777 6807 6808 4778)
4(4750 4779 6809 6780)
4(4778 6808 6809 4779)
4(4751 4780 6810 6781)
4(4779 6809 6810 4780)
4(4752 4781 6811 6782)
4(4780 6810 6811 4781)
4(4753 4782 6812 6783)
4(4781 6811 6812 4782)
4(4754 4783 6813 6784)
4(4782 6812 6813 4783)
4(4755 4784 6814 6785)
4(4783 6813 6814 4784)
4(4756 4785 6815 6786)
4(4784 6814 6815 4785)
4(4757 4786 6816 6787)
4(4785 6815 6816 4786)
4(4758 4787 6817 6788)
4(4786 6816 6817 4787)
4(4759 4788 6818 6789)
4(4787 6817 6818 4788)
4(4760 4789 6819 6790)
4(4788 6818 6819 4789)
4(4761 4790 6820 6791)
4(4789 6819 6820 4790)
4(4762 4791 6821 6792)
4(4790 6820 6821 4791)
4(4763 4792 6822 6793)
4(4791 6821 6822 4792)
4(4764 4793 6823 6794)
4(4792 6822 6823 4793)
4(4765 4794 6824 6795)
4(4793 6823 6824 4794)
4(4766 4795 6825 6796)
4(4794 6824 6825 4795)
4(4767 4796 6826 6797)
4(4795 6825 6826 4796)
4(4768 4797 6827 6798)
4(4796 6826 6827 4797)
4(4769 4798 6828 6799)
4(4797 6827 6828 4798)
4(4798 6828 6829 4799)
4(4772 4801 6831 6802)
4(4800 6830 6831 4801)
4(4773 4802 6832 6803)
4(4801 6831 6832 4802)
4(4774 4803 6833 6804)
4(4802 6832 6833 4803)
4(4775 4804 6834 6805)
4(4803 6833 6834 4804)
4(4776 4805 6835 6806)
4(4804 6834 6835 4805)
4(4777 4806 6836 6807)
4(4805 6835 6836 4806)
4(4778 4807 6837 6808)
4(4806 6836 6837 4807)
4(4779 4808 6838 6809)
4(4807 6837 6838 4808)
4(4780 4809 6839 6810)
4(4808 6838 6839 4809)
4(4781 4810 6840 6811)
4(4809 6839 6840 4810)
4(4782 4811 6841 6812)
4(4810 6840 6841 4811)
4(4783 4812 6842 6813)
4(4811 6841 6842 4812)
4(4784 4813 6843 6814)
4(4812 6842 6843 4813)
4(4785 4814 6844 6815)
4(4813 6843 6844 4814)
4(4786 4815 6845 6816)
4(4814 6844 6845 4815)
4(4787 4816 6846 6817)
4(4815 6845 6846 4816)
4(4788 4817 6847 6818)
4(4816 6846 6847 4817)
4(4789 4818 6848 6819)
4(4817 6847 6848 4818)
4(4790 4819 6849 6820)
4(4818 6848 6849 4819)
4(4791 4820 6850 6821)
4(4819 6849 6850 4820)
4(4792 4821 6851 6822)
4(4820 6850 6851 4821)
4(4793 4822 6852 6823)
4(4821 6851 6852 4822)
4(4794 4823 6853 6824)
4(4822 6852 6853 4823)
4(4795 4824 6854 6825)
4(4823 6853 6854 4824)
4(4796 4825 6855 6826)
4(4824 6854 6855 4825)
4(4797 4826 6856 6827)
4(4825 6855 6856 4826)
4(4798 4827 6857 6828)
4(4826 6856 6857 4827)
4(4827 6857 6858 4828)
4(4801 4830 6860 6831)
4(4829 6859 6860 4830)
4(4802 4831 6861 6832)
4(4830 6860 6861 4831)
4(4803 4832 6862 6833)
4(4831 6861 6862 4832)
4(4804 4833 6863 6834)
4(4832 6862 6863 4833)
4(4805 4834 6864 6835)
4(4833 6863 6864 4834)
4(4806 4835 6865 6836)
4(4834 6864 6865 4835)
4(4807 4836 6866 6837)
4(4835 6865 6866 4836)
4(4808 4837 6867 6838)
4(4836 6866 6867 4837)
4(4809 4838 6868 6839)
4(4837 6867 6868 4838)
4(4810 4839 6869 6840)
4(4838 6868 6869 4839)
4(4811 4840 6870 6841)
4(4839 6869 6870 4840)
4(4812 4841 6871 6842)
4(4840 6870 6871 4841)
4(4813 4842 6872 6843)
4(4841 6871 6872 4842)
4(4814 4843 6873 6844)
4(4842 6872 6873 4843)
4(4815 4844 6874 6845)
4(4843 6873 6874 4844)
4(4816 4845 6875 6846)
4(4844 6874 6875 4845)
4(4817 4846 6876 6847)
4(4845 6875 6876 4846)
4(4818 4847 6877 6848)
4(4846 6876 6877 4847)
4(4819 4848 6878 6849)
4(4847 6877 6878 4848)
4(4820 4849 6879 6850)
4(4848 6878 6879 4849)
4(4821 4850 6880 6851)
4(4849 6879 6880 4850)
4(4822 4851 6881 6852)
4(4850 6880 6881 4851)
4(4823 4852 6882 6853)
4(4851 6881 6882 4852)
4(4824 4853 6883 6854)
4(4852 6882 6883 4853)
4(4825 4854 6884 6855)
4(4853 6883 6884 4854)
4(4826 4855 6885 6856)
4(4854 6884 6885 4855)
4(4827 4856 6886 6857)
4(4855 6885 6886 4856)
4(4856 6886 6887 4857)
4(4830 4859 6889 6860)
4(4858 6888 6889 4859)
4(4831 4860 6890 6861)
4(4859 6889 6890 4860)
4(4832 4861 6891 6862)
4(4860 6890 6891 4861)
4(4833 4862 6892 6863)
4(4861 6891 6892 4862)
4(4834 4863 6893 6864)
4(4862 6892 6893 4863)
4(4835 4864 6894 6865)
4(4863 6893 6894 4864)
4(4836 4865 6895 6866)
4(4864 6894 6895 4865)
4(4837 4866 6896 6867)
4(4865 6895 6896 4866)
4(4838 4867 6897 6868)
4(4866 6896 6897 4867)
4(4839 4868 6898 6869)
4(4867 6897 6898 4868)
4(4840 4869 6899 6870)
4(4868 6898 6899 4869)
4(4841 4870 6900 6871)
4(4869 6899 6900 4870)
4(4842 4871 6901 6872)
4(4870 6900 6901 4871)
4(4843 4872 6902 6873)
4(4871 6901 6902 4872)
4(4844 4873 6903 6874)
4(4872 6902 6903 4873)
4(4845 4874 6904 6875)
4(4873 6903 6904 4874)
4(4846 4875 6905 6876)
4(4874 6904 6905 4875)
4(4847 4876 6906 6877)
4(4875 6905 6906 4876)
4(4848 4877 6907 6878)
4(4876 6906 6907 4877)
4(4849 4878 6908 6879)
4(4877 6907 6908 4878)
4(4850 4879 6909 6880)
4(4878 6908 6909 4879)
4(4851 4880 6910 6881)
4(4879 6909 6910 4880)
4(4852 4881 6911 6882)
4(4880 6910 6911 4881)
4(4853 4882 6912 6883)
4(4881 6911 6912 4882)
4(4854 4883 6913 6884)
4(4882 6912 6913 4883)
4(4855 4884 6914 6885)
4(4883 6913 6914 4884)
4(4856 4885 6915 6886)
4(4884 6914 6915 4885)
4(4885 6915 6916 4886)
4(4859 4888 6918 6889)
4(4887 6917 6918 4888)
4(4860 4889 6919 6890)
4(4888 6918 6919 4889)
4(4861 4890 6920 6891)
4(4889 6919 6920 4890)
4(4862 4891 6921 6892)
4(4890 6920 6921 4891)
4(4863 4892 6922 6893)
4(4891 6921 6922 4892)
4(4864 4893 6923 6894)
4(4892 6922 6923 4893)
4(4865 4894 6924 6895)
4(4893 6923 6924 4894)
4(4866 4895 6925 6896)
4(4894 6924 6925 4895)
4(4867 4896 6926 6897)
4(4895 6925 6926 4896)
4(4868 4897 6927 6898)
4(4896 6926 6927 4897)
4(4869 4898 6928 6899)
4(4897 6927 6928 4898)
4(4870 4899 6929 6900)
4(4898 6928 6929 4899)
4(4871 4900 6930 6901)
4(4899 6929 6930 4900)
4(4872 4901 6931 6902)
4(4900 6930 6931 4901)
4(4873 4902 6932 6903)
4(4901 6931 6932 4902)
4(4874 4903 6933 6904)
4(4902 6932 6933 4903)
4(4875 4904 6934 6905)
4(4903 6933 6934 4904)
4(4876 4905 6935 6906)
4(4904 6934 6935 4905)
4(4877 4906 6936 6907)
4(4905 6935 6936 4906)
4(4878 4907 6937 6908)
4(4906 6936 6937 4907)
4(4879 4908 6938 6909)
4(4907 6937 6938 4908)
4(4880 4909 6939 6910)
4(4908 6938 6939 4909)
4(4881 4910 6940 6911)
4(4909 6939 6940 4910)
4(4882 4911 6941 6912)
4(4910 6940 6941 4911)
4(4883 4912 6942 6913)
4(4911 6941 6942 4912)
4(4884 4913 6943 6914)
4(4912 6942 6943 4913)
4(4885 4914 6944 6915)
4(4913 6943 6944 4914)
4(4914 6944 6945 4915)
4(4888 4917 6947 6918)
4(4916 6946 6947 4917)
4(4889 4918 6948 6919)
4(4917 6947 6948 4918)
4(4890 4919 6949 6920)
4(4918 6948 6949 4919)
4(4891 4920 6950 6921)
4(4919 6949 6950 4920)
4(4892 4921 6951 6922)
4(4920 6950 6951 4921)
4(4893 4922 6952 6923)
4(4921 6951 6952 4922)
4(4894 4923 6953 6924)
4(4922 6952 6953 4923)
4(4895 4924 6954 6925)
4(4923 6953 6954 4924)
4(4896 4925 6955 6926)
4(4924 6954 6955 4925)
4(4897 4926 6956 6927)
4(4925 6955 6956 4926)
4(4898 4927 6957 6928)
4(4926 6956 6957 4927)
4(4899 4928 6958 6929)
4(4927 6957 6958 4928)
4(4900 4929 6959 6930)
4(4928 6958 6959 4929)
4(4901 4930 6960 6931)
4(4929 6959 6960 4930)
4(4902 4931 6961 6932)
4(4930 6960 6961 4931)
4(4903 4932 6962 6933)
4(4931 6961 6962 4932)
4(4904 4933 6963 6934)
4(4932 6962 6963 4933)
4(4905 4934 6964 6935)
4(4933 6963 6964 4934)
4(4906 4935 6965 6936)
4(4934 6964 6965 4935)
4(4907 4936 6966 6937)
4(4935 6965 6966 4936)
4(4908 4937 6967 6938)
4(4936 6966 6967 4937)
4(4909 4938 6968 6939)
4(4937 6967 6968 4938)
4(4910 4939 6969 6940)
4(4938 6968 6969 4939)
4(4911 4940 6970 6941)
4(4939 6969 6970 4940)
4(4912 4941 6971 6942)
4(4940 6970 6971 4941)
4(4913 4942 6972 6943)
4(4941 6971 6972 4942)
4(4914 4943 6973 6944)
4(4942 6972 6973 4943)
4(4943 6973 6974 4944)
4(4917 4946 6976 6947)
4(4945 6975 6976 4946)
4(4918 4947 6977 6948)
4(4946 6976 6977 4947)
4(4919 4948 6978 6949)
4(4947 6977 6978 4948)
4(4920 4949 6979 6950)
4(4948 6978 6979 4949)
4(4921 4950 6980 6951)
4(4949 6979 6980 4950)
4(4922 4951 6981 6952)
4(4950 6980 6981 4951)
4(4923 4952 6982 6953)
4(4951 6981 6982 4952)
4(4924 4953 6983 6954)
4(4952 6982 6983 4953)
4(4925 4954 6984 6955)
4(4953 6983 6984 4954)
4(4926 4955 6985 6956)
4(4954 6984 6985 4955)
4(4927 4956 6986 6957)
4(4955 6985 6986 4956)
4(4928 4957 6987 6958)
4(4956 6986 6987 4957)
4(4929 4958 6988 6959)
4(4957 6987 6988 4958)
4(4930 4959 6989 6960)
4(4958 6988 6989 4959)
4(4931 4960 6990 6961)
4(4959 6989 6990 4960)
4(4932 4961 6991 6962)
4(4960 6990 6991 4961)
4(4933 4962 6992 6963)
4(4961 6991 6992 4962)
4(4934 4963 6993 6964)
4(4962 6992 6993 4963)
4(4935 4964 6994 6965)
4(4963 6993 6994 4964)
4(4936 4965 6995 6966)
4(4964 6994 6995 4965)
4(4937 4966 6996 6967)
4(4965 6995 6996 4966)
4(4938 4967 6997 6968)
4(4966 6996 6997 4967)
4(4939 4968 6998 6969)
4(4967 6997 6998 4968)
4(4940 4969 6999 6970)
4(4968 6998 6999 4969)
4(4941 4970 7000 6971)
4(4969 6999 7000 4970)
4(4942 4971 7001 6972)
4(4970 7000 7001 4971)
4(4943 4972 7002 6973)
4(4971 7001 7002 4972)
4(4972 7002 7003 4973)
4(4946 4975 7005 6976)
4(4974 7004 7005 4975)
4(4947 4976 7006 6977)
4(4975 7005 7006 4976)
4(4948 4977 7007 6978)
4(4976 7006 7007 4977)
4(4949 4978 7008 6979)
4(4977 7007 7008 4978)
4(4950 4979 7009 6980)
4(4978 7008 7009 4979)
4(4951 4980 7010 6981)
4(4979 7009 7010 4980)
4(4952 4981 7011 6982)
4(4980 7010 7011 4981)
4(4953 4982 7012 6983)
4(4981 7011 7012 4982)
4(4954 4983 7013 6984)
4(4982 7012 7013 4983)
4(4955 4984 7014 6985)
4(4983 7013 7014 4984)
4(4956 4985 7015 6986)
4(4984 7014 7015 4985)
4(4957 4986 7016 6987)
4(4985 7015 7016 4986)
4(4958 4987 7017 6988)
4(4986 7016 7017 4987)
4(4959 4988 7018 6989)
4(4987 7017 7018 4988)
4(4960 4989 7019 6990)
4(4988 7018 7019 4989)
4(4961 4990 7020 6991)
4(4989 7019 7020 4990)
4(4962 4991 7021 6992)
4(4990 7020 7021 4991)
4(4963 4992 7022 6993)
4(4991 7021 7022 4992)
4(4964 4993 7023 6994)
4(4992 7022 7023 4993)
4(4965 4994 7024 6995)
4(4993 7023 7024 4994)
4(4966 4995 7025 6996)
4(4994 7024 7025 4995)
4(4967 4996 7026 6997)
4(4995 7025 7026 4996)
4(4968 4997 7027 6998)
4(4996 7026 7027 4997)
4(4969 4998 7028 6999)
4(4997 7027 7028 4998)
4(4970 4999 7029 7000)
4(4998 7028 7029 4999)
4(4971 5000 7030 7001)
4(4999 7029 7030 5000)
4(4972 5001 7031 7002)
4(5000 7030 7031 5001)
4(5001 7031 7032 5002)
4(4975 5004 7034 7005)
4(5003 7033 7034 5004)
4(4976 5005 7035 7006)
4(5004 7034 7035 5005)
4(4977 5006 7036 7007)
4(5005 7035 7036 5006)
4(4978 5007 7037 7008)
4(5006 7036 7037 5007)
4(4979 5008 7038 7009)
4(5007 7037 7038 5008)
4(4980 5009 7039 7010)
4(5008 7038 7039 5009)
4(4981 5010 7040 7011)
4(5009 7039 7040 5010)
4(4982 5011 7041 7012)
4(5010 7040 7041 5011)
4(4983 5012 7042 7013)
4(5011 7041 7042 5012)
4(4984 5013 7043 7014)
4(5012 7042 7043 5013)
4(4985 5014 7044 7015)
4(5013 7043 7044 5014)
4(4986 5015 7045 7016)
4(5014 7044 7045 5015)
4(4987 5016 7046 7017)
4(5015 7045 7046 5016)
4(4988 5017 7047 7018)
4(5016 7046 7047 5017)
4(4989 5018 7048 7019)
4(5017 7047 7048 5018)
4(4990 5019 7049 7020)
4(5018 7048 7049 5019)
4(4991 5020 7050 7021)
4(5019 7049 7050 5020)
4(4992 5021 7051 7022)
4(5020 7050 7051 5021)
4(4993 5022 7052 7023)
4(5021 7051 7052 5022)
4(4994 5023 7053 7024)
4(5022 7052 7053 5023)
4(4995 5024 7054 7025)
4(5023 7053 7054 5024)
4(4996 5025 7055 7026)
4(5024 7054 7055 5025)
4(4997 5026 7056 7027)
4(5025 7055 7056 5026)
4(4998 5027 7057 7028)
4(5026 7056 7057 5027)
4(4999 5028 7058 7029)
4(5027 7057 7058 5028)
4(5000 5029 7059 7030)
4(5028 7058 7059 5029)
4(5001 5030 7060 7031)
4(5029 7059 7060 5030)
4(5030 7060 7061 5031)
4(5004 5033 7063 7034)
4(5032 7062 7063 5033)
4(5005 5034 7064 7035)
4(5033 7063 7064 5034)
4(5006 5035 7065 7036)
4(5034 7064 7065 5035)
4(5007 5036 7066 7037)
4(5035 7065 7066 5036)
4(5008 5037 7067 7038)
4(5036 7066 7067 5037)
4(5009 5038 7068 7039)
4(5037 7067 7068 5038)
4(5010 5039 7069 7040)
4(5038 7068 7069 5039)
4(5011 5040 7070 7041)
4(5039 7069 7070 5040)
4(5012 5041 7071 7042)
4(5040 7070 7071 5041)
4(5013 5042 7072 7043)
4(5041 7071 7072 5042)
4(5014 5043 7073 7044)
4(5042 7072 7073 5043)
4(5015 5044 7074 7045)
4(5043 7073 7074 5044)
4(5016 5045 7075 7046)
4(5044 7074 7075 5045)
4(5017 5046 7076 7047)
4(5045 7075 7076 5046)
4(5018 5047 7077 7048)
4(5046 7076 7077 5047)
4(5019 5048 7078 7049)
4(5047 7077 7078 5048)
4(5020 5049 7079 7050)
4(5048 7078 7079 5049)
4(5021 5050 7080 7051)
4(5049 7079 7080 5050)
4(5022 5051 7081 7052)
4(5050 7080 7081 5051)
4(5023 5052 7082 7053)
4(5051 7081 7082 5052)
4(5024 5053 7083 7054)
4(5052 7082 7083 5053)
4(5025 5054 7084 7055)
4(5053 7083 7084 5054)
4(5026 5055 7085 7056)
4(5054 7084 7085 5055)
4(5027 5056 7086 7057)
4(5055 7085 7086 5056)
4(5028 5057 7087 7058)
4(5056 7086 7087 5057)
4(5029 5058 7088 7059)
4(5057 7087 7088 5058)
4(5030 5059 7089 7060)
4(5058 7088 7089 5059)
4(5059 7089 7090 5060)
4(5033 5062 7092 7063)
4(5061 7091 7092 5062)
4(5034 5063 7093 7064)
4(5062 7092 7093 5063)
4(5035 5064 7094 7065)
4(5063 7093 7094 5064)
4(5036 5065 7095 7066)
4(5064 7094 7095 5065)
4(5037 5066 7096 7067)
4(5065 7095 7096 5066)
4(5038 5067 7097 7068)
4(5066 7096 7097 5067)
4(5039 5068 7098 7069)
4(5067 7097 7098 5068)
4(5040 5069 7099 7070)
4(5068 7098 7099 5069)
4(5041 5070 7100 7071)
4(5069 7099 7100 5070)
4(5042 5071 7101 7072)
4(5070 7100 7101 5071)
4(5043 5072 7102 7073)
4(5071 7101 7102 5072)
4(5044 5073 7103 7074)
4(5072 7102 7103 5073)
4(5045 5074 7104 7075)
4(5073 7103 7104 5074)
4(5046 5075 7105 7076)
4(5074 7104 7105 5075)
4(5047 5076 7106 7077)
4(5075 7105 7106 5076)
4(5048 5077 7107 7078)
4(5076 7106 7107 5077)
4(5049 5078 7108 7079)
4(5077 7107 7108 5078)
4(5050 5079 7109 7080)
4(5078 7108 7109 5079)
4(5051 5080 7110 7081)
4(5079 7109 7110 5080)
4(5052 5081 7111 7082)
4(5080 7110 7111 5081)
4(5053 5082 7112 7083)
4(5081 7111 7112 5082)
4(5054 5083 7113 7084)
4(5082 7112 7113 5083)
4(5055 5084 7114 7085)
4(5083 7113 7114 5084)
4(5056 5085 7115 7086)
4(5084 7114 7115 5085)
4(5057 5086 7116 7087)
4(5085 7115 7116 5086)
4(5058 5087 7117 7088)
4(5086 7116 7117 5087)
4(5059 5088 7118 7089)
4(5087 7117 7118 5088)
4(5088 7118 7119 5089)
4(5062 5091 7121 7092)
4(5090 7120 7121 5091)
4(5063 5092 7122 7093)
4(5091 7121 7122 5092)
4(5064 5093 7123 7094)
4(5092 7122 7123 5093)
4(5065 5094 7124 7095)
4(5093 7123 7124 5094)
4(5066 5095 7125 7096)
4(5094 7124 7125 5095)
4(5067 5096 7126 7097)
4(5095 7125 7126 5096)
4(5068 5097 7127 7098)
4(5096 7126 7127 5097)
4(5069 5098 7128 7099)
4(5097 7127 7128 5098)
4(5070 5099 7129 7100)
4(5098 7128 7129 5099)
4(5071 5100 7130 7101)
4(5099 7129 7130 5100)
4(5072 5101 7131 7102)
4(5100 7130 7131 5101)
4(5073 5102 7132 7103)
4(5101 7131 7132 5102)
4(5074 5103 7133 7104)
4(5102 7132 7133 5103)
4(5075 5104 7134 7105)
4(5103 7133 7134 5104)
4(5076 5105 7135 7106)
4(5104 7134 7135 5105)
4(5077 5106 7136 7107)
4(5105 7135 7136 5106)
4(5078 5107 7137 7108)
4(5106 7136 7137 5107)
4(5079 5108 7138 7109)
4(5107 7137 7138 5108)
4(5080 5109 7139 7110)
4(5108 7138 7139 5109)
4(5081 5110 7140 7111)
4(5109 7139 7140 5110)
4(5082 5111 7141 7112)
4(5110 7140 7141 5111)
4(5083 5112 7142 7113)
4(5111 7141 7142 5112)
4(5084 5113 7143 7114)
4(5112 7142 7143 5113)
4(5085 5114 7144 7115)
4(5113 7143 7144 5114)
4(5086 5115 7145 7116)
4(5114 7144 7145 5115)
4(5087 5116 7146 7117)
4(5115 7145 7146 5116)
4(5088 5117 7147 7118)
4(5116 7146 7147 5117)
4(5117 7147 7148 5118)
4(5091 5120 7150 7121)
4(5119 7149 7150 5120)
4(5092 5121 7151 7122)
4(5120 7150 7151 5121)
4(5093 5122 7152 7123)
4(5121 7151 7152 5122)
4(5094 5123 7153 7124)
4(5122 7152 7153 5123)
4(5095 5124 7154 7125)
4(5123 7153 7154 5124)
4(5096 5125 7155 7126)
4(5124 7154 7155 5125)
4(5097 5126 7156 7127)
4(5125 7155 7156 5126)
4(5098 5127 7157 7128)
4(5126 7156 7157 5127)
4(5099 5128 7158 7129)
4(5127 7157 7158 5128)
4(5100 5129 7159 7130)
4(5128 7158 7159 5129)
4(5101 5130 7160 7131)
4(5129 7159 7160 5130)
4(5102 5131 7161 7132)
4(5130 7160 7161 5131)
4(5103 5132 7162 7133)
4(5131 7161 7162 5132)
4(5104 5133 7163 7134)
4(5132 7162 7163 5133)
4(5105 5134 7164 7135)
4(5133 7163 7164 5134)
4(5106 5135 7165 7136)
4(5134 7164 7165 5135)
4(5107 5136 7166 7137)
4(5135 7165 7166 5136)
4(5108 5137 7167 7138)
4(5136 7166 7167 5137)
4(5109 5138 7168 7139)
4(5137 7167 7168 5138)
4(5110 5139 7169 7140)
4(5138 7168 7169 5139)
4(5111 5140 7170 7141)
4(5139 7169 7170 5140)
4(5112 5141 7171 7142)
4(5140 7170 7171 5141)
4(5113 5142 7172 7143)
4(5141 7171 7172 5142)
4(5114 5143 7173 7144)
4(5142 7172 7173 5143)
4(5115 5144 7174 7145)
4(5143 7173 7174 5144)
4(5116 5145 7175 7146)
4(5144 7174 7175 5145)
4(5117 5146 7176 7147)
4(5145 7175 7176 5146)
4(5146 7176 7177 5147)
4(5120 5149 7179 7150)
4(5148 7178 7179 5149)
4(5121 5150 7180 7151)
4(5149 7179 7180 5150)
4(5122 5151 7181 7152)
4(5150 7180 7181 5151)
4(5123 5152 7182 7153)
4(5151 7181 7182 5152)
4(5124 5153 7183 7154)
4(5152 7182 7183 5153)
4(5125 5154 7184 7155)
4(5153 7183 7184 5154)
4(5126 5155 7185 7156)
4(5154 7184 7185 5155)
4(5127 5156 7186 7157)
4(5155 7185 7186 5156)
4(5128 5157 7187 7158)
4(5156 7186 7187 5157)
4(5129 5158 7188 7159)
4(5157 7187 7188 5158)
4(5130 5159 7189 7160)
4(5158 7188 7189 5159)
4(5131 5160 7190 7161)
4(5159 7189 7190 5160)
4(5132 5161 7191 7162)
4(5160 7190 7191 5161)
4(5133 5162 7192 7163)
4(5161 7191 7192 5162)
4(5134 5163 7193 7164)
4(5162 7192 7193 5163)
4(5135 5164 7194 7165)
4(5163 7193 7194 5164)
4(5136 5165 7195 7166)
4(5164 7194 7195 5165)
4(5137 5166 7196 7167)
4(5165 7195 7196 5166)
4(5138 5167 7197 7168)
4(5166 7196 7197 5167)
4(5139 5168 7198 7169)
4(5167 7197 7198 5168)
4(5140 5169 7199 7170)
4(5168 7198 7199 5169)
4(5141 5170 7200 7171)
4(5169 7199 7200 5170)
4(5142 5171 7201 7172)
4(5170 7200 7201 5171)
4(5143 5172 7202 7173)
4(5171 7201 7202 5172)
4(5144 5173 7203 7174)
4(5172 7202 7203 5173)
4(5145 5174 7204 7175)
4(5173 7203 7204 5174)
4(5146 5175 7205 7176)
4(5174 7204 7205 5175)
4(5175 7205 7206 5176)
4(5149 5178 7208 7179)
4(5177 7207 7208 5178)
4(5150 5179 7209 7180)
4(5178 7208 7209 5179)
4(5151 5180 7210 7181)
4(5179 7209 7210 5180)
4(5152 5181 7211 7182)
4(5180 7210 7211 5181)
4(5153 5182 7212 7183)
4(5181 7211 7212 5182)
4(5154 5183 7213 7184)
4(5182 7212 7213 5183)
4(5155 5184 7214 7185)
4(5183 7213 7214 5184)
4(5156 5185 7215 7186)
4(5184 7214 7215 5185)
4(5157 5186 7216 7187)
4(5185 7215 7216 5186)
4(5158 5187 7217 7188)
4(5186 7216 7217 5187)
4(5159 5188 7218 7189)
4(5187 7217 7218 5188)
4(5160 5189 7219 7190)
4(5188 7218 7219 5189)
4(5161 5190 7220 7191)
4(5189 7219 7220 5190)
4(5162 5191 7221 7192)
4(5190 7220 7221 5191)
4(5163 5192 7222 7193)
4(5191 7221 7222 5192)
4(5164 5193 7223 7194)
4(5192 7222 7223 5193)
4(5165 5194 7224 7195)
4(5193 7223 7224 5194)
4(5166 5195 7225 7196)
4(5194 7224 7225 5195)
4(5167 5196 7226 7197)
4(5195 7225 7226 5196)
4(5168 5197 7227 7198)
4(5196 7226 7227 5197)
4(5169 5198 7228 7199)
4(5197 7227 7228 5198)
4(5170 5199 7229 7200)
4(5198 7228 7229 5199)
4(5171 5200 7230 7201)
4(5199 7229 7230 5200)
4(5172 5201 7231 7202)
4(5200 7230 7231 5201)
4(5173 5202 7232 7203)
4(5201 7231 7232 5202)
4(5174 5203 7233 7204)
4(5202 7232 7233 5203)
4(5175 5204 7234 7205)
4(5203 7233 7234 5204)
4(5204 7234 7235 5205)
4(5178 5207 7237 7208)
4(5206 7236 7237 5207)
4(5179 5208 7238 7209)
4(5207 7237 7238 5208)
4(5180 5209 7239 7210)
4(5208 7238 7239 5209)
4(5181 5210 7240 7211)
4(5209 7239 7240 5210)
4(5182 5211 7241 7212)
4(5210 7240 7241 5211)
4(5183 5212 7242 7213)
4(5211 7241 7242 5212)
4(5184 5213 7243 7214)
4(5212 7242 7243 5213)
4(5185 5214 7244 7215)
4(5213 7243 7244 5214)
4(5186 5215 7245 7216)
4(5214 7244 7245 5215)
4(5187 5216 7246 7217)
4(5215 7245 7246 5216)
4(5188 5217 7247 7218)
4(5216 7246 7247 5217)
4(5189 5218 7248 7219)
4(5217 7247 7248 5218)
4(5190 5219 7249 7220)
4(5218 7248 7249 5219)
4(5191 5220 7250 7221)
4(5219 7249 7250 5220)
4(5192 5221 7251 7222)
4(5220 7250 7251 5221)
4(5193 5222 7252 7223)
4(5221 7251 7252 5222)
4(5194 5223 7253 7224)
4(5222 7252 7253 5223)
4(5195 5224 7254 7225)
4(5223 7253 7254 5224)
4(5196 5225 7255 7226)
4(5224 7254 7255 5225)
4(5197 5226 7256 7227)
4(5225 7255 7256 5226)
4(5198 5227 7257 7228)
4(5226 7256 7257 5227)
4(5199 5228 7258 7229)
4(5227 7257 7258 5228)
4(5200 5229 7259 7230)
4(5228 7258 7259 5229)
4(5201 5230 7260 7231)
4(5229 7259 7260 5230)
4(5202 5231 7261 7232)
4(5230 7260 7261 5231)
4(5203 5232 7262 7233)
4(5231 7261 7262 5232)
4(5204 5233 7263 7234)
4(5232 7262 7263 5233)
4(5233 7263 7264 5234)
4(5207 5236 7266 7237)
4(5235 7265 7266 5236)
4(5208 5237 7267 7238)
4(5236 7266 7267 5237)
4(5209 5238 7268 7239)
4(5237 7267 7268 5238)
4(5210 5239 7269 7240)
4(5238 7268 7269 5239)
4(5211 5240 7270 7241)
4(5239 7269 7270 5240)
4(5212 5241 7271 7242)
4(5240 7270 7271 5241)
4(5213 5242 7272 7243)
4(5241 7271 7272 5242)
4(5214 5243 7273 7244)
4(5242 7272 7273 5243)
4(5215 5244 7274 7245)
4(5243 7273 7274 5244)
4(5216 5245 7275 7246)
4(5244 7274 7275 5245)
4(5217 5246 7276 7247)
4(5245 7275 7276 5246)
4(5218 5247 7277 7248)
4(5246 7276 7277 5247)
4(5219 5248 7278 7249)
4(5247 7277 7278 5248)
4(5220 5249 7279 7250)
4(5248 7278 7279 5249)
4(5221 5250 7280 7251)
4(5249 7279 7280 5250)
4(5222 5251 7281 7252)
4(5250 7280 7281 5251)
4(5223 5252 7282 7253)
4(5251 7281 7282 5252)
4(5224 5253 7283 7254)
4(5252 7282 7283 5253)
4(5225 5254 7284 7255)
4(5253 7283 7284 5254)
4(5226 5255 7285 7256)
4(5254 7284 7285 5255)
4(5227 5256 7286 7257)
4(5255 7285 7286 5256)
4(5228 5257 7287 7258)
4(5256 7286 7287 5257)
4(5229 5258 7288 7259)
4(5257 7287 7288 5258)
4(5230 5259 7289 7260)
4(5258 7288 7289 5259)
4(5231 5260 7290 7261)
4(5259 7289 7290 5260)
4(5232 5261 7291 7262)
4(5260 7290 7291 5261)
4(5233 5262 7292 7263)
4(5261 7291 7292 5262)
4(5262 7292 7293 5263)
4(5236 5265 7295 7266)
4(5264 7294 7295 5265)
4(5237 5266 7296 7267)
4(5265 7295 7296 5266)
4(5238 5267 7297 7268)
4(5266 7296 7297 5267)
4(5239 5268 7298 7269)
4(5267 7297 7298 5268)
4(5240 5269 7299 7270)
4(5268 7298 7299 5269)
4(5241 5270 7300 7271)
4(5269 7299 7300 5270)
4(5242 5271 7301 7272)
4(5270 7300 7301 5271)
4(5243 5272 7302 7273)
4(5271 7301 7302 5272)
4(5244 5273 7303 7274)
4(5272 7302 7303 5273)
4(5245 5274 7304 7275)
4(5273 7303 7304 5274)
4(5246 5275 7305 7276)
4(5274 7304 7305 5275)
4(5247 5276 7306 7277)
4(5275 7305 7306 5276)
4(5248 5277 7307 7278)
4(5276 7306 7307 5277)
4(5249 5278 7308 7279)
4(5277 7307 7308 5278)
4(5250 5279 7309 7280)
4(5278 7308 7309 5279)
4(5251 5280 7310 7281)
4(5279 7309 7310 5280)
4(5252 5281 7311 7282)
4(5280 7310 7311 5281)
4(5253 5282 7312 7283)
4(5281 7311 7312 5282)
4(5254 5283 7313 7284)
4(5282 7312 7313 5283)
4(5255 5284 7314 7285)
4(5283 7313 7314 5284)
4(5256 5285 7315 7286)
4(5284 7314 7315 5285)
4(5257 5286 7316 7287)
4(5285 7315 7316 5286)
4(5258 5287 7317 7288)
4(5286 7316 7317 5287)
4(5259 5288 7318 7289)
4(5287 7317 7318 5288)
4(5260 5289 7319 7290)
4(5288 7318 7319 5289)
4(5261 5290 7320 7291)
4(5289 7319 7320 5290)
4(5262 5291 7321 7292)
4(5290 7320 7321 5291)
4(5291 7321 7322 5292)
4(5265 5294 7324 7295)
4(5293 7323 7324 5294)
4(5266 5295 7325 7296)
4(5294 7324 7325 5295)
4(5267 5296 7326 7297)
4(5295 7325 7326 5296)
4(5268 5297 7327 7298)
4(5296 7326 7327 5297)
4(5269 5298 7328 7299)
4(5297 7327 7328 5298)
4(5270 5299 7329 7300)
4(5298 7328 7329 5299)
4(5271 5300 7330 7301)
4(5299 7329 7330 5300)
4(5272 5301 7331 7302)
4(5300 7330 7331 5301)
4(5273 5302 7332 7303)
4(5301 7331 7332 5302)
4(5274 5303 7333 7304)
4(5302 7332 7333 5303)
4(5275 5304 7334 7305)
4(5303 7333 7334 5304)
4(5276 5305 7335 7306)
4(5304 7334 7335 5305)
4(5277 5306 7336 7307)
4(5305 7335 7336 5306)
4(5278 5307 7337 7308)
4(5306 7336 7337 5307)
4(5279 5308 7338 7309)
4(5307 7337 7338 5308)
4(5280 5309 7339 7310)
4(5308 7338 7339 5309)
4(5281 5310 7340 7311)
4(5309 7339 7340 5310)
4(5282 5311 7341 7312)
4(5310 7340 7341 5311)
4(5283 5312 7342 7313)
4(5311 7341 7342 5312)
4(5284 5313 7343 7314)
4(5312 7342 7343 5313)
4(5285 5314 7344 7315)
4(5313 7343 7344 5314)
4(5286 5315 7345 7316)
4(5314 7344 7345 5315)
4(5287 5316 7346 7317)
4(5315 7345 7346 5316)
4(5288 5317 7347 7318)
4(5316 7346 7347 5317)
4(5289 5318 7348 7319)
4(5317 7347 7348 5318)
4(5290 5319 7349 7320)
4(5318 7348 7349 5319)
4(5291 5320 7350 7321)
4(5319 7349 7350 5320)
4(5320 7350 7351 5321)
4(5294 5323 7353 7324)
4(5322 7352 7353 5323)
4(5295 5324 7354 7325)
4(5323 7353 7354 5324)
4(5296 5325 7355 7326)
4(5324 7354 7355 5325)
4(5297 5326 7356 7327)
4(5325 7355 7356 5326)
4(5298 5327 7357 7328)
4(5326 7356 7357 5327)
4(5299 5328 7358 7329)
4(5327 7357 7358 5328)
4(5300 5329 7359 7330)
4(5328 7358 7359 5329)
4(5301 5330 7360 7331)
4(5329 7359 7360 5330)
4(5302 5331 7361 7332)
4(5330 7360 7361 5331)
4(5303 5332 7362 7333)
4(5331 7361 7362 5332)
4(5304 5333 7363 7334)
4(5332 7362 7363 5333)
4(5305 5334 7364 7335)
4(5333 7363 7364 5334)
4(5306 5335 7365 7336)
4(5334 7364 7365 5335)
4(5307 5336 7366 7337)
4(5335 7365 7366 5336)
4(5308 5337 7367 7338)
4(5336 7366 7367 5337)
4(5309 5338 7368 7339)
4(5337 7367 7368 5338)
4(5310 5339 7369 7340)
4(5338 7368 7369 5339)
4(5311 5340 7370 7341)
4(5339 7369 7370 5340)
4(5312 5341 7371 7342)
4(5340 7370 7371 5341)
4(5313 5342 7372 7343)
4(5341 7371 7372 5342)
4(5314 5343 7373 7344)
4(5342 7372 7373 5343)
4(5315 5344 7374 7345)
4(5343 7373 7374 5344)
4(5316 5345 7375 7346)
4(5344 7374 7375 5345)
4(5317 5346 7376 7347)
4(5345 7375 7376 5346)
4(5318 5347 7377 7348)
4(5346 7376 7377 5347)
4(5319 5348 7378 7349)
4(5347 7377 7378 5348)
4(5320 5349 7379 7350)
4(5348 7378 7379 5349)
4(5349 7379 7380 5350)
4(5323 5352 7382 7353)
4(5351 7381 7382 5352)
4(5324 5353 7383 7354)
4(5352 7382 7383 5353)
4(5325 5354 7384 7355)
4(5353 7383 7384 5354)
4(5326 5355 7385 7356)
4(5354 7384 7385 5355)
4(5327 5356 7386 7357)
4(5355 7385 7386 5356)
4(5328 5357 7387 7358)
4(5356 7386 7387 5357)
4(5329 5358 7388 7359)
4(5357 7387 7388 5358)
4(5330 5359 7389 7360)
4(5358 7388 7389 5359)
4(5331 5360 7390 7361)
4(5359 7389 7390 5360)
4(5332 5361 7391 7362)
4(5360 7390 7391 5361)
4(5333 5362 7392 7363)
4(5361 7391 7392 5362)
4(5334 5363 7393 7364)
4(5362 7392 7393 5363)
4(5335 5364 7394 7365)
4(5363 7393 7394 5364)
4(5336 5365 7395 7366)
4(5364 7394 7395 5365)
4(5337 5366 7396 7367)
4(5365 7395 7396 5366)
4(5338 5367 7397 7368)
4(5366 7396 7397 5367)
4(5339 5368 7398 7369)
4(5367 7397 7398 5368)
4(5340 5369 7399 7370)
4(5368 7398 7399 5369)
4(5341 5370 7400 7371)
4(5369 7399 7400 5370)
4(5342 5371 7401 7372)
4(5370 7400 7401 5371)
4(5343 5372 7402 7373)
4(5371 7401 7402 5372)
4(5344 5373 7403 7374)
4(5372 7402 7403 5373)
4(5345 5374 7404 7375)
4(5373 7403 7404 5374)
4(5346 5375 7405 7376)
4(5374 7404 7405 5375)
4(5347 5376 7406 7377)
4(5375 7405 7406 5376)
4(5348 5377 7407 7378)
4(5376 7406 7407 5377)
4(5349 5378 7408 7379)
4(5377 7407 7408 5378)
4(5378 7408 7409 5379)
4(5352 5381 7411 7382)
4(5380 7410 7411 5381)
4(5353 5382 7412 7383)
4(5381 7411 7412 5382)
4(5354 5383 7413 7384)
4(5382 7412 7413 5383)
4(5355 5384 7414 7385)
4(5383 7413 7414 5384)
4(5356 5385 7415 7386)
4(5384 7414 7415 5385)
4(5357 5386 7416 7387)
4(5385 7415 7416 5386)
4(5358 5387 7417 7388)
4(5386 7416 7417 5387)
4(5359 5388 7418 7389)
4(5387 7417 7418 5388)
4(5360 5389 7419 7390)
4(5388 7418 7419 5389)
4(5361 5390 7420 7391)
4(5389 7419 7420 5390)
4(5362 5391 7421 7392)
4(5390 7420 7421 5391)
4(5363 5392 7422 7393)
4(5391 7421 7422 5392)
4(5364 5393 7423 7394)
4(5392 7422 7423 5393)
4(5365 5394 7424 7395)
4(5393 7423 7424 5394)
4(5366 5395 7425 7396)
4(5394 7424 7425 5395)
4(5367 5396 7426 7397)
4(5395 7425 7426 5396)
4(5368 5397 7427 7398)
4(5396 7426 7427 5397)
4(5369 5398 7428 7399)
4(5397 7427 7428 5398)
4(5370 5399 7429 7400)
4(5398 7428 7429 5399)
4(5371 5400 7430 7401)
4(5399 7429 7430 5400)
4(5372 5401 7431 7402)
4(5400 7430 7431 5401)
4(5373 5402 7432 7403)
4(5401 7431 7432 5402)
4(5374 5403 7433 7404)
4(5402 7432 7433 5403)
4(5375 5404 7434 7405)
4(5403 7433 7434 5404)
4(5376 5405 7435 7406)
4(5404 7434 7435 5405)
4(5377 5406 7436 7407)
4(5405 7435 7436 5406)
4(5378 5407 7437 7408)
4(5406 7436 7437 5407)
4(5407 7437 7438 5408)
4(5381 5410 7440 7411)
4(5409 7439 7440 5410)
4(5382 5411 7441 7412)
4(5410 7440 7441 5411)
4(5383 5412 7442 7413)
4(5411 7441 7442 5412)
4(5384 5413 7443 7414)
4(5412 7442 7443 5413)
4(5385 5414 7444 7415)
4(5413 7443 7444 5414)
4(5386 5415 7445 7416)
4(5414 7444 7445 5415)
4(5387 5416 7446 7417)
4(5415 7445 7446 5416)
4(5388 5417 7447 7418)
4(5416 7446 7447 5417)
4(5389 5418 7448 7419)
4(5417 7447 7448 5418)
4(5390 5419 7449 7420)
4(5418 7448 7449 5419)
4(5391 5420 7450 7421)
4(5419 7449 7450 5420)
4(5392 5421 7451 7422)
4(5420 7450 7451 5421)
4(5393 5422 7452 7423)
4(5421 7451 7452 5422)
4(5394 5423 7453 7424)
4(5422 7452 7453 5423)
4(5395 5424 7454 7425)
4(5423 7453 7454 5424)
4(5396 5425 7455 7426)
4(5424 7454 7455 5425)
4(5397 5426 7456 7427)
4(5425 7455 7456 5426)
4(5398 5427 7457 7428)
4(5426 7456 7457 5427)
4(5399 5428 7458 7429)
4(5427 7457 7458 5428)
4(5400 5429 7459 7430)
4(5428 7458 7459 5429)
4(5401 5430 7460 7431)
4(5429 7459 7460 5430)
4(5402 5431 7461 7432)
4(5430 7460 7461 5431)
4(5403 5432 7462 7433)
4(5431 7461 7462 5432)
4(5404 5433 7463 7434)
4(5432 7462 7463 5433)
4(5405 5434 7464 7435)
4(5433 7463 7464 5434)
4(5406 5435 7465 7436)
4(5434 7464 7465 5435)
4(5407 5436 7466 7437)
4(5435 7465 7466 5436)
4(5436 7466 7467 5437)
4(5410 5439 7469 7440)
4(5438 7468 7469 5439)
4(5411 5440 7470 7441)
4(5439 7469 7470 5440)
4(5412 5441 7471 7442)
4(5440 7470 7471 5441)
4(5413 5442 7472 7443)
4(5441 7471 7472 5442)
4(5414 5443 7473 7444)
4(5442 7472 7473 5443)
4(5415 5444 7474 7445)
4(5443 7473 7474 5444)
4(5416 5445 7475 7446)
4(5444 7474 7475 5445)
4(5417 5446 7476 7447)
4(5445 7475 7476 5446)
4(5418 5447 7477 7448)
4(5446 7476 7477 5447)
4(5419 5448 7478 7449)
4(5447 7477 7478 5448)
4(5420 5449 7479 7450)
4(5448 7478 7479 5449)
4(5421 5450 7480 7451)
4(5449 7479 7480 5450)
4(5422 5451 7481 7452)
4(5450 7480 7481 5451)
4(5423 5452 7482 7453)
4(5451 7481 7482 5452)
4(5424 5453 7483 7454)
4(5452 7482 7483 5453)
4(5425 5454 7484 7455)
4(5453 7483 7484 5454)
4(5426 5455 7485 7456)
4(5454 7484 7485 5455)
4(5427 5456 7486 7457)
4(5455 7485 7486 5456)
4(5428 5457 7487 7458)
4(5456 7486 7487 5457)
4(5429 5458 7488 7459)
4(5457 7487 7488 5458)
4(5430 5459 7489 7460)
4(5458 7488 7489 5459)
4(5431 5460 7490 7461)
4(5459 7489 7490 5460)
4(5432 5461 7491 7462)
4(5460 7490 7491 5461)
4(5433 5462 7492 7463)
4(5461 7491 7492 5462)
4(5434 5463 7493 7464)
4(5462 7492 7493 5463)
4(5435 5464 7494 7465)
4(5463 7493 7494 5464)
4(5436 5465 7495 7466)
4(5464 7494 7495 5465)
4(5465 7495 7496 5466)
4(5439 5468 7498 7469)
4(5467 7497 7498 5468)
4(5440 5469 7499 7470)
4(5468 7498 7499 5469)
4(5441 5470 7500 7471)
4(5469 7499 7500 5470)
4(5442 5471 7501 7472)
4(5470 7500 7501 5471)
4(5443 5472 7502 7473)
4(5471 7501 7502 5472)
4(5444 5473 7503 7474)
4(5472 7502 7503 5473)
4(5445 5474 7504 7475)
4(5473 7503 7504 5474)
4(5446 5475 7505 7476)
4(5474 7504 7505 5475)
4(5447 5476 7506 7477)
4(5475 7505 7506 5476)
4(5448 5477 7507 7478)
4(5476 7506 7507 5477)
4(5449 5478 7508 7479)
4(5477 7507 7508 5478)
4(5450 5479 7509 7480)
4(5478 7508 7509 5479)
4(5451 5480 7510 7481)
4(5479 7509 7510 5480)
4(5452 5481 7511 7482)
4(5480 7510 7511 5481)
4(5453 5482 7512 7483)
4(5481 7511 7512 5482)
4(5454 5483 7513 7484)
4(5482 7512 7513 5483)
4(5455 5484 7514 7485)
4(5483 7513 7514 5484)
4(5456 5485 7515 7486)
4(5484 7514 7515 5485)
4(5457 5486 7516 7487)
4(5485 7515 7516 5486)
4(5458 5487 7517 7488)
4(5486 7516 7517 5487)
4(5459 5488 7518 7489)
4(5487 7517 7518 5488)
4(5460 5489 7519 7490)
4(5488 7518 7519 5489)
4(5461 5490 7520 7491)
4(5489 7519 7520 5490)
4(5462 5491 7521 7492)
4(5490 7520 7521 5491)
4(5463 5492 7522 7493)
4(5491 7521 7522 5492)
4(5464 5493 7523 7494)
4(5492 7522 7523 5493)
4(5465 5494 7524 7495)
4(5493 7523 7524 5494)
4(5494 7524 7525 5495)
4(5468 5497 7527 7498)
4(5496 7526 7527 5497)
4(5469 5498 7528 7499)
4(5497 7527 7528 5498)
4(5470 5499 7529 7500)
4(5498 7528 7529 5499)
4(5471 5500 7530 7501)
4(5499 7529 7530 5500)
4(5472 5501 7531 7502)
4(5500 7530 7531 5501)
4(5473 5502 7532 7503)
4(5501 7531 7532 5502)
4(5474 5503 7533 7504)
4(5502 7532 7533 5503)
4(5475 5504 7534 7505)
4(5503 7533 7534 5504)
4(5476 5505 7535 7506)
4(5504 7534 7535 5505)
4(5477 5506 7536 7507)
4(5505 7535 7536 5506)
4(5478 5507 7537 7508)
4(5506 7536 7537 5507)
4(5479 5508 7538 7509)
4(5507 7537 7538 5508)
4(5480 5509 7539 7510)
4(5508 7538 7539 5509)
4(5481 5510 7540 7511)
4(5509 7539 7540 5510)
4(5482 5511 7541 7512)
4(5510 7540 7541 5511)
4(5483 5512 7542 7513)
4(5511 7541 7542 5512)
4(5484 5513 7543 7514)
4(5512 7542 7543 5513)
4(5485 5514 7544 7515)
4(5513 7543 7544 5514)
4(5486 5515 7545 7516)
4(5514 7544 7545 5515)
4(5487 5516 7546 7517)
4(5515 7545 7546 5516)
4(5488 5517 7547 7518)
4(5516 7546 7547 5517)
4(5489 5518 7548 7519)
4(5517 7547 7548 5518)
4(5490 5519 7549 7520)
4(5518 7548 7549 5519)
4(5491 5520 7550 7521)
4(5519 7549 7550 5520)
4(5492 5521 7551 7522)
4(5520 7550 7551 5521)
4(5493 5522 7552 7523)
4(5521 7551 7552 5522)
4(5494 5523 7553 7524)
4(5522 7552 7553 5523)
4(5523 7553 7554 5524)
4(5497 5526 7556 7527)
4(5525 7555 7556 5526)
4(5498 5527 7557 7528)
4(5526 7556 7557 5527)
4(5499 5528 7558 7529)
4(5527 7557 7558 5528)
4(5500 5529 7559 7530)
4(5528 7558 7559 5529)
4(5501 5530 7560 7531)
4(5529 7559 7560 5530)
4(5502 5531 7561 7532)
4(5530 7560 7561 5531)
4(5503 5532 7562 7533)
4(5531 7561 7562 5532)
4(5504 5533 7563 7534)
4(5532 7562 7563 5533)
4(5505 5534 7564 7535)
4(5533 7563 7564 5534)
4(5506 5535 7565 7536)
4(5534 7564 7565 5535)
4(5507 5536 7566 7537)
4(5535 7565 7566 5536)
4(5508 5537 7567 7538)
4(5536 7566 7567 5537)
4(5509 5538 7568 7539)
4(5537 7567 7568 5538)
4(5510 5539 7569 7540)
4(5538 7568 7569 5539)
4(5511 5540 7570 7541)
4(5539 7569 7570 5540)
4(5512 5541 7571 7542)
4(5540 7570 7571 5541)
4(5513 5542 7572 7543)
4(5541 7571 7572 5542)
4(5514 5543 7573 7544)
4(5542 7572 7573 5543)
4(5515 5544 7574 7545)
4(5543 7573 7574 5544)
4(5516 5545 7575 7546)
4(5544 7574 7575 5545)
4(5517 5546 7576 7547)
4(5545 7575 7576 5546)
4(5518 5547 7577 7548)
4(5546 7576 7577 5547)
4(5519 5548 7578 7549)
4(5547 7577 7578 5548)
4(5520 5549 7579 7550)
4(5548 7578 7579 5549)
4(5521 5550 7580 7551)
4(5549 7579 7580 5550)
4(5522 5551 7581 7552)
4(5550 7580 7581 5551)
4(5523 5552 7582 7553)
4(5551 7581 7582 5552)
4(5552 7582 7583 5553)
4(5526 5555 7585 7556)
4(5554 7584 7585 5555)
4(5527 5556 7586 7557)
4(5555 7585 7586 5556)
4(5528 5557 7587 7558)
4(5556 7586 7587 5557)
4(5529 5558 7588 7559)
4(5557 7587 7588 5558)
4(5530 5559 7589 7560)
4(5558 7588 7589 5559)
4(5531 5560 7590 7561)
4(5559 7589 7590 5560)
4(5532 5561 7591 7562)
4(5560 7590 7591 5561)
4(5533 5562 7592 7563)
4(5561 7591 7592 5562)
4(5534 5563 7593 7564)
4(5562 7592 7593 5563)
4(5535 5564 7594 7565)
4(5563 7593 7594 5564)
4(5536 5565 7595 7566)
4(5564 7594 7595 5565)
4(5537 5566 7596 7567)
4(5565 7595 7596 5566)
4(5538 5567 7597 7568)
4(5566 7596 7597 5567)
4(5539 5568 7598 7569)
4(5567 7597 7598 5568)
4(5540 5569 7599 7570)
4(5568 7598 7599 5569)
4(5541 5570 7600 7571)
4(5569 7599 7600 5570)
4(5542 5571 7601 7572)
4(5570 7600 7601 5571)
4(5543 5572 7602 7573)
4(5571 7601 7602 5572)
4(5544 5573 7603 7574)
4(5572 7602 7603 5573)
4(5545 5574 7604 7575)
4(5573 7603 7604 5574)
4(5546 5575 7605 7576)
4(5574 7604 7605 5575)
4(5547 5576 7606 7577)
4(5575 7605 7606 5576)
4(5548 5577 7607 7578)
4(5576 7606 7607 5577)
4(5549 5578 7608 7579)
4(5577 7607 7608 5578)
4(5550 5579 7609 7580)
4(5578 7608 7609 5579)
4(5551 5580 7610 7581)
4(5579 7609 7610 5580)
4(5552 5581 7611 7582)
4(5580 7610 7611 5581)
4(5581 7611 7612 5582)
4(5555 5584 7614 7585)
4(5583 7613 7614 5584)
4(5556 5585 7615 7586)
4(5584 7614 7615 5585)
4(5557 5586 7616 7587)
4(5585 7615 7616 5586)
4(5558 5587 7617 7588)
4(5586 7616 7617 5587)
4(5559 5588 7618 7589)
4(5587 7617 7618 5588)
4(5560 5589 7619 7590)
4(5588 7618 7619 5589)
4(5561 5590 7620 7591)
4(5589 7619 7620 5590)
4(5562 5591 7621 7592)
4(5590 7620 7621 5591)
4(5563 5592 7622 7593)
4(5591 7621 7622 5592)
4(5564 5593 7623 7594)
4(5592 7622 7623 5593)
4(5565 5594 7624 7595)
4(5593 7623 7624 5594)
4(5566 5595 7625 7596)
4(5594 7624 7625 5595)
4(5567 5596 7626 7597)
4(5595 7625 7626 5596)
4(5568 5597 7627 7598)
4(5596 7626 7627 5597)
4(5569 5598 7628 7599)
4(5597 7627 7628 5598)
4(5570 5599 7629 7600)
4(5598 7628 7629 5599)
4(5571 5600 7630 7601)
4(5599 7629 7630 5600)
4(5572 5601 7631 7602)
4(5600 7630 7631 5601)
4(5573 5602 7632 7603)
4(5601 7631 7632 5602)
4(5574 5603 7633 7604)
4(5602 7632 7633 5603)
4(5575 5604 7634 7605)
4(5603 7633 7634 5604)
4(5576 5605 7635 7606)
4(5604 7634 7635 5605)
4(5577 5606 7636 7607)
4(5605 7635 7636 5606)
4(5578 5607 7637 7608)
4(5606 7636 7637 5607)
4(5579 5608 7638 7609)
4(5607 7637 7638 5608)
4(5580 5609 7639 7610)
4(5608 7638 7639 5609)
4(5581 5610 7640 7611)
4(5609 7639 7640 5610)
4(5610 7640 7641 5611)
4(5584 5613 7643 7614)
4(5612 7642 7643 5613)
4(5585 5614 7644 7615)
4(5613 7643 7644 5614)
4(5586 5615 7645 7616)
4(5614 7644 7645 5615)
4(5587 5616 7646 7617)
4(5615 7645 7646 5616)
4(5588 5617 7647 7618)
4(5616 7646 7647 5617)
4(5589 5618 7648 7619)
4(5617 7647 7648 5618)
4(5590 5619 7649 7620)
4(5618 7648 7649 5619)
4(5591 5620 7650 7621)
4(5619 7649 7650 5620)
4(5592 5621 7651 7622)
4(5620 7650 7651 5621)
4(5593 5622 7652 7623)
4(5621 7651 7652 5622)
4(5594 5623 7653 7624)
4(5622 7652 7653 5623)
4(5595 5624 7654 7625)
4(5623 7653 7654 5624)
4(5596 5625 7655 7626)
4(5624 7654 7655 5625)
4(5597 5626 7656 7627)
4(5625 7655 7656 5626)
4(5598 5627 7657 7628)
4(5626 7656 7657 5627)
4(5599 5628 7658 7629)
4(5627 7657 7658 5628)
4(5600 5629 7659 7630)
4(5628 7658 7659 5629)
4(5601 5630 7660 7631)
4(5629 7659 7660 5630)
4(5602 5631 7661 7632)
4(5630 7660 7661 5631)
4(5603 5632 7662 7633)
4(5631 7661 7662 5632)
4(5604 5633 7663 7634)
4(5632 7662 7663 5633)
4(5605 5634 7664 7635)
4(5633 7663 7664 5634)
4(5606 5635 7665 7636)
4(5634 7664 7665 5635)
4(5607 5636 7666 7637)
4(5635 7665 7666 5636)
4(5608 5637 7667 7638)
4(5636 7666 7667 5637)
4(5609 5638 7668 7639)
4(5637 7667 7668 5638)
4(5610 5639 7669 7640)
4(5638 7668 7669 5639)
4(5639 7669 7670 5640)
4(5613 5642 7672 7643)
4(5641 7671 7672 5642)
4(5614 5643 7673 7644)
4(5642 7672 7673 5643)
4(5615 5644 7674 7645)
4(5643 7673 7674 5644)
4(5616 5645 7675 7646)
4(5644 7674 7675 5645)
4(5617 5646 7676 7647)
4(5645 7675 7676 5646)
4(5618 5647 7677 7648)
4(5646 7676 7677 5647)
4(5619 5648 7678 7649)
4(5647 7677 7678 5648)
4(5620 5649 7679 7650)
4(5648 7678 7679 5649)
4(5621 5650 7680 7651)
4(5649 7679 7680 5650)
4(5622 5651 7681 7652)
4(5650 7680 7681 5651)
4(5623 5652 7682 7653)
4(5651 7681 7682 5652)
4(5624 5653 7683 7654)
4(5652 7682 7683 5653)
4(5625 5654 7684 7655)
4(5653 7683 7684 5654)
4(5626 5655 7685 7656)
4(5654 7684 7685 5655)
4(5627 5656 7686 7657)
4(5655 7685 7686 5656)
4(5628 5657 7687 7658)
4(5656 7686 7687 5657)
4(5629 5658 7688 7659)
4(5657 7687 7688 5658)
4(5630 5659 7689 7660)
4(5658 7688 7689 5659)
4(5631 5660 7690 7661)
4(5659 7689 7690 5660)
4(5632 5661 7691 7662)
4(5660 7690 7691 5661)
4(5633 5662 7692 7663)
4(5661 7691 7692 5662)
4(5634 5663 7693 7664)
4(5662 7692 7693 5663)
4(5635 5664 7694 7665)
4(5663 7693 7694 5664)
4(5636 5665 7695 7666)
4(5664 7694 7695 5665)
4(5637 5666 7696 7667)
4(5665 7695 7696 5666)
4(5638 5667 7697 7668)
4(5666 7696 7697 5667)
4(5639 5668 7698 7669)
4(5667 7697 7698 5668)
4(5668 7698 7699 5669)
4(5642 5671 7701 7672)
4(5670 7700 7701 5671)
4(5643 5672 7702 7673)
4(5671 7701 7702 5672)
4(5644 5673 7703 7674)
4(5672 7702 7703 5673)
4(5645 5674 7704 7675)
4(5673 7703 7704 5674)
4(5646 5675 7705 7676)
4(5674 7704 7705 5675)
4(5647 5676 7706 7677)
4(5675 7705 7706 5676)
4(5648 5677 7707 7678)
4(5676 7706 7707 5677)
4(5649 5678 7708 7679)
4(5677 7707 7708 5678)
4(5650 5679 7709 7680)
4(5678 7708 7709 5679)
4(5651 5680 7710 7681)
4(5679 7709 7710 5680)
4(5652 5681 7711 7682)
4(5680 7710 7711 5681)
4(5653 5682 7712 7683)
4(5681 7711 7712 5682)
4(5654 5683 7713 7684)
4(5682 7712 7713 5683)
4(5655 5684 7714 7685)
4(5683 7713 7714 5684)
4(5656 5685 7715 7686)
4(5684 7714 7715 5685)
4(5657 5686 7716 7687)
4(5685 7715 7716 5686)
4(5658 5687 7717 7688)
4(5686 7716 7717 5687)
4(5659 5688 7718 7689)
4(5687 7717 7718 5688)
4(5660 5689 7719 7690)
4(5688 7718 7719 5689)
4(5661 5690 7720 7691)
4(5689 7719 7720 5690)
4(5662 5691 7721 7692)
4(5690 7720 7721 5691)
4(5663 5692 7722 7693)
4(5691 7721 7722 5692)
4(5664 5693 7723 7694)
4(5692 7722 7723 5693)
4(5665 5694 7724 7695)
4(5693 7723 7724 5694)
4(5666 5695 7725 7696)
4(5694 7724 7725 5695)
4(5667 5696 7726 7697)
4(5695 7725 7726 5696)
4(5668 5697 7727 7698)
4(5696 7726 7727 5697)
4(5697 7727 7728 5698)
4(5671 5700 7730 7701)
4(5699 7729 7730 5700)
4(5672 5701 7731 7702)
4(5700 7730 7731 5701)
4(5673 5702 7732 7703)
4(5701 7731 7732 5702)
4(5674 5703 7733 7704)
4(5702 7732 7733 5703)
4(5675 5704 7734 7705)
4(5703 7733 7734 5704)
4(5676 5705 7735 7706)
4(5704 7734 7735 5705)
4(5677 5706 7736 7707)
4(5705 7735 7736 5706)
4(5678 5707 7737 7708)
4(5706 7736 7737 5707)
4(5679 5708 7738 7709)
4(5707 7737 7738 5708)
4(5680 5709 7739 7710)
4(5708 7738 7739 5709)
4(5681 5710 7740 7711)
4(5709 7739 7740 5710)
4(5682 5711 7741 7712)
4(5710 7740 7741 5711)
4(5683 5712 7742 7713)
4(5711 7741 7742 5712)
4(5684 5713 7743 7714)
4(5712 7742 7743 5713)
4(5685 5714 7744 7715)
4(5713 7743 7744 5714)
4(5686 5715 7745 7716)
4(5714 7744 7745 5715)
4(5687 5716 7746 7717)
4(5715 7745 7746 5716)
4(5688 5717 7747 7718)
4(5716 7746 7747 5717)
4(5689 5718 7748 7719)
4(5717 7747 7748 5718)
4(5690 5719 7749 7720)
4(5718 7748 7749 5719)
4(5691 5720 7750 7721)
4(5719 7749 7750 5720)
4(5692 5721 7751 7722)
4(5720 7750 7751 5721)
4(5693 5722 7752 7723)
4(5721 7751 7752 5722)
4(5694 5723 7753 7724)
4(5722 7752 7753 5723)
4(5695 5724 7754 7725)
4(5723 7753 7754 5724)
4(5696 5725 7755 7726)
4(5724 7754 7755 5725)
4(5697 5726 7756 7727)
4(5725 7755 7756 5726)
4(5726 7756 7757 5727)
4(5700 5729 7759 7730)
4(5728 7758 7759 5729)
4(5701 5730 7760 7731)
4(5729 7759 7760 5730)
4(5702 5731 7761 7732)
4(5730 7760 7761 5731)
4(5703 5732 7762 7733)
4(5731 7761 7762 5732)
4(5704 5733 7763 7734)
4(5732 7762 7763 5733)
4(5705 5734 7764 7735)
4(5733 7763 7764 5734)
4(5706 5735 7765 7736)
4(5734 7764 7765 5735)
4(5707 5736 7766 7737)
4(5735 7765 7766 5736)
4(5708 5737 7767 7738)
4(5736 7766 7767 5737)
4(5709 5738 7768 7739)
4(5737 7767 7768 5738)
4(5710 5739 7769 7740)
4(5738 7768 7769 5739)
4(5711 5740 7770 7741)
4(5739 7769 7770 5740)
4(5712 5741 7771 7742)
4(5740 7770 7771 5741)
4(5713 5742 7772 7743)
4(5741 7771 7772 5742)
4(5714 5743 7773 7744)
4(5742 7772 7773 5743)
4(5715 5744 7774 7745)
4(5743 7773 7774 5744)
4(5716 5745 7775 7746)
4(5744 7774 7775 5745)
4(5717 5746 7776 7747)
4(5745 7775 7776 5746)
4(5718 5747 7777 7748)
4(5746 7776 7777 5747)
4(5719 5748 7778 7749)
4(5747 7777 7778 5748)
4(5720 5749 7779 7750)
4(5748 7778 7779 5749)
4(5721 5750 7780 7751)
4(5749 7779 7780 5750)
4(5722 5751 7781 7752)
4(5750 7780 7781 5751)
4(5723 5752 7782 7753)
4(5751 7781 7782 5752)
4(5724 5753 7783 7754)
4(5752 7782 7783 5753)
4(5725 5754 7784 7755)
4(5753 7783 7784 5754)
4(5726 5755 7785 7756)
4(5754 7784 7785 5755)
4(5755 7785 7786 5756)
4(5729 5758 7788 7759)
4(5757 7787 7788 5758)
4(5730 5759 7789 7760)
4(5758 7788 7789 5759)
4(5731 5760 7790 7761)
4(5759 7789 7790 5760)
4(5732 5761 7791 7762)
4(5760 7790 7791 5761)
4(5733 5762 7792 7763)
4(5761 7791 7792 5762)
4(5734 5763 7793 7764)
4(5762 7792 7793 5763)
4(5735 5764 7794 7765)
4(5763 7793 7794 5764)
4(5736 5765 7795 7766)
4(5764 7794 7795 5765)
4(5737 5766 7796 7767)
4(5765 7795 7796 5766)
4(5738 5767 7797 7768)
4(5766 7796 7797 5767)
4(5739 5768 7798 7769)
4(5767 7797 7798 5768)
4(5740 5769 7799 7770)
4(5768 7798 7799 5769)
4(5741 5770 7800 7771)
4(5769 7799 7800 5770)
4(5742 5771 7801 7772)
4(5770 7800 7801 5771)
4(5743 5772 7802 7773)
4(5771 7801 7802 5772)
4(5744 5773 7803 7774)
4(5772 7802 7803 5773)
4(5745 5774 7804 7775)
4(5773 7803 7804 5774)
4(5746 5775 7805 7776)
4(5774 7804 7805 5775)
4(5747 5776 7806 7777)
4(5775 7805 7806 5776)
4(5748 5777 7807 7778)
4(5776 7806 7807 5777)
4(5749 5778 7808 7779)
4(5777 7807 7808 5778)
4(5750 5779 7809 7780)
4(5778 7808 7809 5779)
4(5751 5780 7810 7781)
4(5779 7809 7810 5780)
4(5752 5781 7811 7782)
4(5780 7810 7811 5781)
4(5753 5782 7812 7783)
4(5781 7811 7812 5782)
4(5754 5783 7813 7784)
4(5782 7812 7813 5783)
4(5755 5784 7814 7785)
4(5783 7813 7814 5784)
4(5784 7814 7815 5785)
4(5758 5787 7817 7788)
4(5786 7816 7817 5787)
4(5759 5788 7818 7789)
4(5787 7817 7818 5788)
4(5760 5789 7819 7790)
4(5788 7818 7819 5789)
4(5761 5790 7820 7791)
4(5789 7819 7820 5790)
4(5762 5791 7821 7792)
4(5790 7820 7821 5791)
4(5763 5792 7822 7793)
4(5791 7821 7822 5792)
4(5764 5793 7823 7794)
4(5792 7822 7823 5793)
4(5765 5794 7824 7795)
4(5793 7823 7824 5794)
4(5766 5795 7825 7796)
4(5794 7824 7825 5795)
4(5767 5796 7826 7797)
4(5795 7825 7826 5796)
4(5768 5797 7827 7798)
4(5796 7826 7827 5797)
4(5769 5798 7828 7799)
4(5797 7827 7828 5798)
4(5770 5799 7829 7800)
4(5798 7828 7829 5799)
4(5771 5800 7830 7801)
4(5799 7829 7830 5800)
4(5772 5801 7831 7802)
4(5800 7830 7831 5801)
4(5773 5802 7832 7803)
4(5801 7831 7832 5802)
4(5774 5803 7833 7804)
4(5802 7832 7833 5803)
4(5775 5804 7834 7805)
4(5803 7833 7834 5804)
4(5776 5805 7835 7806)
4(5804 7834 7835 5805)
4(5777 5806 7836 7807)
4(5805 7835 7836 5806)
4(5778 5807 7837 7808)
4(5806 7836 7837 5807)
4(5779 5808 7838 7809)
4(5807 7837 7838 5808)
4(5780 5809 7839 7810)
4(5808 7838 7839 5809)
4(5781 5810 7840 7811)
4(5809 7839 7840 5810)
4(5782 5811 7841 7812)
4(5810 7840 7841 5811)
4(5783 5812 7842 7813)
4(5811 7841 7842 5812)
4(5784 5813 7843 7814)
4(5812 7842 7843 5813)
4(5813 7843 7844 5814)
4(5787 5816 7846 7817)
4(5815 7845 7846 5816)
4(5788 5817 7847 7818)
4(5816 7846 7847 5817)
4(5789 5818 7848 7819)
4(5817 7847 7848 5818)
4(5790 5819 7849 7820)
4(5818 7848 7849 5819)
4(5791 5820 7850 7821)
4(5819 7849 7850 5820)
4(5792 5821 7851 7822)
4(5820 7850 7851 5821)
4(5793 5822 7852 7823)
4(5821 7851 7852 5822)
4(5794 5823 7853 7824)
4(5822 7852 7853 5823)
4(5795 5824 7854 7825)
4(5823 7853 7854 5824)
4(5796 5825 7855 7826)
4(5824 7854 7855 5825)
4(5797 5826 7856 7827)
4(5825 7855 7856 5826)
4(5798 5827 7857 7828)
4(5826 7856 7857 5827)
4(5799 5828 7858 7829)
4(5827 7857 7858 5828)
4(5800 5829 7859 7830)
4(5828 7858 7859 5829)
4(5801 5830 7860 7831)
4(5829 7859 7860 5830)
4(5802 5831 7861 7832)
4(5830 7860 7861 5831)
4(5803 5832 7862 7833)
4(5831 7861 7862 5832)
4(5804 5833 7863 7834)
4(5832 7862 7863 5833)
4(5805 5834 7864 7835)
4(5833 7863 7864 5834)
4(5806 5835 7865 7836)
4(5834 7864 7865 5835)
4(5807 5836 7866 7837)
4(5835 7865 7866 5836)
4(5808 5837 7867 7838)
4(5836 7866 7867 5837)
4(5809 5838 7868 7839)
4(5837 7867 7868 5838)
4(5810 5839 7869 7840)
4(5838 7868 7869 5839)
4(5811 5840 7870 7841)
4(5839 7869 7870 5840)
4(5812 5841 7871 7842)
4(5840 7870 7871 5841)
4(5813 5842 7872 7843)
4(5841 7871 7872 5842)
4(5842 7872 7873 5843)
4(5816 5845 7875 7846)
4(5844 7874 7875 5845)
4(5817 5846 7876 7847)
4(5845 7875 7876 5846)
4(5818 5847 7877 7848)
4(5846 7876 7877 5847)
4(5819 5848 7878 7849)
4(5847 7877 7878 5848)
4(5820 5849 7879 7850)
4(5848 7878 7879 5849)
4(5821 5850 7880 7851)
4(5849 7879 7880 5850)
4(5822 5851 7881 7852)
4(5850 7880 7881 5851)
4(5823 5852 7882 7853)
4(5851 7881 7882 5852)
4(5824 5853 7883 7854)
4(5852 7882 7883 5853)
4(5825 5854 7884 7855)
4(5853 7883 7884 5854)
4(5826 5855 7885 7856)
4(5854 7884 7885 5855)
4(5827 5856 7886 7857)
4(5855 7885 7886 5856)
4(5828 5857 7887 7858)
4(5856 7886 7887 5857)
4(5829 5858 7888 7859)
4(5857 7887 7888 5858)
4(5830 5859 7889 7860)
4(5858 7888 7889 5859)
4(5831 5860 7890 7861)
4(5859 7889 7890 5860)
4(5832 5861 7891 7862)
4(5860 7890 7891 5861)
4(5833 5862 7892 7863)
4(5861 7891 7892 5862)
4(5834 5863 7893 7864)
4(5862 7892 7893 5863)
4(5835 5864 7894 7865)
4(5863 7893 7894 5864)
4(5836 5865 7895 7866)
4(5864 7894 7895 5865)
4(5837 5866 7896 7867)
4(5865 7895 7896 5866)
4(5838 5867 7897 7868)
4(5866 7896 7897 5867)
4(5839 5868 7898 7869)
4(5867 7897 7898 5868)
4(5840 5869 7899 7870)
4(5868 7898 7899 5869)
4(5841 5870 7900 7871)
4(5869 7899 7900 5870)
4(5842 5871 7901 7872)
4(5870 7900 7901 5871)
4(5871 7901 7902 5872)
4(5845 5874 7904 7875)
4(5873 7903 7904 5874)
4(5846 5875 7905 7876)
4(5874 7904 7905 5875)
4(5847 5876 7906 7877)
4(5875 7905 7906 5876)
4(5848 5877 7907 7878)
4(5876 7906 7907 5877)
4(5849 5878 7908 7879)
4(5877 7907 7908 5878)
4(5850 5879 7909 7880)
4(5878 7908 7909 5879)
4(5851 5880 7910 7881)
4(5879 7909 7910 5880)
4(5852 5881 7911 7882)
4(5880 7910 7911 5881)
4(5853 5882 7912 7883)
4(5881 7911 7912 5882)
4(5854 5883 7913 7884)
4(5882 7912 7913 5883)
4(5855 5884 7914 7885)
4(5883 7913 7914 5884)
4(5856 5885 7915 7886)
4(5884 7914 7915 5885)
4(5857 5886 7916 7887)
4(5885 7915 7916 5886)
4(5858 5887 7917 7888)
4(5886 7916 7917 5887)
4(5859 5888 7918 7889)
4(5887 7917 7918 5888)
4(5860 5889 7919 7890)
4(5888 7918 7919 5889)
4(5861 5890 7920 7891)
4(5889 7919 7920 5890)
4(5862 5891 7921 7892)
4(5890 7920 7921 5891)
4(5863 5892 7922 7893)
4(5891 7921 7922 5892)
4(5864 5893 7923 7894)
4(5892 7922 7923 5893)
4(5865 5894 7924 7895)
4(5893 7923 7924 5894)
4(5866 5895 7925 7896)
4(5894 7924 7925 5895)
4(5867 5896 7926 7897)
4(5895 7925 7926 5896)
4(5868 5897 7927 7898)
4(5896 7926 7927 5897)
4(5869 5898 7928 7899)
4(5897 7927 7928 5898)
4(5870 5899 7929 7900)
4(5898 7928 7929 5899)
4(5871 5900 7930 7901)
4(5899 7929 7930 5900)
4(5900 7930 7931 5901)
4(5874 5903 7933 7904)
4(5902 7932 7933 5903)
4(5875 5904 7934 7905)
4(5903 7933 7934 5904)
4(5876 5905 7935 7906)
4(5904 7934 7935 5905)
4(5877 5906 7936 7907)
4(5905 7935 7936 5906)
4(5878 5907 7937 7908)
4(5906 7936 7937 5907)
4(5879 5908 7938 7909)
4(5907 7937 7938 5908)
4(5880 5909 7939 7910)
4(5908 7938 7939 5909)
4(5881 5910 7940 7911)
4(5909 7939 7940 5910)
4(5882 5911 7941 7912)
4(5910 7940 7941 5911)
4(5883 5912 7942 7913)
4(5911 7941 7942 5912)
4(5884 5913 7943 7914)
4(5912 7942 7943 5913)
4(5885 5914 7944 7915)
4(5913 7943 7944 5914)
4(5886 5915 7945 7916)
4(5914 7944 7945 5915)
4(5887 5916 7946 7917)
4(5915 7945 7946 5916)
4(5888 5917 7947 7918)
4(5916 7946 7947 5917)
4(5889 5918 7948 7919)
4(5917 7947 7948 5918)
4(5890 5919 7949 7920)
4(5918 7948 7949 5919)
4(5891 5920 7950 7921)
4(5919 7949 7950 5920)
4(5892 5921 7951 7922)
4(5920 7950 7951 5921)
4(5893 5922 7952 7923)
4(5921 7951 7952 5922)
4(5894 5923 7953 7924)
4(5922 7952 7953 5923)
4(5895 5924 7954 7925)
4(5923 7953 7954 5924)
4(5896 5925 7955 7926)
4(5924 7954 7955 5925)
4(5897 5926 7956 7927)
4(5925 7955 7956 5926)
4(5898 5927 7957 7928)
4(5926 7956 7957 5927)
4(5899 5928 7958 7929)
4(5927 7957 7958 5928)
4(5900 5929 7959 7930)
4(5928 7958 7959 5929)
4(5929 7959 7960 5930)
4(5903 5932 7962 7933)
4(5931 7961 7962 5932)
4(5904 5933 7963 7934)
4(5932 7962 7963 5933)
4(5905 5934 7964 7935)
4(5933 7963 7964 5934)
4(5906 5935 7965 7936)
4(5934 7964 7965 5935)
4(5907 5936 7966 7937)
4(5935 7965 7966 5936)
4(5908 5937 7967 7938)
4(5936 7966 7967 5937)
4(5909 5938 7968 7939)
4(5937 7967 7968 5938)
4(5910 5939 7969 7940)
4(5938 7968 7969 5939)
4(5911 5940 7970 7941)
4(5939 7969 7970 5940)
4(5912 5941 7971 7942)
4(5940 7970 7971 5941)
4(5913 5942 7972 7943)
4(5941 7971 7972 5942)
4(5914 5943 7973 7944)
4(5942 7972 7973 5943)
4(5915 5944 7974 7945)
4(5943 7973 7974 5944)
4(5916 5945 7975 7946)
4(5944 7974 7975 5945)
4(5917 5946 7976 7947)
4(5945 7975 7976 5946)
4(5918 5947 7977 7948)
4(5946 7976 7977 5947)
4(5919 5948 7978 7949)
4(5947 7977 7978 5948)
4(5920 5949 7979 7950)
4(5948 7978 7979 5949)
4(5921 5950 7980 7951)
4(5949 7979 7980 5950)
4(5922 5951 7981 7952)
4(5950 7980 7981 5951)
4(5923 5952 7982 7953)
4(5951 7981 7982 5952)
4(5924 5953 7983 7954)
4(5952 7982 7983 5953)
4(5925 5954 7984 7955)
4(5953 7983 7984 5954)
4(5926 5955 7985 7956)
4(5954 7984 7985 5955)
4(5927 5956 7986 7957)
4(5955 7985 7986 5956)
4(5928 5957 7987 7958)
4(5956 7986 7987 5957)
4(5929 5958 7988 7959)
4(5957 7987 7988 5958)
4(5958 7988 7989 5959)
4(5932 5961 7991 7962)
4(5960 7990 7991 5961)
4(5933 5962 7992 7963)
4(5961 7991 7992 5962)
4(5934 5963 7993 7964)
4(5962 7992 7993 5963)
4(5935 5964 7994 7965)
4(5963 7993 7994 5964)
4(5936 5965 7995 7966)
4(5964 7994 7995 5965)
4(5937 5966 7996 7967)
4(5965 7995 7996 5966)
4(5938 5967 7997 7968)
4(5966 7996 7997 5967)
4(5939 5968 7998 7969)
4(5967 7997 7998 5968)
4(5940 5969 7999 7970)
4(5968 7998 7999 5969)
4(5941 5970 8000 7971)
4(5969 7999 8000 5970)
4(5942 5971 8001 7972)
4(5970 8000 8001 5971)
4(5943 5972 8002 7973)
4(5971 8001 8002 5972)
4(5944 5973 8003 7974)
4(5972 8002 8003 5973)
4(5945 5974 8004 7975)
4(5973 8003 8004 5974)
4(5946 5975 8005 7976)
4(5974 8004 8005 5975)
4(5947 5976 8006 7977)
4(5975 8005 8006 5976)
4(5948 5977 8007 7978)
4(5976 8006 8007 5977)
4(5949 5978 8008 7979)
4(5977 8007 8008 5978)
4(5950 5979 8009 7980)
4(5978 8008 8009 5979)
4(5951 5980 8010 7981)
4(5979 8009 8010 5980)
4(5952 5981 8011 7982)
4(5980 8010 8011 5981)
4(5953 5982 8012 7983)
4(5981 8011 8012 5982)
4(5954 5983 8013 7984)
4(5982 8012 8013 5983)
4(5955 5984 8014 7985)
4(5983 8013 8014 5984)
4(5956 5985 8015 7986)
4(5984 8014 8015 5985)
4(5957 5986 8016 7987)
4(5985 8015 8016 5986)
4(5958 5987 8017 7988)
4(5986 8016 8017 5987)
4(5987 8017 8018 5988)
4(5961 5990 8020 7991)
4(5989 8019 8020 5990)
4(5962 5991 8021 7992)
4(5990 8020 8021 5991)
4(5963 5992 8022 7993)
4(5991 8021 8022 5992)
4(5964 5993 8023 7994)
4(5992 8022 8023 5993)
4(5965 5994 8024 7995)
4(5993 8023 8024 5994)
4(5966 5995 8025 7996)
4(5994 8024 8025 5995)
4(5967 5996 8026 7997)
4(5995 8025 8026 5996)
4(5968 5997 8027 7998)
4(5996 8026 8027 5997)
4(5969 5998 8028 7999)
4(5997 8027 8028 5998)
4(5970 5999 8029 8000)
4(5998 8028 8029 5999)
4(5971 6000 8030 8001)
4(5999 8029 8030 6000)
4(5972 6001 8031 8002)
4(6000 8030 8031 6001)
4(5973 6002 8032 8003)
4(6001 8031 8032 6002)
4(5974 6003 8033 8004)
4(6002 8032 8033 6003)
4(5975 6004 8034 8005)
4(6003 8033 8034 6004)
4(5976 6005 8035 8006)
4(6004 8034 8035 6005)
4(5977 6006 8036 8007)
4(6005 8035 8036 6006)
4(5978 6007 8037 8008)
4(6006 8036 8037 6007)
4(5979 6008 8038 8009)
4(6007 8037 8038 6008)
4(5980 6009 8039 8010)
4(6008 8038 8039 6009)
4(5981 6010 8040 8011)
4(6009 8039 8040 6010)
4(5982 6011 8041 8012)
4(6010 8040 8041 6011)
4(5983 6012 8042 8013)
4(6011 8041 8042 6012)
4(5984 6013 8043 8014)
4(6012 8042 8043 6013)
4(5985 6014 8044 8015)
4(6013 8043 8044 6014)
4(5986 6015 8045 8016)
4(6014 8044 8045 6015)
4(5987 6016 8046 8017)
4(6015 8045 8046 6016)
4(6016 8046 8047 6017)
4(5990 6019 8049 8020)
4(6018 8048 8049 6019)
4(5991 6020 8050 8021)
4(6019 8049 8050 6020)
4(5992 6021 8051 8022)
4(6020 8050 8051 6021)
4(5993 6022 8052 8023)
4(6021 8051 8052 6022)
4(5994 6023 8053 8024)
4(6022 8052 8053 6023)
4(5995 6024 8054 8025)
4(6023 8053 8054 6024)
4(5996 6025 8055 8026)
4(6024 8054 8055 6025)
4(5997 6026 8056 8027)
4(6025 8055 8056 6026)
4(5998 6027 8057 8028)
4(6026 8056 8057 6027)
4(5999 6028 8058 8029)
4(6027 8057 8058 6028)
4(6000 6029 8059 8030)
4(6028 8058 8059 6029)
4(6001 6030 8060 8031)
4(6029 8059 8060 6030)
4(6002 6031 8061 8032)
4(6030 8060 8061 6031)
4(6003 6032 8062 8033)
4(6031 8061 8062 6032)
4(6004 6033 8063 8034)
4(6032 8062 8063 6033)
4(6005 6034 8064 8035)
4(6033 8063 8064 6034)
4(6006 6035 8065 8036)
4(6034 8064 8065 6035)
4(6007 6036 8066 8037)
4(6035 8065 8066 6036)
4(6008 6037 8067 8038)
4(6036 8066 8067 6037)
4(6009 6038 8068 8039)
4(6037 8067 8068 6038)
4(6010 6039 8069 8040)
4(6038 8068 8069 6039)
4(6011 6040 8070 8041)
4(6039 8069 8070 6040)
4(6012 6041 8071 8042)
4(6040 8070 8071 6041)
4(6013 6042 8072 8043)
4(6041 8071 8072 6042)
4(6014 6043 8073 8044)
4(6042 8072 8073 6043)
4(6015 6044 8074 8045)
4(6043 8073 8074 6044)
4(6016 6045 8075 8046)
4(6044 8074 8075 6045)
4(6045 8075 8076 6046)
4(6019 6048 8078 8049)
4(6047 8077 8078 6048)
4(6020 6049 8079 8050)
4(6048 8078 8079 6049)
4(6021 6050 8080 8051)
4(6049 8079 8080 6050)
4(6022 6051 8081 8052)
4(6050 8080 8081 6051)
4(6023 6052 8082 8053)
4(6051 8081 8082 6052)
4(6024 6053 8083 8054)
4(6052 8082 8083 6053)
4(6025 6054 8084 8055)
4(6053 8083 8084 6054)
4(6026 6055 8085 8056)
4(6054 8084 8085 6055)
4(6027 6056 8086 8057)
4(6055 8085 8086 6056)
4(6028 6057 8087 8058)
4(6056 8086 8087 6057)
4(6029 6058 8088 8059)
4(6057 8087 8088 6058)
4(6030 6059 8089 8060)
4(6058 8088 8089 6059)
4(6031 6060 8090 8061)
4(6059 8089 8090 6060)
4(6032 6061 8091 8062)
4(6060 8090 8091 6061)
4(6033 6062 8092 8063)
4(6061 8091 8092 6062)
4(6034 6063 8093 8064)
4(6062 8092 8093 6063)
4(6035 6064 8094 8065)
4(6063 8093 8094 6064)
4(6036 6065 8095 8066)
4(6064 8094 8095 6065)
4(6037 6066 8096 8067)
4(6065 8095 8096 6066)
4(6038 6067 8097 8068)
4(6066 8096 8097 6067)
4(6039 6068 8098 8069)
4(6067 8097 8098 6068)
4(6040 6069 8099 8070)
4(6068 8098 8099 6069)
4(6041 6070 8100 8071)
4(6069 8099 8100 6070)
4(6042 6071 8101 8072)
4(6070 8100 8101 6071)
4(6043 6072 8102 8073)
4(6071 8101 8102 6072)
4(6044 6073 8103 8074)
4(6072 8102 8103 6073)
4(6045 6074 8104 8075)
4(6073 8103 8104 6074)
4(6074 8104 8105 6075)
4(6048 6077 8107 8078)
4(6076 8106 8107 6077)
4(6049 6078 8108 8079)
4(6077 8107 8108 6078)
4(6050 6079 8109 8080)
4(6078 8108 8109 6079)
4(6051 6080 8110 8081)
4(6079 8109 8110 6080)
4(6052 6081 8111 8082)
4(6080 8110 8111 6081)
4(6053 6082 8112 8083)
4(6081 8111 8112 6082)
4(6054 6083 8113 8084)
4(6082 8112 8113 6083)
4(6055 6084 8114 8085)
4(6083 8113 8114 6084)
4(6056 6085 8115 8086)
4(6084 8114 8115 6085)
4(6057 6086 8116 8087)
4(6085 8115 8116 6086)
4(6058 6087 8117 8088)
4(6086 8116 8117 6087)
4(6059 6088 8118 8089)
4(6087 8117 8118 6088)
4(6060 6089 8119 8090)
4(6088 8118 8119 6089)
4(6061 6090 8120 8091)
4(6089 8119 8120 6090)
4(6062 6091 8121 8092)
4(6090 8120 8121 6091)
4(6063 6092 8122 8093)
4(6091 8121 8122 6092)
4(6064 6093 8123 8094)
4(6092 8122 8123 6093)
4(6065 6094 8124 8095)
4(6093 8123 8124 6094)
4(6066 6095 8125 8096)
4(6094 8124 8125 6095)
4(6067 6096 8126 8097)
4(6095 8125 8126 6096)
4(6068 6097 8127 8098)
4(6096 8126 8127 6097)
4(6069 6098 8128 8099)
4(6097 8127 8128 6098)
4(6070 6099 8129 8100)
4(6098 8128 8129 6099)
4(6071 6100 8130 8101)
4(6099 8129 8130 6100)
4(6072 6101 8131 8102)
4(6100 8130 8131 6101)
4(6073 6102 8132 8103)
4(6101 8131 8132 6102)
4(6074 6103 8133 8104)
4(6102 8132 8133 6103)
4(6103 8133 8134 6104)
4(6077 6106 8136 8107)
4(6105 8135 8136 6106)
4(6078 6107 8137 8108)
4(6106 8136 8137 6107)
4(6079 6108 8138 8109)
4(6107 8137 8138 6108)
4(6080 6109 8139 8110)
4(6108 8138 8139 6109)
4(6081 6110 8140 8111)
4(6109 8139 8140 6110)
4(6082 6111 8141 8112)
4(6110 8140 8141 6111)
4(6083 6112 8142 8113)
4(6111 8141 8142 6112)
4(6084 6113 8143 8114)
4(6112 8142 8143 6113)
4(6085 6114 8144 8115)
4(6113 8143 8144 6114)
4(6086 6115 8145 8116)
4(6114 8144 8145 6115)
4(6087 6116 8146 8117)
4(6115 8145 8146 6116)
4(6088 6117 8147 8118)
4(6116 8146 8147 6117)
4(6089 6118 8148 8119)
4(6117 8147 8148 6118)
4(6090 6119 8149 8120)
4(6118 8148 8149 6119)
4(6091 6120 8150 8121)
4(6119 8149 8150 6120)
4(6092 6121 8151 8122)
4(6120 8150 8151 6121)
4(6093 6122 8152 8123)
4(6121 8151 8152 6122)
4(6094 6123 8153 8124)
4(6122 8152 8153 6123)
4(6095 6124 8154 8125)
4(6123 8153 8154 6124)
4(6096 6125 8155 8126)
4(6124 8154 8155 6125)
4(6097 6126 8156 8127)
4(6125 8155 8156 6126)
4(6098 6127 8157 8128)
4(6126 8156 8157 6127)
4(6099 6128 8158 8129)
4(6127 8157 8158 6128)
4(6100 6129 8159 8130)
4(6128 8158 8159 6129)
4(6101 6130 8160 8131)
4(6129 8159 8160 6130)
4(6102 6131 8161 8132)
4(6130 8160 8161 6131)
4(6103 6132 8162 8133)
4(6131 8161 8162 6132)
4(6132 8162 8163 6133)
4(6106 6135 8165 8136)
4(6134 8164 8165 6135)
4(6107 6136 8166 8137)
4(6135 8165 8166 6136)
4(6108 6137 8167 8138)
4(6136 8166 8167 6137)
4(6109 6138 8168 8139)
4(6137 8167 8168 6138)
4(6110 6139 8169 8140)
4(6138 8168 8169 6139)
4(6111 6140 8170 8141)
4(6139 8169 8170 6140)
4(6112 6141 8171 8142)
4(6140 8170 8171 6141)
4(6113 6142 8172 8143)
4(6141 8171 8172 6142)
4(6114 6143 8173 8144)
4(6142 8172 8173 6143)
4(6115 6144 8174 8145)
4(6143 8173 8174 6144)
4(6116 6145 8175 8146)
4(6144 8174 8175 6145)
4(6117 6146 8176 8147)
4(6145 8175 8176 6146)
4(6118 6147 8177 8148)
4(6146 8176 8177 6147)
4(6119 6148 8178 8149)
4(6147 8177 8178 6148)
4(6120 6149 8179 8150)
4(6148 8178 8179 6149)
4(6121 6150 8180 8151)
4(6149 8179 8180 6150)
4(6122 6151 8181 8152)
4(6150 8180 8181 6151)
4(6123 6152 8182 8153)
4(6151 8181 8182 6152)
4(6124 6153 8183 8154)
4(6152 8182 8183 6153)
4(6125 6154 8184 8155)
4(6153 8183 8184 6154)
4(6126 6155 8185 8156)
4(6154 8184 8185 6155)
4(6127 6156 8186 8157)
4(6155 8185 8186 6156)
4(6128 6157 8187 8158)
4(6156 8186 8187 6157)
4(6129 6158 8188 8159)
4(6157 8187 8188 6158)
4(6130 6159 8189 8160)
4(6158 8188 8189 6159)
4(6131 6160 8190 8161)
4(6159 8189 8190 6160)
4(6132 6161 8191 8162)
4(6160 8190 8191 6161)
4(6161 8191 8192 6162)
4(6135 6164 8194 8165)
4(6163 8193 8194 6164)
4(6136 6165 8195 8166)
4(6164 8194 8195 6165)
4(6137 6166 8196 8167)
4(6165 8195 8196 6166)
4(6138 6167 8197 8168)
4(6166 8196 8197 6167)
4(6139 6168 8198 8169)
4(6167 8197 8198 6168)
4(6140 6169 8199 8170)
4(6168 8198 8199 6169)
4(6141 6170 8200 8171)
4(6169 8199 8200 6170)
4(6142 6171 8201 8172)
4(6170 8200 8201 6171)
4(6143 6172 8202 8173)
4(6171 8201 8202 6172)
4(6144 6173 8203 8174)
4(6172 8202 8203 6173)
4(6145 6174 8204 8175)
4(6173 8203 8204 6174)
4(6146 6175 8205 8176)
4(6174 8204 8205 6175)
4(6147 6176 8206 8177)
4(6175 8205 8206 6176)
4(6148 6177 8207 8178)
4(6176 8206 8207 6177)
4(6149 6178 8208 8179)
4(6177 8207 8208 6178)
4(6150 6179 8209 8180)
4(6178 8208 8209 6179)
4(6151 6180 8210 8181)
4(6179 8209 8210 6180)
4(6152 6181 8211 8182)
4(6180 8210 8211 6181)
4(6153 6182 8212 8183)
4(6181 8211 8212 6182)
4(6154 6183 8213 8184)
4(6182 8212 8213 6183)
4(6155 6184 8214 8185)
4(6183 8213 8214 6184)
4(6156 6185 8215 8186)
4(6184 8214 8215 6185)
4(6157 6186 8216 8187)
4(6185 8215 8216 6186)
4(6158 6187 8217 8188)
4(6186 8216 8217 6187)
4(6159 6188 8218 8189)
4(6187 8217 8218 6188)
4(6160 6189 8219 8190)
4(6188 8218 8219 6189)
4(6161 6190 8220 8191)
4(6189 8219 8220 6190)
4(6190 8220 8221 6191)
4(6164 6193 8223 8194)
4(6192 8222 8223 6193)
4(6165 6194 8224 8195)
4(6193 8223 8224 6194)
4(6166 6195 8225 8196)
4(6194 8224 8225 6195)
4(6167 6196 8226 8197)
4(6195 8225 8226 6196)
4(6168 6197 8227 8198)
4(6196 8226 8227 6197)
4(6169 6198 8228 8199)
4(6197 8227 8228 6198)
4(6170 6199 8229 8200)
4(6198 8228 8229 6199)
4(6171 6200 8230 8201)
4(6199 8229 8230 6200)
4(6172 6201 8231 8202)
4(6200 8230 8231 6201)
4(6173 6202 8232 8203)
4(6201 8231 8232 6202)
4(6174 6203 8233 8204)
4(6202 8232 8233 6203)
4(6175 6204 8234 8205)
4(6203 8233 8234 6204)
4(6176 6205 8235 8206)
4(6204 8234 8235 6205)
4(6177 6206 8236 8207)
4(6205 8235 8236 6206)
4(6178 6207 8237 8208)
4(6206 8236 8237 6207)
4(6179 6208 8238 8209)
4(6207 8237 8238 6208)
4(6180 6209 8239 8210)
4(6208 8238 8239 6209)
4(6181 6210 8240 8211)
4(6209 8239 8240 6210)
4(6182 6211 8241 8212)
4(6210 8240 8241 6211)
4(6183 6212 8242 8213)
4(6211 8241 8242 6212)
4(6184 6213 8243 8214)
4(6212 8242 8243 6213)
4(6185 6214 8244 8215)
4(6213 8243 8244 6214)
4(6186 6215 8245 8216)
4(6214 8244 8245 6215)
4(6187 6216 8246 8217)
4(6215 8245 8246 6216)
4(6188 6217 8247 8218)
4(6216 8246 8247 6217)
4(6189 6218 8248 8219)
4(6217 8247 8248 6218)
4(6190 6219 8249 8220)
4(6218 8248 8249 6219)
4(6219 8249 8250 6220)
4(6193 6222 8252 8223)
4(6221 8251 8252 6222)
4(6194 6223 8253 8224)
4(6222 8252 8253 6223)
4(6195 6224 8254 8225)
4(6223 8253 8254 6224)
4(6196 6225 8255 8226)
4(6224 8254 8255 6225)
4(6197 6226 8256 8227)
4(6225 8255 8256 6226)
4(6198 6227 8257 8228)
4(6226 8256 8257 6227)
4(6199 6228 8258 8229)
4(6227 8257 8258 6228)
4(6200 6229 8259 8230)
4(6228 8258 8259 6229)
4(6201 6230 8260 8231)
4(6229 8259 8260 6230)
4(6202 6231 8261 8232)
4(6230 8260 8261 6231)
4(6203 6232 8262 8233)
4(6231 8261 8262 6232)
4(6204 6233 8263 8234)
4(6232 8262 8263 6233)
4(6205 6234 8264 8235)
4(6233 8263 8264 6234)
4(6206 6235 8265 8236)
4(6234 8264 8265 6235)
4(6207 6236 8266 8237)
4(6235 8265 8266 6236)
4(6208 6237 8267 8238)
4(6236 8266 8267 6237)
4(6209 6238 8268 8239)
4(6237 8267 8268 6238)
4(6210 6239 8269 8240)
4(6238 8268 8269 6239)
4(6211 6240 8270 8241)
4(6239 8269 8270 6240)
4(6212 6241 8271 8242)
4(6240 8270 8271 6241)
4(6213 6242 8272 8243)
4(6241 8271 8272 6242)
4(6214 6243 8273 8244)
4(6242 8272 8273 6243)
4(6215 6244 8274 8245)
4(6243 8273 8274 6244)
4(6216 6245 8275 8246)
4(6244 8274 8275 6245)
4(6217 6246 8276 8247)
4(6245 8275 8276 6246)
4(6218 6247 8277 8248)
4(6246 8276 8277 6247)
4(6219 6248 8278 8249)
4(6247 8277 8278 6248)
4(6248 8278 8279 6249)
4(6222 6251 8281 8252)
4(6250 8280 8281 6251)
4(6223 6252 8282 8253)
4(6251 8281 8282 6252)
4(6224 6253 8283 8254)
4(6252 8282 8283 6253)
4(6225 6254 8284 8255)
4(6253 8283 8284 6254)
4(6226 6255 8285 8256)
4(6254 8284 8285 6255)
4(6227 6256 8286 8257)
4(6255 8285 8286 6256)
4(6228 6257 8287 8258)
4(6256 8286 8287 6257)
4(6229 6258 8288 8259)
4(6257 8287 8288 6258)
4(6230 6259 8289 8260)
4(6258 8288 8289 6259)
4(6231 6260 8290 8261)
4(6259 8289 8290 6260)
4(6232 6261 8291 8262)
4(6260 8290 8291 6261)
4(6233 6262 8292 8263)
4(6261 8291 8292 6262)
4(6234 6263 8293 8264)
4(6262 8292 8293 6263)
4(6235 6264 8294 8265)
4(6263 8293 8294 6264)
4(6236 6265 8295 8266)
4(6264 8294 8295 6265)
4(6237 6266 8296 8267)
4(6265 8295 8296 6266)
4(6238 6267 8297 8268)
4(6266 8296 8297 6267)
4(6239 6268 8298 8269)
4(6267 8297 8298 6268)
4(6240 6269 8299 8270)
4(6268 8298 8299 6269)
4(6241 6270 8300 8271)
4(6269 8299 8300 6270)
4(6242 6271 8301 8272)
4(6270 8300 8301 6271)
4(6243 6272 8302 8273)
4(6271 8301 8302 6272)
4(6244 6273 8303 8274)
4(6272 8302 8303 6273)
4(6245 6274 8304 8275)
4(6273 8303 8304 6274)
4(6246 6275 8305 8276)
4(6274 8304 8305 6275)
4(6247 6276 8306 8277)
4(6275 8305 8306 6276)
4(6248 6277 8307 8278)
4(6276 8306 8307 6277)
4(6277 8307 8308 6278)
4(6251 6280 8310 8281)
4(6279 8309 8310 6280)
4(6252 6281 8311 8282)
4(6280 8310 8311 6281)
4(6253 6282 8312 8283)
4(6281 8311 8312 6282)
4(6254 6283 8313 8284)
4(6282 8312 8313 6283)
4(6255 6284 8314 8285)
4(6283 8313 8314 6284)
4(6256 6285 8315 8286)
4(6284 8314 8315 6285)
4(6257 6286 8316 8287)
4(6285 8315 8316 6286)
4(6258 6287 8317 8288)
4(6286 8316 8317 6287)
4(6259 6288 8318 8289)
4(6287 8317 8318 6288)
4(6260 6289 8319 8290)
4(6288 8318 8319 6289)
4(6261 6290 8320 8291)
4(6289 8319 8320 6290)
4(6262 6291 8321 8292)
4(6290 8320 8321 6291)
4(6263 6292 8322 8293)
4(6291 8321 8322 6292)
4(6264 6293 8323 8294)
4(6292 8322 8323 6293)
4(6265 6294 8324 8295)
4(6293 8323 8324 6294)
4(6266 6295 8325 8296)
4(6294 8324 8325 6295)
4(6267 6296 8326 8297)
4(6295 8325 8326 6296)
4(6268 6297 8327 8298)
4(6296 8326 8327 6297)
4(6269 6298 8328 8299)
4(6297 8327 8328 6298)
4(6270 6299 8329 8300)
4(6298 8328 8329 6299)
4(6271 6300 8330 8301)
4(6299 8329 8330 6300)
4(6272 6301 8331 8302)
4(6300 8330 8331 6301)
4(6273 6302 8332 8303)
4(6301 8331 8332 6302)
4(6274 6303 8333 8304)
4(6302 8332 8333 6303)
4(6275 6304 8334 8305)
4(6303 8333 8334 6304)
4(6276 6305 8335 8306)
4(6304 8334 8335 6305)
4(6277 6306 8336 8307)
4(6305 8335 8336 6306)
4(6306 8336 8337 6307)
4(6280 6309 8339 8310)
4(6308 8338 8339 6309)
4(6281 6310 8340 8311)
4(6309 8339 8340 6310)
4(6282 6311 8341 8312)
4(6310 8340 8341 6311)
4(6283 6312 8342 8313)
4(6311 8341 8342 6312)
4(6284 6313 8343 8314)
4(6312 8342 8343 6313)
4(6285 6314 8344 8315)
4(6313 8343 8344 6314)
4(6286 6315 8345 8316)
4(6314 8344 8345 6315)
4(6287 6316 8346 8317)
4(6315 8345 8346 6316)
4(6288 6317 8347 8318)
4(6316 8346 8347 6317)
4(6289 6318 8348 8319)
4(6317 8347 8348 6318)
4(6290 6319 8349 8320)
4(6318 8348 8349 6319)
4(6291 6320 8350 8321)
4(6319 8349 8350 6320)
4(6292 6321 8351 8322)
4(6320 8350 8351 6321)
4(6293 6322 8352 8323)
4(6321 8351 8352 6322)
4(6294 6323 8353 8324)
4(6322 8352 8353 6323)
4(6295 6324 8354 8325)
4(6323 8353 8354 6324)
4(6296 6325 8355 8326)
4(6324 8354 8355 6325)
4(6297 6326 8356 8327)
4(6325 8355 8356 6326)
4(6298 6327 8357 8328)
4(6326 8356 8357 6327)
4(6299 6328 8358 8329)
4(6327 8357 8358 6328)
4(6300 6329 8359 8330)
4(6328 8358 8359 6329)
4(6301 6330 8360 8331)
4(6329 8359 8360 6330)
4(6302 6331 8361 8332)
4(6330 8360 8361 6331)
4(6303 6332 8362 8333)
4(6331 8361 8362 6332)
4(6304 6333 8363 8334)
4(6332 8362 8363 6333)
4(6305 6334 8364 8335)
4(6333 8363 8364 6334)
4(6306 6335 8365 8336)
4(6334 8364 8365 6335)
4(6335 8365 8366 6336)
4(6309 6338 8368 8339)
4(6337 8367 8368 6338)
4(6310 6339 8369 8340)
4(6338 8368 8369 6339)
4(6311 6340 8370 8341)
4(6339 8369 8370 6340)
4(6312 6341 8371 8342)
4(6340 8370 8371 6341)
4(6313 6342 8372 8343)
4(6341 8371 8372 6342)
4(6314 6343 8373 8344)
4(6342 8372 8373 6343)
4(6315 6344 8374 8345)
4(6343 8373 8374 6344)
4(6316 6345 8375 8346)
4(6344 8374 8375 6345)
4(6317 6346 8376 8347)
4(6345 8375 8376 6346)
4(6318 6347 8377 8348)
4(6346 8376 8377 6347)
4(6319 6348 8378 8349)
4(6347 8377 8378 6348)
4(6320 6349 8379 8350)
4(6348 8378 8379 6349)
4(6321 6350 8380 8351)
4(6349 8379 8380 6350)
4(6322 6351 8381 8352)
4(6350 8380 8381 6351)
4(6323 6352 8382 8353)
4(6351 8381 8382 6352)
4(6324 6353 8383 8354)
4(6352 8382 8383 6353)
4(6325 6354 8384 8355)
4(6353 8383 8384 6354)
4(6326 6355 8385 8356)
4(6354 8384 8385 6355)
4(6327 6356 8386 8357)
4(6355 8385 8386 6356)
4(6328 6357 8387 8358)
4(6356 8386 8387 6357)
4(6329 6358 8388 8359)
4(6357 8387 8388 6358)
4(6330 6359 8389 8360)
4(6358 8388 8389 6359)
4(6331 6360 8390 8361)
4(6359 8389 8390 6360)
4(6332 6361 8391 8362)
4(6360 8390 8391 6361)
4(6333 6362 8392 8363)
4(6361 8391 8392 6362)
4(6334 6363 8393 8364)
4(6362 8392 8393 6363)
4(6335 6364 8394 8365)
4(6363 8393 8394 6364)
4(6364 8394 8395 6365)
4(6338 6367 8397 8368)
4(6366 8396 8397 6367)
4(6339 6368 8398 8369)
4(6367 8397 8398 6368)
4(6340 6369 8399 8370)
4(6368 8398 8399 6369)
4(6341 6370 8400 8371)
4(6369 8399 8400 6370)
4(6342 6371 8401 8372)
4(6370 8400 8401 6371)
4(6343 6372 8402 8373)
4(6371 8401 8402 6372)
4(6344 6373 8403 8374)
4(6372 8402 8403 6373)
4(6345 6374 8404 8375)
4(6373 8403 8404 6374)
4(6346 6375 8405 8376)
4(6374 8404 8405 6375)
4(6347 6376 8406 8377)
4(6375 8405 8406 6376)
4(6348 6377 8407 8378)
4(6376 8406 8407 6377)
4(6349 6378 8408 8379)
4(6377 8407 8408 6378)
4(6350 6379 8409 8380)
4(6378 8408 8409 6379)
4(6351 6380 8410 8381)
4(6379 8409 8410 6380)
4(6352 6381 8411 8382)
4(6380 8410 8411 6381)
4(6353 6382 8412 8383)
4(6381 8411 8412 6382)
4(6354 6383 8413 8384)
4(6382 8412 8413 6383)
4(6355 6384 8414 8385)
4(6383 8413 8414 6384)
4(6356 6385 8415 8386)
4(6384 8414 8415 6385)
4(6357 6386 8416 8387)
4(6385 8415 8416 6386)
4(6358 6387 8417 8388)
4(6386 8416 8417 6387)
4(6359 6388 8418 8389)
4(6387 8417 8418 6388)
4(6360 6389 8419 8390)
4(6388 8418 8419 6389)
4(6361 6390 8420 8391)
4(6389 8419 8420 6390)
4(6362 6391 8421 8392)
4(6390 8420 8421 6391)
4(6363 6392 8422 8393)
4(6391 8421 8422 6392)
4(6364 6393 8423 8394)
4(6392 8422 8423 6393)
4(6393 8423 8424 6394)
4(6367 6396 8426 8397)
4(6395 8425 8426 6396)
4(6368 6397 8427 8398)
4(6396 8426 8427 6397)
4(6369 6398 8428 8399)
4(6397 8427 8428 6398)
4(6370 6399 8429 8400)
4(6398 8428 8429 6399)
4(6371 6400 8430 8401)
4(6399 8429 8430 6400)
4(6372 6401 8431 8402)
4(6400 8430 8431 6401)
4(6373 6402 8432 8403)
4(6401 8431 8432 6402)
4(6374 6403 8433 8404)
4(6402 8432 8433 6403)
4(6375 6404 8434 8405)
4(6403 8433 8434 6404)
4(6376 6405 8435 8406)
4(6404 8434 8435 6405)
4(6377 6406 8436 8407)
4(6405 8435 8436 6406)
4(6378 6407 8437 8408)
4(6406 8436 8437 6407)
4(6379 6408 8438 8409)
4(6407 8437 8438 6408)
4(6380 6409 8439 8410)
4(6408 8438 8439 6409)
4(6381 6410 8440 8411)
4(6409 8439 8440 6410)
4(6382 6411 8441 8412)
4(6410 8440 8441 6411)
4(6383 6412 8442 8413)
4(6411 8441 8442 6412)
4(6384 6413 8443 8414)
4(6412 8442 8443 6413)
4(6385 6414 8444 8415)
4(6413 8443 8444 6414)
4(6386 6415 8445 8416)
4(6414 8444 8445 6415)
4(6387 6416 8446 8417)
4(6415 8445 8446 6416)
4(6388 6417 8447 8418)
4(6416 8446 8447 6417)
4(6389 6418 8448 8419)
4(6417 8447 8448 6418)
4(6390 6419 8449 8420)
4(6418 8448 8449 6419)
4(6391 6420 8450 8421)
4(6419 8449 8450 6420)
4(6392 6421 8451 8422)
4(6420 8450 8451 6421)
4(6393 6422 8452 8423)
4(6421 8451 8452 6422)
4(6422 8452 8453 6423)
4(6396 6425 8455 8426)
4(6424 8454 8455 6425)
4(6397 6426 8456 8427)
4(6425 8455 8456 6426)
4(6398 6427 8457 8428)
4(6426 8456 8457 6427)
4(6399 6428 8458 8429)
4(6427 8457 8458 6428)
4(6400 6429 8459 8430)
4(6428 8458 8459 6429)
4(6401 6430 8460 8431)
4(6429 8459 8460 6430)
4(6402 6431 8461 8432)
4(6430 8460 8461 6431)
4(6403 6432 8462 8433)
4(6431 8461 8462 6432)
4(6404 6433 8463 8434)
4(6432 8462 8463 6433)
4(6405 6434 8464 8435)
4(6433 8463 8464 6434)
4(6406 6435 8465 8436)
4(6434 8464 8465 6435)
4(6407 6436 8466 8437)
4(6435 8465 8466 6436)
4(6408 6437 8467 8438)
4(6436 8466 8467 6437)
4(6409 6438 8468 8439)
4(6437 8467 8468 6438)
4(6410 6439 8469 8440)
4(6438 8468 8469 6439)
4(6411 6440 8470 8441)
4(6439 8469 8470 6440)
4(6412 6441 8471 8442)
4(6440 8470 8471 6441)
4(6413 6442 8472 8443)
4(6441 8471 8472 6442)
4(6414 6443 8473 8444)
4(6442 8472 8473 6443)
4(6415 6444 8474 8445)
4(6443 8473 8474 6444)
4(6416 6445 8475 8446)
4(6444 8474 8475 6445)
4(6417 6446 8476 8447)
4(6445 8475 8476 6446)
4(6418 6447 8477 8448)
4(6446 8476 8477 6447)
4(6419 6448 8478 8449)
4(6447 8477 8478 6448)
4(6420 6449 8479 8450)
4(6448 8478 8479 6449)
4(6421 6450 8480 8451)
4(6449 8479 8480 6450)
4(6422 6451 8481 8452)
4(6450 8480 8481 6451)
4(6451 8481 8482 6452)
4(6425 6454 8484 8455)
4(6453 8483 8484 6454)
4(6426 6455 8485 8456)
4(6454 8484 8485 6455)
4(6427 6456 8486 8457)
4(6455 8485 8486 6456)
4(6428 6457 8487 8458)
4(6456 8486 8487 6457)
4(6429 6458 8488 8459)
4(6457 8487 8488 6458)
4(6430 6459 8489 8460)
4(6458 8488 8489 6459)
4(6431 6460 8490 8461)
4(6459 8489 8490 6460)
4(6432 6461 8491 8462)
4(6460 8490 8491 6461)
4(6433 6462 8492 8463)
4(6461 8491 8492 6462)
4(6434 6463 8493 8464)
4(6462 8492 8493 6463)
4(6435 6464 8494 8465)
4(6463 8493 8494 6464)
4(6436 6465 8495 8466)
4(6464 8494 8495 6465)
4(6437 6466 8496 8467)
4(6465 8495 8496 6466)
4(6438 6467 8497 8468)
4(6466 8496 8497 6467)
4(6439 6468 8498 8469)
4(6467 8497 8498 6468)
4(6440 6469 8499 8470)
4(6468 8498 8499 6469)
4(6441 6470 8500 8471)
4(6469 8499 8500 6470)
4(6442 6471 8501 8472)
4(6470 8500 8501 6471)
4(6443 6472 8502 8473)
4(6471 8501 8502 6472)
4(6444 6473 8503 8474)
4(6472 8502 8503 6473)
4(6445 6474 8504 8475)
4(6473 8503 8504 6474)
4(6446 6475 8505 8476)
4(6474 8504 8505 6475)
4(6447 6476 8506 8477)
4(6475 8505 8506 6476)
4(6448 6477 8507 8478)
4(6476 8506 8507 6477)
4(6449 6478 8508 8479)
4(6477 8507 8508 6478)
4(6450 6479 8509 8480)
4(6478 8508 8509 6479)
4(6451 6480 8510 8481)
4(6479 8509 8510 6480)
4(6480 8510 8511 6481)
4(6454 6483 8513 8484)
4(6482 8512 8513 6483)
4(6455 6484 8514 8485)
4(6483 8513 8514 6484)
4(6456 6485 8515 8486)
4(6484 8514 8515 6485)
4(6457 6486 8516 8487)
4(6485 8515 8516 6486)
4(6458 6487 8517 8488)
4(6486 8516 8517 6487)
4(6459 6488 8518 8489)
4(6487 8517 8518 6488)
4(6460 6489 8519 8490)
4(6488 8518 8519 6489)
4(6461 6490 8520 8491)
4(6489 8519 8520 6490)
4(6462 6491 8521 8492)
4(6490 8520 8521 6491)
4(6463 6492 8522 8493)
4(6491 8521 8522 6492)
4(6464 6493 8523 8494)
4(6492 8522 8523 6493)
4(6465 6494 8524 8495)
4(6493 8523 8524 6494)
4(6466 6495 8525 8496)
4(6494 8524 8525 6495)
4(6467 6496 8526 8497)
4(6495 8525 8526 6496)
4(6468 6497 8527 8498)
4(6496 8526 8527 6497)
4(6469 6498 8528 8499)
4(6497 8527 8528 6498)
4(6470 6499 8529 8500)
4(6498 8528 8529 6499)
4(6471 6500 8530 8501)
4(6499 8529 8530 6500)
4(6472 6501 8531 8502)
4(6500 8530 8531 6501)
4(6473 6502 8532 8503)
4(6501 8531 8532 6502)
4(6474 6503 8533 8504)
4(6502 8532 8533 6503)
4(6475 6504 8534 8505)
4(6503 8533 8534 6504)
4(6476 6505 8535 8506)
4(6504 8534 8535 6505)
4(6477 6506 8536 8507)
4(6505 8535 8536 6506)
4(6478 6507 8537 8508)
4(6506 8536 8537 6507)
4(6479 6508 8538 8509)
4(6507 8537 8538 6508)
4(6480 6509 8539 8510)
4(6508 8538 8539 6509)
4(6509 8539 8540 6510)
4(6483 6512 8542 8513)
4(6511 8541 8542 6512)
4(6484 6513 8543 8514)
4(6512 8542 8543 6513)
4(6485 6514 8544 8515)
4(6513 8543 8544 6514)
4(6486 6515 8545 8516)
4(6514 8544 8545 6515)
4(6487 6516 8546 8517)
4(6515 8545 8546 6516)
4(6488 6517 8547 8518)
4(6516 8546 8547 6517)
4(6489 6518 8548 8519)
4(6517 8547 8548 6518)
4(6490 6519 8549 8520)
4(6518 8548 8549 6519)
4(6491 6520 8550 8521)
4(6519 8549 8550 6520)
4(6492 6521 8551 8522)
4(6520 8550 8551 6521)
4(6493 6522 8552 8523)
4(6521 8551 8552 6522)
4(6494 6523 8553 8524)
4(6522 8552 8553 6523)
4(6495 6524 8554 8525)
4(6523 8553 8554 6524)
4(6496 6525 8555 8526)
4(6524 8554 8555 6525)
4(6497 6526 8556 8527)
4(6525 8555 8556 6526)
4(6498 6527 8557 8528)
4(6526 8556 8557 6527)
4(6499 6528 8558 8529)
4(6527 8557 8558 6528)
4(6500 6529 8559 8530)
4(6528 8558 8559 6529)
4(6501 6530 8560 8531)
4(6529 8559 8560 6530)
4(6502 6531 8561 8532)
4(6530 8560 8561 6531)
4(6503 6532 8562 8533)
4(6531 8561 8562 6532)
4(6504 6533 8563 8534)
4(6532 8562 8563 6533)
4(6505 6534 8564 8535)
4(6533 8563 8564 6534)
4(6506 6535 8565 8536)
4(6534 8564 8565 6535)
4(6507 6536 8566 8537)
4(6535 8565 8566 6536)
4(6508 6537 8567 8538)
4(6536 8566 8567 6537)
4(6509 6538 8568 8539)
4(6537 8567 8568 6538)
4(6538 8568 8569 6539)
4(6512 6541 8571 8542)
4(6540 8570 8571 6541)
4(6513 6542 8572 8543)
4(6541 8571 8572 6542)
4(6514 6543 8573 8544)
4(6542 8572 8573 6543)
4(6515 6544 8574 8545)
4(6543 8573 8574 6544)
4(6516 6545 8575 8546)
4(6544 8574 8575 6545)
4(6517 6546 8576 8547)
4(6545 8575 8576 6546)
4(6518 6547 8577 8548)
4(6546 8576 8577 6547)
4(6519 6548 8578 8549)
4(6547 8577 8578 6548)
4(6520 6549 8579 8550)
4(6548 8578 8579 6549)
4(6521 6550 8580 8551)
4(6549 8579 8580 6550)
4(6522 6551 8581 8552)
4(6550 8580 8581 6551)
4(6523 6552 8582 8553)
4(6551 8581 8582 6552)
4(6524 6553 8583 8554)
4(6552 8582 8583 6553)
4(6525 6554 8584 8555)
4(6553 8583 8584 6554)
4(6526 6555 8585 8556)
4(6554 8584 8585 6555)
4(6527 6556 8586 8557)
4(6555 8585 8586 6556)
4(6528 6557 8587 8558)
4(6556 8586 8587 6557)
4(6529 6558 8588 8559)
4(6557 8587 8588 6558)
4(6530 6559 8589 8560)
4(6558 8588 8589 6559)
4(6531 6560 8590 8561)
4(6559 8589 8590 6560)
4(6532 6561 8591 8562)
4(6560 8590 8591 6561)
4(6533 6562 8592 8563)
4(6561 8591 8592 6562)
4(6534 6563 8593 8564)
4(6562 8592 8593 6563)
4(6535 6564 8594 8565)
4(6563 8593 8594 6564)
4(6536 6565 8595 8566)
4(6564 8594 8595 6565)
4(6537 6566 8596 8567)
4(6565 8595 8596 6566)
4(6538 6567 8597 8568)
4(6566 8596 8597 6567)
4(6567 8597 8598 6568)
4(6541 6570 8600 8571)
4(6569 8599 8600 6570)
4(6542 6571 8601 8572)
4(6570 8600 8601 6571)
4(6543 6572 8602 8573)
4(6571 8601 8602 6572)
4(6544 6573 8603 8574)
4(6572 8602 8603 6573)
4(6545 6574 8604 8575)
4(6573 8603 8604 6574)
4(6546 6575 8605 8576)
4(6574 8604 8605 6575)
4(6547 6576 8606 8577)
4(6575 8605 8606 6576)
4(6548 6577 8607 8578)
4(6576 8606 8607 6577)
4(6549 6578 8608 8579)
4(6577 8607 8608 6578)
4(6550 6579 8609 8580)
4(6578 8608 8609 6579)
4(6551 6580 8610 8581)
4(6579 8609 8610 6580)
4(6552 6581 8611 8582)
4(6580 8610 8611 6581)
4(6553 6582 8612 8583)
4(6581 8611 8612 6582)
4(6554 6583 8613 8584)
4(6582 8612 8613 6583)
4(6555 6584 8614 8585)
4(6583 8613 8614 6584)
4(6556 6585 8615 8586)
4(6584 8614 8615 6585)
4(6557 6586 8616 8587)
4(6585 8615 8616 6586)
4(6558 6587 8617 8588)
4(6586 8616 8617 6587)
4(6559 6588 8618 8589)
4(6587 8617 8618 6588)
4(6560 6589 8619 8590)
4(6588 8618 8619 6589)
4(6561 6590 8620 8591)
4(6589 8619 8620 6590)
4(6562 6591 8621 8592)
4(6590 8620 8621 6591)
4(6563 6592 8622 8593)
4(6591 8621 8622 6592)
4(6564 6593 8623 8594)
4(6592 8622 8623 6593)
4(6565 6594 8624 8595)
4(6593 8623 8624 6594)
4(6566 6595 8625 8596)
4(6594 8624 8625 6595)
4(6567 6596 8626 8597)
4(6595 8625 8626 6596)
4(6596 8626 8627 6597)
4(6570 6599 8629 8600)
4(6598 8628 8629 6599)
4(6571 6600 8630 8601)
4(6599 8629 8630 6600)
4(6572 6601 8631 8602)
4(6600 8630 8631 6601)
4(6573 6602 8632 8603)
4(6601 8631 8632 6602)
4(6574 6603 8633 8604)
4(6602 8632 8633 6603)
4(6575 6604 8634 8605)
4(6603 8633 8634 6604)
4(6576 6605 8635 8606)
4(6604 8634 8635 6605)
4(6577 6606 8636 8607)
4(6605 8635 8636 6606)
4(6578 6607 8637 8608)
4(6606 8636 8637 6607)
4(6579 6608 8638 8609)
4(6607 8637 8638 6608)
4(6580 6609 8639 8610)
4(6608 8638 8639 6609)
4(6581 6610 8640 8611)
4(6609 8639 8640 6610)
4(6582 6611 8641 8612)
4(6610 8640 8641 6611)
4(6583 6612 8642 8613)
4(6611 8641 8642 6612)
4(6584 6613 8643 8614)
4(6612 8642 8643 6613)
4(6585 6614 8644 8615)
4(6613 8643 8644 6614)
4(6586 6615 8645 8616)
4(6614 8644 8645 6615)
4(6587 6616 8646 8617)
4(6615 8645 8646 6616)
4(6588 6617 8647 8618)
4(6616 8646 8647 6617)
4(6589 6618 8648 8619)
4(6617 8647 8648 6618)
4(6590 6619 8649 8620)
4(6618 8648 8649 6619)
4(6591 6620 8650 8621)
4(6619 8649 8650 6620)
4(6592 6621 8651 8622)
4(6620 8650 8651 6621)
4(6593 6622 8652 8623)
4(6621 8651 8652 6622)
4(6594 6623 8653 8624)
4(6622 8652 8653 6623)
4(6595 6624 8654 8625)
4(6623 8653 8654 6624)
4(6596 6625 8655 8626)
4(6624 8654 8655 6625)
4(6625 8655 8656 6626)
4(6599 6628 8658 8629)
4(6627 8657 8658 6628)
4(6600 6629 8659 8630)
4(6628 8658 8659 6629)
4(6601 6630 8660 8631)
4(6629 8659 8660 6630)
4(6602 6631 8661 8632)
4(6630 8660 8661 6631)
4(6603 6632 8662 8633)
4(6631 8661 8662 6632)
4(6604 6633 8663 8634)
4(6632 8662 8663 6633)
4(6605 6634 8664 8635)
4(6633 8663 8664 6634)
4(6606 6635 8665 8636)
4(6634 8664 8665 6635)
4(6607 6636 8666 8637)
4(6635 8665 8666 6636)
4(6608 6637 8667 8638)
4(6636 8666 8667 6637)
4(6609 6638 8668 8639)
4(6637 8667 8668 6638)
4(6610 6639 8669 8640)
4(6638 8668 8669 6639)
4(6611 6640 8670 8641)
4(6639 8669 8670 6640)
4(6612 6641 8671 8642)
4(6640 8670 8671 6641)
4(6613 6642 8672 8643)
4(6641 8671 8672 6642)
4(6614 6643 8673 8644)
4(6642 8672 8673 6643)
4(6615 6644 8674 8645)
4(6643 8673 8674 6644)
4(6616 6645 8675 8646)
4(6644 8674 8675 6645)
4(6617 6646 8676 8647)
4(6645 8675 8676 6646)
4(6618 6647 8677 8648)
4(6646 8676 8677 6647)
4(6619 6648 8678 8649)
4(6647 8677 8678 6648)
4(6620 6649 8679 8650)
4(6648 8678 8679 6649)
4(6621 6650 8680 8651)
4(6649 8679 8680 6650)
4(6622 6651 8681 8652)
4(6650 8680 8681 6651)
4(6623 6652 8682 8653)
4(6651 8681 8682 6652)
4(6624 6653 8683 8654)
4(6652 8682 8683 6653)
4(6625 6654 8684 8655)
4(6653 8683 8684 6654)
4(6654 8684 8685 6655)
4(6628 6657 8687 8658)
4(6656 8686 8687 6657)
4(6629 6658 8688 8659)
4(6657 8687 8688 6658)
4(6630 6659 8689 8660)
4(6658 8688 8689 6659)
4(6631 6660 8690 8661)
4(6659 8689 8690 6660)
4(6632 6661 8691 8662)
4(6660 8690 8691 6661)
4(6633 6662 8692 8663)
4(6661 8691 8692 6662)
4(6634 6663 8693 8664)
4(6662 8692 8693 6663)
4(6635 6664 8694 8665)
4(6663 8693 8694 6664)
4(6636 6665 8695 8666)
4(6664 8694 8695 6665)
4(6637 6666 8696 8667)
4(6665 8695 8696 6666)
4(6638 6667 8697 8668)
4(6666 8696 8697 6667)
4(6639 6668 8698 8669)
4(6667 8697 8698 6668)
4(6640 6669 8699 8670)
4(6668 8698 8699 6669)
4(6641 6670 8700 8671)
4(6669 8699 8700 6670)
4(6642 6671 8701 8672)
4(6670 8700 8701 6671)
4(6643 6672 8702 8673)
4(6671 8701 8702 6672)
4(6644 6673 8703 8674)
4(6672 8702 8703 6673)
4(6645 6674 8704 8675)
4(6673 8703 8704 6674)
4(6646 6675 8705 8676)
4(6674 8704 8705 6675)
4(6647 6676 8706 8677)
4(6675 8705 8706 6676)
4(6648 6677 8707 8678)
4(6676 8706 8707 6677)
4(6649 6678 8708 8679)
4(6677 8707 8708 6678)
4(6650 6679 8709 8680)
4(6678 8708 8709 6679)
4(6651 6680 8710 8681)
4(6679 8709 8710 6680)
4(6652 6681 8711 8682)
4(6680 8710 8711 6681)
4(6653 6682 8712 8683)
4(6681 8711 8712 6682)
4(6654 6683 8713 8684)
4(6682 8712 8713 6683)
4(6683 8713 8714 6684)
4(6657 6686 8716 8687)
4(6685 8715 8716 6686)
4(6658 6687 8717 8688)
4(6686 8716 8717 6687)
4(6659 6688 8718 8689)
4(6687 8717 8718 6688)
4(6660 6689 8719 8690)
4(6688 8718 8719 6689)
4(6661 6690 8720 8691)
4(6689 8719 8720 6690)
4(6662 6691 8721 8692)
4(6690 8720 8721 6691)
4(6663 6692 8722 8693)
4(6691 8721 8722 6692)
4(6664 6693 8723 8694)
4(6692 8722 8723 6693)
4(6665 6694 8724 8695)
4(6693 8723 8724 6694)
4(6666 6695 8725 8696)
4(6694 8724 8725 6695)
4(6667 6696 8726 8697)
4(6695 8725 8726 6696)
4(6668 6697 8727 8698)
4(6696 8726 8727 6697)
4(6669 6698 8728 8699)
4(6697 8727 8728 6698)
4(6670 6699 8729 8700)
4(6698 8728 8729 6699)
4(6671 6700 8730 8701)
4(6699 8729 8730 6700)
4(6672 6701 8731 8702)
4(6700 8730 8731 6701)
4(6673 6702 8732 8703)
4(6701 8731 8732 6702)
4(6674 6703 8733 8704)
4(6702 8732 8733 6703)
4(6675 6704 8734 8705)
4(6703 8733 8734 6704)
4(6676 6705 8735 8706)
4(6704 8734 8735 6705)
4(6677 6706 8736 8707)
4(6705 8735 8736 6706)
4(6678 6707 8737 8708)
4(6706 8736 8737 6707)
4(6679 6708 8738 8709)
4(6707 8737 8738 6708)
4(6680 6709 8739 8710)
4(6708 8738 8739 6709)
4(6681 6710 8740 8711)
4(6709 8739 8740 6710)
4(6682 6711 8741 8712)
4(6710 8740 8741 6711)
4(6683 6712 8742 8713)
4(6711 8741 8742 6712)
4(6712 8742 8743 6713)
4(6686 6715 8745 8716)
4(6714 8744 8745 6715)
4(6687 6716 8746 8717)
4(6715 8745 8746 6716)
4(6688 6717 8747 8718)
4(6716 8746 8747 6717)
4(6689 6718 8748 8719)
4(6717 8747 8748 6718)
4(6690 6719 8749 8720)
4(6718 8748 8749 6719)
4(6691 6720 8750 8721)
4(6719 8749 8750 6720)
4(6692 6721 8751 8722)
4(6720 8750 8751 6721)
4(6693 6722 8752 8723)
4(6721 8751 8752 6722)
4(6694 6723 8753 8724)
4(6722 8752 8753 6723)
4(6695 6724 8754 8725)
4(6723 8753 8754 6724)
4(6696 6725 8755 8726)
4(6724 8754 8755 6725)
4(6697 6726 8756 8727)
4(6725 8755 8756 6726)
4(6698 6727 8757 8728)
4(6726 8756 8757 6727)
4(6699 6728 8758 8729)
4(6727 8757 8758 6728)
4(6700 6729 8759 8730)
4(6728 8758 8759 6729)
4(6701 6730 8760 8731)
4(6729 8759 8760 6730)
4(6702 6731 8761 8732)
4(6730 8760 8761 6731)
4(6703 6732 8762 8733)
4(6731 8761 8762 6732)
4(6704 6733 8763 8734)
4(6732 8762 8763 6733)
4(6705 6734 8764 8735)
4(6733 8763 8764 6734)
4(6706 6735 8765 8736)
4(6734 8764 8765 6735)
4(6707 6736 8766 8737)
4(6735 8765 8766 6736)
4(6708 6737 8767 8738)
4(6736 8766 8767 6737)
4(6709 6738 8768 8739)
4(6737 8767 8768 6738)
4(6710 6739 8769 8740)
4(6738 8768 8769 6739)
4(6711 6740 8770 8741)
4(6739 8769 8770 6740)
4(6712 6741 8771 8742)
4(6740 8770 8771 6741)
4(6741 8771 8772 6742)
4(6715 6744 8774 8745)
4(6743 8773 8774 6744)
4(6716 6745 8775 8746)
4(6744 8774 8775 6745)
4(6717 6746 8776 8747)
4(6745 8775 8776 6746)
4(6718 6747 8777 8748)
4(6746 8776 8777 6747)
4(6719 6748 8778 8749)
4(6747 8777 8778 6748)
4(6720 6749 8779 8750)
4(6748 8778 8779 6749)
4(6721 6750 8780 8751)
4(6749 8779 8780 6750)
4(6722 6751 8781 8752)
4(6750 8780 8781 6751)
4(6723 6752 8782 8753)
4(6751 8781 8782 6752)
4(6724 6753 8783 8754)
4(6752 8782 8783 6753)
4(6725 6754 8784 8755)
4(6753 8783 8784 6754)
4(6726 6755 8785 8756)
4(6754 8784 8785 6755)
4(6727 6756 8786 8757)
4(6755 8785 8786 6756)
4(6728 6757 8787 8758)
4(6756 8786 8787 6757)
4(6729 6758 8788 8759)
4(6757 8787 8788 6758)
4(6730 6759 8789 8760)
4(6758 8788 8789 6759)
4(6731 6760 8790 8761)
4(6759 8789 8790 6760)
4(6732 6761 8791 8762)
4(6760 8790 8791 6761)
4(6733 6762 8792 8763)
4(6761 8791 8792 6762)
4(6734 6763 8793 8764)
4(6762 8792 8793 6763)
4(6735 6764 8794 8765)
4(6763 8793 8794 6764)
4(6736 6765 8795 8766)
4(6764 8794 8795 6765)
4(6737 6766 8796 8767)
4(6765 8795 8796 6766)
4(6738 6767 8797 8768)
4(6766 8796 8797 6767)
4(6739 6768 8798 8769)
4(6767 8797 8798 6768)
4(6740 6769 8799 8770)
4(6768 8798 8799 6769)
4(6741 6770 8800 8771)
4(6769 8799 8800 6770)
4(6770 8800 8801 6771)
4(2968 8803 9503 4718)
4(8802 9502 9503 8803)
4(2969 8804 9504 4719)
4(8803 9503 9504 8804)
4(2970 8805 9505 4720)
4(8804 9504 9505 8805)
4(2971 8806 9506 4721)
4(8805 9505 9506 8806)
4(2972 8807 9507 4722)
4(8806 9506 9507 8807)
4(2973 8808 9508 4723)
4(8807 9507 9508 8808)
4(2974 8809 9509 4724)
4(8808 9508 9509 8809)
4(2975 8810 9510 4725)
4(8809 9509 9510 8810)
4(2976 8811 9511 4726)
4(8810 9510 9511 8811)
4(2977 8812 9512 4727)
4(8811 9511 9512 8812)
4(2978 8813 9513 4728)
4(8812 9512 9513 8813)
4(2979 8814 9514 4729)
4(8813 9513 9514 8814)
4(2980 8815 9515 4730)
4(8814 9514 9515 8815)
4(2981 8816 9516 4731)
4(8815 9515 9516 8816)
4(2982 8817 9517 4732)
4(8816 9516 9517 8817)
4(2983 8818 9518 4733)
4(8817 9517 9518 8818)
4(2984 8819 9519 4734)
4(8818 9518 9519 8819)
4(2985 8820 9520 4735)
4(8819 9519 9520 8820)
4(2986 8821 9521 4736)
4(8820 9520 9521 8821)
4(2987 8822 9522 4737)
4(8821 9521 9522 8822)
4(2988 8823 9523 4738)
4(8822 9522 9523 8823)
4(2989 8824 9524 4739)
4(8823 9523 9524 8824)
4(2990 8825 9525 4740)
4(8824 9524 9525 8825)
4(8825 9525 9526 8826)
4(2991 8826 9526 4741)
4(8803 8828 9528 9503)
4(8827 9527 9528 8828)
4(8804 8829 9529 9504)
4(8828 9528 9529 8829)
4(8805 8830 9530 9505)
4(8829 9529 9530 8830)
4(8806 8831 9531 9506)
4(8830 9530 9531 8831)
4(8807 8832 9532 9507)
4(8831 9531 9532 8832)
4(8808 8833 9533 9508)
4(8832 9532 9533 8833)
4(8809 8834 9534 9509)
4(8833 9533 9534 8834)
4(8810 8835 9535 9510)
4(8834 9534 9535 8835)
4(8811 8836 9536 9511)
4(8835 9535 9536 8836)
4(8812 8837 9537 9512)
4(8836 9536 9537 8837)
4(8813 8838 9538 9513)
4(8837 9537 9538 8838)
4(8814 8839 9539 9514)
4(8838 9538 9539 8839)
4(8815 8840 9540 9515)
4(8839 9539 9540 8840)
4(8816 8841 9541 9516)
4(8840 9540 9541 8841)
4(8817 8842 9542 9517)
4(8841 9541 9542 8842)
4(8818 8843 9543 9518)
4(8842 9542 9543 8843)
4(8819 8844 9544 9519)
4(8843 9543 9544 8844)
4(8820 8845 9545 9520)
4(8844 9544 9545 8845)
4(8821 8846 9546 9521)
4(8845 9545 9546 8846)
4(8822 8847 9547 9522)
4(8846 9546 9547 8847)
4(8823 8848 9548 9523)
4(8847 9547 9548 8848)
4(8824 8849 9549 9524)
4(8848 9548 9549 8849)
4(8825 8850 9550 9525)
4(8849 9549 9550 8850)
4(8850 9550 9551 8851)
4(8826 8851 9551 9526)
4(8828 8853 9553 9528)
4(8852 9552 9553 8853)
4(8829 8854 9554 9529)
4(8853 9553 9554 8854)
4(8830 8855 9555 9530)
4(8854 9554 9555 8855)
4(8831 8856 9556 9531)
4(8855 9555 9556 8856)
4(8832 8857 9557 9532)
4(8856 9556 9557 8857)
4(8833 8858 9558 9533)
4(8857 9557 9558 8858)
4(8834 8859 9559 9534)
4(8858 9558 9559 8859)
4(8835 8860 9560 9535)
4(8859 9559 9560 8860)
4(8836 8861 9561 9536)
4(8860 9560 9561 8861)
4(8837 8862 9562 9537)
4(8861 9561 9562 8862)
4(8838 8863 9563 9538)
4(8862 9562 9563 8863)
4(8839 8864 9564 9539)
4(8863 9563 9564 8864)
4(8840 8865 9565 9540)
4(8864 9564 9565 8865)
4(8841 8866 9566 9541)
4(8865 9565 9566 8866)
4(8842 8867 9567 9542)
4(8866 9566 9567 8867)
4(8843 8868 9568 9543)
4(8867 9567 9568 8868)
4(8844 8869 9569 9544)
4(8868 9568 9569 8869)
4(8845 8870 9570 9545)
4(8869 9569 9570 8870)
4(8846 8871 9571 9546)
4(8870 9570 9571 8871)
4(8847 8872 9572 9547)
4(8871 9571 9572 8872)
4(8848 8873 9573 9548)
4(8872 9572 9573 8873)
4(8849 8874 9574 9549)
4(8873 9573 9574 8874)
4(8850 8875 9575 9550)
4(8874 9574 9575 8875)
4(8875 9575 9576 8876)
4(8851 8876 9576 9551)
4(8853 8878 9578 9553)
4(8877 9577 9578 8878)
4(8854 8879 9579 9554)
4(8878 9578 9579 8879)
4(8855 8880 9580 9555)
4(8879 9579 9580 8880)
4(8856 8881 9581 9556)
4(8880 9580 9581 8881)
4(8857 8882 9582 9557)
4(8881 9581 9582 8882)
4(8858 8883 9583 9558)
4(8882 9582 9583 8883)
4(8859 8884 9584 9559)
4(8883 9583 9584 8884)
4(8860 8885 9585 9560)
4(8884 9584 9585 8885)
4(8861 8886 9586 9561)
4(8885 9585 9586 8886)
4(8862 8887 9587 9562)
4(8886 9586 9587 8887)
4(8863 8888 9588 9563)
4(8887 9587 9588 8888)
4(8864 8889 9589 9564)
4(8888 9588 9589 8889)
4(8865 8890 9590 9565)
4(8889 9589 9590 8890)
4(8866 8891 9591 9566)
4(8890 9590 9591 8891)
4(8867 8892 9592 9567)
4(8891 9591 9592 8892)
4(8868 8893 9593 9568)
4(8892 9592 9593 8893)
4(8869 8894 9594 9569)
4(8893 9593 9594 8894)
4(8870 8895 9595 9570)
4(8894 9594 9595 8895)
4(8871 8896 9596 9571)
4(8895 9595 9596 8896)
4(8872 8897 9597 9572)
4(8896 9596 9597 8897)
4(8873 8898 9598 9573)
4(8897 9597 9598 8898)
4(8874 8899 9599 9574)
4(8898 9598 9599 8899)
4(8875 8900 9600 9575)
4(8899 9599 9600 8900)
4(8900 9600 9601 8901)
4(8876 8901 9601 9576)
4(8878 8903 9603 9578)
4(8902 9602 9603 8903)
4(8879 8904 9604 9579)
4(8903 9603 9604 8904)
4(8880 8905 9605 9580)
4(8904 9604 9605 8905)
4(8881 8906 9606 9581)
4(8905 9605 9606 8906)
4(8882 8907 9607 9582)
4(8906 9606 9607 8907)
4(8883 8908 9608 9583)
4(8907 9607 9608 8908)
4(8884 8909 9609 9584)
4(8908 9608 9609 8909)
4(8885 8910 9610 9585)
4(8909 9609 9610 8910)
4(8886 8911 9611 9586)
4(8910 9610 9611 8911)
4(8887 8912 9612 9587)
4(8911 9611 9612 8912)
4(8888 8913 9613 9588)
4(8912 9612 9613 8913)
4(8889 8914 9614 9589)
4(8913 9613 9614 8914)
4(8890 8915 9615 9590)
4(8914 9614 9615 8915)
4(8891 8916 9616 9591)
4(8915 9615 9616 8916)
4(8892 8917 9617 9592)
4(8916 9616 9617 8917)
4(8893 8918 9618 9593)
4(8917 9617 9618 8918)
4(8894 8919 9619 9594)
4(8918 9618 9619 8919)
4(8895 8920 9620 9595)
4(8919 9619 9620 8920)
4(8896 8921 9621 9596)
4(8920 9620 9621 8921)
4(8897 8922 9622 9597)
4(8921 9621 9622 8922)
4(8898 8923 9623 9598)
4(8922 9622 9623 8923)
4(8899 8924 9624 9599)
4(8923 9623 9624 8924)
4(8900 8925 9625 9600)
4(8924 9624 9625 8925)
4(8925 9625 9626 8926)
4(8901 8926 9626 9601)
4(8903 8928 9628 9603)
4(8927 9627 9628 8928)
4(8904 8929 9629 9604)
4(8928 9628 9629 8929)
4(8905 8930 9630 9605)
4(8929 9629 9630 8930)
4(8906 8931 9631 9606)
4(8930 9630 9631 8931)
4(8907 8932 9632 9607)
4(8931 9631 9632 8932)
4(8908 8933 9633 9608)
4(8932 9632 9633 8933)
4(8909 8934 9634 9609)
4(8933 9633 9634 8934)
4(8910 8935 9635 9610)
4(8934 9634 9635 8935)
4(8911 8936 9636 9611)
4(8935 9635 9636 8936)
4(8912 8937 9637 9612)
4(8936 9636 9637 8937)
4(8913 8938 9638 9613)
4(8937 9637 9638 8938)
4(8914 8939 9639 9614)
4(8938 9638 9639 8939)
4(8915 8940 9640 9615)
4(8939 9639 9640 8940)
4(8916 8941 9641 9616)
4(8940 9640 9641 8941)
4(8917 8942 9642 9617)
4(8941 9641 9642 8942)
4(8918 8943 9643 9618)
4(8942 9642 9643 8943)
4(8919 8944 9644 9619)
4(8943 9643 9644 8944)
4(8920 8945 9645 9620)
4(8944 9644 9645 8945)
4(8921 8946 9646 9621)
4(8945 9645 9646 8946)
4(8922 8947 9647 9622)
4(8946 9646 9647 8947)
4(8923 8948 9648 9623)
4(8947 9647 9648 8948)
4(8924 8949 9649 9624)
4(8948 9648 9649 8949)
4(8925 8950 9650 9625)
4(8949 9649 9650 8950)
4(8950 9650 9651 8951)
4(8926 8951 9651 9626)
4(8928 8953 9653 9628)
4(8952 9652 9653 8953)
4(8929 8954 9654 9629)
4(8953 9653 9654 8954)
4(8930 8955 9655 9630)
4(8954 9654 9655 8955)
4(8931 8956 9656 9631)
4(8955 9655 9656 8956)
4(8932 8957 9657 9632)
4(8956 9656 9657 8957)
4(8933 8958 9658 9633)
4(8957 9657 9658 8958)
4(8934 8959 9659 9634)
4(8958 9658 9659 8959)
4(8935 8960 9660 9635)
4(8959 9659 9660 8960)
4(8936 8961 9661 9636)
4(8960 9660 9661 8961)
4(8937 8962 9662 9637)
4(8961 9661 9662 8962)
4(8938 8963 9663 9638)
4(8962 9662 9663 8963)
4(8939 8964 9664 9639)
4(8963 9663 9664 8964)
4(8940 8965 9665 9640)
4(8964 9664 9665 8965)
4(8941 8966 9666 9641)
4(8965 9665 9666 8966)
4(8942 8967 9667 9642)
4(8966 9666 9667 8967)
4(8943 8968 9668 9643)
4(8967 9667 9668 8968)
4(8944 8969 9669 9644)
4(8968 9668 9669 8969)
4(8945 8970 9670 9645)
4(8969 9669 9670 8970)
4(8946 8971 9671 9646)
4(8970 9670 9671 8971)
4(8947 8972 9672 9647)
4(8971 9671 9672 8972)
4(8948 8973 9673 9648)
4(8972 9672 9673 8973)
4(8949 8974 9674 9649)
4(8973 9673 9674 8974)
4(8950 8975 9675 9650)
4(8974 9674 9675 8975)
4(8975 9675 9676 8976)
4(8951 8976 9676 9651)
4(8953 8978 9678 9653)
4(8977 9677 9678 8978)
4(8954 8979 9679 9654)
4(8978 9678 9679 8979)
4(8955 8980 9680 9655)
4(8979 9679 9680 8980)
4(8956 8981 9681 9656)
4(8980 9680 9681 8981)
4(8957 8982 9682 9657)
4(8981 9681 9682 8982)
4(8958 8983 9683 9658)
4(8982 9682 9683 8983)
4(8959 8984 9684 9659)
4(8983 9683 9684 8984)
4(8960 8985 9685 9660)
4(8984 9684 9685 8985)
4(8961 8986 9686 9661)
4(8985 9685 9686 8986)
4(8962 8987 9687 9662)
4(8986 9686 9687 8987)
4(8963 8988 9688 9663)
4(8987 9687 9688 8988)
4(8964 8989 9689 9664)
4(8988 9688 9689 8989)
4(8965 8990 9690 9665)
4(8989 9689 9690 8990)
4(8966 8991 9691 9666)
4(8990 9690 9691 8991)
4(8967 8992 9692 9667)
4(8991 9691 9692 8992)
4(8968 8993 9693 9668)
4(8992 9692 9693 8993)
4(8969 8994 9694 9669)
4(8993 9693 9694 8994)
4(8970 8995 9695 9670)
4(8994 9694 9695 8995)
4(8971 8996 9696 9671)
4(8995 9695 9696 8996)
4(8972 8997 9697 9672)
4(8996 9696 9697 8997)
4(8973 8998 9698 9673)
4(8997 9697 9698 8998)
4(8974 8999 9699 9674)
4(8998 9698 9699 8999)
4(8975 9000 9700 9675)
4(8999 9699 9700 9000)
4(9000 9700 9701 9001)
4(8976 9001 9701 9676)
4(8978 9003 9703 9678)
4(9002 9702 9703 9003)
4(8979 9004 9704 9679)
4(9003 9703 9704 9004)
4(8980 9005 9705 9680)
4(9004 9704 9705 9005)
4(8981 9006 9706 9681)
4(9005 9705 9706 9006)
4(8982 9007 9707 9682)
4(9006 9706 9707 9007)
4(8983 9008 9708 9683)
4(9007 9707 9708 9008)
4(8984 9009 9709 9684)
4(9008 9708 9709 9009)
4(8985 9010 9710 9685)
4(9009 9709 9710 9010)
4(8986 9011 9711 9686)
4(9010 9710 9711 9011)
4(8987 9012 9712 9687)
4(9011 9711 9712 9012)
4(8988 9013 9713 9688)
4(9012 9712 9713 9013)
4(8989 9014 9714 9689)
4(9013 9713 9714 9014)
4(8990 9015 9715 9690)
4(9014 9714 9715 9015)
4(8991 9016 9716 9691)
4(9015 9715 9716 9016)
4(8992 9017 9717 9692)
4(9016 9716 9717 9017)
4(8993 9018 9718 9693)
4(9017 9717 9718 9018)
4(8994 9019 9719 9694)
4(9018 9718 9719 9019)
4(8995 9020 9720 9695)
4(9019 9719 9720 9020)
4(8996 9021 9721 9696)
4(9020 9720 9721 9021)
4(8997 9022 9722 9697)
4(9021 9721 9722 9022)
4(8998 9023 9723 9698)
4(9022 9722 9723 9023)
4(8999 9024 9724 9699)
4(9023 9723 9724 9024)
4(9000 9025 9725 9700)
4(9024 9724 9725 9025)
4(9025 9725 9726 9026)
4(9001 9026 9726 9701)
4(9003 9028 9728 9703)
4(9027 9727 9728 9028)
4(9004 9029 9729 9704)
4(9028 9728 9729 9029)
4(9005 9030 9730 9705)
4(9029 9729 9730 9030)
4(9006 9031 9731 9706)
4(9030 9730 9731 9031)
4(9007 9032 9732 9707)
4(9031 9731 9732 9032)
4(9008 9033 9733 9708)
4(9032 9732 9733 9033)
4(9009 9034 9734 9709)
4(9033 9733 9734 9034)
4(9010 9035 9735 9710)
4(9034 9734 9735 9035)
4(9011 9036 9736 9711)
4(9035 9735 9736 9036)
4(9012 9037 9737 9712)
4(9036 9736 9737 9037)
4(9013 9038 9738 9713)
4(9037 9737 9738 9038)
4(9014 9039 9739 9714)
4(9038 9738 9739 9039)
4(9015 9040 9740 9715)
4(9039 9739 9740 9040)
4(9016 9041 9741 9716)
4(9040 9740 9741 9041)
4(9017 9042 9742 9717)
4(9041 9741 9742 9042)
4(9018 9043 9743 9718)
4(9042 9742 9743 9043)
4(9019 9044 9744 9719)
4(9043 9743 9744 9044)
4(9020 9045 9745 9720)
4(9044 9744 9745 9045)
4(9021 9046 9746 9721)
4(9045 9745 9746 9046)
4(9022 9047 9747 9722)
4(9046 9746 9747 9047)
4(9023 9048 9748 9723)
4(9047 9747 9748 9048)
4(9024 9049 9749 9724)
4(9048 9748 9749 9049)
4(9025 9050 9750 9725)
4(9049 9749 9750 9050)
4(9050 9750 9751 9051)
4(9026 9051 9751 9726)
4(9028 9053 9753 9728)
4(9052 9752 9753 9053)
4(9029 9054 9754 9729)
4(9053 9753 9754 9054)
4(9030 9055 9755 9730)
4(9054 9754 9755 9055)
4(9031 9056 9756 9731)
4(9055 9755 9756 9056)
4(9032 9057 9757 9732)
4(9056 9756 9757 9057)
4(9033 9058 9758 9733)
4(9057 9757 9758 9058)
4(9034 9059 9759 9734)
4(9058 9758 9759 9059)
4(9035 9060 9760 9735)
4(9059 9759 9760 9060)
4(9036 9061 9761 9736)
4(9060 9760 9761 9061)
4(9037 9062 9762 9737)
4(9061 9761 9762 9062)
4(9038 9063 9763 9738)
4(9062 9762 9763 9063)
4(9039 9064 9764 9739)
4(9063 9763 9764 9064)
4(9040 9065 9765 9740)
4(9064 9764 9765 9065)
4(9041 9066 9766 9741)
4(9065 9765 9766 9066)
4(9042 9067 9767 9742)
4(9066 9766 9767 9067)
4(9043 9068 9768 9743)
4(9067 9767 9768 9068)
4(9044 9069 9769 9744)
4(9068 9768 9769 9069)
4(9045 9070 9770 9745)
4(9069 9769 9770 9070)
4(9046 9071 9771 9746)
4(9070 9770 9771 9071)
4(9047 9072 9772 9747)
4(9071 9771 9772 9072)
4(9048 9073 9773 9748)
4(9072 9772 9773 9073)
4(9049 9074 9774 9749)
4(9073 9773 9774 9074)
4(9050 9075 9775 9750)
4(9074 9774 9775 9075)
4(9075 9775 9776 9076)
4(9051 9076 9776 9751)
4(9053 9078 9778 9753)
4(9077 9777 9778 9078)
4(9054 9079 9779 9754)
4(9078 9778 9779 9079)
4(9055 9080 9780 9755)
4(9079 9779 9780 9080)
4(9056 9081 9781 9756)
4(9080 9780 9781 9081)
4(9057 9082 9782 9757)
4(9081 9781 9782 9082)
4(9058 9083 9783 9758)
4(9082 9782 9783 9083)
4(9059 9084 9784 9759)
4(9083 9783 9784 9084)
4(9060 9085 9785 9760)
4(9084 9784 9785 9085)
4(9061 9086 9786 9761)
4(9085 9785 9786 9086)
4(9062 9087 9787 9762)
4(9086 9786 9787 9087)
4(9063 9088 9788 9763)
4(9087 9787 9788 9088)
4(9064 9089 9789 9764)
4(9088 9788 9789 9089)
4(9065 9090 9790 9765)
4(9089 9789 9790 9090)
4(9066 9091 9791 9766)
4(9090 9790 9791 9091)
4(9067 9092 9792 9767)
4(9091 9791 9792 9092)
4(9068 9093 9793 9768)
4(9092 9792 9793 9093)
4(9069 9094 9794 9769)
4(9093 9793 9794 9094)
4(9070 9095 9795 9770)
4(9094 9794 9795 9095)
4(9071 9096 9796 9771)
4(9095 9795 9796 9096)
4(9072 9097 9797 9772)
4(9096 9796 9797 9097)
4(9073 9098 9798 9773)
4(9097 9797 9798 9098)
4(9074 9099 9799 9774)
4(9098 9798 9799 9099)
4(9075 9100 9800 9775)
4(9099 9799 9800 9100)
4(9100 9800 9801 9101)
4(9076 9101 9801 9776)
4(9078 9103 9803 9778)
4(9102 9802 9803 9103)
4(9079 9104 9804 9779)
4(9103 9803 9804 9104)
4(9080 9105 9805 9780)
4(9104 9804 9805 9105)
4(9081 9106 9806 9781)
4(9105 9805 9806 9106)
4(9082 9107 9807 9782)
4(9106 9806 9807 9107)
4(9083 9108 9808 9783)
4(9107 9807 9808 9108)
4(9084 9109 9809 9784)
4(9108 9808 9809 9109)
4(9085 9110 9810 9785)
4(9109 9809 9810 9110)
4(9086 9111 9811 9786)
4(9110 9810 9811 9111)
4(9087 9112 9812 9787)
4(9111 9811 9812 9112)
4(9088 9113 9813 9788)
4(9112 9812 9813 9113)
4(9089 9114 9814 9789)
4(9113 9813 9814 9114)
4(9090 9115 9815 9790)
4(9114 9814 9815 9115)
4(9091 9116 9816 9791)
4(9115 9815 9816 9116)
4(9092 9117 9817 9792)
4(9116 9816 9817 9117)
4(9093 9118 9818 9793)
4(9117 9817 9818 9118)
4(9094 9119 9819 9794)
4(9118 9818 9819 9119)
4(9095 9120 9820 9795)
4(9119 9819 9820 9120)
4(9096 9121 9821 9796)
4(9120 9820 9821 9121)
4(9097 9122 9822 9797)
4(9121 9821 9822 9122)
4(9098 9123 9823 9798)
4(9122 9822 9823 9123)
4(9099 9124 9824 9799)
4(9123 9823 9824 9124)
4(9100 9125 9825 9800)
4(9124 9824 9825 9125)
4(9125 9825 9826 9126)
4(9101 9126 9826 9801)
4(9103 9128 9828 9803)
4(9127 9827 9828 9128)
4(9104 9129 9829 9804)
4(9128 9828 9829 9129)
4(9105 9130 9830 9805)
4(9129 9829 9830 9130)
4(9106 9131 9831 9806)
4(9130 9830 9831 9131)
4(9107 9132 9832 9807)
4(9131 9831 9832 9132)
4(9108 9133 9833 9808)
4(9132 9832 9833 9133)
4(9109 9134 9834 9809)
4(9133 9833 9834 9134)
4(9110 9135 9835 9810)
4(9134 9834 9835 9135)
4(9111 9136 9836 9811)
4(9135 9835 9836 9136)
4(9112 9137 9837 9812)
4(9136 9836 9837 9137)
4(9113 9138 9838 9813)
4(9137 9837 9838 9138)
4(9114 9139 9839 9814)
4(9138 9838 9839 9139)
4(9115 9140 9840 9815)
4(9139 9839 9840 9140)
4(9116 9141 9841 9816)
4(9140 9840 9841 9141)
4(9117 9142 9842 9817)
4(9141 9841 9842 9142)
4(9118 9143 9843 9818)
4(9142 9842 9843 9143)
4(9119 9144 9844 9819)
4(9143 9843 9844 9144)
4(9120 9145 9845 9820)
4(9144 9844 9845 9145)
4(9121 9146 9846 9821)
4(9145 9845 9846 9146)
4(9122 9147 9847 9822)
4(9146 9846 9847 9147)
4(9123 9148 9848 9823)
4(9147 9847 9848 9148)
4(9124 9149 9849 9824)
4(9148 9848 9849 9149)
4(9125 9150 9850 9825)
4(9149 9849 9850 9150)
4(9150 9850 9851 9151)
4(9126 9151 9851 9826)
4(9128 9153 9853 9828)
4(9152 9852 9853 9153)
4(9129 9154 9854 9829)
4(9153 9853 9854 9154)
4(9130 9155 9855 9830)
4(9154 9854 9855 9155)
4(9131 9156 9856 9831)
4(9155 9855 9856 9156)
4(9132 9157 9857 9832)
4(9156 9856 9857 9157)
4(9133 9158 9858 9833)
4(9157 9857 9858 9158)
4(9134 9159 9859 9834)
4(9158 9858 9859 9159)
4(9135 9160 9860 9835)
4(9159 9859 9860 9160)
4(9136 9161 9861 9836)
4(9160 9860 9861 9161)
4(9137 9162 9862 9837)
4(9161 9861 9862 9162)
4(9138 9163 9863 9838)
4(9162 9862 9863 9163)
4(9139 9164 9864 9839)
4(9163 9863 9864 9164)
4(9140 9165 9865 9840)
4(9164 9864 9865 9165)
4(9141 9166 9866 9841)
4(9165 9865 9866 9166)
4(9142 9167 9867 9842)
4(9166 9866 9867 9167)
4(9143 9168 9868 9843)
4(9167 9867 9868 9168)
4(9144 9169 9869 9844)
4(9168 9868 9869 9169)
4(9145 9170 9870 9845)
4(9169 9869 9870 9170)
4(9146 9171 9871 9846)
4(9170 9870 9871 9171)
4(9147 9172 9872 9847)
4(9171 9871 9872 9172)
4(9148 9173 9873 9848)
4(9172 9872 9873 9173)
4(9149 9174 9874 9849)
4(9173 9873 9874 9174)
4(9150 9175 9875 9850)
4(9174 9874 9875 9175)
4(9175 9875 9876 9176)
4(9151 9176 9876 9851)
4(9153 9178 9878 9853)
4(9177 9877 9878 9178)
4(9154 9179 9879 9854)
4(9178 9878 9879 9179)
4(9155 9180 9880 9855)
4(9179 9879 9880 9180)
4(9156 9181 9881 9856)
4(9180 9880 9881 9181)
4(9157 9182 9882 9857)
4(9181 9881 9882 9182)
4(9158 9183 9883 9858)
4(9182 9882 9883 9183)
4(9159 9184 9884 9859)
4(9183 9883 9884 9184)
4(9160 9185 9885 9860)
4(9184 9884 9885 9185)
4(9161 9186 9886 9861)
4(9185 9885 9886 9186)
4(9162 9187 9887 9862)
4(9186 9886 9887 9187)
4(9163 9188 9888 9863)
4(9187 9887 9888 9188)
4(9164 9189 9889 9864)
4(9188 9888 9889 9189)
4(9165 9190 9890 9865)
4(9189 9889 9890 9190)
4(9166 9191 9891 9866)
4(9190 9890 9891 9191)
4(9167 9192 9892 9867)
4(9191 9891 9892 9192)
4(9168 9193 9893 9868)
4(9192 9892 9893 9193)
4(9169 9194 9894 9869)
4(9193 9893 9894 9194)
4(9170 9195 9895 9870)
4(9194 9894 9895 9195)
4(9171 9196 9896 9871)
4(9195 9895 9896 9196)
4(9172 9197 9897 9872)
4(9196 9896 9897 9197)
4(9173 9198 9898 9873)
4(9197 9897 9898 9198)
4(9174 9199 9899 9874)
4(9198 9898 9899 9199)
4(9175 9200 9900 9875)
4(9199 9899 9900 9200)
4(9200 9900 9901 9201)
4(9176 9201 9901 9876)
4(9178 9203 9903 9878)
4(9202 9902 9903 9203)
4(9179 9204 9904 9879)
4(9203 9903 9904 9204)
4(9180 9205 9905 9880)
4(9204 9904 9905 9205)
4(9181 9206 9906 9881)
4(9205 9905 9906 9206)
4(9182 9207 9907 9882)
4(9206 9906 9907 9207)
4(9183 9208 9908 9883)
4(9207 9907 9908 9208)
4(9184 9209 9909 9884)
4(9208 9908 9909 9209)
4(9185 9210 9910 9885)
4(9209 9909 9910 9210)
4(9186 9211 9911 9886)
4(9210 9910 9911 9211)
4(9187 9212 9912 9887)
4(9211 9911 9912 9212)
4(9188 9213 9913 9888)
4(9212 9912 9913 9213)
4(9189 9214 9914 9889)
4(9213 9913 9914 9214)
4(9190 9215 9915 9890)
4(9214 9914 9915 9215)
4(9191 9216 9916 9891)
4(9215 9915 9916 9216)
4(9192 9217 9917 9892)
4(9216 9916 9917 9217)
4(9193 9218 9918 9893)
4(9217 9917 9918 9218)
4(9194 9219 9919 9894)
4(9218 9918 9919 9219)
4(9195 9220 9920 9895)
4(9219 9919 9920 9220)
4(9196 9221 9921 9896)
4(9220 9920 9921 9221)
4(9197 9222 9922 9897)
4(9221 9921 9922 9222)
4(9198 9223 9923 9898)
4(9222 9922 9923 9223)
4(9199 9224 9924 9899)
4(9223 9923 9924 9224)
4(9200 9225 9925 9900)
4(9224 9924 9925 9225)
4(9225 9925 9926 9226)
4(9201 9226 9926 9901)
4(9203 9228 9928 9903)
4(9227 9927 9928 9228)
4(9204 9229 9929 9904)
4(9228 9928 9929 9229)
4(9205 9230 9930 9905)
4(9229 9929 9930 9230)
4(9206 9231 9931 9906)
4(9230 9930 9931 9231)
4(9207 9232 9932 9907)
4(9231 9931 9932 9232)
4(9208 9233 9933 9908)
4(9232 9932 9933 9233)
4(9209 9234 9934 9909)
4(9233 9933 9934 9234)
4(9210 9235 9935 9910)
4(9234 9934 9935 9235)
4(9211 9236 9936 9911)
4(9235 9935 9936 9236)
4(9212 9237 9937 9912)
4(9236 9936 9937 9237)
4(9213 9238 9938 9913)
4(9237 9937 9938 9238)
4(9214 9239 9939 9914)
4(9238 9938 9939 9239)
4(9215 9240 9940 9915)
4(9239 9939 9940 9240)
4(9216 9241 9941 9916)
4(9240 9940 9941 9241)
4(9217 9242 9942 9917)
4(9241 9941 9942 9242)
4(9218 9243 9943 9918)
4(9242 9942 9943 9243)
4(9219 9244 9944 9919)
4(9243 9943 9944 9244)
4(9220 9245 9945 9920)
4(9244 9944 9945 9245)
4(9221 9246 9946 9921)
4(9245 9945 9946 9246)
4(9222 9247 9947 9922)
4(9246 9946 9947 9247)
4(9223 9248 9948 9923)
4(9247 9947 9948 9248)
4(9224 9249 9949 9924)
4(9248 9948 9949 9249)
4(9225 9250 9950 9925)
4(9249 9949 9950 9250)
4(9250 9950 9951 9251)
4(9226 9251 9951 9926)
4(9228 9253 9953 9928)
4(9252 9952 9953 9253)
4(9229 9254 9954 9929)
4(9253 9953 9954 9254)
4(9230 9255 9955 9930)
4(9254 9954 9955 9255)
4(9231 9256 9956 9931)
4(9255 9955 9956 9256)
4(9232 9257 9957 9932)
4(9256 9956 9957 9257)
4(9233 9258 9958 9933)
4(9257 9957 9958 9258)
4(9234 9259 9959 9934)
4(9258 9958 9959 9259)
4(9235 9260 9960 9935)
4(9259 9959 9960 9260)
4(9236 9261 9961 9936)
4(9260 9960 9961 9261)
4(9237 9262 9962 9937)
4(9261 9961 9962 9262)
4(9238 9263 9963 9938)
4(9262 9962 9963 9263)
4(9239 9264 9964 9939)
4(9263 9963 9964 9264)
4(9240 9265 9965 9940)
4(9264 9964 9965 9265)
4(9241 9266 9966 9941)
4(9265 9965 9966 9266)
4(9242 9267 9967 9942)
4(9266 9966 9967 9267)
4(9243 9268 9968 9943)
4(9267 9967 9968 9268)
4(9244 9269 9969 9944)
4(9268 9968 9969 9269)
4(9245 9270 9970 9945)
4(9269 9969 9970 9270)
4(9246 9271 9971 9946)
4(9270 9970 9971 9271)
4(9247 9272 9972 9947)
4(9271 9971 9972 9272)
4(9248 9273 9973 9948)
4(9272 9972 9973 9273)
4(9249 9274 9974 9949)
4(9273 9973 9974 9274)
4(9250 9275 9975 9950)
4(9274 9974 9975 9275)
4(9275 9975 9976 9276)
4(9251 9276 9976 9951)
4(9253 9278 9978 9953)
4(9277 9977 9978 9278)
4(9254 9279 9979 9954)
4(9278 9978 9979 9279)
4(9255 9280 9980 9955)
4(9279 9979 9980 9280)
4(9256 9281 9981 9956)
4(9280 9980 9981 9281)
4(9257 9282 9982 9957)
4(9281 9981 9982 9282)
4(9258 9283 9983 9958)
4(9282 9982 9983 9283)
4(9259 9284 9984 9959)
4(9283 9983 9984 9284)
4(9260 9285 9985 9960)
4(9284 9984 9985 9285)
4(9261 9286 9986 9961)
4(9285 9985 9986 9286)
4(9262 9287 9987 9962)
4(9286 9986 9987 9287)
4(9263 9288 9988 9963)
4(9287 9987 9988 9288)
4(9264 9289 9989 9964)
4(9288 9988 9989 9289)
4(9265 9290 9990 9965)
4(9289 9989 9990 9290)
4(9266 9291 9991 9966)
4(9290 9990 9991 9291)
4(9267 9292 9992 9967)
4(9291 9991 9992 9292)
4(9268 9293 9993 9968)
4(9292 9992 9993 9293)
4(9269 9294 9994 9969)
4(9293 9993 9994 9294)
4(9270 9295 9995 9970)
4(9294 9994 9995 9295)
4(9271 9296 9996 9971)
4(9295 9995 9996 9296)
4(9272 9297 9997 9972)
4(9296 9996 9997 9297)
4(9273 9298 9998 9973)
4(9297 9997 9998 9298)
4(9274 9299 9999 9974)
4(9298 9998 9999 9299)
4(9275 9300 10000 9975)
4(9299 9999 10000 9300)
4(9300 10000 10001 9301)
4(9276 9301 10001 9976)
4(9278 9303 10003 9978)
4(9302 10002 10003 9303)
4(9279 9304 10004 9979)
4(9303 10003 10004 9304)
4(9280 9305 10005 9980)
4(9304 10004 10005 9305)
4(9281 9306 10006 9981)
4(9305 10005 10006 9306)
4(9282 9307 10007 9982)
4(9306 10006 10007 9307)
4(9283 9308 10008 9983)
4(9307 10007 10008 9308)
4(9284 9309 10009 9984)
4(9308 10008 10009 9309)
4(9285 9310 10010 9985)
4(9309 10009 10010 9310)
4(9286 9311 10011 9986)
4(9310 10010 10011 9311)
4(9287 9312 10012 9987)
4(9311 10011 10012 9312)
4(9288 9313 10013 9988)
4(9312 10012 10013 9313)
4(9289 9314 10014 9989)
4(9313 10013 10014 9314)
4(9290 9315 10015 9990)
4(9314 10014 10015 9315)
4(9291 9316 10016 9991)
4(9315 10015 10016 9316)
4(9292 9317 10017 9992)
4(9316 10016 10017 9317)
4(9293 9318 10018 9993)
4(9317 10017 10018 9318)
4(9294 9319 10019 9994)
4(9318 10018 10019 9319)
4(9295 9320 10020 9995)
4(9319 10019 10020 9320)
4(9296 9321 10021 9996)
4(9320 10020 10021 9321)
4(9297 9322 10022 9997)
4(9321 10021 10022 9322)
4(9298 9323 10023 9998)
4(9322 10022 10023 9323)
4(9299 9324 10024 9999)
4(9323 10023 10024 9324)
4(9300 9325 10025 10000)
4(9324 10024 10025 9325)
4(9325 10025 10026 9326)
4(9301 9326 10026 10001)
4(9303 9328 10028 10003)
4(9327 10027 10028 9328)
4(9304 9329 10029 10004)
4(9328 10028 10029 9329)
4(9305 9330 10030 10005)
4(9329 10029 10030 9330)
4(9306 9331 10031 10006)
4(9330 10030 10031 9331)
4(9307 9332 10032 10007)
4(9331 10031 10032 9332)
4(9308 9333 10033 10008)
4(9332 10032 10033 9333)
4(9309 9334 10034 10009)
4(9333 10033 10034 9334)
4(9310 9335 10035 10010)
4(9334 10034 10035 9335)
4(9311 9336 10036 10011)
4(9335 10035 10036 9336)
4(9312 9337 10037 10012)
4(9336 10036 10037 9337)
4(9313 9338 10038 10013)
4(9337 10037 10038 9338)
4(9314 9339 10039 10014)
4(9338 10038 10039 9339)
4(9315 9340 10040 10015)
4(9339 10039 10040 9340)
4(9316 9341 10041 10016)
4(9340 10040 10041 9341)
4(9317 9342 10042 10017)
4(9341 10041 10042 9342)
4(9318 9343 10043 10018)
4(9342 10042 10043 9343)
4(9319 9344 10044 10019)
4(9343 10043 10044 9344)
4(9320 9345 10045 10020)
4(9344 10044 10045 9345)
4(9321 9346 10046 10021)
4(9345 10045 10046 9346)
4(9322 9347 10047 10022)
4(9346 10046 10047 9347)
4(9323 9348 10048 10023)
4(9347 10047 10048 9348)
4(9324 9349 10049 10024)
4(9348 10048 10049 9349)
4(9325 9350 10050 10025)
4(9349 10049 10050 9350)
4(9350 10050 10051 9351)
4(9326 9351 10051 10026)
4(9328 9353 10053 10028)
4(9352 10052 10053 9353)
4(9329 9354 10054 10029)
4(9353 10053 10054 9354)
4(9330 9355 10055 10030)
4(9354 10054 10055 9355)
4(9331 9356 10056 10031)
4(9355 10055 10056 9356)
4(9332 9357 10057 10032)
4(9356 10056 10057 9357)
4(9333 9358 10058 10033)
4(9357 10057 10058 9358)
4(9334 9359 10059 10034)
4(9358 10058 10059 9359)
4(9335 9360 10060 10035)
4(9359 10059 10060 9360)
4(9336 9361 10061 10036)
4(9360 10060 10061 9361)
4(9337 9362 10062 10037)
4(9361 10061 10062 9362)
4(9338 9363 10063 10038)
4(9362 10062 10063 9363)
4(9339 9364 10064 10039)
4(9363 10063 10064 9364)
4(9340 9365 10065 10040)
4(9364 10064 10065 9365)
4(9341 9366 10066 10041)
4(9365 10065 10066 9366)
4(9342 9367 10067 10042)
4(9366 10066 10067 9367)
4(9343 9368 10068 10043)
4(9367 10067 10068 9368)
4(9344 9369 10069 10044)
4(9368 10068 10069 9369)
4(9345 9370 10070 10045)
4(9369 10069 10070 9370)
4(9346 9371 10071 10046)
4(9370 10070 10071 9371)
4(9347 9372 10072 10047)
4(9371 10071 10072 9372)
4(9348 9373 10073 10048)
4(9372 10072 10073 9373)
4(9349 9374 10074 10049)
4(9373 10073 10074 9374)
4(9350 9375 10075 10050)
4(9374 10074 10075 9375)
4(9375 10075 10076 9376)
4(9351 9376 10076 10051)
4(9353 9378 10078 10053)
4(9377 10077 10078 9378)
4(9354 9379 10079 10054)
4(9378 10078 10079 9379)
4(9355 9380 10080 10055)
4(9379 10079 10080 9380)
4(9356 9381 10081 10056)
4(9380 10080 10081 9381)
4(9357 9382 10082 10057)
4(9381 10081 10082 9382)
4(9358 9383 10083 10058)
4(9382 10082 10083 9383)
4(9359 9384 10084 10059)
4(9383 10083 10084 9384)
4(9360 9385 10085 10060)
4(9384 10084 10085 9385)
4(9361 9386 10086 10061)
4(9385 10085 10086 9386)
4(9362 9387 10087 10062)
4(9386 10086 10087 9387)
4(9363 9388 10088 10063)
4(9387 10087 10088 9388)
4(9364 9389 10089 10064)
4(9388 10088 10089 9389)
4(9365 9390 10090 10065)
4(9389 10089 10090 9390)
4(9366 9391 10091 10066)
4(9390 10090 10091 9391)
4(9367 9392 10092 10067)
4(9391 10091 10092 9392)
4(9368 9393 10093 10068)
4(9392 10092 10093 9393)
4(9369 9394 10094 10069)
4(9393 10093 10094 9394)
4(9370 9395 10095 10070)
4(9394 10094 10095 9395)
4(9371 9396 10096 10071)
4(9395 10095 10096 9396)
4(9372 9397 10097 10072)
4(9396 10096 10097 9397)
4(9373 9398 10098 10073)
4(9397 10097 10098 9398)
4(9374 9399 10099 10074)
4(9398 10098 10099 9399)
4(9375 9400 10100 10075)
4(9399 10099 10100 9400)
4(9400 10100 10101 9401)
4(9376 9401 10101 10076)
4(9378 9403 10103 10078)
4(9402 10102 10103 9403)
4(9379 9404 10104 10079)
4(9403 10103 10104 9404)
4(9380 9405 10105 10080)
4(9404 10104 10105 9405)
4(9381 9406 10106 10081)
4(9405 10105 10106 9406)
4(9382 9407 10107 10082)
4(9406 10106 10107 9407)
4(9383 9408 10108 10083)
4(9407 10107 10108 9408)
4(9384 9409 10109 10084)
4(9408 10108 10109 9409)
4(9385 9410 10110 10085)
4(9409 10109 10110 9410)
4(9386 9411 10111 10086)
4(9410 10110 10111 9411)
4(9387 9412 10112 10087)
4(9411 10111 10112 9412)
4(9388 9413 10113 10088)
4(9412 10112 10113 9413)
4(9389 9414 10114 10089)
4(9413 10113 10114 9414)
4(9390 9415 10115 10090)
4(9414 10114 10115 9415)
4(9391 9416 10116 10091)
4(9415 10115 10116 9416)
4(9392 9417 10117 10092)
4(9416 10116 10117 9417)
4(9393 9418 10118 10093)
4(9417 10117 10118 9418)
4(9394 9419 10119 10094)
4(9418 10118 10119 9419)
4(9395 9420 10120 10095)
4(9419 10119 10120 9420)
4(9396 9421 10121 10096)
4(9420 10120 10121 9421)
4(9397 9422 10122 10097)
4(9421 10121 10122 9422)
4(9398 9423 10123 10098)
4(9422 10122 10123 9423)
4(9399 9424 10124 10099)
4(9423 10123 10124 9424)
4(9400 9425 10125 10100)
4(9424 10124 10125 9425)
4(9425 10125 10126 9426)
4(9401 9426 10126 10101)
4(9403 9428 10128 10103)
4(9427 10127 10128 9428)
4(9404 9429 10129 10104)
4(9428 10128 10129 9429)
4(9405 9430 10130 10105)
4(9429 10129 10130 9430)
4(9406 9431 10131 10106)
4(9430 10130 10131 9431)
4(9407 9432 10132 10107)
4(9431 10131 10132 9432)
4(9408 9433 10133 10108)
4(9432 10132 10133 9433)
4(9409 9434 10134 10109)
4(9433 10133 10134 9434)
4(9410 9435 10135 10110)
4(9434 10134 10135 9435)
4(9411 9436 10136 10111)
4(9435 10135 10136 9436)
4(9412 9437 10137 10112)
4(9436 10136 10137 9437)
4(9413 9438 10138 10113)
4(9437 10137 10138 9438)
4(9414 9439 10139 10114)
4(9438 10138 10139 9439)
4(9415 9440 10140 10115)
4(9439 10139 10140 9440)
4(9416 9441 10141 10116)
4(9440 10140 10141 9441)
4(9417 9442 10142 10117)
4(9441 10141 10142 9442)
4(9418 9443 10143 10118)
4(9442 10142 10143 9443)
4(9419 9444 10144 10119)
4(9443 10143 10144 9444)
4(9420 9445 10145 10120)
4(9444 10144 10145 9445)
4(9421 9446 10146 10121)
4(9445 10145 10146 9446)
4(9422 9447 10147 10122)
4(9446 10146 10147 9447)
4(9423 9448 10148 10123)
4(9447 10147 10148 9448)
4(9424 9449 10149 10124)
4(9448 10148 10149 9449)
4(9425 9450 10150 10125)
4(9449 10149 10150 9450)
4(9450 10150 10151 9451)
4(9426 9451 10151 10126)
4(9428 9453 10153 10128)
4(9452 10152 10153 9453)
4(9429 9454 10154 10129)
4(9453 10153 10154 9454)
4(9430 9455 10155 10130)
4(9454 10154 10155 9455)
4(9431 9456 10156 10131)
4(9455 10155 10156 9456)
4(9432 9457 10157 10132)
4(9456 10156 10157 9457)
4(9433 9458 10158 10133)
4(9457 10157 10158 9458)
4(9434 9459 10159 10134)
4(9458 10158 10159 9459)
4(9435 9460 10160 10135)
4(9459 10159 10160 9460)
4(9436 9461 10161 10136)
4(9460 10160 10161 9461)
4(9437 9462 10162 10137)
4(9461 10161 10162 9462)
4(9438 9463 10163 10138)
4(9462 10162 10163 9463)
4(9439 9464 10164 10139)
4(9463 10163 10164 9464)
4(9440 9465 10165 10140)
4(9464 10164 10165 9465)
4(9441 9466 10166 10141)
4(9465 10165 10166 9466)
4(9442 9467 10167 10142)
4(9466 10166 10167 9467)
4(9443 9468 10168 10143)
4(9467 10167 10168 9468)
4(9444 9469 10169 10144)
4(9468 10168 10169 9469)
4(9445 9470 10170 10145)
4(9469 10169 10170 9470)
4(9446 9471 10171 10146)
4(9470 10170 10171 9471)
4(9447 9472 10172 10147)
4(9471 10171 10172 9472)
4(9448 9473 10173 10148)
4(9472 10172 10173 9473)
4(9449 9474 10174 10149)
4(9473 10173 10174 9474)
4(9450 9475 10175 10150)
4(9474 10174 10175 9475)
4(9475 10175 10176 9476)
4(9451 9476 10176 10151)
4(9453 9478 10178 10153)
4(9454 9479 10179 10154)
4(9455 9480 10180 10155)
4(9456 9481 10181 10156)
4(9457 9482 10182 10157)
4(9458 9483 10183 10158)
4(9459 9484 10184 10159)
4(9460 9485 10185 10160)
4(9461 9486 10186 10161)
4(9462 9487 10187 10162)
4(9463 9488 10188 10163)
4(9464 9489 10189 10164)
4(9465 9490 10190 10165)
4(9466 9491 10191 10166)
4(9467 9492 10192 10167)
4(9468 9493 10193 10168)
4(9469 9494 10194 10169)
4(9470 9495 10195 10170)
4(9471 9496 10196 10171)
4(9472 9497 10197 10172)
4(9473 9498 10198 10173)
4(9474 9499 10199 10174)
4(9475 9500 10200 10175)
4(9476 9501 10201 10176)
4(10202 10217 10680 10665)
4(8826 9526 10680 10217)
4(10203 10218 10681 10666)
4(10217 10680 10681 10218)
4(10204 10219 10682 10667)
4(10218 10681 10682 10219)
4(10205 10220 10683 10668)
4(10219 10682 10683 10220)
4(10206 10221 10684 10669)
4(10220 10683 10684 10221)
4(10207 10222 10685 10670)
4(10221 10684 10685 10222)
4(10208 10223 10686 10671)
4(10222 10685 10686 10223)
4(10209 10224 10687 10672)
4(10223 10686 10687 10224)
4(10210 10225 10688 10673)
4(10224 10687 10688 10225)
4(10211 10226 10689 10674)
4(10225 10688 10689 10226)
4(10212 10227 10690 10675)
4(10226 10689 10690 10227)
4(10213 10228 10691 10676)
4(10227 10690 10691 10228)
4(10214 10229 10692 10677)
4(10228 10691 10692 10229)
4(10215 10230 10693 10678)
4(10229 10692 10693 10230)
4(10216 10231 10694 10679)
4(10230 10693 10694 10231)
4(10231 10694 10695 10232)
4(6743 10232 10695 8773)
4(10217 10233 10696 10680)
4(8851 9551 10696 10233)
4(10218 10234 10697 10681)
4(10233 10696 10697 10234)
4(10219 10235 10698 10682)
4(10234 10697 10698 10235)
4(10220 10236 10699 10683)
4(10235 10698 10699 10236)
4(10221 10237 10700 10684)
4(10236 10699 10700 10237)
4(10222 10238 10701 10685)
4(10237 10700 10701 10238)
4(10223 10239 10702 10686)
4(10238 10701 10702 10239)
4(10224 10240 10703 10687)
4(10239 10702 10703 10240)
4(10225 10241 10704 10688)
4(10240 10703 10704 10241)
4(10226 10242 10705 10689)
4(10241 10704 10705 10242)
4(10227 10243 10706 10690)
4(10242 10705 10706 10243)
4(10228 10244 10707 10691)
4(10243 10706 10707 10244)
4(10229 10245 10708 10692)
4(10244 10707 10708 10245)
4(10230 10246 10709 10693)
4(10245 10708 10709 10246)
4(10231 10247 10710 10694)
4(10246 10709 10710 10247)
4(10247 10710 10711 10248)
4(10232 10248 10711 10695)
4(10233 10249 10712 10696)
4(8876 9576 10712 10249)
4(10234 10250 10713 10697)
4(10249 10712 10713 10250)
4(10235 10251 10714 10698)
4(10250 10713 10714 10251)
4(10236 10252 10715 10699)
4(10251 10714 10715 10252)
4(10237 10253 10716 10700)
4(10252 10715 10716 10253)
4(10238 10254 10717 10701)
4(10253 10716 10717 10254)
4(10239 10255 10718 10702)
4(10254 10717 10718 10255)
4(10240 10256 10719 10703)
4(10255 10718 10719 10256)
4(10241 10257 10720 10704)
4(10256 10719 10720 10257)
4(10242 10258 10721 10705)
4(10257 10720 10721 10258)
4(10243 10259 10722 10706)
4(10258 10721 10722 10259)
4(10244 10260 10723 10707)
4(10259 10722 10723 10260)
4(10245 10261 10724 10708)
4(10260 10723 10724 10261)
4(10246 10262 10725 10709)
4(10261 10724 10725 10262)
4(10247 10263 10726 10710)
4(10262 10725 10726 10263)
4(10263 10726 10727 10264)
4(10248 10264 10727 10711)
4(10249 10265 10728 10712)
4(8901 9601 10728 10265)
4(10250 10266 10729 10713)
4(10265 10728 10729 10266)
4(10251 10267 10730 10714)
4(10266 10729 10730 10267)
4(10252 10268 10731 10715)
4(10267 10730 10731 10268)
4(10253 10269 10732 10716)
4(10268 10731 10732 10269)
4(10254 10270 10733 10717)
4(10269 10732 10733 10270)
4(10255 10271 10734 10718)
4(10270 10733 10734 10271)
4(10256 10272 10735 10719)
4(10271 10734 10735 10272)
4(10257 10273 10736 10720)
4(10272 10735 10736 10273)
4(10258 10274 10737 10721)
4(10273 10736 10737 10274)
4(10259 10275 10738 10722)
4(10274 10737 10738 10275)
4(10260 10276 10739 10723)
4(10275 10738 10739 10276)
4(10261 10277 10740 10724)
4(10276 10739 10740 10277)
4(10262 10278 10741 10725)
4(10277 10740 10741 10278)
4(10263 10279 10742 10726)
4(10278 10741 10742 10279)
4(10279 10742 10743 10280)
4(10264 10280 10743 10727)
4(10265 10281 10744 10728)
4(8926 9626 10744 10281)
4(10266 10282 10745 10729)
4(10281 10744 10745 10282)
4(10267 10283 10746 10730)
4(10282 10745 10746 10283)
4(10268 10284 10747 10731)
4(10283 10746 10747 10284)
4(10269 10285 10748 10732)
4(10284 10747 10748 10285)
4(10270 10286 10749 10733)
4(10285 10748 10749 10286)
4(10271 10287 10750 10734)
4(10286 10749 10750 10287)
4(10272 10288 10751 10735)
4(10287 10750 10751 10288)
4(10273 10289 10752 10736)
4(10288 10751 10752 10289)
4(10274 10290 10753 10737)
4(10289 10752 10753 10290)
4(10275 10291 10754 10738)
4(10290 10753 10754 10291)
4(10276 10292 10755 10739)
4(10291 10754 10755 10292)
4(10277 10293 10756 10740)
4(10292 10755 10756 10293)
4(10278 10294 10757 10741)
4(10293 10756 10757 10294)
4(10279 10295 10758 10742)
4(10294 10757 10758 10295)
4(10295 10758 10759 10296)
4(10280 10296 10759 10743)
4(10281 10297 10760 10744)
4(8951 9651 10760 10297)
4(10282 10298 10761 10745)
4(10297 10760 10761 10298)
4(10283 10299 10762 10746)
4(10298 10761 10762 10299)
4(10284 10300 10763 10747)
4(10299 10762 10763 10300)
4(10285 10301 10764 10748)
4(10300 10763 10764 10301)
4(10286 10302 10765 10749)
4(10301 10764 10765 10302)
4(10287 10303 10766 10750)
4(10302 10765 10766 10303)
4(10288 10304 10767 10751)
4(10303 10766 10767 10304)
4(10289 10305 10768 10752)
4(10304 10767 10768 10305)
4(10290 10306 10769 10753)
4(10305 10768 10769 10306)
4(10291 10307 10770 10754)
4(10306 10769 10770 10307)
4(10292 10308 10771 10755)
4(10307 10770 10771 10308)
4(10293 10309 10772 10756)
4(10308 10771 10772 10309)
4(10294 10310 10773 10757)
4(10309 10772 10773 10310)
4(10295 10311 10774 10758)
4(10310 10773 10774 10311)
4(10311 10774 10775 10312)
4(10296 10312 10775 10759)
4(10297 10313 10776 10760)
4(8976 9676 10776 10313)
4(10298 10314 10777 10761)
4(10313 10776 10777 10314)
4(10299 10315 10778 10762)
4(10314 10777 10778 10315)
4(10300 10316 10779 10763)
4(10315 10778 10779 10316)
4(10301 10317 10780 10764)
4(10316 10779 10780 10317)
4(10302 10318 10781 10765)
4(10317 10780 10781 10318)
4(10303 10319 10782 10766)
4(10318 10781 10782 10319)
4(10304 10320 10783 10767)
4(10319 10782 10783 10320)
4(10305 10321 10784 10768)
4(10320 10783 10784 10321)
4(10306 10322 10785 10769)
4(10321 10784 10785 10322)
4(10307 10323 10786 10770)
4(10322 10785 10786 10323)
4(10308 10324 10787 10771)
4(10323 10786 10787 10324)
4(10309 10325 10788 10772)
4(10324 10787 10788 10325)
4(10310 10326 10789 10773)
4(10325 10788 10789 10326)
4(10311 10327 10790 10774)
4(10326 10789 10790 10327)
4(10327 10790 10791 10328)
4(10312 10328 10791 10775)
4(10313 10329 10792 10776)
4(9001 9701 10792 10329)
4(10314 10330 10793 10777)
4(10329 10792 10793 10330)
4(10315 10331 10794 10778)
4(10330 10793 10794 10331)
4(10316 10332 10795 10779)
4(10331 10794 10795 10332)
4(10317 10333 10796 10780)
4(10332 10795 10796 10333)
4(10318 10334 10797 10781)
4(10333 10796 10797 10334)
4(10319 10335 10798 10782)
4(10334 10797 10798 10335)
4(10320 10336 10799 10783)
4(10335 10798 10799 10336)
4(10321 10337 10800 10784)
4(10336 10799 10800 10337)
4(10322 10338 10801 10785)
4(10337 10800 10801 10338)
4(10323 10339 10802 10786)
4(10338 10801 10802 10339)
4(10324 10340 10803 10787)
4(10339 10802 10803 10340)
4(10325 10341 10804 10788)
4(10340 10803 10804 10341)
4(10326 10342 10805 10789)
4(10341 10804 10805 10342)
4(10327 10343 10806 10790)
4(10342 10805 10806 10343)
4(10343 10806 10807 10344)
4(10328 10344 10807 10791)
4(10329 10345 10808 10792)
4(9026 9726 10808 10345)
4(10330 10346 10809 10793)
4(10345 10808 10809 10346)
4(10331 10347 10810 10794)
4(10346 10809 10810 10347)
4(10332 10348 10811 10795)
4(10347 10810 10811 10348)
4(10333 10349 10812 10796)
4(10348 10811 10812 10349)
4(10334 10350 10813 10797)
4(10349 10812 10813 10350)
4(10335 10351 10814 10798)
4(10350 10813 10814 10351)
4(10336 10352 10815 10799)
4(10351 10814 10815 10352)
4(10337 10353 10816 10800)
4(10352 10815 10816 10353)
4(10338 10354 10817 10801)
4(10353 10816 10817 10354)
4(10339 10355 10818 10802)
4(10354 10817 10818 10355)
4(10340 10356 10819 10803)
4(10355 10818 10819 10356)
4(10341 10357 10820 10804)
4(10356 10819 10820 10357)
4(10342 10358 10821 10805)
4(10357 10820 10821 10358)
4(10343 10359 10822 10806)
4(10358 10821 10822 10359)
4(10359 10822 10823 10360)
4(10344 10360 10823 10807)
4(10345 10361 10824 10808)
4(9051 9751 10824 10361)
4(10346 10362 10825 10809)
4(10361 10824 10825 10362)
4(10347 10363 10826 10810)
4(10362 10825 10826 10363)
4(10348 10364 10827 10811)
4(10363 10826 10827 10364)
4(10349 10365 10828 10812)
4(10364 10827 10828 10365)
4(10350 10366 10829 10813)
4(10365 10828 10829 10366)
4(10351 10367 10830 10814)
4(10366 10829 10830 10367)
4(10352 10368 10831 10815)
4(10367 10830 10831 10368)
4(10353 10369 10832 10816)
4(10368 10831 10832 10369)
4(10354 10370 10833 10817)
4(10369 10832 10833 10370)
4(10355 10371 10834 10818)
4(10370 10833 10834 10371)
4(10356 10372 10835 10819)
4(10371 10834 10835 10372)
4(10357 10373 10836 10820)
4(10372 10835 10836 10373)
4(10358 10374 10837 10821)
4(10373 10836 10837 10374)
4(10359 10375 10838 10822)
4(10374 10837 10838 10375)
4(10375 10838 10839 10376)
4(10360 10376 10839 10823)
4(10361 10377 10840 10824)
4(9076 9776 10840 10377)
4(10362 10378 10841 10825)
4(10377 10840 10841 10378)
4(10363 10379 10842 10826)
4(10378 10841 10842 10379)
4(10364 10380 10843 10827)
4(10379 10842 10843 10380)
4(10365 10381 10844 10828)
4(10380 10843 10844 10381)
4(10366 10382 10845 10829)
4(10381 10844 10845 10382)
4(10367 10383 10846 10830)
4(10382 10845 10846 10383)
4(10368 10384 10847 10831)
4(10383 10846 10847 10384)
4(10369 10385 10848 10832)
4(10384 10847 10848 10385)
4(10370 10386 10849 10833)
4(10385 10848 10849 10386)
4(10371 10387 10850 10834)
4(10386 10849 10850 10387)
4(10372 10388 10851 10835)
4(10387 10850 10851 10388)
4(10373 10389 10852 10836)
4(10388 10851 10852 10389)
4(10374 10390 10853 10837)
4(10389 10852 10853 10390)
4(10375 10391 10854 10838)
4(10390 10853 10854 10391)
4(10391 10854 10855 10392)
4(10376 10392 10855 10839)
4(10377 10393 10856 10840)
4(9101 9801 10856 10393)
4(10378 10394 10857 10841)
4(10393 10856 10857 10394)
4(10379 10395 10858 10842)
4(10394 10857 10858 10395)
4(10380 10396 10859 10843)
4(10395 10858 10859 10396)
4(10381 10397 10860 10844)
4(10396 10859 10860 10397)
4(10382 10398 10861 10845)
4(10397 10860 10861 10398)
4(10383 10399 10862 10846)
4(10398 10861 10862 10399)
4(10384 10400 10863 10847)
4(10399 10862 10863 10400)
4(10385 10401 10864 10848)
4(10400 10863 10864 10401)
4(10386 10402 10865 10849)
4(10401 10864 10865 10402)
4(10387 10403 10866 10850)
4(10402 10865 10866 10403)
4(10388 10404 10867 10851)
4(10403 10866 10867 10404)
4(10389 10405 10868 10852)
4(10404 10867 10868 10405)
4(10390 10406 10869 10853)
4(10405 10868 10869 10406)
4(10391 10407 10870 10854)
4(10406 10869 10870 10407)
4(10407 10870 10871 10408)
4(10392 10408 10871 10855)
4(10393 10409 10872 10856)
4(9126 9826 10872 10409)
4(10394 10410 10873 10857)
4(10409 10872 10873 10410)
4(10395 10411 10874 10858)
4(10410 10873 10874 10411)
4(10396 10412 10875 10859)
4(10411 10874 10875 10412)
4(10397 10413 10876 10860)
4(10412 10875 10876 10413)
4(10398 10414 10877 10861)
4(10413 10876 10877 10414)
4(10399 10415 10878 10862)
4(10414 10877 10878 10415)
4(10400 10416 10879 10863)
4(10415 10878 10879 10416)
4(10401 10417 10880 10864)
4(10416 10879 10880 10417)
4(10402 10418 10881 10865)
4(10417 10880 10881 10418)
4(10403 10419 10882 10866)
4(10418 10881 10882 10419)
4(10404 10420 10883 10867)
4(10419 10882 10883 10420)
4(10405 10421 10884 10868)
4(10420 10883 10884 10421)
4(10406 10422 10885 10869)
4(10421 10884 10885 10422)
4(10407 10423 10886 10870)
4(10422 10885 10886 10423)
4(10423 10886 10887 10424)
4(10408 10424 10887 10871)
4(10409 10425 10888 10872)
4(9151 9851 10888 10425)
4(10410 10426 10889 10873)
4(10425 10888 10889 10426)
4(10411 10427 10890 10874)
4(10426 10889 10890 10427)
4(10412 10428 10891 10875)
4(10427 10890 10891 10428)
4(10413 10429 10892 10876)
4(10428 10891 10892 10429)
4(10414 10430 10893 10877)
4(10429 10892 10893 10430)
4(10415 10431 10894 10878)
4(10430 10893 10894 10431)
4(10416 10432 10895 10879)
4(10431 10894 10895 10432)
4(10417 10433 10896 10880)
4(10432 10895 10896 10433)
4(10418 10434 10897 10881)
4(10433 10896 10897 10434)
4(10419 10435 10898 10882)
4(10434 10897 10898 10435)
4(10420 10436 10899 10883)
4(10435 10898 10899 10436)
4(10421 10437 10900 10884)
4(10436 10899 10900 10437)
4(10422 10438 10901 10885)
4(10437 10900 10901 10438)
4(10423 10439 10902 10886)
4(10438 10901 10902 10439)
4(10439 10902 10903 10440)
4(10424 10440 10903 10887)
4(10425 10441 10904 10888)
4(9176 9876 10904 10441)
4(10426 10442 10905 10889)
4(10441 10904 10905 10442)
4(10427 10443 10906 10890)
4(10442 10905 10906 10443)
4(10428 10444 10907 10891)
4(10443 10906 10907 10444)
4(10429 10445 10908 10892)
4(10444 10907 10908 10445)
4(10430 10446 10909 10893)
4(10445 10908 10909 10446)
4(10431 10447 10910 10894)
4(10446 10909 10910 10447)
4(10432 10448 10911 10895)
4(10447 10910 10911 10448)
4(10433 10449 10912 10896)
4(10448 10911 10912 10449)
4(10434 10450 10913 10897)
4(10449 10912 10913 10450)
4(10435 10451 10914 10898)
4(10450 10913 10914 10451)
4(10436 10452 10915 10899)
4(10451 10914 10915 10452)
4(10437 10453 10916 10900)
4(10452 10915 10916 10453)
4(10438 10454 10917 10901)
4(10453 10916 10917 10454)
4(10439 10455 10918 10902)
4(10454 10917 10918 10455)
4(10455 10918 10919 10456)
4(10440 10456 10919 10903)
4(10441 10457 10920 10904)
4(9201 9901 10920 10457)
4(10442 10458 10921 10905)
4(10457 10920 10921 10458)
4(10443 10459 10922 10906)
4(10458 10921 10922 10459)
4(10444 10460 10923 10907)
4(10459 10922 10923 10460)
4(10445 10461 10924 10908)
4(10460 10923 10924 10461)
4(10446 10462 10925 10909)
4(10461 10924 10925 10462)
4(10447 10463 10926 10910)
4(10462 10925 10926 10463)
4(10448 10464 10927 10911)
4(10463 10926 10927 10464)
4(10449 10465 10928 10912)
4(10464 10927 10928 10465)
4(10450 10466 10929 10913)
4(10465 10928 10929 10466)
4(10451 10467 10930 10914)
4(10466 10929 10930 10467)
4(10452 10468 10931 10915)
4(10467 10930 10931 10468)
4(10453 10469 10932 10916)
4(10468 10931 10932 10469)
4(10454 10470 10933 10917)
4(10469 10932 10933 10470)
4(10455 10471 10934 10918)
4(10470 10933 10934 10471)
4(10471 10934 10935 10472)
4(10456 10472 10935 10919)
4(10457 10473 10936 10920)
4(9226 9926 10936 10473)
4(10458 10474 10937 10921)
4(10473 10936 10937 10474)
4(10459 10475 10938 10922)
4(10474 10937 10938 10475)
4(10460 10476 10939 10923)
4(10475 10938 10939 10476)
4(10461 10477 10940 10924)
4(10476 10939 10940 10477)
4(10462 10478 10941 10925)
4(10477 10940 10941 10478)
4(10463 10479 10942 10926)
4(10478 10941 10942 10479)
4(10464 10480 10943 10927)
4(10479 10942 10943 10480)
4(10465 10481 10944 10928)
4(10480 10943 10944 10481)
4(10466 10482 10945 10929)
4(10481 10944 10945 10482)
4(10467 10483 10946 10930)
4(10482 10945 10946 10483)
4(10468 10484 10947 10931)
4(10483 10946 10947 10484)
4(10469 10485 10948 10932)
4(10484 10947 10948 10485)
4(10470 10486 10949 10933)
4(10485 10948 10949 10486)
4(10471 10487 10950 10934)
4(10486 10949 10950 10487)
4(10487 10950 10951 10488)
4(10472 10488 10951 10935)
4(10473 10489 10952 10936)
4(9251 9951 10952 10489)
4(10474 10490 10953 10937)
4(10489 10952 10953 10490)
4(10475 10491 10954 10938)
4(10490 10953 10954 10491)
4(10476 10492 10955 10939)
4(10491 10954 10955 10492)
4(10477 10493 10956 10940)
4(10492 10955 10956 10493)
4(10478 10494 10957 10941)
4(10493 10956 10957 10494)
4(10479 10495 10958 10942)
4(10494 10957 10958 10495)
4(10480 10496 10959 10943)
4(10495 10958 10959 10496)
4(10481 10497 10960 10944)
4(10496 10959 10960 10497)
4(10482 10498 10961 10945)
4(10497 10960 10961 10498)
4(10483 10499 10962 10946)
4(10498 10961 10962 10499)
4(10484 10500 10963 10947)
4(10499 10962 10963 10500)
4(10485 10501 10964 10948)
4(10500 10963 10964 10501)
4(10486 10502 10965 10949)
4(10501 10964 10965 10502)
4(10487 10503 10966 10950)
4(10502 10965 10966 10503)
4(10503 10966 10967 10504)
4(10488 10504 10967 10951)
4(10489 10505 10968 10952)
4(9276 9976 10968 10505)
4(10490 10506 10969 10953)
4(10505 10968 10969 10506)
4(10491 10507 10970 10954)
4(10506 10969 10970 10507)
4(10492 10508 10971 10955)
4(10507 10970 10971 10508)
4(10493 10509 10972 10956)
4(10508 10971 10972 10509)
4(10494 10510 10973 10957)
4(10509 10972 10973 10510)
4(10495 10511 10974 10958)
4(10510 10973 10974 10511)
4(10496 10512 10975 10959)
4(10511 10974 10975 10512)
4(10497 10513 10976 10960)
4(10512 10975 10976 10513)
4(10498 10514 10977 10961)
4(10513 10976 10977 10514)
4(10499 10515 10978 10962)
4(10514 10977 10978 10515)
4(10500 10516 10979 10963)
4(10515 10978 10979 10516)
4(10501 10517 10980 10964)
4(10516 10979 10980 10517)
4(10502 10518 10981 10965)
4(10517 10980 10981 10518)
4(10503 10519 10982 10966)
4(10518 10981 10982 10519)
4(10519 10982 10983 10520)
4(10504 10520 10983 10967)
4(10505 10521 10984 10968)
4(9301 10001 10984 10521)
4(10506 10522 10985 10969)
4(10521 10984 10985 10522)
4(10507 10523 10986 10970)
4(10522 10985 10986 10523)
4(10508 10524 10987 10971)
4(10523 10986 10987 10524)
4(10509 10525 10988 10972)
4(10524 10987 10988 10525)
4(10510 10526 10989 10973)
4(10525 10988 10989 10526)
4(10511 10527 10990 10974)
4(10526 10989 10990 10527)
4(10512 10528 10991 10975)
4(10527 10990 10991 10528)
4(10513 10529 10992 10976)
4(10528 10991 10992 10529)
4(10514 10530 10993 10977)
4(10529 10992 10993 10530)
4(10515 10531 10994 10978)
4(10530 10993 10994 10531)
4(10516 10532 10995 10979)
4(10531 10994 10995 10532)
4(10517 10533 10996 10980)
4(10532 10995 10996 10533)
4(10518 10534 10997 10981)
4(10533 10996 10997 10534)
4(10519 10535 10998 10982)
4(10534 10997 10998 10535)
4(10535 10998 10999 10536)
4(10520 10536 10999 10983)
4(10521 10537 11000 10984)
4(9326 10026 11000 10537)
4(10522 10538 11001 10985)
4(10537 11000 11001 10538)
4(10523 10539 11002 10986)
4(10538 11001 11002 10539)
4(10524 10540 11003 10987)
4(10539 11002 11003 10540)
4(10525 10541 11004 10988)
4(10540 11003 11004 10541)
4(10526 10542 11005 10989)
4(10541 11004 11005 10542)
4(10527 10543 11006 10990)
4(10542 11005 11006 10543)
4(10528 10544 11007 10991)
4(10543 11006 11007 10544)
4(10529 10545 11008 10992)
4(10544 11007 11008 10545)
4(10530 10546 11009 10993)
4(10545 11008 11009 10546)
4(10531 10547 11010 10994)
4(10546 11009 11010 10547)
4(10532 10548 11011 10995)
4(10547 11010 11011 10548)
4(10533 10549 11012 10996)
4(10548 11011 11012 10549)
4(10534 10550 11013 10997)
4(10549 11012 11013 10550)
4(10535 10551 11014 10998)
4(10550 11013 11014 10551)
4(10551 11014 11015 10552)
4(10536 10552 11015 10999)
4(10537 10553 11016 11000)
4(9351 10051 11016 10553)
4(10538 10554 11017 11001)
4(10553 11016 11017 10554)
4(10539 10555 11018 11002)
4(10554 11017 11018 10555)
4(10540 10556 11019 11003)
4(10555 11018 11019 10556)
4(10541 10557 11020 11004)
4(10556 11019 11020 10557)
4(10542 10558 11021 11005)
4(10557 11020 11021 10558)
4(10543 10559 11022 11006)
4(10558 11021 11022 10559)
4(10544 10560 11023 11007)
4(10559 11022 11023 10560)
4(10545 10561 11024 11008)
4(10560 11023 11024 10561)
4(10546 10562 11025 11009)
4(10561 11024 11025 10562)
4(10547 10563 11026 11010)
4(10562 11025 11026 10563)
4(10548 10564 11027 11011)
4(10563 11026 11027 10564)
4(10549 10565 11028 11012)
4(10564 11027 11028 10565)
4(10550 10566 11029 11013)
4(10565 11028 11029 10566)
4(10551 10567 11030 11014)
4(10566 11029 11030 10567)
4(10567 11030 11031 10568)
4(10552 10568 11031 11015)
4(10553 10569 11032 11016)
4(9376 10076 11032 10569)
4(10554 10570 11033 11017)
4(10569 11032 11033 10570)
4(10555 10571 11034 11018)
4(10570 11033 11034 10571)
4(10556 10572 11035 11019)
4(10571 11034 11035 10572)
4(10557 10573 11036 11020)
4(10572 11035 11036 10573)
4(10558 10574 11037 11021)
4(10573 11036 11037 10574)
4(10559 10575 11038 11022)
4(10574 11037 11038 10575)
4(10560 10576 11039 11023)
4(10575 11038 11039 10576)
4(10561 10577 11040 11024)
4(10576 11039 11040 10577)
4(10562 10578 11041 11025)
4(10577 11040 11041 10578)
4(10563 10579 11042 11026)
4(10578 11041 11042 10579)
4(10564 10580 11043 11027)
4(10579 11042 11043 10580)
4(10565 10581 11044 11028)
4(10580 11043 11044 10581)
4(10566 10582 11045 11029)
4(10581 11044 11045 10582)
4(10567 10583 11046 11030)
4(10582 11045 11046 10583)
4(10583 11046 11047 10584)
4(10568 10584 11047 11031)
4(10569 10585 11048 11032)
4(9401 10101 11048 10585)
4(10570 10586 11049 11033)
4(10585 11048 11049 10586)
4(10571 10587 11050 11034)
4(10586 11049 11050 10587)
4(10572 10588 11051 11035)
4(10587 11050 11051 10588)
4(10573 10589 11052 11036)
4(10588 11051 11052 10589)
4(10574 10590 11053 11037)
4(10589 11052 11053 10590)
4(10575 10591 11054 11038)
4(10590 11053 11054 10591)
4(10576 10592 11055 11039)
4(10591 11054 11055 10592)
4(10577 10593 11056 11040)
4(10592 11055 11056 10593)
4(10578 10594 11057 11041)
4(10593 11056 11057 10594)
4(10579 10595 11058 11042)
4(10594 11057 11058 10595)
4(10580 10596 11059 11043)
4(10595 11058 11059 10596)
4(10581 10597 11060 11044)
4(10596 11059 11060 10597)
4(10582 10598 11061 11045)
4(10597 11060 11061 10598)
4(10583 10599 11062 11046)
4(10598 11061 11062 10599)
4(10599 11062 11063 10600)
4(10584 10600 11063 11047)
4(10585 10601 11064 11048)
4(9426 10126 11064 10601)
4(10586 10602 11065 11049)
4(10601 11064 11065 10602)
4(10587 10603 11066 11050)
4(10602 11065 11066 10603)
4(10588 10604 11067 11051)
4(10603 11066 11067 10604)
4(10589 10605 11068 11052)
4(10604 11067 11068 10605)
4(10590 10606 11069 11053)
4(10605 11068 11069 10606)
4(10591 10607 11070 11054)
4(10606 11069 11070 10607)
4(10592 10608 11071 11055)
4(10607 11070 11071 10608)
4(10593 10609 11072 11056)
4(10608 11071 11072 10609)
4(10594 10610 11073 11057)
4(10609 11072 11073 10610)
4(10595 10611 11074 11058)
4(10610 11073 11074 10611)
4(10596 10612 11075 11059)
4(10611 11074 11075 10612)
4(10597 10613 11076 11060)
4(10612 11075 11076 10613)
4(10598 10614 11077 11061)
4(10613 11076 11077 10614)
4(10599 10615 11078 11062)
4(10614 11077 11078 10615)
4(10615 11078 11079 10616)
4(10600 10616 11079 11063)
4(10601 10617 11080 11064)
4(9451 10151 11080 10617)
4(10602 10618 11081 11065)
4(10617 11080 11081 10618)
4(10603 10619 11082 11066)
4(10618 11081 11082 10619)
4(10604 10620 11083 11067)
4(10619 11082 11083 10620)
4(10605 10621 11084 11068)
4(10620 11083 11084 10621)
4(10606 10622 11085 11069)
4(10621 11084 11085 10622)
4(10607 10623 11086 11070)
4(10622 11085 11086 10623)
4(10608 10624 11087 11071)
4(10623 11086 11087 10624)
4(10609 10625 11088 11072)
4(10624 11087 11088 10625)
4(10610 10626 11089 11073)
4(10625 11088 11089 10626)
4(10611 10627 11090 11074)
4(10626 11089 11090 10627)
4(10612 10628 11091 11075)
4(10627 11090 11091 10628)
4(10613 10629 11092 11076)
4(10628 11091 11092 10629)
4(10614 10630 11093 11077)
4(10629 11092 11093 10630)
4(10615 10631 11094 11078)
4(10630 11093 11094 10631)
4(10631 11094 11095 10632)
4(10616 10632 11095 11079)
4(10617 10633 11096 11080)
4(9476 10176 11096 10633)
4(10618 10634 11097 11081)
4(10633 11096 11097 10634)
4(10619 10635 11098 11082)
4(10634 11097 11098 10635)
4(10620 10636 11099 11083)
4(10635 11098 11099 10636)
4(10621 10637 11100 11084)
4(10636 11099 11100 10637)
4(10622 10638 11101 11085)
4(10637 11100 11101 10638)
4(10623 10639 11102 11086)
4(10638 11101 11102 10639)
4(10624 10640 11103 11087)
4(10639 11102 11103 10640)
4(10625 10641 11104 11088)
4(10640 11103 11104 10641)
4(10626 10642 11105 11089)
4(10641 11104 11105 10642)
4(10627 10643 11106 11090)
4(10642 11105 11106 10643)
4(10628 10644 11107 11091)
4(10643 11106 11107 10644)
4(10629 10645 11108 11092)
4(10644 11107 11108 10645)
4(10630 10646 11109 11093)
4(10645 11108 11109 10646)
4(10631 10647 11110 11094)
4(10646 11109 11110 10647)
4(10647 11110 11111 10648)
4(10632 10648 11111 11095)
4(10633 10649 11112 11096)
4(10634 10650 11113 11097)
4(10635 10651 11114 11098)
4(10636 10652 11115 11099)
4(10637 10653 11116 11100)
4(10638 10654 11117 11101)
4(10639 10655 11118 11102)
4(10640 10656 11119 11103)
4(10641 10657 11120 11104)
4(10642 10658 11121 11105)
4(10643 10659 11122 11106)
4(10644 10660 11123 11107)
4(10645 10661 11124 11108)
4(10646 10662 11125 11109)
4(10647 10663 11126 11110)
4(10648 10664 11127 11111)
4(6744 11128 11912 8774)
4(10232 10695 11912 11128)
4(6745 11129 11913 8775)
4(11128 11912 11913 11129)
4(6746 11130 11914 8776)
4(11129 11913 11914 11130)
4(6747 11131 11915 8777)
4(11130 11914 11915 11131)
4(6748 11132 11916 8778)
4(11131 11915 11916 11132)
4(6749 11133 11917 8779)
4(11132 11916 11917 11133)
4(6750 11134 11918 8780)
4(11133 11917 11918 11134)
4(6751 11135 11919 8781)
4(11134 11918 11919 11135)
4(6752 11136 11920 8782)
4(11135 11919 11920 11136)
4(6753 11137 11921 8783)
4(11136 11920 11921 11137)
4(6754 11138 11922 8784)
4(11137 11921 11922 11138)
4(6755 11139 11923 8785)
4(11138 11922 11923 11139)
4(6756 11140 11924 8786)
4(11139 11923 11924 11140)
4(6757 11141 11925 8787)
4(11140 11924 11925 11141)
4(6758 11142 11926 8788)
4(11141 11925 11926 11142)
4(6759 11143 11927 8789)
4(11142 11926 11927 11143)
4(6760 11144 11928 8790)
4(11143 11927 11928 11144)
4(6761 11145 11929 8791)
4(11144 11928 11929 11145)
4(6762 11146 11930 8792)
4(11145 11929 11930 11146)
4(6763 11147 11931 8793)
4(11146 11930 11931 11147)
4(6764 11148 11932 8794)
4(11147 11931 11932 11148)
4(6765 11149 11933 8795)
4(11148 11932 11933 11149)
4(6766 11150 11934 8796)
4(11149 11933 11934 11150)
4(6767 11151 11935 8797)
4(11150 11934 11935 11151)
4(6768 11152 11936 8798)
4(11151 11935 11936 11152)
4(6769 11153 11937 8799)
4(11152 11936 11937 11153)
4(6770 11154 11938 8800)
4(11153 11937 11938 11154)
4(11154 11938 11939 11155)
4(11128 11156 11940 11912)
4(10248 10711 11940 11156)
4(11129 11157 11941 11913)
4(11156 11940 11941 11157)
4(11130 11158 11942 11914)
4(11157 11941 11942 11158)
4(11131 11159 11943 11915)
4(11158 11942 11943 11159)
4(11132 11160 11944 11916)
4(11159 11943 11944 11160)
4(11133 11161 11945 11917)
4(11160 11944 11945 11161)
4(11134 11162 11946 11918)
4(11161 11945 11946 11162)
4(11135 11163 11947 11919)
4(11162 11946 11947 11163)
4(11136 11164 11948 11920)
4(11163 11947 11948 11164)
4(11137 11165 11949 11921)
4(11164 11948 11949 11165)
4(11138 11166 11950 11922)
4(11165 11949 11950 11166)
4(11139 11167 11951 11923)
4(11166 11950 11951 11167)
4(11140 11168 11952 11924)
4(11167 11951 11952 11168)
4(11141 11169 11953 11925)
4(11168 11952 11953 11169)
4(11142 11170 11954 11926)
4(11169 11953 11954 11170)
4(11143 11171 11955 11927)
4(11170 11954 11955 11171)
4(11144 11172 11956 11928)
4(11171 11955 11956 11172)
4(11145 11173 11957 11929)
4(11172 11956 11957 11173)
4(11146 11174 11958 11930)
4(11173 11957 11958 11174)
4(11147 11175 11959 11931)
4(11174 11958 11959 11175)
4(11148 11176 11960 11932)
4(11175 11959 11960 11176)
4(11149 11177 11961 11933)
4(11176 11960 11961 11177)
4(11150 11178 11962 11934)
4(11177 11961 11962 11178)
4(11151 11179 11963 11935)
4(11178 11962 11963 11179)
4(11152 11180 11964 11936)
4(11179 11963 11964 11180)
4(11153 11181 11965 11937)
4(11180 11964 11965 11181)
4(11154 11182 11966 11938)
4(11181 11965 11966 11182)
4(11182 11966 11967 11183)
4(11156 11184 11968 11940)
4(10264 10727 11968 11184)
4(11157 11185 11969 11941)
4(11184 11968 11969 11185)
4(11158 11186 11970 11942)
4(11185 11969 11970 11186)
4(11159 11187 11971 11943)
4(11186 11970 11971 11187)
4(11160 11188 11972 11944)
4(11187 11971 11972 11188)
4(11161 11189 11973 11945)
4(11188 11972 11973 11189)
4(11162 11190 11974 11946)
4(11189 11973 11974 11190)
4(11163 11191 11975 11947)
4(11190 11974 11975 11191)
4(11164 11192 11976 11948)
4(11191 11975 11976 11192)
4(11165 11193 11977 11949)
4(11192 11976 11977 11193)
4(11166 11194 11978 11950)
4(11193 11977 11978 11194)
4(11167 11195 11979 11951)
4(11194 11978 11979 11195)
4(11168 11196 11980 11952)
4(11195 11979 11980 11196)
4(11169 11197 11981 11953)
4(11196 11980 11981 11197)
4(11170 11198 11982 11954)
4(11197 11981 11982 11198)
4(11171 11199 11983 11955)
4(11198 11982 11983 11199)
4(11172 11200 11984 11956)
4(11199 11983 11984 11200)
4(11173 11201 11985 11957)
4(11200 11984 11985 11201)
4(11174 11202 11986 11958)
4(11201 11985 11986 11202)
4(11175 11203 11987 11959)
4(11202 11986 11987 11203)
4(11176 11204 11988 11960)
4(11203 11987 11988 11204)
4(11177 11205 11989 11961)
4(11204 11988 11989 11205)
4(11178 11206 11990 11962)
4(11205 11989 11990 11206)
4(11179 11207 11991 11963)
4(11206 11990 11991 11207)
4(11180 11208 11992 11964)
4(11207 11991 11992 11208)
4(11181 11209 11993 11965)
4(11208 11992 11993 11209)
4(11182 11210 11994 11966)
4(11209 11993 11994 11210)
4(11210 11994 11995 11211)
4(11184 11212 11996 11968)
4(10280 10743 11996 11212)
4(11185 11213 11997 11969)
4(11212 11996 11997 11213)
4(11186 11214 11998 11970)
4(11213 11997 11998 11214)
4(11187 11215 11999 11971)
4(11214 11998 11999 11215)
4(11188 11216 12000 11972)
4(11215 11999 12000 11216)
4(11189 11217 12001 11973)
4(11216 12000 12001 11217)
4(11190 11218 12002 11974)
4(11217 12001 12002 11218)
4(11191 11219 12003 11975)
4(11218 12002 12003 11219)
4(11192 11220 12004 11976)
4(11219 12003 12004 11220)
4(11193 11221 12005 11977)
4(11220 12004 12005 11221)
4(11194 11222 12006 11978)
4(11221 12005 12006 11222)
4(11195 11223 12007 11979)
4(11222 12006 12007 11223)
4(11196 11224 12008 11980)
4(11223 12007 12008 11224)
4(11197 11225 12009 11981)
4(11224 12008 12009 11225)
4(11198 11226 12010 11982)
4(11225 12009 12010 11226)
4(11199 11227 12011 11983)
4(11226 12010 12011 11227)
4(11200 11228 12012 11984)
4(11227 12011 12012 11228)
4(11201 11229 12013 11985)
4(11228 12012 12013 11229)
4(11202 11230 12014 11986)
4(11229 12013 12014 11230)
4(11203 11231 12015 11987)
4(11230 12014 12015 11231)
4(11204 11232 12016 11988)
4(11231 12015 12016 11232)
4(11205 11233 12017 11989)
4(11232 12016 12017 11233)
4(11206 11234 12018 11990)
4(11233 12017 12018 11234)
4(11207 11235 12019 11991)
4(11234 12018 12019 11235)
4(11208 11236 12020 11992)
4(11235 12019 12020 11236)
4(11209 11237 12021 11993)
4(11236 12020 12021 11237)
4(11210 11238 12022 11994)
4(11237 12021 12022 11238)
4(11238 12022 12023 11239)
4(11212 11240 12024 11996)
4(10296 10759 12024 11240)
4(11213 11241 12025 11997)
4(11240 12024 12025 11241)
4(11214 11242 12026 11998)
4(11241 12025 12026 11242)
4(11215 11243 12027 11999)
4(11242 12026 12027 11243)
4(11216 11244 12028 12000)
4(11243 12027 12028 11244)
4(11217 11245 12029 12001)
4(11244 12028 12029 11245)
4(11218 11246 12030 12002)
4(11245 12029 12030 11246)
4(11219 11247 12031 12003)
4(11246 12030 12031 11247)
4(11220 11248 12032 12004)
4(11247 12031 12032 11248)
4(11221 11249 12033 12005)
4(11248 12032 12033 11249)
4(11222 11250 12034 12006)
4(11249 12033 12034 11250)
4(11223 11251 12035 12007)
4(11250 12034 12035 11251)
4(11224 11252 12036 12008)
4(11251 12035 12036 11252)
4(11225 11253 12037 12009)
4(11252 12036 12037 11253)
4(11226 11254 12038 12010)
4(11253 12037 12038 11254)
4(11227 11255 12039 12011)
4(11254 12038 12039 11255)
4(11228 11256 12040 12012)
4(11255 12039 12040 11256)
4(11229 11257 12041 12013)
4(11256 12040 12041 11257)
4(11230 11258 12042 12014)
4(11257 12041 12042 11258)
4(11231 11259 12043 12015)
4(11258 12042 12043 11259)
4(11232 11260 12044 12016)
4(11259 12043 12044 11260)
4(11233 11261 12045 12017)
4(11260 12044 12045 11261)
4(11234 11262 12046 12018)
4(11261 12045 12046 11262)
4(11235 11263 12047 12019)
4(11262 12046 12047 11263)
4(11236 11264 12048 12020)
4(11263 12047 12048 11264)
4(11237 11265 12049 12021)
4(11264 12048 12049 11265)
4(11238 11266 12050 12022)
4(11265 12049 12050 11266)
4(11266 12050 12051 11267)
4(11240 11268 12052 12024)
4(10312 10775 12052 11268)
4(11241 11269 12053 12025)
4(11268 12052 12053 11269)
4(11242 11270 12054 12026)
4(11269 12053 12054 11270)
4(11243 11271 12055 12027)
4(11270 12054 12055 11271)
4(11244 11272 12056 12028)
4(11271 12055 12056 11272)
4(11245 11273 12057 12029)
4(11272 12056 12057 11273)
4(11246 11274 12058 12030)
4(11273 12057 12058 11274)
4(11247 11275 12059 12031)
4(11274 12058 12059 11275)
4(11248 11276 12060 12032)
4(11275 12059 12060 11276)
4(11249 11277 12061 12033)
4(11276 12060 12061 11277)
4(11250 11278 12062 12034)
4(11277 12061 12062 11278)
4(11251 11279 12063 12035)
4(11278 12062 12063 11279)
4(11252 11280 12064 12036)
4(11279 12063 12064 11280)
4(11253 11281 12065 12037)
4(11280 12064 12065 11281)
4(11254 11282 12066 12038)
4(11281 12065 12066 11282)
4(11255 11283 12067 12039)
4(11282 12066 12067 11283)
4(11256 11284 12068 12040)
4(11283 12067 12068 11284)
4(11257 11285 12069 12041)
4(11284 12068 12069 11285)
4(11258 11286 12070 12042)
4(11285 12069 12070 11286)
4(11259 11287 12071 12043)
4(11286 12070 12071 11287)
4(11260 11288 12072 12044)
4(11287 12071 12072 11288)
4(11261 11289 12073 12045)
4(11288 12072 12073 11289)
4(11262 11290 12074 12046)
4(11289 12073 12074 11290)
4(11263 11291 12075 12047)
4(11290 12074 12075 11291)
4(11264 11292 12076 12048)
4(11291 12075 12076 11292)
4(11265 11293 12077 12049)
4(11292 12076 12077 11293)
4(11266 11294 12078 12050)
4(11293 12077 12078 11294)
4(11294 12078 12079 11295)
4(11268 11296 12080 12052)
4(10328 10791 12080 11296)
4(11269 11297 12081 12053)
4(11296 12080 12081 11297)
4(11270 11298 12082 12054)
4(11297 12081 12082 11298)
4(11271 11299 12083 12055)
4(11298 12082 12083 11299)
4(11272 11300 12084 12056)
4(11299 12083 12084 11300)
4(11273 11301 12085 12057)
4(11300 12084 12085 11301)
4(11274 11302 12086 12058)
4(11301 12085 12086 11302)
4(11275 11303 12087 12059)
4(11302 12086 12087 11303)
4(11276 11304 12088 12060)
4(11303 12087 12088 11304)
4(11277 11305 12089 12061)
4(11304 12088 12089 11305)
4(11278 11306 12090 12062)
4(11305 12089 12090 11306)
4(11279 11307 12091 12063)
4(11306 12090 12091 11307)
4(11280 11308 12092 12064)
4(11307 12091 12092 11308)
4(11281 11309 12093 12065)
4(11308 12092 12093 11309)
4(11282 11310 12094 12066)
4(11309 12093 12094 11310)
4(11283 11311 12095 12067)
4(11310 12094 12095 11311)
4(11284 11312 12096 12068)
4(11311 12095 12096 11312)
4(11285 11313 12097 12069)
4(11312 12096 12097 11313)
4(11286 11314 12098 12070)
4(11313 12097 12098 11314)
4(11287 11315 12099 12071)
4(11314 12098 12099 11315)
4(11288 11316 12100 12072)
4(11315 12099 12100 11316)
4(11289 11317 12101 12073)
4(11316 12100 12101 11317)
4(11290 11318 12102 12074)
4(11317 12101 12102 11318)
4(11291 11319 12103 12075)
4(11318 12102 12103 11319)
4(11292 11320 12104 12076)
4(11319 12103 12104 11320)
4(11293 11321 12105 12077)
4(11320 12104 12105 11321)
4(11294 11322 12106 12078)
4(11321 12105 12106 11322)
4(11322 12106 12107 11323)
4(11296 11324 12108 12080)
4(10344 10807 12108 11324)
4(11297 11325 12109 12081)
4(11324 12108 12109 11325)
4(11298 11326 12110 12082)
4(11325 12109 12110 11326)
4(11299 11327 12111 12083)
4(11326 12110 12111 11327)
4(11300 11328 12112 12084)
4(11327 12111 12112 11328)
4(11301 11329 12113 12085)
4(11328 12112 12113 11329)
4(11302 11330 12114 12086)
4(11329 12113 12114 11330)
4(11303 11331 12115 12087)
4(11330 12114 12115 11331)
4(11304 11332 12116 12088)
4(11331 12115 12116 11332)
4(11305 11333 12117 12089)
4(11332 12116 12117 11333)
4(11306 11334 12118 12090)
4(11333 12117 12118 11334)
4(11307 11335 12119 12091)
4(11334 12118 12119 11335)
4(11308 11336 12120 12092)
4(11335 12119 12120 11336)
4(11309 11337 12121 12093)
4(11336 12120 12121 11337)
4(11310 11338 12122 12094)
4(11337 12121 12122 11338)
4(11311 11339 12123 12095)
4(11338 12122 12123 11339)
4(11312 11340 12124 12096)
4(11339 12123 12124 11340)
4(11313 11341 12125 12097)
4(11340 12124 12125 11341)
4(11314 11342 12126 12098)
4(11341 12125 12126 11342)
4(11315 11343 12127 12099)
4(11342 12126 12127 11343)
4(11316 11344 12128 12100)
4(11343 12127 12128 11344)
4(11317 11345 12129 12101)
4(11344 12128 12129 11345)
4(11318 11346 12130 12102)
4(11345 12129 12130 11346)
4(11319 11347 12131 12103)
4(11346 12130 12131 11347)
4(11320 11348 12132 12104)
4(11347 12131 12132 11348)
4(11321 11349 12133 12105)
4(11348 12132 12133 11349)
4(11322 11350 12134 12106)
4(11349 12133 12134 11350)
4(11350 12134 12135 11351)
4(11324 11352 12136 12108)
4(10360 10823 12136 11352)
4(11325 11353 12137 12109)
4(11352 12136 12137 11353)
4(11326 11354 12138 12110)
4(11353 12137 12138 11354)
4(11327 11355 12139 12111)
4(11354 12138 12139 11355)
4(11328 11356 12140 12112)
4(11355 12139 12140 11356)
4(11329 11357 12141 12113)
4(11356 12140 12141 11357)
4(11330 11358 12142 12114)
4(11357 12141 12142 11358)
4(11331 11359 12143 12115)
4(11358 12142 12143 11359)
4(11332 11360 12144 12116)
4(11359 12143 12144 11360)
4(11333 11361 12145 12117)
4(11360 12144 12145 11361)
4(11334 11362 12146 12118)
4(11361 12145 12146 11362)
4(11335 11363 12147 12119)
4(11362 12146 12147 11363)
4(11336 11364 12148 12120)
4(11363 12147 12148 11364)
4(11337 11365 12149 12121)
4(11364 12148 12149 11365)
4(11338 11366 12150 12122)
4(11365 12149 12150 11366)
4(11339 11367 12151 12123)
4(11366 12150 12151 11367)
4(11340 11368 12152 12124)
4(11367 12151 12152 11368)
4(11341 11369 12153 12125)
4(11368 12152 12153 11369)
4(11342 11370 12154 12126)
4(11369 12153 12154 11370)
4(11343 11371 12155 12127)
4(11370 12154 12155 11371)
4(11344 11372 12156 12128)
4(11371 12155 12156 11372)
4(11345 11373 12157 12129)
4(11372 12156 12157 11373)
4(11346 11374 12158 12130)
4(11373 12157 12158 11374)
4(11347 11375 12159 12131)
4(11374 12158 12159 11375)
4(11348 11376 12160 12132)
4(11375 12159 12160 11376)
4(11349 11377 12161 12133)
4(11376 12160 12161 11377)
4(11350 11378 12162 12134)
4(11377 12161 12162 11378)
4(11378 12162 12163 11379)
4(11352 11380 12164 12136)
4(10376 10839 12164 11380)
4(11353 11381 12165 12137)
4(11380 12164 12165 11381)
4(11354 11382 12166 12138)
4(11381 12165 12166 11382)
4(11355 11383 12167 12139)
4(11382 12166 12167 11383)
4(11356 11384 12168 12140)
4(11383 12167 12168 11384)
4(11357 11385 12169 12141)
4(11384 12168 12169 11385)
4(11358 11386 12170 12142)
4(11385 12169 12170 11386)
4(11359 11387 12171 12143)
4(11386 12170 12171 11387)
4(11360 11388 12172 12144)
4(11387 12171 12172 11388)
4(11361 11389 12173 12145)
4(11388 12172 12173 11389)
4(11362 11390 12174 12146)
4(11389 12173 12174 11390)
4(11363 11391 12175 12147)
4(11390 12174 12175 11391)
4(11364 11392 12176 12148)
4(11391 12175 12176 11392)
4(11365 11393 12177 12149)
4(11392 12176 12177 11393)
4(11366 11394 12178 12150)
4(11393 12177 12178 11394)
4(11367 11395 12179 12151)
4(11394 12178 12179 11395)
4(11368 11396 12180 12152)
4(11395 12179 12180 11396)
4(11369 11397 12181 12153)
4(11396 12180 12181 11397)
4(11370 11398 12182 12154)
4(11397 12181 12182 11398)
4(11371 11399 12183 12155)
4(11398 12182 12183 11399)
4(11372 11400 12184 12156)
4(11399 12183 12184 11400)
4(11373 11401 12185 12157)
4(11400 12184 12185 11401)
4(11374 11402 12186 12158)
4(11401 12185 12186 11402)
4(11375 11403 12187 12159)
4(11402 12186 12187 11403)
4(11376 11404 12188 12160)
4(11403 12187 12188 11404)
4(11377 11405 12189 12161)
4(11404 12188 12189 11405)
4(11378 11406 12190 12162)
4(11405 12189 12190 11406)
4(11406 12190 12191 11407)
4(11380 11408 12192 12164)
4(10392 10855 12192 11408)
4(11381 11409 12193 12165)
4(11408 12192 12193 11409)
4(11382 11410 12194 12166)
4(11409 12193 12194 11410)
4(11383 11411 12195 12167)
4(11410 12194 12195 11411)
4(11384 11412 12196 12168)
4(11411 12195 12196 11412)
4(11385 11413 12197 12169)
4(11412 12196 12197 11413)
4(11386 11414 12198 12170)
4(11413 12197 12198 11414)
4(11387 11415 12199 12171)
4(11414 12198 12199 11415)
4(11388 11416 12200 12172)
4(11415 12199 12200 11416)
4(11389 11417 12201 12173)
4(11416 12200 12201 11417)
4(11390 11418 12202 12174)
4(11417 12201 12202 11418)
4(11391 11419 12203 12175)
4(11418 12202 12203 11419)
4(11392 11420 12204 12176)
4(11419 12203 12204 11420)
4(11393 11421 12205 12177)
4(11420 12204 12205 11421)
4(11394 11422 12206 12178)
4(11421 12205 12206 11422)
4(11395 11423 12207 12179)
4(11422 12206 12207 11423)
4(11396 11424 12208 12180)
4(11423 12207 12208 11424)
4(11397 11425 12209 12181)
4(11424 12208 12209 11425)
4(11398 11426 12210 12182)
4(11425 12209 12210 11426)
4(11399 11427 12211 12183)
4(11426 12210 12211 11427)
4(11400 11428 12212 12184)
4(11427 12211 12212 11428)
4(11401 11429 12213 12185)
4(11428 12212 12213 11429)
4(11402 11430 12214 12186)
4(11429 12213 12214 11430)
4(11403 11431 12215 12187)
4(11430 12214 12215 11431)
4(11404 11432 12216 12188)
4(11431 12215 12216 11432)
4(11405 11433 12217 12189)
4(11432 12216 12217 11433)
4(11406 11434 12218 12190)
4(11433 12217 12218 11434)
4(11434 12218 12219 11435)
4(11408 11436 12220 12192)
4(10408 10871 12220 11436)
4(11409 11437 12221 12193)
4(11436 12220 12221 11437)
4(11410 11438 12222 12194)
4(11437 12221 12222 11438)
4(11411 11439 12223 12195)
4(11438 12222 12223 11439)
4(11412 11440 12224 12196)
4(11439 12223 12224 11440)
4(11413 11441 12225 12197)
4(11440 12224 12225 11441)
4(11414 11442 12226 12198)
4(11441 12225 12226 11442)
4(11415 11443 12227 12199)
4(11442 12226 12227 11443)
4(11416 11444 12228 12200)
4(11443 12227 12228 11444)
4(11417 11445 12229 12201)
4(11444 12228 12229 11445)
4(11418 11446 12230 12202)
4(11445 12229 12230 11446)
4(11419 11447 12231 12203)
4(11446 12230 12231 11447)
4(11420 11448 12232 12204)
4(11447 12231 12232 11448)
4(11421 11449 12233 12205)
4(11448 12232 12233 11449)
4(11422 11450 12234 12206)
4(11449 12233 12234 11450)
4(11423 11451 12235 12207)
4(11450 12234 12235 11451)
4(11424 11452 12236 12208)
4(11451 12235 12236 11452)
4(11425 11453 12237 12209)
4(11452 12236 12237 11453)
4(11426 11454 12238 12210)
4(11453 12237 12238 11454)
4(11427 11455 12239 12211)
4(11454 12238 12239 11455)
4(11428 11456 12240 12212)
4(11455 12239 12240 11456)
4(11429 11457 12241 12213)
4(11456 12240 12241 11457)
4(11430 11458 12242 12214)
4(11457 12241 12242 11458)
4(11431 11459 12243 12215)
4(11458 12242 12243 11459)
4(11432 11460 12244 12216)
4(11459 12243 12244 11460)
4(11433 11461 12245 12217)
4(11460 12244 12245 11461)
4(11434 11462 12246 12218)
4(11461 12245 12246 11462)
4(11462 12246 12247 11463)
4(11436 11464 12248 12220)
4(10424 10887 12248 11464)
4(11437 11465 12249 12221)
4(11464 12248 12249 11465)
4(11438 11466 12250 12222)
4(11465 12249 12250 11466)
4(11439 11467 12251 12223)
4(11466 12250 12251 11467)
4(11440 11468 12252 12224)
4(11467 12251 12252 11468)
4(11441 11469 12253 12225)
4(11468 12252 12253 11469)
4(11442 11470 12254 12226)
4(11469 12253 12254 11470)
4(11443 11471 12255 12227)
4(11470 12254 12255 11471)
4(11444 11472 12256 12228)
4(11471 12255 12256 11472)
4(11445 11473 12257 12229)
4(11472 12256 12257 11473)
4(11446 11474 12258 12230)
4(11473 12257 12258 11474)
4(11447 11475 12259 12231)
4(11474 12258 12259 11475)
4(11448 11476 12260 12232)
4(11475 12259 12260 11476)
4(11449 11477 12261 12233)
4(11476 12260 12261 11477)
4(11450 11478 12262 12234)
4(11477 12261 12262 11478)
4(11451 11479 12263 12235)
4(11478 12262 12263 11479)
4(11452 11480 12264 12236)
4(11479 12263 12264 11480)
4(11453 11481 12265 12237)
4(11480 12264 12265 11481)
4(11454 11482 12266 12238)
4(11481 12265 12266 11482)
4(11455 11483 12267 12239)
4(11482 12266 12267 11483)
4(11456 11484 12268 12240)
4(11483 12267 12268 11484)
4(11457 11485 12269 12241)
4(11484 12268 12269 11485)
4(11458 11486 12270 12242)
4(11485 12269 12270 11486)
4(11459 11487 12271 12243)
4(11486 12270 12271 11487)
4(11460 11488 12272 12244)
4(11487 12271 12272 11488)
4(11461 11489 12273 12245)
4(11488 12272 12273 11489)
4(11462 11490 12274 12246)
4(11489 12273 12274 11490)
4(11490 12274 12275 11491)
4(11464 11492 12276 12248)
4(10440 10903 12276 11492)
4(11465 11493 12277 12249)
4(11492 12276 12277 11493)
4(11466 11494 12278 12250)
4(11493 12277 12278 11494)
4(11467 11495 12279 12251)
4(11494 12278 12279 11495)
4(11468 11496 12280 12252)
4(11495 12279 12280 11496)
4(11469 11497 12281 12253)
4(11496 12280 12281 11497)
4(11470 11498 12282 12254)
4(11497 12281 12282 11498)
4(11471 11499 12283 12255)
4(11498 12282 12283 11499)
4(11472 11500 12284 12256)
4(11499 12283 12284 11500)
4(11473 11501 12285 12257)
4(11500 12284 12285 11501)
4(11474 11502 12286 12258)
4(11501 12285 12286 11502)
4(11475 11503 12287 12259)
4(11502 12286 12287 11503)
4(11476 11504 12288 12260)
4(11503 12287 12288 11504)
4(11477 11505 12289 12261)
4(11504 12288 12289 11505)
4(11478 11506 12290 12262)
4(11505 12289 12290 11506)
4(11479 11507 12291 12263)
4(11506 12290 12291 11507)
4(11480 11508 12292 12264)
4(11507 12291 12292 11508)
4(11481 11509 12293 12265)
4(11508 12292 12293 11509)
4(11482 11510 12294 12266)
4(11509 12293 12294 11510)
4(11483 11511 12295 12267)
4(11510 12294 12295 11511)
4(11484 11512 12296 12268)
4(11511 12295 12296 11512)
4(11485 11513 12297 12269)
4(11512 12296 12297 11513)
4(11486 11514 12298 12270)
4(11513 12297 12298 11514)
4(11487 11515 12299 12271)
4(11514 12298 12299 11515)
4(11488 11516 12300 12272)
4(11515 12299 12300 11516)
4(11489 11517 12301 12273)
4(11516 12300 12301 11517)
4(11490 11518 12302 12274)
4(11517 12301 12302 11518)
4(11518 12302 12303 11519)
4(11492 11520 12304 12276)
4(10456 10919 12304 11520)
4(11493 11521 12305 12277)
4(11520 12304 12305 11521)
4(11494 11522 12306 12278)
4(11521 12305 12306 11522)
4(11495 11523 12307 12279)
4(11522 12306 12307 11523)
4(11496 11524 12308 12280)
4(11523 12307 12308 11524)
4(11497 11525 12309 12281)
4(11524 12308 12309 11525)
4(11498 11526 12310 12282)
4(11525 12309 12310 11526)
4(11499 11527 12311 12283)
4(11526 12310 12311 11527)
4(11500 11528 12312 12284)
4(11527 12311 12312 11528)
4(11501 11529 12313 12285)
4(11528 12312 12313 11529)
4(11502 11530 12314 12286)
4(11529 12313 12314 11530)
4(11503 11531 12315 12287)
4(11530 12314 12315 11531)
4(11504 11532 12316 12288)
4(11531 12315 12316 11532)
4(11505 11533 12317 12289)
4(11532 12316 12317 11533)
4(11506 11534 12318 12290)
4(11533 12317 12318 11534)
4(11507 11535 12319 12291)
4(11534 12318 12319 11535)
4(11508 11536 12320 12292)
4(11535 12319 12320 11536)
4(11509 11537 12321 12293)
4(11536 12320 12321 11537)
4(11510 11538 12322 12294)
4(11537 12321 12322 11538)
4(11511 11539 12323 12295)
4(11538 12322 12323 11539)
4(11512 11540 12324 12296)
4(11539 12323 12324 11540)
4(11513 11541 12325 12297)
4(11540 12324 12325 11541)
4(11514 11542 12326 12298)
4(11541 12325 12326 11542)
4(11515 11543 12327 12299)
4(11542 12326 12327 11543)
4(11516 11544 12328 12300)
4(11543 12327 12328 11544)
4(11517 11545 12329 12301)
4(11544 12328 12329 11545)
4(11518 11546 12330 12302)
4(11545 12329 12330 11546)
4(11546 12330 12331 11547)
4(11520 11548 12332 12304)
4(10472 10935 12332 11548)
4(11521 11549 12333 12305)
4(11548 12332 12333 11549)
4(11522 11550 12334 12306)
4(11549 12333 12334 11550)
4(11523 11551 12335 12307)
4(11550 12334 12335 11551)
4(11524 11552 12336 12308)
4(11551 12335 12336 11552)
4(11525 11553 12337 12309)
4(11552 12336 12337 11553)
4(11526 11554 12338 12310)
4(11553 12337 12338 11554)
4(11527 11555 12339 12311)
4(11554 12338 12339 11555)
4(11528 11556 12340 12312)
4(11555 12339 12340 11556)
4(11529 11557 12341 12313)
4(11556 12340 12341 11557)
4(11530 11558 12342 12314)
4(11557 12341 12342 11558)
4(11531 11559 12343 12315)
4(11558 12342 12343 11559)
4(11532 11560 12344 12316)
4(11559 12343 12344 11560)
4(11533 11561 12345 12317)
4(11560 12344 12345 11561)
4(11534 11562 12346 12318)
4(11561 12345 12346 11562)
4(11535 11563 12347 12319)
4(11562 12346 12347 11563)
4(11536 11564 12348 12320)
4(11563 12347 12348 11564)
4(11537 11565 12349 12321)
4(11564 12348 12349 11565)
4(11538 11566 12350 12322)
4(11565 12349 12350 11566)
4(11539 11567 12351 12323)
4(11566 12350 12351 11567)
4(11540 11568 12352 12324)
4(11567 12351 12352 11568)
4(11541 11569 12353 12325)
4(11568 12352 12353 11569)
4(11542 11570 12354 12326)
4(11569 12353 12354 11570)
4(11543 11571 12355 12327)
4(11570 12354 12355 11571)
4(11544 11572 12356 12328)
4(11571 12355 12356 11572)
4(11545 11573 12357 12329)
4(11572 12356 12357 11573)
4(11546 11574 12358 12330)
4(11573 12357 12358 11574)
4(11574 12358 12359 11575)
4(11548 11576 12360 12332)
4(10488 10951 12360 11576)
4(11549 11577 12361 12333)
4(11576 12360 12361 11577)
4(11550 11578 12362 12334)
4(11577 12361 12362 11578)
4(11551 11579 12363 12335)
4(11578 12362 12363 11579)
4(11552 11580 12364 12336)
4(11579 12363 12364 11580)
4(11553 11581 12365 12337)
4(11580 12364 12365 11581)
4(11554 11582 12366 12338)
4(11581 12365 12366 11582)
4(11555 11583 12367 12339)
4(11582 12366 12367 11583)
4(11556 11584 12368 12340)
4(11583 12367 12368 11584)
4(11557 11585 12369 12341)
4(11584 12368 12369 11585)
4(11558 11586 12370 12342)
4(11585 12369 12370 11586)
4(11559 11587 12371 12343)
4(11586 12370 12371 11587)
4(11560 11588 12372 12344)
4(11587 12371 12372 11588)
4(11561 11589 12373 12345)
4(11588 12372 12373 11589)
4(11562 11590 12374 12346)
4(11589 12373 12374 11590)
4(11563 11591 12375 12347)
4(11590 12374 12375 11591)
4(11564 11592 12376 12348)
4(11591 12375 12376 11592)
4(11565 11593 12377 12349)
4(11592 12376 12377 11593)
4(11566 11594 12378 12350)
4(11593 12377 12378 11594)
4(11567 11595 12379 12351)
4(11594 12378 12379 11595)
4(11568 11596 12380 12352)
4(11595 12379 12380 11596)
4(11569 11597 12381 12353)
4(11596 12380 12381 11597)
4(11570 11598 12382 12354)
4(11597 12381 12382 11598)
4(11571 11599 12383 12355)
4(11598 12382 12383 11599)
4(11572 11600 12384 12356)
4(11599 12383 12384 11600)
4(11573 11601 12385 12357)
4(11600 12384 12385 11601)
4(11574 11602 12386 12358)
4(11601 12385 12386 11602)
4(11602 12386 12387 11603)
4(11576 11604 12388 12360)
4(10504 10967 12388 11604)
4(11577 11605 12389 12361)
4(11604 12388 12389 11605)
4(11578 11606 12390 12362)
4(11605 12389 12390 11606)
4(11579 11607 12391 12363)
4(11606 12390 12391 11607)
4(11580 11608 12392 12364)
4(11607 12391 12392 11608)
4(11581 11609 12393 12365)
4(11608 12392 12393 11609)
4(11582 11610 12394 12366)
4(11609 12393 12394 11610)
4(11583 11611 12395 12367)
4(11610 12394 12395 11611)
4(11584 11612 12396 12368)
4(11611 12395 12396 11612)
4(11585 11613 12397 12369)
4(11612 12396 12397 11613)
4(11586 11614 12398 12370)
4(11613 12397 12398 11614)
4(11587 11615 12399 12371)
4(11614 12398 12399 11615)
4(11588 11616 12400 12372)
4(11615 12399 12400 11616)
4(11589 11617 12401 12373)
4(11616 12400 12401 11617)
4(11590 11618 12402 12374)
4(11617 12401 12402 11618)
4(11591 11619 12403 12375)
4(11618 12402 12403 11619)
4(11592 11620 12404 12376)
4(11619 12403 12404 11620)
4(11593 11621 12405 12377)
4(11620 12404 12405 11621)
4(11594 11622 12406 12378)
4(11621 12405 12406 11622)
4(11595 11623 12407 12379)
4(11622 12406 12407 11623)
4(11596 11624 12408 12380)
4(11623 12407 12408 11624)
4(11597 11625 12409 12381)
4(11624 12408 12409 11625)
4(11598 11626 12410 12382)
4(11625 12409 12410 11626)
4(11599 11627 12411 12383)
4(11626 12410 12411 11627)
4(11600 11628 12412 12384)
4(11627 12411 12412 11628)
4(11601 11629 12413 12385)
4(11628 12412 12413 11629)
4(11602 11630 12414 12386)
4(11629 12413 12414 11630)
4(11630 12414 12415 11631)
4(11604 11632 12416 12388)
4(10520 10983 12416 11632)
4(11605 11633 12417 12389)
4(11632 12416 12417 11633)
4(11606 11634 12418 12390)
4(11633 12417 12418 11634)
4(11607 11635 12419 12391)
4(11634 12418 12419 11635)
4(11608 11636 12420 12392)
4(11635 12419 12420 11636)
4(11609 11637 12421 12393)
4(11636 12420 12421 11637)
4(11610 11638 12422 12394)
4(11637 12421 12422 11638)
4(11611 11639 12423 12395)
4(11638 12422 12423 11639)
4(11612 11640 12424 12396)
4(11639 12423 12424 11640)
4(11613 11641 12425 12397)
4(11640 12424 12425 11641)
4(11614 11642 12426 12398)
4(11641 12425 12426 11642)
4(11615 11643 12427 12399)
4(11642 12426 12427 11643)
4(11616 11644 12428 12400)
4(11643 12427 12428 11644)
4(11617 11645 12429 12401)
4(11644 12428 12429 11645)
4(11618 11646 12430 12402)
4(11645 12429 12430 11646)
4(11619 11647 12431 12403)
4(11646 12430 12431 11647)
4(11620 11648 12432 12404)
4(11647 12431 12432 11648)
4(11621 11649 12433 12405)
4(11648 12432 12433 11649)
4(11622 11650 12434 12406)
4(11649 12433 12434 11650)
4(11623 11651 12435 12407)
4(11650 12434 12435 11651)
4(11624 11652 12436 12408)
4(11651 12435 12436 11652)
4(11625 11653 12437 12409)
4(11652 12436 12437 11653)
4(11626 11654 12438 12410)
4(11653 12437 12438 11654)
4(11627 11655 12439 12411)
4(11654 12438 12439 11655)
4(11628 11656 12440 12412)
4(11655 12439 12440 11656)
4(11629 11657 12441 12413)
4(11656 12440 12441 11657)
4(11630 11658 12442 12414)
4(11657 12441 12442 11658)
4(11658 12442 12443 11659)
4(11632 11660 12444 12416)
4(10536 10999 12444 11660)
4(11633 11661 12445 12417)
4(11660 12444 12445 11661)
4(11634 11662 12446 12418)
4(11661 12445 12446 11662)
4(11635 11663 12447 12419)
4(11662 12446 12447 11663)
4(11636 11664 12448 12420)
4(11663 12447 12448 11664)
4(11637 11665 12449 12421)
4(11664 12448 12449 11665)
4(11638 11666 12450 12422)
4(11665 12449 12450 11666)
4(11639 11667 12451 12423)
4(11666 12450 12451 11667)
4(11640 11668 12452 12424)
4(11667 12451 12452 11668)
4(11641 11669 12453 12425)
4(11668 12452 12453 11669)
4(11642 11670 12454 12426)
4(11669 12453 12454 11670)
4(11643 11671 12455 12427)
4(11670 12454 12455 11671)
4(11644 11672 12456 12428)
4(11671 12455 12456 11672)
4(11645 11673 12457 12429)
4(11672 12456 12457 11673)
4(11646 11674 12458 12430)
4(11673 12457 12458 11674)
4(11647 11675 12459 12431)
4(11674 12458 12459 11675)
4(11648 11676 12460 12432)
4(11675 12459 12460 11676)
4(11649 11677 12461 12433)
4(11676 12460 12461 11677)
4(11650 11678 12462 12434)
4(11677 12461 12462 11678)
4(11651 11679 12463 12435)
4(11678 12462 12463 11679)
4(11652 11680 12464 12436)
4(11679 12463 12464 11680)
4(11653 11681 12465 12437)
4(11680 12464 12465 11681)
4(11654 11682 12466 12438)
4(11681 12465 12466 11682)
4(11655 11683 12467 12439)
4(11682 12466 12467 11683)
4(11656 11684 12468 12440)
4(11683 12467 12468 11684)
4(11657 11685 12469 12441)
4(11684 12468 12469 11685)
4(11658 11686 12470 12442)
4(11685 12469 12470 11686)
4(11686 12470 12471 11687)
4(11660 11688 12472 12444)
4(10552 11015 12472 11688)
4(11661 11689 12473 12445)
4(11688 12472 12473 11689)
4(11662 11690 12474 12446)
4(11689 12473 12474 11690)
4(11663 11691 12475 12447)
4(11690 12474 12475 11691)
4(11664 11692 12476 12448)
4(11691 12475 12476 11692)
4(11665 11693 12477 12449)
4(11692 12476 12477 11693)
4(11666 11694 12478 12450)
4(11693 12477 12478 11694)
4(11667 11695 12479 12451)
4(11694 12478 12479 11695)
4(11668 11696 12480 12452)
4(11695 12479 12480 11696)
4(11669 11697 12481 12453)
4(11696 12480 12481 11697)
4(11670 11698 12482 12454)
4(11697 12481 12482 11698)
4(11671 11699 12483 12455)
4(11698 12482 12483 11699)
4(11672 11700 12484 12456)
4(11699 12483 12484 11700)
4(11673 11701 12485 12457)
4(11700 12484 12485 11701)
4(11674 11702 12486 12458)
4(11701 12485 12486 11702)
4(11675 11703 12487 12459)
4(11702 12486 12487 11703)
4(11676 11704 12488 12460)
4(11703 12487 12488 11704)
4(11677 11705 12489 12461)
4(11704 12488 12489 11705)
4(11678 11706 12490 12462)
4(11705 12489 12490 11706)
4(11679 11707 12491 12463)
4(11706 12490 12491 11707)
4(11680 11708 12492 12464)
4(11707 12491 12492 11708)
4(11681 11709 12493 12465)
4(11708 12492 12493 11709)
4(11682 11710 12494 12466)
4(11709 12493 12494 11710)
4(11683 11711 12495 12467)
4(11710 12494 12495 11711)
4(11684 11712 12496 12468)
4(11711 12495 12496 11712)
4(11685 11713 12497 12469)
4(11712 12496 12497 11713)
4(11686 11714 12498 12470)
4(11713 12497 12498 11714)
4(11714 12498 12499 11715)
4(11688 11716 12500 12472)
4(10568 11031 12500 11716)
4(11689 11717 12501 12473)
4(11716 12500 12501 11717)
4(11690 11718 12502 12474)
4(11717 12501 12502 11718)
4(11691 11719 12503 12475)
4(11718 12502 12503 11719)
4(11692 11720 12504 12476)
4(11719 12503 12504 11720)
4(11693 11721 12505 12477)
4(11720 12504 12505 11721)
4(11694 11722 12506 12478)
4(11721 12505 12506 11722)
4(11695 11723 12507 12479)
4(11722 12506 12507 11723)
4(11696 11724 12508 12480)
4(11723 12507 12508 11724)
4(11697 11725 12509 12481)
4(11724 12508 12509 11725)
4(11698 11726 12510 12482)
4(11725 12509 12510 11726)
4(11699 11727 12511 12483)
4(11726 12510 12511 11727)
4(11700 11728 12512 12484)
4(11727 12511 12512 11728)
4(11701 11729 12513 12485)
4(11728 12512 12513 11729)
4(11702 11730 12514 12486)
4(11729 12513 12514 11730)
4(11703 11731 12515 12487)
4(11730 12514 12515 11731)
4(11704 11732 12516 12488)
4(11731 12515 12516 11732)
4(11705 11733 12517 12489)
4(11732 12516 12517 11733)
4(11706 11734 12518 12490)
4(11733 12517 12518 11734)
4(11707 11735 12519 12491)
4(11734 12518 12519 11735)
4(11708 11736 12520 12492)
4(11735 12519 12520 11736)
4(11709 11737 12521 12493)
4(11736 12520 12521 11737)
4(11710 11738 12522 12494)
4(11737 12521 12522 11738)
4(11711 11739 12523 12495)
4(11738 12522 12523 11739)
4(11712 11740 12524 12496)
4(11739 12523 12524 11740)
4(11713 11741 12525 12497)
4(11740 12524 12525 11741)
4(11714 11742 12526 12498)
4(11741 12525 12526 11742)
4(11742 12526 12527 11743)
4(11716 11744 12528 12500)
4(10584 11047 12528 11744)
4(11717 11745 12529 12501)
4(11744 12528 12529 11745)
4(11718 11746 12530 12502)
4(11745 12529 12530 11746)
4(11719 11747 12531 12503)
4(11746 12530 12531 11747)
4(11720 11748 12532 12504)
4(11747 12531 12532 11748)
4(11721 11749 12533 12505)
4(11748 12532 12533 11749)
4(11722 11750 12534 12506)
4(11749 12533 12534 11750)
4(11723 11751 12535 12507)
4(11750 12534 12535 11751)
4(11724 11752 12536 12508)
4(11751 12535 12536 11752)
4(11725 11753 12537 12509)
4(11752 12536 12537 11753)
4(11726 11754 12538 12510)
4(11753 12537 12538 11754)
4(11727 11755 12539 12511)
4(11754 12538 12539 11755)
4(11728 11756 12540 12512)
4(11755 12539 12540 11756)
4(11729 11757 12541 12513)
4(11756 12540 12541 11757)
4(11730 11758 12542 12514)
4(11757 12541 12542 11758)
4(11731 11759 12543 12515)
4(11758 12542 12543 11759)
4(11732 11760 12544 12516)
4(11759 12543 12544 11760)
4(11733 11761 12545 12517)
4(11760 12544 12545 11761)
4(11734 11762 12546 12518)
4(11761 12545 12546 11762)
4(11735 11763 12547 12519)
4(11762 12546 12547 11763)
4(11736 11764 12548 12520)
4(11763 12547 12548 11764)
4(11737 11765 12549 12521)
4(11764 12548 12549 11765)
4(11738 11766 12550 12522)
4(11765 12549 12550 11766)
4(11739 11767 12551 12523)
4(11766 12550 12551 11767)
4(11740 11768 12552 12524)
4(11767 12551 12552 11768)
4(11741 11769 12553 12525)
4(11768 12552 12553 11769)
4(11742 11770 12554 12526)
4(11769 12553 12554 11770)
4(11770 12554 12555 11771)
4(11744 11772 12556 12528)
4(10600 11063 12556 11772)
4(11745 11773 12557 12529)
4(11772 12556 12557 11773)
4(11746 11774 12558 12530)
4(11773 12557 12558 11774)
4(11747 11775 12559 12531)
4(11774 12558 12559 11775)
4(11748 11776 12560 12532)
4(11775 12559 12560 11776)
4(11749 11777 12561 12533)
4(11776 12560 12561 11777)
4(11750 11778 12562 12534)
4(11777 12561 12562 11778)
4(11751 11779 12563 12535)
4(11778 12562 12563 11779)
4(11752 11780 12564 12536)
4(11779 12563 12564 11780)
4(11753 11781 12565 12537)
4(11780 12564 12565 11781)
4(11754 11782 12566 12538)
4(11781 12565 12566 11782)
4(11755 11783 12567 12539)
4(11782 12566 12567 11783)
4(11756 11784 12568 12540)
4(11783 12567 12568 11784)
4(11757 11785 12569 12541)
4(11784 12568 12569 11785)
4(11758 11786 12570 12542)
4(11785 12569 12570 11786)
4(11759 11787 12571 12543)
4(11786 12570 12571 11787)
4(11760 11788 12572 12544)
4(11787 12571 12572 11788)
4(11761 11789 12573 12545)
4(11788 12572 12573 11789)
4(11762 11790 12574 12546)
4(11789 12573 12574 11790)
4(11763 11791 12575 12547)
4(11790 12574 12575 11791)
4(11764 11792 12576 12548)
4(11791 12575 12576 11792)
4(11765 11793 12577 12549)
4(11792 12576 12577 11793)
4(11766 11794 12578 12550)
4(11793 12577 12578 11794)
4(11767 11795 12579 12551)
4(11794 12578 12579 11795)
4(11768 11796 12580 12552)
4(11795 12579 12580 11796)
4(11769 11797 12581 12553)
4(11796 12580 12581 11797)
4(11770 11798 12582 12554)
4(11797 12581 12582 11798)
4(11798 12582 12583 11799)
4(11772 11800 12584 12556)
4(10616 11079 12584 11800)
4(11773 11801 12585 12557)
4(11800 12584 12585 11801)
4(11774 11802 12586 12558)
4(11801 12585 12586 11802)
4(11775 11803 12587 12559)
4(11802 12586 12587 11803)
4(11776 11804 12588 12560)
4(11803 12587 12588 11804)
4(11777 11805 12589 12561)
4(11804 12588 12589 11805)
4(11778 11806 12590 12562)
4(11805 12589 12590 11806)
4(11779 11807 12591 12563)
4(11806 12590 12591 11807)
4(11780 11808 12592 12564)
4(11807 12591 12592 11808)
4(11781 11809 12593 12565)
4(11808 12592 12593 11809)
4(11782 11810 12594 12566)
4(11809 12593 12594 11810)
4(11783 11811 12595 12567)
4(11810 12594 12595 11811)
4(11784 11812 12596 12568)
4(11811 12595 12596 11812)
4(11785 11813 12597 12569)
4(11812 12596 12597 11813)
4(11786 11814 12598 12570)
4(11813 12597 12598 11814)
4(11787 11815 12599 12571)
4(11814 12598 12599 11815)
4(11788 11816 12600 12572)
4(11815 12599 12600 11816)
4(11789 11817 12601 12573)
4(11816 12600 12601 11817)
4(11790 11818 12602 12574)
4(11817 12601 12602 11818)
4(11791 11819 12603 12575)
4(11818 12602 12603 11819)
4(11792 11820 12604 12576)
4(11819 12603 12604 11820)
4(11793 11821 12605 12577)
4(11820 12604 12605 11821)
4(11794 11822 12606 12578)
4(11821 12605 12606 11822)
4(11795 11823 12607 12579)
4(11822 12606 12607 11823)
4(11796 11824 12608 12580)
4(11823 12607 12608 11824)
4(11797 11825 12609 12581)
4(11824 12608 12609 11825)
4(11798 11826 12610 12582)
4(11825 12609 12610 11826)
4(11826 12610 12611 11827)
4(11800 11828 12612 12584)
4(10632 11095 12612 11828)
4(11801 11829 12613 12585)
4(11828 12612 12613 11829)
4(11802 11830 12614 12586)
4(11829 12613 12614 11830)
4(11803 11831 12615 12587)
4(11830 12614 12615 11831)
4(11804 11832 12616 12588)
4(11831 12615 12616 11832)
4(11805 11833 12617 12589)
4(11832 12616 12617 11833)
4(11806 11834 12618 12590)
4(11833 12617 12618 11834)
4(11807 11835 12619 12591)
4(11834 12618 12619 11835)
4(11808 11836 12620 12592)
4(11835 12619 12620 11836)
4(11809 11837 12621 12593)
4(11836 12620 12621 11837)
4(11810 11838 12622 12594)
4(11837 12621 12622 11838)
4(11811 11839 12623 12595)
4(11838 12622 12623 11839)
4(11812 11840 12624 12596)
4(11839 12623 12624 11840)
4(11813 11841 12625 12597)
4(11840 12624 12625 11841)
4(11814 11842 12626 12598)
4(11841 12625 12626 11842)
4(11815 11843 12627 12599)
4(11842 12626 12627 11843)
4(11816 11844 12628 12600)
4(11843 12627 12628 11844)
4(11817 11845 12629 12601)
4(11844 12628 12629 11845)
4(11818 11846 12630 12602)
4(11845 12629 12630 11846)
4(11819 11847 12631 12603)
4(11846 12630 12631 11847)
4(11820 11848 12632 12604)
4(11847 12631 12632 11848)
4(11821 11849 12633 12605)
4(11848 12632 12633 11849)
4(11822 11850 12634 12606)
4(11849 12633 12634 11850)
4(11823 11851 12635 12607)
4(11850 12634 12635 11851)
4(11824 11852 12636 12608)
4(11851 12635 12636 11852)
4(11825 11853 12637 12609)
4(11852 12636 12637 11853)
4(11826 11854 12638 12610)
4(11853 12637 12638 11854)
4(11854 12638 12639 11855)
4(11828 11856 12640 12612)
4(10648 11111 12640 11856)
4(11829 11857 12641 12613)
4(11856 12640 12641 11857)
4(11830 11858 12642 12614)
4(11857 12641 12642 11858)
4(11831 11859 12643 12615)
4(11858 12642 12643 11859)
4(11832 11860 12644 12616)
4(11859 12643 12644 11860)
4(11833 11861 12645 12617)
4(11860 12644 12645 11861)
4(11834 11862 12646 12618)
4(11861 12645 12646 11862)
4(11835 11863 12647 12619)
4(11862 12646 12647 11863)
4(11836 11864 12648 12620)
4(11863 12647 12648 11864)
4(11837 11865 12649 12621)
4(11864 12648 12649 11865)
4(11838 11866 12650 12622)
4(11865 12649 12650 11866)
4(11839 11867 12651 12623)
4(11866 12650 12651 11867)
4(11840 11868 12652 12624)
4(11867 12651 12652 11868)
4(11841 11869 12653 12625)
4(11868 12652 12653 11869)
4(11842 11870 12654 12626)
4(11869 12653 12654 11870)
4(11843 11871 12655 12627)
4(11870 12654 12655 11871)
4(11844 11872 12656 12628)
4(11871 12655 12656 11872)
4(11845 11873 12657 12629)
4(11872 12656 12657 11873)
4(11846 11874 12658 12630)
4(11873 12657 12658 11874)
4(11847 11875 12659 12631)
4(11874 12658 12659 11875)
4(11848 11876 12660 12632)
4(11875 12659 12660 11876)
4(11849 11877 12661 12633)
4(11876 12660 12661 11877)
4(11850 11878 12662 12634)
4(11877 12661 12662 11878)
4(11851 11879 12663 12635)
4(11878 12662 12663 11879)
4(11852 11880 12664 12636)
4(11879 12663 12664 11880)
4(11853 11881 12665 12637)
4(11880 12664 12665 11881)
4(11854 11882 12666 12638)
4(11881 12665 12666 11882)
4(11882 12666 12667 11883)
4(11856 11884 12668 12640)
4(11857 11885 12669 12641)
4(11858 11886 12670 12642)
4(11859 11887 12671 12643)
4(11860 11888 12672 12644)
4(11861 11889 12673 12645)
4(11862 11890 12674 12646)
4(11863 11891 12675 12647)
4(11864 11892 12676 12648)
4(11865 11893 12677 12649)
4(11866 11894 12678 12650)
4(11867 11895 12679 12651)
4(11868 11896 12680 12652)
4(11869 11897 12681 12653)
4(11870 11898 12682 12654)
4(11871 11899 12683 12655)
4(11872 11900 12684 12656)
4(11873 11901 12685 12657)
4(11874 11902 12686 12658)
4(11875 11903 12687 12659)
4(11876 11904 12688 12660)
4(11877 11905 12689 12661)
4(11878 11906 12690 12662)
4(11879 11907 12691 12663)
4(11880 11908 12692 12664)
4(11881 11909 12693 12665)
4(11882 11910 12694 12666)
4(0 1 226 225)
4(1 2 227 226)
4(2 3 228 227)
4(3 4 229 228)
4(4 5 230 229)
4(5 6 231 230)
4(6 7 232 231)
4(7 8 233 232)
4(8 9 234 233)
4(9 10 235 234)
4(10 11 236 235)
4(11 12 237 236)
4(12 13 238 237)
4(13 14 239 238)
4(14 15 240 239)
4(15 16 241 240)
4(16 17 242 241)
4(17 18 243 242)
4(18 19 244 243)
4(19 20 245 244)
4(20 21 246 245)
4(21 22 247 246)
4(22 23 248 247)
4(23 24 249 248)
4(24 450 594 249)
4(450 451 595 594)
4(451 452 596 595)
4(452 453 597 596)
4(453 454 598 597)
4(454 455 599 598)
4(455 456 600 599)
4(456 457 601 600)
4(457 458 602 601)
4(458 459 603 602)
4(459 460 604 603)
4(460 461 605 604)
4(461 462 606 605)
4(462 463 607 606)
4(463 464 608 607)
4(464 465 609 608)
4(465 738 990 609)
4(738 739 991 990)
4(739 740 992 991)
4(740 741 993 992)
4(741 742 994 993)
4(742 743 995 994)
4(743 744 996 995)
4(744 745 997 996)
4(745 746 998 997)
4(746 747 999 998)
4(747 748 1000 999)
4(748 749 1001 1000)
4(749 750 1002 1001)
4(750 751 1003 1002)
4(751 752 1004 1003)
4(752 753 1005 1004)
4(753 754 1006 1005)
4(754 755 1007 1006)
4(755 756 1008 1007)
4(756 757 1009 1008)
4(757 758 1010 1009)
4(758 759 1011 1010)
4(759 760 1012 1011)
4(760 761 1013 1012)
4(761 762 1014 1013)
4(762 763 1015 1014)
4(763 764 1016 1015)
4(764 765 1017 1016)
4(0 225 250 25)
4(25 250 275 50)
4(50 275 300 75)
4(75 300 325 100)
4(100 325 350 125)
4(125 350 375 150)
4(150 375 400 175)
4(175 400 425 200)
4(200 425 2992 1242)
4(1242 2992 3017 1267)
4(1267 3017 3042 1292)
4(1292 3042 3067 1317)
4(1317 3067 3092 1342)
4(1342 3092 3117 1367)
4(1367 3117 3142 1392)
4(1392 3142 3167 1417)
4(1417 3167 3192 1442)
4(1442 3192 3217 1467)
4(1467 3217 3242 1492)
4(1492 3242 3267 1517)
4(1517 3267 3292 1542)
4(1542 3292 3317 1567)
4(1567 3317 3342 1592)
4(1592 3342 3367 1617)
4(1617 3367 3392 1642)
4(1642 3392 3417 1667)
4(1667 3417 3442 1692)
4(1692 3442 3467 1717)
4(1717 3467 3492 1742)
4(1742 3492 3517 1767)
4(1767 3517 3542 1792)
4(1792 3542 3567 1817)
4(1817 3567 3592 1842)
4(1842 3592 3617 1867)
4(1867 3617 3642 1892)
4(1892 3642 3667 1917)
4(1917 3667 3692 1942)
4(1942 3692 3717 1967)
4(1967 3717 3742 1992)
4(1992 3742 3767 2017)
4(2017 3767 3792 2042)
4(2042 3792 3817 2067)
4(2067 3817 3842 2092)
4(2092 3842 3867 2117)
4(2117 3867 3892 2142)
4(2142 3892 3917 2167)
4(2167 3917 3942 2192)
4(2192 3942 3967 2217)
4(2217 3967 3992 2242)
4(2242 3992 4017 2267)
4(2267 4017 4042 2292)
4(2292 4042 4067 2317)
4(2317 4067 4092 2342)
4(2342 4092 4117 2367)
4(2367 4117 4142 2392)
4(2392 4142 4167 2417)
4(2417 4167 4192 2442)
4(2442 4192 4217 2467)
4(2467 4217 4242 2492)
4(2492 4242 4267 2517)
4(2517 4267 4292 2542)
4(2542 4292 4317 2567)
4(2567 4317 4342 2592)
4(2592 4342 4367 2617)
4(2617 4367 4392 2642)
4(2642 4392 4417 2667)
4(2667 4417 4442 2692)
4(2692 4442 4467 2717)
4(2717 4467 4492 2742)
4(2742 4492 4517 2767)
4(2767 4517 4542 2792)
4(2792 4542 4567 2817)
4(2817 4567 4592 2842)
4(2842 4592 4617 2867)
4(2867 4617 4642 2892)
4(2892 4642 4667 2917)
4(2917 4667 4692 2942)
4(2942 4692 4717 2967)
4(2967 4717 9502 8802)
4(8802 9502 9527 8827)
4(8827 9527 9552 8852)
4(8852 9552 9577 8877)
4(8877 9577 9602 8902)
4(8902 9602 9627 8927)
4(8927 9627 9652 8952)
4(8952 9652 9677 8977)
4(8977 9677 9702 9002)
4(9002 9702 9727 9027)
4(9027 9727 9752 9052)
4(9052 9752 9777 9077)
4(9077 9777 9802 9102)
4(9102 9802 9827 9127)
4(9127 9827 9852 9152)
4(9152 9852 9877 9177)
4(9177 9877 9902 9202)
4(9202 9902 9927 9227)
4(9227 9927 9952 9252)
4(9252 9952 9977 9277)
4(9277 9977 10002 9302)
4(9302 10002 10027 9327)
4(9327 10027 10052 9352)
4(9352 10052 10077 9377)
4(9377 10077 10102 9402)
4(9402 10102 10127 9427)
4(9427 10127 10152 9452)
4(9452 10152 10177 9477)
4(765 793 1045 1017)
4(793 821 1073 1045)
4(821 849 1101 1073)
4(849 877 1129 1101)
4(877 905 1157 1129)
4(905 933 1185 1157)
4(933 961 1213 1185)
4(961 989 1241 1213)
4(989 4770 6800 1241)
4(4770 4799 6829 6800)
4(4799 4828 6858 6829)
4(4828 4857 6887 6858)
4(4857 4886 6916 6887)
4(4886 4915 6945 6916)
4(4915 4944 6974 6945)
4(4944 4973 7003 6974)
4(4973 5002 7032 7003)
4(5002 5031 7061 7032)
4(5031 5060 7090 7061)
4(5060 5089 7119 7090)
4(5089 5118 7148 7119)
4(5118 5147 7177 7148)
4(5147 5176 7206 7177)
4(5176 5205 7235 7206)
4(5205 5234 7264 7235)
4(5234 5263 7293 7264)
4(5263 5292 7322 7293)
4(5292 5321 7351 7322)
4(5321 5350 7380 7351)
4(5350 5379 7409 7380)
4(5379 5408 7438 7409)
4(5408 5437 7467 7438)
4(5437 5466 7496 7467)
4(5466 5495 7525 7496)
4(5495 5524 7554 7525)
4(5524 5553 7583 7554)
4(5553 5582 7612 7583)
4(5582 5611 7641 7612)
4(5611 5640 7670 7641)
4(5640 5669 7699 7670)
4(5669 5698 7728 7699)
4(5698 5727 7757 7728)
4(5727 5756 7786 7757)
4(5756 5785 7815 7786)
4(5785 5814 7844 7815)
4(5814 5843 7873 7844)
4(5843 5872 7902 7873)
4(5872 5901 7931 7902)
4(5901 5930 7960 7931)
4(5930 5959 7989 7960)
4(5959 5988 8018 7989)
4(5988 6017 8047 8018)
4(6017 6046 8076 8047)
4(6046 6075 8105 8076)
4(6075 6104 8134 8105)
4(6104 6133 8163 8134)
4(6133 6162 8192 8163)
4(6162 6191 8221 8192)
4(6191 6220 8250 8221)
4(6220 6249 8279 8250)
4(6249 6278 8308 8279)
4(6278 6307 8337 8308)
4(6307 6336 8366 8337)
4(6336 6365 8395 8366)
4(6365 6394 8424 8395)
4(6394 6423 8453 8424)
4(6423 6452 8482 8453)
4(6452 6481 8511 8482)
4(6481 6510 8540 8511)
4(6510 6539 8569 8540)
4(6539 6568 8598 8569)
4(6568 6597 8627 8598)
4(6597 6626 8656 8627)
4(6626 6655 8685 8656)
4(6655 6684 8714 8685)
4(6684 6713 8743 8714)
4(6713 6742 8772 8743)
4(6742 6771 8801 8772)
4(6771 11155 11939 8801)
4(11155 11183 11967 11939)
4(11183 11211 11995 11967)
4(11211 11239 12023 11995)
4(11239 11267 12051 12023)
4(11267 11295 12079 12051)
4(11295 11323 12107 12079)
4(11323 11351 12135 12107)
4(11351 11379 12163 12135)
4(11379 11407 12191 12163)
4(11407 11435 12219 12191)
4(11435 11463 12247 12219)
4(11463 11491 12275 12247)
4(11491 11519 12303 12275)
4(11519 11547 12331 12303)
4(11547 11575 12359 12331)
4(11575 11603 12387 12359)
4(11603 11631 12415 12387)
4(11631 11659 12443 12415)
4(11659 11687 12471 12443)
4(11687 11715 12499 12471)
4(11715 11743 12527 12499)
4(11743 11771 12555 12527)
4(11771 11799 12583 12555)
4(11799 11827 12611 12583)
4(11827 11855 12639 12611)
4(11855 11883 12667 12639)
4(11883 11911 12695 12667)
4(9477 10177 10178 9478)
4(9478 10178 10179 9479)
4(9479 10179 10180 9480)
4(9480 10180 10181 9481)
4(9481 10181 10182 9482)
4(9482 10182 10183 9483)
4(9483 10183 10184 9484)
4(9484 10184 10185 9485)
4(9485 10185 10186 9486)
4(9486 10186 10187 9487)
4(9487 10187 10188 9488)
4(9488 10188 10189 9489)
4(9489 10189 10190 9490)
4(9490 10190 10191 9491)
4(9491 10191 10192 9492)
4(9492 10192 10193 9493)
4(9493 10193 10194 9494)
4(9494 10194 10195 9495)
4(9495 10195 10196 9496)
4(9496 10196 10197 9497)
4(9497 10197 10198 9498)
4(9498 10198 10199 9499)
4(9499 10199 10200 9500)
4(9500 10200 10201 9501)
4(9501 10201 11112 10649)
4(10649 11112 11113 10650)
4(10650 11113 11114 10651)
4(10651 11114 11115 10652)
4(10652 11115 11116 10653)
4(10653 11116 11117 10654)
4(10654 11117 11118 10655)
4(10655 11118 11119 10656)
4(10656 11119 11120 10657)
4(10657 11120 11121 10658)
4(10658 11121 11122 10659)
4(10659 11122 11123 10660)
4(10660 11123 11124 10661)
4(10661 11124 11125 10662)
4(10662 11125 11126 10663)
4(10663 11126 11127 10664)
4(10664 11127 12668 11884)
4(11884 12668 12669 11885)
4(11885 12669 12670 11886)
4(11886 12670 12671 11887)
4(11887 12671 12672 11888)
4(11888 12672 12673 11889)
4(11889 12673 12674 11890)
4(11890 12674 12675 11891)
4(11891 12675 12676 11892)
4(11892 12676 12677 11893)
4(11893 12677 12678 11894)
4(11894 12678 12679 11895)
4(11895 12679 12680 11896)
4(11896 12680 12681 11897)
4(11897 12681 12682 11898)
4(11898 12682 12683 11899)
4(11899 12683 12684 11900)
4(11900 12684 12685 11901)
4(11901 12685 12686 11902)
4(11902 12686 12687 11903)
4(11903 12687 12688 11904)
4(11904 12688 12689 11905)
4(11905 12689 12690 11906)
4(11906 12690 12691 11907)
4(11907 12691 12692 11908)
4(11908 12692 12693 11909)
4(11909 12693 12694 11910)
4(11910 12694 12695 11911)
4(224 449 722 578)
4(578 722 723 579)
4(579 723 724 580)
4(580 724 725 581)
4(581 725 726 582)
4(582 726 727 583)
4(583 727 728 584)
4(584 728 729 585)
4(585 729 730 586)
4(586 730 731 587)
4(587 731 732 588)
4(588 732 733 589)
4(589 733 734 590)
4(590 734 735 591)
4(591 735 736 592)
4(592 736 737 593)
4(224 1266 3016 449)
4(1266 1291 3041 3016)
4(1291 1316 3066 3041)
4(1316 1341 3091 3066)
4(1341 1366 3116 3091)
4(1366 1391 3141 3116)
4(1391 1416 3166 3141)
4(1416 1441 3191 3166)
4(1441 1466 3216 3191)
4(1466 1491 3241 3216)
4(1491 1516 3266 3241)
4(1516 1541 3291 3266)
4(1541 1566 3316 3291)
4(1566 1591 3341 3316)
4(1591 1616 3366 3341)
4(1616 1641 3391 3366)
4(1641 1666 3416 3391)
4(1666 1691 3441 3416)
4(1691 1716 3466 3441)
4(1716 1741 3491 3466)
4(1741 1766 3516 3491)
4(1766 1791 3541 3516)
4(1791 1816 3566 3541)
4(1816 1841 3591 3566)
4(1841 1866 3616 3591)
4(1866 1891 3641 3616)
4(1891 1916 3666 3641)
4(1916 1941 3691 3666)
4(1941 1966 3716 3691)
4(1966 1991 3741 3716)
4(1991 2016 3766 3741)
4(2016 2041 3791 3766)
4(2041 2066 3816 3791)
4(2066 2091 3841 3816)
4(2091 2116 3866 3841)
4(2116 2141 3891 3866)
4(2141 2166 3916 3891)
4(2166 2191 3941 3916)
4(2191 2216 3966 3941)
4(2216 2241 3991 3966)
4(2241 2266 4016 3991)
4(2266 2291 4041 4016)
4(2291 2316 4066 4041)
4(2316 2341 4091 4066)
4(2341 2366 4116 4091)
4(2366 2391 4141 4116)
4(2391 2416 4166 4141)
4(2416 2441 4191 4166)
4(2441 2466 4216 4191)
4(2466 2491 4241 4216)
4(2491 2516 4266 4241)
4(2516 2541 4291 4266)
4(2541 2566 4316 4291)
4(2566 2591 4341 4316)
4(2591 2616 4366 4341)
4(2616 2641 4391 4366)
4(2641 2666 4416 4391)
4(2666 2691 4441 4416)
4(2691 2716 4466 4441)
4(2716 2741 4491 4466)
4(2741 2766 4516 4491)
4(2766 2791 4541 4516)
4(2791 2816 4566 4541)
4(2816 2841 4591 4566)
4(2841 2866 4616 4591)
4(2866 2891 4641 4616)
4(2891 2916 4666 4641)
4(2916 2941 4691 4666)
4(2941 2966 4716 4691)
4(2966 2991 4741 4716)
4(593 737 6772 4742)
4(4742 6772 6801 4771)
4(4771 6801 6830 4800)
4(4800 6830 6859 4829)
4(4829 6859 6888 4858)
4(4858 6888 6917 4887)
4(4887 6917 6946 4916)
4(4916 6946 6975 4945)
4(4945 6975 7004 4974)
4(4974 7004 7033 5003)
4(5003 7033 7062 5032)
4(5032 7062 7091 5061)
4(5061 7091 7120 5090)
4(5090 7120 7149 5119)
4(5119 7149 7178 5148)
4(5148 7178 7207 5177)
4(5177 7207 7236 5206)
4(5206 7236 7265 5235)
4(5235 7265 7294 5264)
4(5264 7294 7323 5293)
4(5293 7323 7352 5322)
4(5322 7352 7381 5351)
4(5351 7381 7410 5380)
4(5380 7410 7439 5409)
4(5409 7439 7468 5438)
4(5438 7468 7497 5467)
4(5467 7497 7526 5496)
4(5496 7526 7555 5525)
4(5525 7555 7584 5554)
4(5554 7584 7613 5583)
4(5583 7613 7642 5612)
4(5612 7642 7671 5641)
4(5641 7671 7700 5670)
4(5670 7700 7729 5699)
4(5699 7729 7758 5728)
4(5728 7758 7787 5757)
4(5757 7787 7816 5786)
4(5786 7816 7845 5815)
4(5815 7845 7874 5844)
4(5844 7874 7903 5873)
4(5873 7903 7932 5902)
4(5902 7932 7961 5931)
4(5931 7961 7990 5960)
4(5960 7990 8019 5989)
4(5989 8019 8048 6018)
4(6018 8048 8077 6047)
4(6047 8077 8106 6076)
4(6076 8106 8135 6105)
4(6105 8135 8164 6134)
4(6134 8164 8193 6163)
4(6163 8193 8222 6192)
4(6192 8222 8251 6221)
4(6221 8251 8280 6250)
4(6250 8280 8309 6279)
4(6279 8309 8338 6308)
4(6308 8338 8367 6337)
4(6337 8367 8396 6366)
4(6366 8396 8425 6395)
4(6395 8425 8454 6424)
4(6424 8454 8483 6453)
4(6453 8483 8512 6482)
4(6482 8512 8541 6511)
4(6511 8541 8570 6540)
4(6540 8570 8599 6569)
4(6569 8599 8628 6598)
4(6598 8628 8657 6627)
4(6627 8657 8686 6656)
4(6656 8686 8715 6685)
4(6685 8715 8744 6714)
4(6714 8744 8773 6743)
4(2991 10202 10665 4741)
4(10202 10203 10666 10665)
4(10203 10204 10667 10666)
4(10204 10205 10668 10667)
4(10205 10206 10669 10668)
4(10206 10207 10670 10669)
4(10207 10208 10671 10670)
4(10208 10209 10672 10671)
4(10209 10210 10673 10672)
4(10210 10211 10674 10673)
4(10211 10212 10675 10674)
4(10212 10213 10676 10675)
4(10213 10214 10677 10676)
4(10214 10215 10678 10677)
4(10215 10216 10679 10678)
4(10216 6743 8773 10679)
4(0 25 26 1)
4(25 50 51 26)
4(50 75 76 51)
4(75 100 101 76)
4(100 125 126 101)
4(125 150 151 126)
4(150 175 176 151)
4(175 200 201 176)
4(1 26 27 2)
4(26 51 52 27)
4(51 76 77 52)
4(76 101 102 77)
4(101 126 127 102)
4(126 151 152 127)
4(151 176 177 152)
4(176 201 202 177)
4(2 27 28 3)
4(27 52 53 28)
4(52 77 78 53)
4(77 102 103 78)
4(102 127 128 103)
4(127 152 153 128)
4(152 177 178 153)
4(177 202 203 178)
4(3 28 29 4)
4(28 53 54 29)
4(53 78 79 54)
4(78 103 104 79)
4(103 128 129 104)
4(128 153 154 129)
4(153 178 179 154)
4(178 203 204 179)
4(4 29 30 5)
4(29 54 55 30)
4(54 79 80 55)
4(79 104 105 80)
4(104 129 130 105)
4(129 154 155 130)
4(154 179 180 155)
4(179 204 205 180)
4(5 30 31 6)
4(30 55 56 31)
4(55 80 81 56)
4(80 105 106 81)
4(105 130 131 106)
4(130 155 156 131)
4(155 180 181 156)
4(180 205 206 181)
4(6 31 32 7)
4(31 56 57 32)
4(56 81 82 57)
4(81 106 107 82)
4(106 131 132 107)
4(131 156 157 132)
4(156 181 182 157)
4(181 206 207 182)
4(7 32 33 8)
4(32 57 58 33)
4(57 82 83 58)
4(82 107 108 83)
4(107 132 133 108)
4(132 157 158 133)
4(157 182 183 158)
4(182 207 208 183)
4(8 33 34 9)
4(33 58 59 34)
4(58 83 84 59)
4(83 108 109 84)
4(108 133 134 109)
4(133 158 159 134)
4(158 183 184 159)
4(183 208 209 184)
4(9 34 35 10)
4(34 59 60 35)
4(59 84 85 60)
4(84 109 110 85)
4(109 134 135 110)
4(134 159 160 135)
4(159 184 185 160)
4(184 209 210 185)
4(10 35 36 11)
4(35 60 61 36)
4(60 85 86 61)
4(85 110 111 86)
4(110 135 136 111)
4(135 160 161 136)
4(160 185 186 161)
4(185 210 211 186)
4(11 36 37 12)
4(36 61 62 37)
4(61 86 87 62)
4(86 111 112 87)
4(111 136 137 112)
4(136 161 162 137)
4(161 186 187 162)
4(186 211 212 187)
4(12 37 38 13)
4(37 62 63 38)
4(62 87 88 63)
4(87 112 113 88)
4(112 137 138 113)
4(137 162 163 138)
4(162 187 188 163)
4(187 212 213 188)
4(13 38 39 14)
4(38 63 64 39)
4(63 88 89 64)
4(88 113 114 89)
4(113 138 139 114)
4(138 163 164 139)
4(163 188 189 164)
4(188 213 214 189)
4(14 39 40 15)
4(39 64 65 40)
4(64 89 90 65)
4(89 114 115 90)
4(114 139 140 115)
4(139 164 165 140)
4(164 189 190 165)
4(189 214 215 190)
4(15 40 41 16)
4(40 65 66 41)
4(65 90 91 66)
4(90 115 116 91)
4(115 140 141 116)
4(140 165 166 141)
4(165 190 191 166)
4(190 215 216 191)
4(16 41 42 17)
4(41 66 67 42)
4(66 91 92 67)
4(91 116 117 92)
4(116 141 142 117)
4(141 166 167 142)
4(166 191 192 167)
4(191 216 217 192)
4(17 42 43 18)
4(42 67 68 43)
4(67 92 93 68)
4(92 117 118 93)
4(117 142 143 118)
4(142 167 168 143)
4(167 192 193 168)
4(192 217 218 193)
4(18 43 44 19)
4(43 68 69 44)
4(68 93 94 69)
4(93 118 119 94)
4(118 143 144 119)
4(143 168 169 144)
4(168 193 194 169)
4(193 218 219 194)
4(19 44 45 20)
4(44 69 70 45)
4(69 94 95 70)
4(94 119 120 95)
4(119 144 145 120)
4(144 169 170 145)
4(169 194 195 170)
4(194 219 220 195)
4(20 45 46 21)
4(45 70 71 46)
4(70 95 96 71)
4(95 120 121 96)
4(120 145 146 121)
4(145 170 171 146)
4(170 195 196 171)
4(195 220 221 196)
4(21 46 47 22)
4(46 71 72 47)
4(71 96 97 72)
4(96 121 122 97)
4(121 146 147 122)
4(146 171 172 147)
4(171 196 197 172)
4(196 221 222 197)
4(22 47 48 23)
4(47 72 73 48)
4(72 97 98 73)
4(97 122 123 98)
4(122 147 148 123)
4(147 172 173 148)
4(172 197 198 173)
4(197 222 223 198)
4(23 48 49 24)
4(48 73 74 49)
4(73 98 99 74)
4(98 123 124 99)
4(123 148 149 124)
4(148 173 174 149)
4(173 198 199 174)
4(198 223 224 199)
4(24 49 466 450)
4(49 74 482 466)
4(74 99 498 482)
4(99 124 514 498)
4(124 149 530 514)
4(149 174 546 530)
4(174 199 562 546)
4(199 224 578 562)
4(450 466 467 451)
4(466 482 483 467)
4(482 498 499 483)
4(498 514 515 499)
4(514 530 531 515)
4(530 546 547 531)
4(546 562 563 547)
4(562 578 579 563)
4(451 467 468 452)
4(467 483 484 468)
4(483 499 500 484)
4(499 515 516 500)
4(515 531 532 516)
4(531 547 548 532)
4(547 563 564 548)
4(563 579 580 564)
4(452 468 469 453)
4(468 484 485 469)
4(484 500 501 485)
4(500 516 517 501)
4(516 532 533 517)
4(532 548 549 533)
4(548 564 565 549)
4(564 580 581 565)
4(453 469 470 454)
4(469 485 486 470)
4(485 501 502 486)
4(501 517 518 502)
4(517 533 534 518)
4(533 549 550 534)
4(549 565 566 550)
4(565 581 582 566)
4(454 470 471 455)
4(470 486 487 471)
4(486 502 503 487)
4(502 518 519 503)
4(518 534 535 519)
4(534 550 551 535)
4(550 566 567 551)
4(566 582 583 567)
4(455 471 472 456)
4(471 487 488 472)
4(487 503 504 488)
4(503 519 520 504)
4(519 535 536 520)
4(535 551 552 536)
4(551 567 568 552)
4(567 583 584 568)
4(456 472 473 457)
4(472 488 489 473)
4(488 504 505 489)
4(504 520 521 505)
4(520 536 537 521)
4(536 552 553 537)
4(552 568 569 553)
4(568 584 585 569)
4(457 473 474 458)
4(473 489 490 474)
4(489 505 506 490)
4(505 521 522 506)
4(521 537 538 522)
4(537 553 554 538)
4(553 569 570 554)
4(569 585 586 570)
4(458 474 475 459)
4(474 490 491 475)
4(490 506 507 491)
4(506 522 523 507)
4(522 538 539 523)
4(538 554 555 539)
4(554 570 571 555)
4(570 586 587 571)
4(459 475 476 460)
4(475 491 492 476)
4(491 507 508 492)
4(507 523 524 508)
4(523 539 540 524)
4(539 555 556 540)
4(555 571 572 556)
4(571 587 588 572)
4(460 476 477 461)
4(476 492 493 477)
4(492 508 509 493)
4(508 524 525 509)
4(524 540 541 525)
4(540 556 557 541)
4(556 572 573 557)
4(572 588 589 573)
4(461 477 478 462)
4(477 493 494 478)
4(493 509 510 494)
4(509 525 526 510)
4(525 541 542 526)
4(541 557 558 542)
4(557 573 574 558)
4(573 589 590 574)
4(462 478 479 463)
4(478 494 495 479)
4(494 510 511 495)
4(510 526 527 511)
4(526 542 543 527)
4(542 558 559 543)
4(558 574 575 559)
4(574 590 591 575)
4(463 479 480 464)
4(479 495 496 480)
4(495 511 512 496)
4(511 527 528 512)
4(527 543 544 528)
4(543 559 560 544)
4(559 575 576 560)
4(575 591 592 576)
4(464 480 481 465)
4(480 496 497 481)
4(496 512 513 497)
4(512 528 529 513)
4(528 544 545 529)
4(544 560 561 545)
4(560 576 577 561)
4(576 592 593 577)
4(465 481 766 738)
4(481 497 794 766)
4(497 513 822 794)
4(513 529 850 822)
4(529 545 878 850)
4(545 561 906 878)
4(561 577 934 906)
4(577 593 962 934)
4(738 766 767 739)
4(766 794 795 767)
4(794 822 823 795)
4(822 850 851 823)
4(850 878 879 851)
4(878 906 907 879)
4(906 934 935 907)
4(934 962 963 935)
4(739 767 768 740)
4(767 795 796 768)
4(795 823 824 796)
4(823 851 852 824)
4(851 879 880 852)
4(879 907 908 880)
4(907 935 936 908)
4(935 963 964 936)
4(740 768 769 741)
4(768 796 797 769)
4(796 824 825 797)
4(824 852 853 825)
4(852 880 881 853)
4(880 908 909 881)
4(908 936 937 909)
4(936 964 965 937)
4(741 769 770 742)
4(769 797 798 770)
4(797 825 826 798)
4(825 853 854 826)
4(853 881 882 854)
4(881 909 910 882)
4(909 937 938 910)
4(937 965 966 938)
4(742 770 771 743)
4(770 798 799 771)
4(798 826 827 799)
4(826 854 855 827)
4(854 882 883 855)
4(882 910 911 883)
4(910 938 939 911)
4(938 966 967 939)
4(743 771 772 744)
4(771 799 800 772)
4(799 827 828 800)
4(827 855 856 828)
4(855 883 884 856)
4(883 911 912 884)
4(911 939 940 912)
4(939 967 968 940)
4(744 772 773 745)
4(772 800 801 773)
4(800 828 829 801)
4(828 856 857 829)
4(856 884 885 857)
4(884 912 913 885)
4(912 940 941 913)
4(940 968 969 941)
4(745 773 774 746)
4(773 801 802 774)
4(801 829 830 802)
4(829 857 858 830)
4(857 885 886 858)
4(885 913 914 886)
4(913 941 942 914)
4(941 969 970 942)
4(746 774 775 747)
4(774 802 803 775)
4(802 830 831 803)
4(830 858 859 831)
4(858 886 887 859)
4(886 914 915 887)
4(914 942 943 915)
4(942 970 971 943)
4(747 775 776 748)
4(775 803 804 776)
4(803 831 832 804)
4(831 859 860 832)
4(859 887 888 860)
4(887 915 916 888)
4(915 943 944 916)
4(943 971 972 944)
4(748 776 777 749)
4(776 804 805 777)
4(804 832 833 805)
4(832 860 861 833)
4(860 888 889 861)
4(888 916 917 889)
4(916 944 945 917)
4(944 972 973 945)
4(749 777 778 750)
4(777 805 806 778)
4(805 833 834 806)
4(833 861 862 834)
4(861 889 890 862)
4(889 917 918 890)
4(917 945 946 918)
4(945 973 974 946)
4(750 778 779 751)
4(778 806 807 779)
4(806 834 835 807)
4(834 862 863 835)
4(862 890 891 863)
4(890 918 919 891)
4(918 946 947 919)
4(946 974 975 947)
4(751 779 780 752)
4(779 807 808 780)
4(807 835 836 808)
4(835 863 864 836)
4(863 891 892 864)
4(891 919 920 892)
4(919 947 948 920)
4(947 975 976 948)
4(752 780 781 753)
4(780 808 809 781)
4(808 836 837 809)
4(836 864 865 837)
4(864 892 893 865)
4(892 920 921 893)
4(920 948 949 921)
4(948 976 977 949)
4(753 781 782 754)
4(781 809 810 782)
4(809 837 838 810)
4(837 865 866 838)
4(865 893 894 866)
4(893 921 922 894)
4(921 949 950 922)
4(949 977 978 950)
4(754 782 783 755)
4(782 810 811 783)
4(810 838 839 811)
4(838 866 867 839)
4(866 894 895 867)
4(894 922 923 895)
4(922 950 951 923)
4(950 978 979 951)
4(755 783 784 756)
4(783 811 812 784)
4(811 839 840 812)
4(839 867 868 840)
4(867 895 896 868)
4(895 923 924 896)
4(923 951 952 924)
4(951 979 980 952)
4(756 784 785 757)
4(784 812 813 785)
4(812 840 841 813)
4(840 868 869 841)
4(868 896 897 869)
4(896 924 925 897)
4(924 952 953 925)
4(952 980 981 953)
4(757 785 786 758)
4(785 813 814 786)
4(813 841 842 814)
4(841 869 870 842)
4(869 897 898 870)
4(897 925 926 898)
4(925 953 954 926)
4(953 981 982 954)
4(758 786 787 759)
4(786 814 815 787)
4(814 842 843 815)
4(842 870 871 843)
4(870 898 899 871)
4(898 926 927 899)
4(926 954 955 927)
4(954 982 983 955)
4(759 787 788 760)
4(787 815 816 788)
4(815 843 844 816)
4(843 871 872 844)
4(871 899 900 872)
4(899 927 928 900)
4(927 955 956 928)
4(955 983 984 956)
4(760 788 789 761)
4(788 816 817 789)
4(816 844 845 817)
4(844 872 873 845)
4(872 900 901 873)
4(900 928 929 901)
4(928 956 957 929)
4(956 984 985 957)
4(761 789 790 762)
4(789 817 818 790)
4(817 845 846 818)
4(845 873 874 846)
4(873 901 902 874)
4(901 929 930 902)
4(929 957 958 930)
4(957 985 986 958)
4(762 790 791 763)
4(790 818 819 791)
4(818 846 847 819)
4(846 874 875 847)
4(874 902 903 875)
4(902 930 931 903)
4(930 958 959 931)
4(958 986 987 959)
4(763 791 792 764)
4(791 819 820 792)
4(819 847 848 820)
4(847 875 876 848)
4(875 903 904 876)
4(903 931 932 904)
4(931 959 960 932)
4(959 987 988 960)
4(764 792 793 765)
4(792 820 821 793)
4(820 848 849 821)
4(848 876 877 849)
4(876 904 905 877)
4(904 932 933 905)
4(932 960 961 933)
4(960 988 989 961)
4(200 1242 1243 201)
4(1242 1267 1268 1243)
4(1267 1292 1293 1268)
4(1292 1317 1318 1293)
4(1317 1342 1343 1318)
4(1342 1367 1368 1343)
4(1367 1392 1393 1368)
4(1392 1417 1418 1393)
4(1417 1442 1443 1418)
4(1442 1467 1468 1443)
4(1467 1492 1493 1468)
4(1492 1517 1518 1493)
4(1517 1542 1543 1518)
4(1542 1567 1568 1543)
4(1567 1592 1593 1568)
4(1592 1617 1618 1593)
4(1617 1642 1643 1618)
4(1642 1667 1668 1643)
4(1667 1692 1693 1668)
4(1692 1717 1718 1693)
4(1717 1742 1743 1718)
4(1742 1767 1768 1743)
4(1767 1792 1793 1768)
4(1792 1817 1818 1793)
4(1817 1842 1843 1818)
4(1842 1867 1868 1843)
4(1867 1892 1893 1868)
4(1892 1917 1918 1893)
4(1917 1942 1943 1918)
4(1942 1967 1968 1943)
4(1967 1992 1993 1968)
4(1992 2017 2018 1993)
4(2017 2042 2043 2018)
4(2042 2067 2068 2043)
4(2067 2092 2093 2068)
4(2092 2117 2118 2093)
4(2117 2142 2143 2118)
4(2142 2167 2168 2143)
4(2167 2192 2193 2168)
4(2192 2217 2218 2193)
4(2217 2242 2243 2218)
4(2242 2267 2268 2243)
4(2267 2292 2293 2268)
4(2292 2317 2318 2293)
4(2317 2342 2343 2318)
4(2342 2367 2368 2343)
4(2367 2392 2393 2368)
4(2392 2417 2418 2393)
4(2417 2442 2443 2418)
4(2442 2467 2468 2443)
4(2467 2492 2493 2468)
4(2492 2517 2518 2493)
4(2517 2542 2543 2518)
4(2542 2567 2568 2543)
4(2567 2592 2593 2568)
4(2592 2617 2618 2593)
4(2617 2642 2643 2618)
4(2642 2667 2668 2643)
4(2667 2692 2693 2668)
4(2692 2717 2718 2693)
4(2717 2742 2743 2718)
4(2742 2767 2768 2743)
4(2767 2792 2793 2768)
4(2792 2817 2818 2793)
4(2817 2842 2843 2818)
4(2842 2867 2868 2843)
4(2867 2892 2893 2868)
4(2892 2917 2918 2893)
4(2917 2942 2943 2918)
4(2942 2967 2968 2943)
4(201 1243 1244 202)
4(1243 1268 1269 1244)
4(1268 1293 1294 1269)
4(1293 1318 1319 1294)
4(1318 1343 1344 1319)
4(1343 1368 1369 1344)
4(1368 1393 1394 1369)
4(1393 1418 1419 1394)
4(1418 1443 1444 1419)
4(1443 1468 1469 1444)
4(1468 1493 1494 1469)
4(1493 1518 1519 1494)
4(1518 1543 1544 1519)
4(1543 1568 1569 1544)
4(1568 1593 1594 1569)
4(1593 1618 1619 1594)
4(1618 1643 1644 1619)
4(1643 1668 1669 1644)
4(1668 1693 1694 1669)
4(1693 1718 1719 1694)
4(1718 1743 1744 1719)
4(1743 1768 1769 1744)
4(1768 1793 1794 1769)
4(1793 1818 1819 1794)
4(1818 1843 1844 1819)
4(1843 1868 1869 1844)
4(1868 1893 1894 1869)
4(1893 1918 1919 1894)
4(1918 1943 1944 1919)
4(1943 1968 1969 1944)
4(1968 1993 1994 1969)
4(1993 2018 2019 1994)
4(2018 2043 2044 2019)
4(2043 2068 2069 2044)
4(2068 2093 2094 2069)
4(2093 2118 2119 2094)
4(2118 2143 2144 2119)
4(2143 2168 2169 2144)
4(2168 2193 2194 2169)
4(2193 2218 2219 2194)
4(2218 2243 2244 2219)
4(2243 2268 2269 2244)
4(2268 2293 2294 2269)
4(2293 2318 2319 2294)
4(2318 2343 2344 2319)
4(2343 2368 2369 2344)
4(2368 2393 2394 2369)
4(2393 2418 2419 2394)
4(2418 2443 2444 2419)
4(2443 2468 2469 2444)
4(2468 2493 2494 2469)
4(2493 2518 2519 2494)
4(2518 2543 2544 2519)
4(2543 2568 2569 2544)
4(2568 2593 2594 2569)
4(2593 2618 2619 2594)
4(2618 2643 2644 2619)
4(2643 2668 2669 2644)
4(2668 2693 2694 2669)
4(2693 2718 2719 2694)
4(2718 2743 2744 2719)
4(2743 2768 2769 2744)
4(2768 2793 2794 2769)
4(2793 2818 2819 2794)
4(2818 2843 2844 2819)
4(2843 2868 2869 2844)
4(2868 2893 2894 2869)
4(2893 2918 2919 2894)
4(2918 2943 2944 2919)
4(2943 2968 2969 2944)
4(202 1244 1245 203)
4(1244 1269 1270 1245)
4(1269 1294 1295 1270)
4(1294 1319 1320 1295)
4(1319 1344 1345 1320)
4(1344 1369 1370 1345)
4(1369 1394 1395 1370)
4(1394 1419 1420 1395)
4(1419 1444 1445 1420)
4(1444 1469 1470 1445)
4(1469 1494 1495 1470)
4(1494 1519 1520 1495)
4(1519 1544 1545 1520)
4(1544 1569 1570 1545)
4(1569 1594 1595 1570)
4(1594 1619 1620 1595)
4(1619 1644 1645 1620)
4(1644 1669 1670 1645)
4(1669 1694 1695 1670)
4(1694 1719 1720 1695)
4(1719 1744 1745 1720)
4(1744 1769 1770 1745)
4(1769 1794 1795 1770)
4(1794 1819 1820 1795)
4(1819 1844 1845 1820)
4(1844 1869 1870 1845)
4(1869 1894 1895 1870)
4(1894 1919 1920 1895)
4(1919 1944 1945 1920)
4(1944 1969 1970 1945)
4(1969 1994 1995 1970)
4(1994 2019 2020 1995)
4(2019 2044 2045 2020)
4(2044 2069 2070 2045)
4(2069 2094 2095 2070)
4(2094 2119 2120 2095)
4(2119 2144 2145 2120)
4(2144 2169 2170 2145)
4(2169 2194 2195 2170)
4(2194 2219 2220 2195)
4(2219 2244 2245 2220)
4(2244 2269 2270 2245)
4(2269 2294 2295 2270)
4(2294 2319 2320 2295)
4(2319 2344 2345 2320)
4(2344 2369 2370 2345)
4(2369 2394 2395 2370)
4(2394 2419 2420 2395)
4(2419 2444 2445 2420)
4(2444 2469 2470 2445)
4(2469 2494 2495 2470)
4(2494 2519 2520 2495)
4(2519 2544 2545 2520)
4(2544 2569 2570 2545)
4(2569 2594 2595 2570)
4(2594 2619 2620 2595)
4(2619 2644 2645 2620)
4(2644 2669 2670 2645)
4(2669 2694 2695 2670)
4(2694 2719 2720 2695)
4(2719 2744 2745 2720)
4(2744 2769 2770 2745)
4(2769 2794 2795 2770)
4(2794 2819 2820 2795)
4(2819 2844 2845 2820)
4(2844 2869 2870 2845)
4(2869 2894 2895 2870)
4(2894 2919 2920 2895)
4(2919 2944 2945 2920)
4(2944 2969 2970 2945)
4(203 1245 1246 204)
4(1245 1270 1271 1246)
4(1270 1295 1296 1271)
4(1295 1320 1321 1296)
4(1320 1345 1346 1321)
4(1345 1370 1371 1346)
4(1370 1395 1396 1371)
4(1395 1420 1421 1396)
4(1420 1445 1446 1421)
4(1445 1470 1471 1446)
4(1470 1495 1496 1471)
4(1495 1520 1521 1496)
4(1520 1545 1546 1521)
4(1545 1570 1571 1546)
4(1570 1595 1596 1571)
4(1595 1620 1621 1596)
4(1620 1645 1646 1621)
4(1645 1670 1671 1646)
4(1670 1695 1696 1671)
4(1695 1720 1721 1696)
4(1720 1745 1746 1721)
4(1745 1770 1771 1746)
4(1770 1795 1796 1771)
4(1795 1820 1821 1796)
4(1820 1845 1846 1821)
4(1845 1870 1871 1846)
4(1870 1895 1896 1871)
4(1895 1920 1921 1896)
4(1920 1945 1946 1921)
4(1945 1970 1971 1946)
4(1970 1995 1996 1971)
4(1995 2020 2021 1996)
4(2020 2045 2046 2021)
4(2045 2070 2071 2046)
4(2070 2095 2096 2071)
4(2095 2120 2121 2096)
4(2120 2145 2146 2121)
4(2145 2170 2171 2146)
4(2170 2195 2196 2171)
4(2195 2220 2221 2196)
4(2220 2245 2246 2221)
4(2245 2270 2271 2246)
4(2270 2295 2296 2271)
4(2295 2320 2321 2296)
4(2320 2345 2346 2321)
4(2345 2370 2371 2346)
4(2370 2395 2396 2371)
4(2395 2420 2421 2396)
4(2420 2445 2446 2421)
4(2445 2470 2471 2446)
4(2470 2495 2496 2471)
4(2495 2520 2521 2496)
4(2520 2545 2546 2521)
4(2545 2570 2571 2546)
4(2570 2595 2596 2571)
4(2595 2620 2621 2596)
4(2620 2645 2646 2621)
4(2645 2670 2671 2646)
4(2670 2695 2696 2671)
4(2695 2720 2721 2696)
4(2720 2745 2746 2721)
4(2745 2770 2771 2746)
4(2770 2795 2796 2771)
4(2795 2820 2821 2796)
4(2820 2845 2846 2821)
4(2845 2870 2871 2846)
4(2870 2895 2896 2871)
4(2895 2920 2921 2896)
4(2920 2945 2946 2921)
4(2945 2970 2971 2946)
4(204 1246 1247 205)
4(1246 1271 1272 1247)
4(1271 1296 1297 1272)
4(1296 1321 1322 1297)
4(1321 1346 1347 1322)
4(1346 1371 1372 1347)
4(1371 1396 1397 1372)
4(1396 1421 1422 1397)
4(1421 1446 1447 1422)
4(1446 1471 1472 1447)
4(1471 1496 1497 1472)
4(1496 1521 1522 1497)
4(1521 1546 1547 1522)
4(1546 1571 1572 1547)
4(1571 1596 1597 1572)
4(1596 1621 1622 1597)
4(1621 1646 1647 1622)
4(1646 1671 1672 1647)
4(1671 1696 1697 1672)
4(1696 1721 1722 1697)
4(1721 1746 1747 1722)
4(1746 1771 1772 1747)
4(1771 1796 1797 1772)
4(1796 1821 1822 1797)
4(1821 1846 1847 1822)
4(1846 1871 1872 1847)
4(1871 1896 1897 1872)
4(1896 1921 1922 1897)
4(1921 1946 1947 1922)
4(1946 1971 1972 1947)
4(1971 1996 1997 1972)
4(1996 2021 2022 1997)
4(2021 2046 2047 2022)
4(2046 2071 2072 2047)
4(2071 2096 2097 2072)
4(2096 2121 2122 2097)
4(2121 2146 2147 2122)
4(2146 2171 2172 2147)
4(2171 2196 2197 2172)
4(2196 2221 2222 2197)
4(2221 2246 2247 2222)
4(2246 2271 2272 2247)
4(2271 2296 2297 2272)
4(2296 2321 2322 2297)
4(2321 2346 2347 2322)
4(2346 2371 2372 2347)
4(2371 2396 2397 2372)
4(2396 2421 2422 2397)
4(2421 2446 2447 2422)
4(2446 2471 2472 2447)
4(2471 2496 2497 2472)
4(2496 2521 2522 2497)
4(2521 2546 2547 2522)
4(2546 2571 2572 2547)
4(2571 2596 2597 2572)
4(2596 2621 2622 2597)
4(2621 2646 2647 2622)
4(2646 2671 2672 2647)
4(2671 2696 2697 2672)
4(2696 2721 2722 2697)
4(2721 2746 2747 2722)
4(2746 2771 2772 2747)
4(2771 2796 2797 2772)
4(2796 2821 2822 2797)
4(2821 2846 2847 2822)
4(2846 2871 2872 2847)
4(2871 2896 2897 2872)
4(2896 2921 2922 2897)
4(2921 2946 2947 2922)
4(2946 2971 2972 2947)
4(205 1247 1248 206)
4(1247 1272 1273 1248)
4(1272 1297 1298 1273)
4(1297 1322 1323 1298)
4(1322 1347 1348 1323)
4(1347 1372 1373 1348)
4(1372 1397 1398 1373)
4(1397 1422 1423 1398)
4(1422 1447 1448 1423)
4(1447 1472 1473 1448)
4(1472 1497 1498 1473)
4(1497 1522 1523 1498)
4(1522 1547 1548 1523)
4(1547 1572 1573 1548)
4(1572 1597 1598 1573)
4(1597 1622 1623 1598)
4(1622 1647 1648 1623)
4(1647 1672 1673 1648)
4(1672 1697 1698 1673)
4(1697 1722 1723 1698)
4(1722 1747 1748 1723)
4(1747 1772 1773 1748)
4(1772 1797 1798 1773)
4(1797 1822 1823 1798)
4(1822 1847 1848 1823)
4(1847 1872 1873 1848)
4(1872 1897 1898 1873)
4(1897 1922 1923 1898)
4(1922 1947 1948 1923)
4(1947 1972 1973 1948)
4(1972 1997 1998 1973)
4(1997 2022 2023 1998)
4(2022 2047 2048 2023)
4(2047 2072 2073 2048)
4(2072 2097 2098 2073)
4(2097 2122 2123 2098)
4(2122 2147 2148 2123)
4(2147 2172 2173 2148)
4(2172 2197 2198 2173)
4(2197 2222 2223 2198)
4(2222 2247 2248 2223)
4(2247 2272 2273 2248)
4(2272 2297 2298 2273)
4(2297 2322 2323 2298)
4(2322 2347 2348 2323)
4(2347 2372 2373 2348)
4(2372 2397 2398 2373)
4(2397 2422 2423 2398)
4(2422 2447 2448 2423)
4(2447 2472 2473 2448)
4(2472 2497 2498 2473)
4(2497 2522 2523 2498)
4(2522 2547 2548 2523)
4(2547 2572 2573 2548)
4(2572 2597 2598 2573)
4(2597 2622 2623 2598)
4(2622 2647 2648 2623)
4(2647 2672 2673 2648)
4(2672 2697 2698 2673)
4(2697 2722 2723 2698)
4(2722 2747 2748 2723)
4(2747 2772 2773 2748)
4(2772 2797 2798 2773)
4(2797 2822 2823 2798)
4(2822 2847 2848 2823)
4(2847 2872 2873 2848)
4(2872 2897 2898 2873)
4(2897 2922 2923 2898)
4(2922 2947 2948 2923)
4(2947 2972 2973 2948)
4(206 1248 1249 207)
4(1248 1273 1274 1249)
4(1273 1298 1299 1274)
4(1298 1323 1324 1299)
4(1323 1348 1349 1324)
4(1348 1373 1374 1349)
4(1373 1398 1399 1374)
4(1398 1423 1424 1399)
4(1423 1448 1449 1424)
4(1448 1473 1474 1449)
4(1473 1498 1499 1474)
4(1498 1523 1524 1499)
4(1523 1548 1549 1524)
4(1548 1573 1574 1549)
4(1573 1598 1599 1574)
4(1598 1623 1624 1599)
4(1623 1648 1649 1624)
4(1648 1673 1674 1649)
4(1673 1698 1699 1674)
4(1698 1723 1724 1699)
4(1723 1748 1749 1724)
4(1748 1773 1774 1749)
4(1773 1798 1799 1774)
4(1798 1823 1824 1799)
4(1823 1848 1849 1824)
4(1848 1873 1874 1849)
4(1873 1898 1899 1874)
4(1898 1923 1924 1899)
4(1923 1948 1949 1924)
4(1948 1973 1974 1949)
4(1973 1998 1999 1974)
4(1998 2023 2024 1999)
4(2023 2048 2049 2024)
4(2048 2073 2074 2049)
4(2073 2098 2099 2074)
4(2098 2123 2124 2099)
4(2123 2148 2149 2124)
4(2148 2173 2174 2149)
4(2173 2198 2199 2174)
4(2198 2223 2224 2199)
4(2223 2248 2249 2224)
4(2248 2273 2274 2249)
4(2273 2298 2299 2274)
4(2298 2323 2324 2299)
4(2323 2348 2349 2324)
4(2348 2373 2374 2349)
4(2373 2398 2399 2374)
4(2398 2423 2424 2399)
4(2423 2448 2449 2424)
4(2448 2473 2474 2449)
4(2473 2498 2499 2474)
4(2498 2523 2524 2499)
4(2523 2548 2549 2524)
4(2548 2573 2574 2549)
4(2573 2598 2599 2574)
4(2598 2623 2624 2599)
4(2623 2648 2649 2624)
4(2648 2673 2674 2649)
4(2673 2698 2699 2674)
4(2698 2723 2724 2699)
4(2723 2748 2749 2724)
4(2748 2773 2774 2749)
4(2773 2798 2799 2774)
4(2798 2823 2824 2799)
4(2823 2848 2849 2824)
4(2848 2873 2874 2849)
4(2873 2898 2899 2874)
4(2898 2923 2924 2899)
4(2923 2948 2949 2924)
4(2948 2973 2974 2949)
4(207 1249 1250 208)
4(1249 1274 1275 1250)
4(1274 1299 1300 1275)
4(1299 1324 1325 1300)
4(1324 1349 1350 1325)
4(1349 1374 1375 1350)
4(1374 1399 1400 1375)
4(1399 1424 1425 1400)
4(1424 1449 1450 1425)
4(1449 1474 1475 1450)
4(1474 1499 1500 1475)
4(1499 1524 1525 1500)
4(1524 1549 1550 1525)
4(1549 1574 1575 1550)
4(1574 1599 1600 1575)
4(1599 1624 1625 1600)
4(1624 1649 1650 1625)
4(1649 1674 1675 1650)
4(1674 1699 1700 1675)
4(1699 1724 1725 1700)
4(1724 1749 1750 1725)
4(1749 1774 1775 1750)
4(1774 1799 1800 1775)
4(1799 1824 1825 1800)
4(1824 1849 1850 1825)
4(1849 1874 1875 1850)
4(1874 1899 1900 1875)
4(1899 1924 1925 1900)
4(1924 1949 1950 1925)
4(1949 1974 1975 1950)
4(1974 1999 2000 1975)
4(1999 2024 2025 2000)
4(2024 2049 2050 2025)
4(2049 2074 2075 2050)
4(2074 2099 2100 2075)
4(2099 2124 2125 2100)
4(2124 2149 2150 2125)
4(2149 2174 2175 2150)
4(2174 2199 2200 2175)
4(2199 2224 2225 2200)
4(2224 2249 2250 2225)
4(2249 2274 2275 2250)
4(2274 2299 2300 2275)
4(2299 2324 2325 2300)
4(2324 2349 2350 2325)
4(2349 2374 2375 2350)
4(2374 2399 2400 2375)
4(2399 2424 2425 2400)
4(2424 2449 2450 2425)
4(2449 2474 2475 2450)
4(2474 2499 2500 2475)
4(2499 2524 2525 2500)
4(2524 2549 2550 2525)
4(2549 2574 2575 2550)
4(2574 2599 2600 2575)
4(2599 2624 2625 2600)
4(2624 2649 2650 2625)
4(2649 2674 2675 2650)
4(2674 2699 2700 2675)
4(2699 2724 2725 2700)
4(2724 2749 2750 2725)
4(2749 2774 2775 2750)
4(2774 2799 2800 2775)
4(2799 2824 2825 2800)
4(2824 2849 2850 2825)
4(2849 2874 2875 2850)
4(2874 2899 2900 2875)
4(2899 2924 2925 2900)
4(2924 2949 2950 2925)
4(2949 2974 2975 2950)
4(208 1250 1251 209)
4(1250 1275 1276 1251)
4(1275 1300 1301 1276)
4(1300 1325 1326 1301)
4(1325 1350 1351 1326)
4(1350 1375 1376 1351)
4(1375 1400 1401 1376)
4(1400 1425 1426 1401)
4(1425 1450 1451 1426)
4(1450 1475 1476 1451)
4(1475 1500 1501 1476)
4(1500 1525 1526 1501)
4(1525 1550 1551 1526)
4(1550 1575 1576 1551)
4(1575 1600 1601 1576)
4(1600 1625 1626 1601)
4(1625 1650 1651 1626)
4(1650 1675 1676 1651)
4(1675 1700 1701 1676)
4(1700 1725 1726 1701)
4(1725 1750 1751 1726)
4(1750 1775 1776 1751)
4(1775 1800 1801 1776)
4(1800 1825 1826 1801)
4(1825 1850 1851 1826)
4(1850 1875 1876 1851)
4(1875 1900 1901 1876)
4(1900 1925 1926 1901)
4(1925 1950 1951 1926)
4(1950 1975 1976 1951)
4(1975 2000 2001 1976)
4(2000 2025 2026 2001)
4(2025 2050 2051 2026)
4(2050 2075 2076 2051)
4(2075 2100 2101 2076)
4(2100 2125 2126 2101)
4(2125 2150 2151 2126)
4(2150 2175 2176 2151)
4(2175 2200 2201 2176)
4(2200 2225 2226 2201)
4(2225 2250 2251 2226)
4(2250 2275 2276 2251)
4(2275 2300 2301 2276)
4(2300 2325 2326 2301)
4(2325 2350 2351 2326)
4(2350 2375 2376 2351)
4(2375 2400 2401 2376)
4(2400 2425 2426 2401)
4(2425 2450 2451 2426)
4(2450 2475 2476 2451)
4(2475 2500 2501 2476)
4(2500 2525 2526 2501)
4(2525 2550 2551 2526)
4(2550 2575 2576 2551)
4(2575 2600 2601 2576)
4(2600 2625 2626 2601)
4(2625 2650 2651 2626)
4(2650 2675 2676 2651)
4(2675 2700 2701 2676)
4(2700 2725 2726 2701)
4(2725 2750 2751 2726)
4(2750 2775 2776 2751)
4(2775 2800 2801 2776)
4(2800 2825 2826 2801)
4(2825 2850 2851 2826)
4(2850 2875 2876 2851)
4(2875 2900 2901 2876)
4(2900 2925 2926 2901)
4(2925 2950 2951 2926)
4(2950 2975 2976 2951)
4(209 1251 1252 210)
4(1251 1276 1277 1252)
4(1276 1301 1302 1277)
4(1301 1326 1327 1302)
4(1326 1351 1352 1327)
4(1351 1376 1377 1352)
4(1376 1401 1402 1377)
4(1401 1426 1427 1402)
4(1426 1451 1452 1427)
4(1451 1476 1477 1452)
4(1476 1501 1502 1477)
4(1501 1526 1527 1502)
4(1526 1551 1552 1527)
4(1551 1576 1577 1552)
4(1576 1601 1602 1577)
4(1601 1626 1627 1602)
4(1626 1651 1652 1627)
4(1651 1676 1677 1652)
4(1676 1701 1702 1677)
4(1701 1726 1727 1702)
4(1726 1751 1752 1727)
4(1751 1776 1777 1752)
4(1776 1801 1802 1777)
4(1801 1826 1827 1802)
4(1826 1851 1852 1827)
4(1851 1876 1877 1852)
4(1876 1901 1902 1877)
4(1901 1926 1927 1902)
4(1926 1951 1952 1927)
4(1951 1976 1977 1952)
4(1976 2001 2002 1977)
4(2001 2026 2027 2002)
4(2026 2051 2052 2027)
4(2051 2076 2077 2052)
4(2076 2101 2102 2077)
4(2101 2126 2127 2102)
4(2126 2151 2152 2127)
4(2151 2176 2177 2152)
4(2176 2201 2202 2177)
4(2201 2226 2227 2202)
4(2226 2251 2252 2227)
4(2251 2276 2277 2252)
4(2276 2301 2302 2277)
4(2301 2326 2327 2302)
4(2326 2351 2352 2327)
4(2351 2376 2377 2352)
4(2376 2401 2402 2377)
4(2401 2426 2427 2402)
4(2426 2451 2452 2427)
4(2451 2476 2477 2452)
4(2476 2501 2502 2477)
4(2501 2526 2527 2502)
4(2526 2551 2552 2527)
4(2551 2576 2577 2552)
4(2576 2601 2602 2577)
4(2601 2626 2627 2602)
4(2626 2651 2652 2627)
4(2651 2676 2677 2652)
4(2676 2701 2702 2677)
4(2701 2726 2727 2702)
4(2726 2751 2752 2727)
4(2751 2776 2777 2752)
4(2776 2801 2802 2777)
4(2801 2826 2827 2802)
4(2826 2851 2852 2827)
4(2851 2876 2877 2852)
4(2876 2901 2902 2877)
4(2901 2926 2927 2902)
4(2926 2951 2952 2927)
4(2951 2976 2977 2952)
4(210 1252 1253 211)
4(1252 1277 1278 1253)
4(1277 1302 1303 1278)
4(1302 1327 1328 1303)
4(1327 1352 1353 1328)
4(1352 1377 1378 1353)
4(1377 1402 1403 1378)
4(1402 1427 1428 1403)
4(1427 1452 1453 1428)
4(1452 1477 1478 1453)
4(1477 1502 1503 1478)
4(1502 1527 1528 1503)
4(1527 1552 1553 1528)
4(1552 1577 1578 1553)
4(1577 1602 1603 1578)
4(1602 1627 1628 1603)
4(1627 1652 1653 1628)
4(1652 1677 1678 1653)
4(1677 1702 1703 1678)
4(1702 1727 1728 1703)
4(1727 1752 1753 1728)
4(1752 1777 1778 1753)
4(1777 1802 1803 1778)
4(1802 1827 1828 1803)
4(1827 1852 1853 1828)
4(1852 1877 1878 1853)
4(1877 1902 1903 1878)
4(1902 1927 1928 1903)
4(1927 1952 1953 1928)
4(1952 1977 1978 1953)
4(1977 2002 2003 1978)
4(2002 2027 2028 2003)
4(2027 2052 2053 2028)
4(2052 2077 2078 2053)
4(2077 2102 2103 2078)
4(2102 2127 2128 2103)
4(2127 2152 2153 2128)
4(2152 2177 2178 2153)
4(2177 2202 2203 2178)
4(2202 2227 2228 2203)
4(2227 2252 2253 2228)
4(2252 2277 2278 2253)
4(2277 2302 2303 2278)
4(2302 2327 2328 2303)
4(2327 2352 2353 2328)
4(2352 2377 2378 2353)
4(2377 2402 2403 2378)
4(2402 2427 2428 2403)
4(2427 2452 2453 2428)
4(2452 2477 2478 2453)
4(2477 2502 2503 2478)
4(2502 2527 2528 2503)
4(2527 2552 2553 2528)
4(2552 2577 2578 2553)
4(2577 2602 2603 2578)
4(2602 2627 2628 2603)
4(2627 2652 2653 2628)
4(2652 2677 2678 2653)
4(2677 2702 2703 2678)
4(2702 2727 2728 2703)
4(2727 2752 2753 2728)
4(2752 2777 2778 2753)
4(2777 2802 2803 2778)
4(2802 2827 2828 2803)
4(2827 2852 2853 2828)
4(2852 2877 2878 2853)
4(2877 2902 2903 2878)
4(2902 2927 2928 2903)
4(2927 2952 2953 2928)
4(2952 2977 2978 2953)
4(211 1253 1254 212)
4(1253 1278 1279 1254)
4(1278 1303 1304 1279)
4(1303 1328 1329 1304)
4(1328 1353 1354 1329)
4(1353 1378 1379 1354)
4(1378 1403 1404 1379)
4(1403 1428 1429 1404)
4(1428 1453 1454 1429)
4(1453 1478 1479 1454)
4(1478 1503 1504 1479)
4(1503 1528 1529 1504)
4(1528 1553 1554 1529)
4(1553 1578 1579 1554)
4(1578 1603 1604 1579)
4(1603 1628 1629 1604)
4(1628 1653 1654 1629)
4(1653 1678 1679 1654)
4(1678 1703 1704 1679)
4(1703 1728 1729 1704)
4(1728 1753 1754 1729)
4(1753 1778 1779 1754)
4(1778 1803 1804 1779)
4(1803 1828 1829 1804)
4(1828 1853 1854 1829)
4(1853 1878 1879 1854)
4(1878 1903 1904 1879)
4(1903 1928 1929 1904)
4(1928 1953 1954 1929)
4(1953 1978 1979 1954)
4(1978 2003 2004 1979)
4(2003 2028 2029 2004)
4(2028 2053 2054 2029)
4(2053 2078 2079 2054)
4(2078 2103 2104 2079)
4(2103 2128 2129 2104)
4(2128 2153 2154 2129)
4(2153 2178 2179 2154)
4(2178 2203 2204 2179)
4(2203 2228 2229 2204)
4(2228 2253 2254 2229)
4(2253 2278 2279 2254)
4(2278 2303 2304 2279)
4(2303 2328 2329 2304)
4(2328 2353 2354 2329)
4(2353 2378 2379 2354)
4(2378 2403 2404 2379)
4(2403 2428 2429 2404)
4(2428 2453 2454 2429)
4(2453 2478 2479 2454)
4(2478 2503 2504 2479)
4(2503 2528 2529 2504)
4(2528 2553 2554 2529)
4(2553 2578 2579 2554)
4(2578 2603 2604 2579)
4(2603 2628 2629 2604)
4(2628 2653 2654 2629)
4(2653 2678 2679 2654)
4(2678 2703 2704 2679)
4(2703 2728 2729 2704)
4(2728 2753 2754 2729)
4(2753 2778 2779 2754)
4(2778 2803 2804 2779)
4(2803 2828 2829 2804)
4(2828 2853 2854 2829)
4(2853 2878 2879 2854)
4(2878 2903 2904 2879)
4(2903 2928 2929 2904)
4(2928 2953 2954 2929)
4(2953 2978 2979 2954)
4(212 1254 1255 213)
4(1254 1279 1280 1255)
4(1279 1304 1305 1280)
4(1304 1329 1330 1305)
4(1329 1354 1355 1330)
4(1354 1379 1380 1355)
4(1379 1404 1405 1380)
4(1404 1429 1430 1405)
4(1429 1454 1455 1430)
4(1454 1479 1480 1455)
4(1479 1504 1505 1480)
4(1504 1529 1530 1505)
4(1529 1554 1555 1530)
4(1554 1579 1580 1555)
4(1579 1604 1605 1580)
4(1604 1629 1630 1605)
4(1629 1654 1655 1630)
4(1654 1679 1680 1655)
4(1679 1704 1705 1680)
4(1704 1729 1730 1705)
4(1729 1754 1755 1730)
4(1754 1779 1780 1755)
4(1779 1804 1805 1780)
4(1804 1829 1830 1805)
4(1829 1854 1855 1830)
4(1854 1879 1880 1855)
4(1879 1904 1905 1880)
4(1904 1929 1930 1905)
4(1929 1954 1955 1930)
4(1954 1979 1980 1955)
4(1979 2004 2005 1980)
4(2004 2029 2030 2005)
4(2029 2054 2055 2030)
4(2054 2079 2080 2055)
4(2079 2104 2105 2080)
4(2104 2129 2130 2105)
4(2129 2154 2155 2130)
4(2154 2179 2180 2155)
4(2179 2204 2205 2180)
4(2204 2229 2230 2205)
4(2229 2254 2255 2230)
4(2254 2279 2280 2255)
4(2279 2304 2305 2280)
4(2304 2329 2330 2305)
4(2329 2354 2355 2330)
4(2354 2379 2380 2355)
4(2379 2404 2405 2380)
4(2404 2429 2430 2405)
4(2429 2454 2455 2430)
4(2454 2479 2480 2455)
4(2479 2504 2505 2480)
4(2504 2529 2530 2505)
4(2529 2554 2555 2530)
4(2554 2579 2580 2555)
4(2579 2604 2605 2580)
4(2604 2629 2630 2605)
4(2629 2654 2655 2630)
4(2654 2679 2680 2655)
4(2679 2704 2705 2680)
4(2704 2729 2730 2705)
4(2729 2754 2755 2730)
4(2754 2779 2780 2755)
4(2779 2804 2805 2780)
4(2804 2829 2830 2805)
4(2829 2854 2855 2830)
4(2854 2879 2880 2855)
4(2879 2904 2905 2880)
4(2904 2929 2930 2905)
4(2929 2954 2955 2930)
4(2954 2979 2980 2955)
4(213 1255 1256 214)
4(1255 1280 1281 1256)
4(1280 1305 1306 1281)
4(1305 1330 1331 1306)
4(1330 1355 1356 1331)
4(1355 1380 1381 1356)
4(1380 1405 1406 1381)
4(1405 1430 1431 1406)
4(1430 1455 1456 1431)
4(1455 1480 1481 1456)
4(1480 1505 1506 1481)
4(1505 1530 1531 1506)
4(1530 1555 1556 1531)
4(1555 1580 1581 1556)
4(1580 1605 1606 1581)
4(1605 1630 1631 1606)
4(1630 1655 1656 1631)
4(1655 1680 1681 1656)
4(1680 1705 1706 1681)
4(1705 1730 1731 1706)
4(1730 1755 1756 1731)
4(1755 1780 1781 1756)
4(1780 1805 1806 1781)
4(1805 1830 1831 1806)
4(1830 1855 1856 1831)
4(1855 1880 1881 1856)
4(1880 1905 1906 1881)
4(1905 1930 1931 1906)
4(1930 1955 1956 1931)
4(1955 1980 1981 1956)
4(1980 2005 2006 1981)
4(2005 2030 2031 2006)
4(2030 2055 2056 2031)
4(2055 2080 2081 2056)
4(2080 2105 2106 2081)
4(2105 2130 2131 2106)
4(2130 2155 2156 2131)
4(2155 2180 2181 2156)
4(2180 2205 2206 2181)
4(2205 2230 2231 2206)
4(2230 2255 2256 2231)
4(2255 2280 2281 2256)
4(2280 2305 2306 2281)
4(2305 2330 2331 2306)
4(2330 2355 2356 2331)
4(2355 2380 2381 2356)
4(2380 2405 2406 2381)
4(2405 2430 2431 2406)
4(2430 2455 2456 2431)
4(2455 2480 2481 2456)
4(2480 2505 2506 2481)
4(2505 2530 2531 2506)
4(2530 2555 2556 2531)
4(2555 2580 2581 2556)
4(2580 2605 2606 2581)
4(2605 2630 2631 2606)
4(2630 2655 2656 2631)
4(2655 2680 2681 2656)
4(2680 2705 2706 2681)
4(2705 2730 2731 2706)
4(2730 2755 2756 2731)
4(2755 2780 2781 2756)
4(2780 2805 2806 2781)
4(2805 2830 2831 2806)
4(2830 2855 2856 2831)
4(2855 2880 2881 2856)
4(2880 2905 2906 2881)
4(2905 2930 2931 2906)
4(2930 2955 2956 2931)
4(2955 2980 2981 2956)
4(214 1256 1257 215)
4(1256 1281 1282 1257)
4(1281 1306 1307 1282)
4(1306 1331 1332 1307)
4(1331 1356 1357 1332)
4(1356 1381 1382 1357)
4(1381 1406 1407 1382)
4(1406 1431 1432 1407)
4(1431 1456 1457 1432)
4(1456 1481 1482 1457)
4(1481 1506 1507 1482)
4(1506 1531 1532 1507)
4(1531 1556 1557 1532)
4(1556 1581 1582 1557)
4(1581 1606 1607 1582)
4(1606 1631 1632 1607)
4(1631 1656 1657 1632)
4(1656 1681 1682 1657)
4(1681 1706 1707 1682)
4(1706 1731 1732 1707)
4(1731 1756 1757 1732)
4(1756 1781 1782 1757)
4(1781 1806 1807 1782)
4(1806 1831 1832 1807)
4(1831 1856 1857 1832)
4(1856 1881 1882 1857)
4(1881 1906 1907 1882)
4(1906 1931 1932 1907)
4(1931 1956 1957 1932)
4(1956 1981 1982 1957)
4(1981 2006 2007 1982)
4(2006 2031 2032 2007)
4(2031 2056 2057 2032)
4(2056 2081 2082 2057)
4(2081 2106 2107 2082)
4(2106 2131 2132 2107)
4(2131 2156 2157 2132)
4(2156 2181 2182 2157)
4(2181 2206 2207 2182)
4(2206 2231 2232 2207)
4(2231 2256 2257 2232)
4(2256 2281 2282 2257)
4(2281 2306 2307 2282)
4(2306 2331 2332 2307)
4(2331 2356 2357 2332)
4(2356 2381 2382 2357)
4(2381 2406 2407 2382)
4(2406 2431 2432 2407)
4(2431 2456 2457 2432)
4(2456 2481 2482 2457)
4(2481 2506 2507 2482)
4(2506 2531 2532 2507)
4(2531 2556 2557 2532)
4(2556 2581 2582 2557)
4(2581 2606 2607 2582)
4(2606 2631 2632 2607)
4(2631 2656 2657 2632)
4(2656 2681 2682 2657)
4(2681 2706 2707 2682)
4(2706 2731 2732 2707)
4(2731 2756 2757 2732)
4(2756 2781 2782 2757)
4(2781 2806 2807 2782)
4(2806 2831 2832 2807)
4(2831 2856 2857 2832)
4(2856 2881 2882 2857)
4(2881 2906 2907 2882)
4(2906 2931 2932 2907)
4(2931 2956 2957 2932)
4(2956 2981 2982 2957)
4(215 1257 1258 216)
4(1257 1282 1283 1258)
4(1282 1307 1308 1283)
4(1307 1332 1333 1308)
4(1332 1357 1358 1333)
4(1357 1382 1383 1358)
4(1382 1407 1408 1383)
4(1407 1432 1433 1408)
4(1432 1457 1458 1433)
4(1457 1482 1483 1458)
4(1482 1507 1508 1483)
4(1507 1532 1533 1508)
4(1532 1557 1558 1533)
4(1557 1582 1583 1558)
4(1582 1607 1608 1583)
4(1607 1632 1633 1608)
4(1632 1657 1658 1633)
4(1657 1682 1683 1658)
4(1682 1707 1708 1683)
4(1707 1732 1733 1708)
4(1732 1757 1758 1733)
4(1757 1782 1783 1758)
4(1782 1807 1808 1783)
4(1807 1832 1833 1808)
4(1832 1857 1858 1833)
4(1857 1882 1883 1858)
4(1882 1907 1908 1883)
4(1907 1932 1933 1908)
4(1932 1957 1958 1933)
4(1957 1982 1983 1958)
4(1982 2007 2008 1983)
4(2007 2032 2033 2008)
4(2032 2057 2058 2033)
4(2057 2082 2083 2058)
4(2082 2107 2108 2083)
4(2107 2132 2133 2108)
4(2132 2157 2158 2133)
4(2157 2182 2183 2158)
4(2182 2207 2208 2183)
4(2207 2232 2233 2208)
4(2232 2257 2258 2233)
4(2257 2282 2283 2258)
4(2282 2307 2308 2283)
4(2307 2332 2333 2308)
4(2332 2357 2358 2333)
4(2357 2382 2383 2358)
4(2382 2407 2408 2383)
4(2407 2432 2433 2408)
4(2432 2457 2458 2433)
4(2457 2482 2483 2458)
4(2482 2507 2508 2483)
4(2507 2532 2533 2508)
4(2532 2557 2558 2533)
4(2557 2582 2583 2558)
4(2582 2607 2608 2583)
4(2607 2632 2633 2608)
4(2632 2657 2658 2633)
4(2657 2682 2683 2658)
4(2682 2707 2708 2683)
4(2707 2732 2733 2708)
4(2732 2757 2758 2733)
4(2757 2782 2783 2758)
4(2782 2807 2808 2783)
4(2807 2832 2833 2808)
4(2832 2857 2858 2833)
4(2857 2882 2883 2858)
4(2882 2907 2908 2883)
4(2907 2932 2933 2908)
4(2932 2957 2958 2933)
4(2957 2982 2983 2958)
4(216 1258 1259 217)
4(1258 1283 1284 1259)
4(1283 1308 1309 1284)
4(1308 1333 1334 1309)
4(1333 1358 1359 1334)
4(1358 1383 1384 1359)
4(1383 1408 1409 1384)
4(1408 1433 1434 1409)
4(1433 1458 1459 1434)
4(1458 1483 1484 1459)
4(1483 1508 1509 1484)
4(1508 1533 1534 1509)
4(1533 1558 1559 1534)
4(1558 1583 1584 1559)
4(1583 1608 1609 1584)
4(1608 1633 1634 1609)
4(1633 1658 1659 1634)
4(1658 1683 1684 1659)
4(1683 1708 1709 1684)
4(1708 1733 1734 1709)
4(1733 1758 1759 1734)
4(1758 1783 1784 1759)
4(1783 1808 1809 1784)
4(1808 1833 1834 1809)
4(1833 1858 1859 1834)
4(1858 1883 1884 1859)
4(1883 1908 1909 1884)
4(1908 1933 1934 1909)
4(1933 1958 1959 1934)
4(1958 1983 1984 1959)
4(1983 2008 2009 1984)
4(2008 2033 2034 2009)
4(2033 2058 2059 2034)
4(2058 2083 2084 2059)
4(2083 2108 2109 2084)
4(2108 2133 2134 2109)
4(2133 2158 2159 2134)
4(2158 2183 2184 2159)
4(2183 2208 2209 2184)
4(2208 2233 2234 2209)
4(2233 2258 2259 2234)
4(2258 2283 2284 2259)
4(2283 2308 2309 2284)
4(2308 2333 2334 2309)
4(2333 2358 2359 2334)
4(2358 2383 2384 2359)
4(2383 2408 2409 2384)
4(2408 2433 2434 2409)
4(2433 2458 2459 2434)
4(2458 2483 2484 2459)
4(2483 2508 2509 2484)
4(2508 2533 2534 2509)
4(2533 2558 2559 2534)
4(2558 2583 2584 2559)
4(2583 2608 2609 2584)
4(2608 2633 2634 2609)
4(2633 2658 2659 2634)
4(2658 2683 2684 2659)
4(2683 2708 2709 2684)
4(2708 2733 2734 2709)
4(2733 2758 2759 2734)
4(2758 2783 2784 2759)
4(2783 2808 2809 2784)
4(2808 2833 2834 2809)
4(2833 2858 2859 2834)
4(2858 2883 2884 2859)
4(2883 2908 2909 2884)
4(2908 2933 2934 2909)
4(2933 2958 2959 2934)
4(2958 2983 2984 2959)
4(217 1259 1260 218)
4(1259 1284 1285 1260)
4(1284 1309 1310 1285)
4(1309 1334 1335 1310)
4(1334 1359 1360 1335)
4(1359 1384 1385 1360)
4(1384 1409 1410 1385)
4(1409 1434 1435 1410)
4(1434 1459 1460 1435)
4(1459 1484 1485 1460)
4(1484 1509 1510 1485)
4(1509 1534 1535 1510)
4(1534 1559 1560 1535)
4(1559 1584 1585 1560)
4(1584 1609 1610 1585)
4(1609 1634 1635 1610)
4(1634 1659 1660 1635)
4(1659 1684 1685 1660)
4(1684 1709 1710 1685)
4(1709 1734 1735 1710)
4(1734 1759 1760 1735)
4(1759 1784 1785 1760)
4(1784 1809 1810 1785)
4(1809 1834 1835 1810)
4(1834 1859 1860 1835)
4(1859 1884 1885 1860)
4(1884 1909 1910 1885)
4(1909 1934 1935 1910)
4(1934 1959 1960 1935)
4(1959 1984 1985 1960)
4(1984 2009 2010 1985)
4(2009 2034 2035 2010)
4(2034 2059 2060 2035)
4(2059 2084 2085 2060)
4(2084 2109 2110 2085)
4(2109 2134 2135 2110)
4(2134 2159 2160 2135)
4(2159 2184 2185 2160)
4(2184 2209 2210 2185)
4(2209 2234 2235 2210)
4(2234 2259 2260 2235)
4(2259 2284 2285 2260)
4(2284 2309 2310 2285)
4(2309 2334 2335 2310)
4(2334 2359 2360 2335)
4(2359 2384 2385 2360)
4(2384 2409 2410 2385)
4(2409 2434 2435 2410)
4(2434 2459 2460 2435)
4(2459 2484 2485 2460)
4(2484 2509 2510 2485)
4(2509 2534 2535 2510)
4(2534 2559 2560 2535)
4(2559 2584 2585 2560)
4(2584 2609 2610 2585)
4(2609 2634 2635 2610)
4(2634 2659 2660 2635)
4(2659 2684 2685 2660)
4(2684 2709 2710 2685)
4(2709 2734 2735 2710)
4(2734 2759 2760 2735)
4(2759 2784 2785 2760)
4(2784 2809 2810 2785)
4(2809 2834 2835 2810)
4(2834 2859 2860 2835)
4(2859 2884 2885 2860)
4(2884 2909 2910 2885)
4(2909 2934 2935 2910)
4(2934 2959 2960 2935)
4(2959 2984 2985 2960)
4(218 1260 1261 219)
4(1260 1285 1286 1261)
4(1285 1310 1311 1286)
4(1310 1335 1336 1311)
4(1335 1360 1361 1336)
4(1360 1385 1386 1361)
4(1385 1410 1411 1386)
4(1410 1435 1436 1411)
4(1435 1460 1461 1436)
4(1460 1485 1486 1461)
4(1485 1510 1511 1486)
4(1510 1535 1536 1511)
4(1535 1560 1561 1536)
4(1560 1585 1586 1561)
4(1585 1610 1611 1586)
4(1610 1635 1636 1611)
4(1635 1660 1661 1636)
4(1660 1685 1686 1661)
4(1685 1710 1711 1686)
4(1710 1735 1736 1711)
4(1735 1760 1761 1736)
4(1760 1785 1786 1761)
4(1785 1810 1811 1786)
4(1810 1835 1836 1811)
4(1835 1860 1861 1836)
4(1860 1885 1886 1861)
4(1885 1910 1911 1886)
4(1910 1935 1936 1911)
4(1935 1960 1961 1936)
4(1960 1985 1986 1961)
4(1985 2010 2011 1986)
4(2010 2035 2036 2011)
4(2035 2060 2061 2036)
4(2060 2085 2086 2061)
4(2085 2110 2111 2086)
4(2110 2135 2136 2111)
4(2135 2160 2161 2136)
4(2160 2185 2186 2161)
4(2185 2210 2211 2186)
4(2210 2235 2236 2211)
4(2235 2260 2261 2236)
4(2260 2285 2286 2261)
4(2285 2310 2311 2286)
4(2310 2335 2336 2311)
4(2335 2360 2361 2336)
4(2360 2385 2386 2361)
4(2385 2410 2411 2386)
4(2410 2435 2436 2411)
4(2435 2460 2461 2436)
4(2460 2485 2486 2461)
4(2485 2510 2511 2486)
4(2510 2535 2536 2511)
4(2535 2560 2561 2536)
4(2560 2585 2586 2561)
4(2585 2610 2611 2586)
4(2610 2635 2636 2611)
4(2635 2660 2661 2636)
4(2660 2685 2686 2661)
4(2685 2710 2711 2686)
4(2710 2735 2736 2711)
4(2735 2760 2761 2736)
4(2760 2785 2786 2761)
4(2785 2810 2811 2786)
4(2810 2835 2836 2811)
4(2835 2860 2861 2836)
4(2860 2885 2886 2861)
4(2885 2910 2911 2886)
4(2910 2935 2936 2911)
4(2935 2960 2961 2936)
4(2960 2985 2986 2961)
4(219 1261 1262 220)
4(1261 1286 1287 1262)
4(1286 1311 1312 1287)
4(1311 1336 1337 1312)
4(1336 1361 1362 1337)
4(1361 1386 1387 1362)
4(1386 1411 1412 1387)
4(1411 1436 1437 1412)
4(1436 1461 1462 1437)
4(1461 1486 1487 1462)
4(1486 1511 1512 1487)
4(1511 1536 1537 1512)
4(1536 1561 1562 1537)
4(1561 1586 1587 1562)
4(1586 1611 1612 1587)
4(1611 1636 1637 1612)
4(1636 1661 1662 1637)
4(1661 1686 1687 1662)
4(1686 1711 1712 1687)
4(1711 1736 1737 1712)
4(1736 1761 1762 1737)
4(1761 1786 1787 1762)
4(1786 1811 1812 1787)
4(1811 1836 1837 1812)
4(1836 1861 1862 1837)
4(1861 1886 1887 1862)
4(1886 1911 1912 1887)
4(1911 1936 1937 1912)
4(1936 1961 1962 1937)
4(1961 1986 1987 1962)
4(1986 2011 2012 1987)
4(2011 2036 2037 2012)
4(2036 2061 2062 2037)
4(2061 2086 2087 2062)
4(2086 2111 2112 2087)
4(2111 2136 2137 2112)
4(2136 2161 2162 2137)
4(2161 2186 2187 2162)
4(2186 2211 2212 2187)
4(2211 2236 2237 2212)
4(2236 2261 2262 2237)
4(2261 2286 2287 2262)
4(2286 2311 2312 2287)
4(2311 2336 2337 2312)
4(2336 2361 2362 2337)
4(2361 2386 2387 2362)
4(2386 2411 2412 2387)
4(2411 2436 2437 2412)
4(2436 2461 2462 2437)
4(2461 2486 2487 2462)
4(2486 2511 2512 2487)
4(2511 2536 2537 2512)
4(2536 2561 2562 2537)
4(2561 2586 2587 2562)
4(2586 2611 2612 2587)
4(2611 2636 2637 2612)
4(2636 2661 2662 2637)
4(2661 2686 2687 2662)
4(2686 2711 2712 2687)
4(2711 2736 2737 2712)
4(2736 2761 2762 2737)
4(2761 2786 2787 2762)
4(2786 2811 2812 2787)
4(2811 2836 2837 2812)
4(2836 2861 2862 2837)
4(2861 2886 2887 2862)
4(2886 2911 2912 2887)
4(2911 2936 2937 2912)
4(2936 2961 2962 2937)
4(2961 2986 2987 2962)
4(220 1262 1263 221)
4(1262 1287 1288 1263)
4(1287 1312 1313 1288)
4(1312 1337 1338 1313)
4(1337 1362 1363 1338)
4(1362 1387 1388 1363)
4(1387 1412 1413 1388)
4(1412 1437 1438 1413)
4(1437 1462 1463 1438)
4(1462 1487 1488 1463)
4(1487 1512 1513 1488)
4(1512 1537 1538 1513)
4(1537 1562 1563 1538)
4(1562 1587 1588 1563)
4(1587 1612 1613 1588)
4(1612 1637 1638 1613)
4(1637 1662 1663 1638)
4(1662 1687 1688 1663)
4(1687 1712 1713 1688)
4(1712 1737 1738 1713)
4(1737 1762 1763 1738)
4(1762 1787 1788 1763)
4(1787 1812 1813 1788)
4(1812 1837 1838 1813)
4(1837 1862 1863 1838)
4(1862 1887 1888 1863)
4(1887 1912 1913 1888)
4(1912 1937 1938 1913)
4(1937 1962 1963 1938)
4(1962 1987 1988 1963)
4(1987 2012 2013 1988)
4(2012 2037 2038 2013)
4(2037 2062 2063 2038)
4(2062 2087 2088 2063)
4(2087 2112 2113 2088)
4(2112 2137 2138 2113)
4(2137 2162 2163 2138)
4(2162 2187 2188 2163)
4(2187 2212 2213 2188)
4(2212 2237 2238 2213)
4(2237 2262 2263 2238)
4(2262 2287 2288 2263)
4(2287 2312 2313 2288)
4(2312 2337 2338 2313)
4(2337 2362 2363 2338)
4(2362 2387 2388 2363)
4(2387 2412 2413 2388)
4(2412 2437 2438 2413)
4(2437 2462 2463 2438)
4(2462 2487 2488 2463)
4(2487 2512 2513 2488)
4(2512 2537 2538 2513)
4(2537 2562 2563 2538)
4(2562 2587 2588 2563)
4(2587 2612 2613 2588)
4(2612 2637 2638 2613)
4(2637 2662 2663 2638)
4(2662 2687 2688 2663)
4(2687 2712 2713 2688)
4(2712 2737 2738 2713)
4(2737 2762 2763 2738)
4(2762 2787 2788 2763)
4(2787 2812 2813 2788)
4(2812 2837 2838 2813)
4(2837 2862 2863 2838)
4(2862 2887 2888 2863)
4(2887 2912 2913 2888)
4(2912 2937 2938 2913)
4(2937 2962 2963 2938)
4(2962 2987 2988 2963)
4(221 1263 1264 222)
4(1263 1288 1289 1264)
4(1288 1313 1314 1289)
4(1313 1338 1339 1314)
4(1338 1363 1364 1339)
4(1363 1388 1389 1364)
4(1388 1413 1414 1389)
4(1413 1438 1439 1414)
4(1438 1463 1464 1439)
4(1463 1488 1489 1464)
4(1488 1513 1514 1489)
4(1513 1538 1539 1514)
4(1538 1563 1564 1539)
4(1563 1588 1589 1564)
4(1588 1613 1614 1589)
4(1613 1638 1639 1614)
4(1638 1663 1664 1639)
4(1663 1688 1689 1664)
4(1688 1713 1714 1689)
4(1713 1738 1739 1714)
4(1738 1763 1764 1739)
4(1763 1788 1789 1764)
4(1788 1813 1814 1789)
4(1813 1838 1839 1814)
4(1838 1863 1864 1839)
4(1863 1888 1889 1864)
4(1888 1913 1914 1889)
4(1913 1938 1939 1914)
4(1938 1963 1964 1939)
4(1963 1988 1989 1964)
4(1988 2013 2014 1989)
4(2013 2038 2039 2014)
4(2038 2063 2064 2039)
4(2063 2088 2089 2064)
4(2088 2113 2114 2089)
4(2113 2138 2139 2114)
4(2138 2163 2164 2139)
4(2163 2188 2189 2164)
4(2188 2213 2214 2189)
4(2213 2238 2239 2214)
4(2238 2263 2264 2239)
4(2263 2288 2289 2264)
4(2288 2313 2314 2289)
4(2313 2338 2339 2314)
4(2338 2363 2364 2339)
4(2363 2388 2389 2364)
4(2388 2413 2414 2389)
4(2413 2438 2439 2414)
4(2438 2463 2464 2439)
4(2463 2488 2489 2464)
4(2488 2513 2514 2489)
4(2513 2538 2539 2514)
4(2538 2563 2564 2539)
4(2563 2588 2589 2564)
4(2588 2613 2614 2589)
4(2613 2638 2639 2614)
4(2638 2663 2664 2639)
4(2663 2688 2689 2664)
4(2688 2713 2714 2689)
4(2713 2738 2739 2714)
4(2738 2763 2764 2739)
4(2763 2788 2789 2764)
4(2788 2813 2814 2789)
4(2813 2838 2839 2814)
4(2838 2863 2864 2839)
4(2863 2888 2889 2864)
4(2888 2913 2914 2889)
4(2913 2938 2939 2914)
4(2938 2963 2964 2939)
4(2963 2988 2989 2964)
4(222 1264 1265 223)
4(1264 1289 1290 1265)
4(1289 1314 1315 1290)
4(1314 1339 1340 1315)
4(1339 1364 1365 1340)
4(1364 1389 1390 1365)
4(1389 1414 1415 1390)
4(1414 1439 1440 1415)
4(1439 1464 1465 1440)
4(1464 1489 1490 1465)
4(1489 1514 1515 1490)
4(1514 1539 1540 1515)
4(1539 1564 1565 1540)
4(1564 1589 1590 1565)
4(1589 1614 1615 1590)
4(1614 1639 1640 1615)
4(1639 1664 1665 1640)
4(1664 1689 1690 1665)
4(1689 1714 1715 1690)
4(1714 1739 1740 1715)
4(1739 1764 1765 1740)
4(1764 1789 1790 1765)
4(1789 1814 1815 1790)
4(1814 1839 1840 1815)
4(1839 1864 1865 1840)
4(1864 1889 1890 1865)
4(1889 1914 1915 1890)
4(1914 1939 1940 1915)
4(1939 1964 1965 1940)
4(1964 1989 1990 1965)
4(1989 2014 2015 1990)
4(2014 2039 2040 2015)
4(2039 2064 2065 2040)
4(2064 2089 2090 2065)
4(2089 2114 2115 2090)
4(2114 2139 2140 2115)
4(2139 2164 2165 2140)
4(2164 2189 2190 2165)
4(2189 2214 2215 2190)
4(2214 2239 2240 2215)
4(2239 2264 2265 2240)
4(2264 2289 2290 2265)
4(2289 2314 2315 2290)
4(2314 2339 2340 2315)
4(2339 2364 2365 2340)
4(2364 2389 2390 2365)
4(2389 2414 2415 2390)
4(2414 2439 2440 2415)
4(2439 2464 2465 2440)
4(2464 2489 2490 2465)
4(2489 2514 2515 2490)
4(2514 2539 2540 2515)
4(2539 2564 2565 2540)
4(2564 2589 2590 2565)
4(2589 2614 2615 2590)
4(2614 2639 2640 2615)
4(2639 2664 2665 2640)
4(2664 2689 2690 2665)
4(2689 2714 2715 2690)
4(2714 2739 2740 2715)
4(2739 2764 2765 2740)
4(2764 2789 2790 2765)
4(2789 2814 2815 2790)
4(2814 2839 2840 2815)
4(2839 2864 2865 2840)
4(2864 2889 2890 2865)
4(2889 2914 2915 2890)
4(2914 2939 2940 2915)
4(2939 2964 2965 2940)
4(2964 2989 2990 2965)
4(223 1265 1266 224)
4(1265 1290 1291 1266)
4(1290 1315 1316 1291)
4(1315 1340 1341 1316)
4(1340 1365 1366 1341)
4(1365 1390 1391 1366)
4(1390 1415 1416 1391)
4(1415 1440 1441 1416)
4(1440 1465 1466 1441)
4(1465 1490 1491 1466)
4(1490 1515 1516 1491)
4(1515 1540 1541 1516)
4(1540 1565 1566 1541)
4(1565 1590 1591 1566)
4(1590 1615 1616 1591)
4(1615 1640 1641 1616)
4(1640 1665 1666 1641)
4(1665 1690 1691 1666)
4(1690 1715 1716 1691)
4(1715 1740 1741 1716)
4(1740 1765 1766 1741)
4(1765 1790 1791 1766)
4(1790 1815 1816 1791)
4(1815 1840 1841 1816)
4(1840 1865 1866 1841)
4(1865 1890 1891 1866)
4(1890 1915 1916 1891)
4(1915 1940 1941 1916)
4(1940 1965 1966 1941)
4(1965 1990 1991 1966)
4(1990 2015 2016 1991)
4(2015 2040 2041 2016)
4(2040 2065 2066 2041)
4(2065 2090 2091 2066)
4(2090 2115 2116 2091)
4(2115 2140 2141 2116)
4(2140 2165 2166 2141)
4(2165 2190 2191 2166)
4(2190 2215 2216 2191)
4(2215 2240 2241 2216)
4(2240 2265 2266 2241)
4(2265 2290 2291 2266)
4(2290 2315 2316 2291)
4(2315 2340 2341 2316)
4(2340 2365 2366 2341)
4(2365 2390 2391 2366)
4(2390 2415 2416 2391)
4(2415 2440 2441 2416)
4(2440 2465 2466 2441)
4(2465 2490 2491 2466)
4(2490 2515 2516 2491)
4(2515 2540 2541 2516)
4(2540 2565 2566 2541)
4(2565 2590 2591 2566)
4(2590 2615 2616 2591)
4(2615 2640 2641 2616)
4(2640 2665 2666 2641)
4(2665 2690 2691 2666)
4(2690 2715 2716 2691)
4(2715 2740 2741 2716)
4(2740 2765 2766 2741)
4(2765 2790 2791 2766)
4(2790 2815 2816 2791)
4(2815 2840 2841 2816)
4(2840 2865 2866 2841)
4(2865 2890 2891 2866)
4(2890 2915 2916 2891)
4(2915 2940 2941 2916)
4(2940 2965 2966 2941)
4(2965 2990 2991 2966)
4(593 4742 4743 962)
4(4742 4771 4772 4743)
4(4771 4800 4801 4772)
4(4800 4829 4830 4801)
4(4829 4858 4859 4830)
4(4858 4887 4888 4859)
4(4887 4916 4917 4888)
4(4916 4945 4946 4917)
4(4945 4974 4975 4946)
4(4974 5003 5004 4975)
4(5003 5032 5033 5004)
4(5032 5061 5062 5033)
4(5061 5090 5091 5062)
4(5090 5119 5120 5091)
4(5119 5148 5149 5120)
4(5148 5177 5178 5149)
4(5177 5206 5207 5178)
4(5206 5235 5236 5207)
4(5235 5264 5265 5236)
4(5264 5293 5294 5265)
4(5293 5322 5323 5294)
4(5322 5351 5352 5323)
4(5351 5380 5381 5352)
4(5380 5409 5410 5381)
4(5409 5438 5439 5410)
4(5438 5467 5468 5439)
4(5467 5496 5497 5468)
4(5496 5525 5526 5497)
4(5525 5554 5555 5526)
4(5554 5583 5584 5555)
4(5583 5612 5613 5584)
4(5612 5641 5642 5613)
4(5641 5670 5671 5642)
4(5670 5699 5700 5671)
4(5699 5728 5729 5700)
4(5728 5757 5758 5729)
4(5757 5786 5787 5758)
4(5786 5815 5816 5787)
4(5815 5844 5845 5816)
4(5844 5873 5874 5845)
4(5873 5902 5903 5874)
4(5902 5931 5932 5903)
4(5931 5960 5961 5932)
4(5960 5989 5990 5961)
4(5989 6018 6019 5990)
4(6018 6047 6048 6019)
4(6047 6076 6077 6048)
4(6076 6105 6106 6077)
4(6105 6134 6135 6106)
4(6134 6163 6164 6135)
4(6163 6192 6193 6164)
4(6192 6221 6222 6193)
4(6221 6250 6251 6222)
4(6250 6279 6280 6251)
4(6279 6308 6309 6280)
4(6308 6337 6338 6309)
4(6337 6366 6367 6338)
4(6366 6395 6396 6367)
4(6395 6424 6425 6396)
4(6424 6453 6454 6425)
4(6453 6482 6483 6454)
4(6482 6511 6512 6483)
4(6511 6540 6541 6512)
4(6540 6569 6570 6541)
4(6569 6598 6599 6570)
4(6598 6627 6628 6599)
4(6627 6656 6657 6628)
4(6656 6685 6686 6657)
4(6685 6714 6715 6686)
4(6714 6743 6744 6715)
4(962 4743 4744 963)
4(4743 4772 4773 4744)
4(4772 4801 4802 4773)
4(4801 4830 4831 4802)
4(4830 4859 4860 4831)
4(4859 4888 4889 4860)
4(4888 4917 4918 4889)
4(4917 4946 4947 4918)
4(4946 4975 4976 4947)
4(4975 5004 5005 4976)
4(5004 5033 5034 5005)
4(5033 5062 5063 5034)
4(5062 5091 5092 5063)
4(5091 5120 5121 5092)
4(5120 5149 5150 5121)
4(5149 5178 5179 5150)
4(5178 5207 5208 5179)
4(5207 5236 5237 5208)
4(5236 5265 5266 5237)
4(5265 5294 5295 5266)
4(5294 5323 5324 5295)
4(5323 5352 5353 5324)
4(5352 5381 5382 5353)
4(5381 5410 5411 5382)
4(5410 5439 5440 5411)
4(5439 5468 5469 5440)
4(5468 5497 5498 5469)
4(5497 5526 5527 5498)
4(5526 5555 5556 5527)
4(5555 5584 5585 5556)
4(5584 5613 5614 5585)
4(5613 5642 5643 5614)
4(5642 5671 5672 5643)
4(5671 5700 5701 5672)
4(5700 5729 5730 5701)
4(5729 5758 5759 5730)
4(5758 5787 5788 5759)
4(5787 5816 5817 5788)
4(5816 5845 5846 5817)
4(5845 5874 5875 5846)
4(5874 5903 5904 5875)
4(5903 5932 5933 5904)
4(5932 5961 5962 5933)
4(5961 5990 5991 5962)
4(5990 6019 6020 5991)
4(6019 6048 6049 6020)
4(6048 6077 6078 6049)
4(6077 6106 6107 6078)
4(6106 6135 6136 6107)
4(6135 6164 6165 6136)
4(6164 6193 6194 6165)
4(6193 6222 6223 6194)
4(6222 6251 6252 6223)
4(6251 6280 6281 6252)
4(6280 6309 6310 6281)
4(6309 6338 6339 6310)
4(6338 6367 6368 6339)
4(6367 6396 6397 6368)
4(6396 6425 6426 6397)
4(6425 6454 6455 6426)
4(6454 6483 6484 6455)
4(6483 6512 6513 6484)
4(6512 6541 6542 6513)
4(6541 6570 6571 6542)
4(6570 6599 6600 6571)
4(6599 6628 6629 6600)
4(6628 6657 6658 6629)
4(6657 6686 6687 6658)
4(6686 6715 6716 6687)
4(6715 6744 6745 6716)
4(963 4744 4745 964)
4(4744 4773 4774 4745)
4(4773 4802 4803 4774)
4(4802 4831 4832 4803)
4(4831 4860 4861 4832)
4(4860 4889 4890 4861)
4(4889 4918 4919 4890)
4(4918 4947 4948 4919)
4(4947 4976 4977 4948)
4(4976 5005 5006 4977)
4(5005 5034 5035 5006)
4(5034 5063 5064 5035)
4(5063 5092 5093 5064)
4(5092 5121 5122 5093)
4(5121 5150 5151 5122)
4(5150 5179 5180 5151)
4(5179 5208 5209 5180)
4(5208 5237 5238 5209)
4(5237 5266 5267 5238)
4(5266 5295 5296 5267)
4(5295 5324 5325 5296)
4(5324 5353 5354 5325)
4(5353 5382 5383 5354)
4(5382 5411 5412 5383)
4(5411 5440 5441 5412)
4(5440 5469 5470 5441)
4(5469 5498 5499 5470)
4(5498 5527 5528 5499)
4(5527 5556 5557 5528)
4(5556 5585 5586 5557)
4(5585 5614 5615 5586)
4(5614 5643 5644 5615)
4(5643 5672 5673 5644)
4(5672 5701 5702 5673)
4(5701 5730 5731 5702)
4(5730 5759 5760 5731)
4(5759 5788 5789 5760)
4(5788 5817 5818 5789)
4(5817 5846 5847 5818)
4(5846 5875 5876 5847)
4(5875 5904 5905 5876)
4(5904 5933 5934 5905)
4(5933 5962 5963 5934)
4(5962 5991 5992 5963)
4(5991 6020 6021 5992)
4(6020 6049 6050 6021)
4(6049 6078 6079 6050)
4(6078 6107 6108 6079)
4(6107 6136 6137 6108)
4(6136 6165 6166 6137)
4(6165 6194 6195 6166)
4(6194 6223 6224 6195)
4(6223 6252 6253 6224)
4(6252 6281 6282 6253)
4(6281 6310 6311 6282)
4(6310 6339 6340 6311)
4(6339 6368 6369 6340)
4(6368 6397 6398 6369)
4(6397 6426 6427 6398)
4(6426 6455 6456 6427)
4(6455 6484 6485 6456)
4(6484 6513 6514 6485)
4(6513 6542 6543 6514)
4(6542 6571 6572 6543)
4(6571 6600 6601 6572)
4(6600 6629 6630 6601)
4(6629 6658 6659 6630)
4(6658 6687 6688 6659)
4(6687 6716 6717 6688)
4(6716 6745 6746 6717)
4(964 4745 4746 965)
4(4745 4774 4775 4746)
4(4774 4803 4804 4775)
4(4803 4832 4833 4804)
4(4832 4861 4862 4833)
4(4861 4890 4891 4862)
4(4890 4919 4920 4891)
4(4919 4948 4949 4920)
4(4948 4977 4978 4949)
4(4977 5006 5007 4978)
4(5006 5035 5036 5007)
4(5035 5064 5065 5036)
4(5064 5093 5094 5065)
4(5093 5122 5123 5094)
4(5122 5151 5152 5123)
4(5151 5180 5181 5152)
4(5180 5209 5210 5181)
4(5209 5238 5239 5210)
4(5238 5267 5268 5239)
4(5267 5296 5297 5268)
4(5296 5325 5326 5297)
4(5325 5354 5355 5326)
4(5354 5383 5384 5355)
4(5383 5412 5413 5384)
4(5412 5441 5442 5413)
4(5441 5470 5471 5442)
4(5470 5499 5500 5471)
4(5499 5528 5529 5500)
4(5528 5557 5558 5529)
4(5557 5586 5587 5558)
4(5586 5615 5616 5587)
4(5615 5644 5645 5616)
4(5644 5673 5674 5645)
4(5673 5702 5703 5674)
4(5702 5731 5732 5703)
4(5731 5760 5761 5732)
4(5760 5789 5790 5761)
4(5789 5818 5819 5790)
4(5818 5847 5848 5819)
4(5847 5876 5877 5848)
4(5876 5905 5906 5877)
4(5905 5934 5935 5906)
4(5934 5963 5964 5935)
4(5963 5992 5993 5964)
4(5992 6021 6022 5993)
4(6021 6050 6051 6022)
4(6050 6079 6080 6051)
4(6079 6108 6109 6080)
4(6108 6137 6138 6109)
4(6137 6166 6167 6138)
4(6166 6195 6196 6167)
4(6195 6224 6225 6196)
4(6224 6253 6254 6225)
4(6253 6282 6283 6254)
4(6282 6311 6312 6283)
4(6311 6340 6341 6312)
4(6340 6369 6370 6341)
4(6369 6398 6399 6370)
4(6398 6427 6428 6399)
4(6427 6456 6457 6428)
4(6456 6485 6486 6457)
4(6485 6514 6515 6486)
4(6514 6543 6544 6515)
4(6543 6572 6573 6544)
4(6572 6601 6602 6573)
4(6601 6630 6631 6602)
4(6630 6659 6660 6631)
4(6659 6688 6689 6660)
4(6688 6717 6718 6689)
4(6717 6746 6747 6718)
4(965 4746 4747 966)
4(4746 4775 4776 4747)
4(4775 4804 4805 4776)
4(4804 4833 4834 4805)
4(4833 4862 4863 4834)
4(4862 4891 4892 4863)
4(4891 4920 4921 4892)
4(4920 4949 4950 4921)
4(4949 4978 4979 4950)
4(4978 5007 5008 4979)
4(5007 5036 5037 5008)
4(5036 5065 5066 5037)
4(5065 5094 5095 5066)
4(5094 5123 5124 5095)
4(5123 5152 5153 5124)
4(5152 5181 5182 5153)
4(5181 5210 5211 5182)
4(5210 5239 5240 5211)
4(5239 5268 5269 5240)
4(5268 5297 5298 5269)
4(5297 5326 5327 5298)
4(5326 5355 5356 5327)
4(5355 5384 5385 5356)
4(5384 5413 5414 5385)
4(5413 5442 5443 5414)
4(5442 5471 5472 5443)
4(5471 5500 5501 5472)
4(5500 5529 5530 5501)
4(5529 5558 5559 5530)
4(5558 5587 5588 5559)
4(5587 5616 5617 5588)
4(5616 5645 5646 5617)
4(5645 5674 5675 5646)
4(5674 5703 5704 5675)
4(5703 5732 5733 5704)
4(5732 5761 5762 5733)
4(5761 5790 5791 5762)
4(5790 5819 5820 5791)
4(5819 5848 5849 5820)
4(5848 5877 5878 5849)
4(5877 5906 5907 5878)
4(5906 5935 5936 5907)
4(5935 5964 5965 5936)
4(5964 5993 5994 5965)
4(5993 6022 6023 5994)
4(6022 6051 6052 6023)
4(6051 6080 6081 6052)
4(6080 6109 6110 6081)
4(6109 6138 6139 6110)
4(6138 6167 6168 6139)
4(6167 6196 6197 6168)
4(6196 6225 6226 6197)
4(6225 6254 6255 6226)
4(6254 6283 6284 6255)
4(6283 6312 6313 6284)
4(6312 6341 6342 6313)
4(6341 6370 6371 6342)
4(6370 6399 6400 6371)
4(6399 6428 6429 6400)
4(6428 6457 6458 6429)
4(6457 6486 6487 6458)
4(6486 6515 6516 6487)
4(6515 6544 6545 6516)
4(6544 6573 6574 6545)
4(6573 6602 6603 6574)
4(6602 6631 6632 6603)
4(6631 6660 6661 6632)
4(6660 6689 6690 6661)
4(6689 6718 6719 6690)
4(6718 6747 6748 6719)
4(966 4747 4748 967)
4(4747 4776 4777 4748)
4(4776 4805 4806 4777)
4(4805 4834 4835 4806)
4(4834 4863 4864 4835)
4(4863 4892 4893 4864)
4(4892 4921 4922 4893)
4(4921 4950 4951 4922)
4(4950 4979 4980 4951)
4(4979 5008 5009 4980)
4(5008 5037 5038 5009)
4(5037 5066 5067 5038)
4(5066 5095 5096 5067)
4(5095 5124 5125 5096)
4(5124 5153 5154 5125)
4(5153 5182 5183 5154)
4(5182 5211 5212 5183)
4(5211 5240 5241 5212)
4(5240 5269 5270 5241)
4(5269 5298 5299 5270)
4(5298 5327 5328 5299)
4(5327 5356 5357 5328)
4(5356 5385 5386 5357)
4(5385 5414 5415 5386)
4(5414 5443 5444 5415)
4(5443 5472 5473 5444)
4(5472 5501 5502 5473)
4(5501 5530 5531 5502)
4(5530 5559 5560 5531)
4(5559 5588 5589 5560)
4(5588 5617 5618 5589)
4(5617 5646 5647 5618)
4(5646 5675 5676 5647)
4(5675 5704 5705 5676)
4(5704 5733 5734 5705)
4(5733 5762 5763 5734)
4(5762 5791 5792 5763)
4(5791 5820 5821 5792)
4(5820 5849 5850 5821)
4(5849 5878 5879 5850)
4(5878 5907 5908 5879)
4(5907 5936 5937 5908)
4(5936 5965 5966 5937)
4(5965 5994 5995 5966)
4(5994 6023 6024 5995)
4(6023 6052 6053 6024)
4(6052 6081 6082 6053)
4(6081 6110 6111 6082)
4(6110 6139 6140 6111)
4(6139 6168 6169 6140)
4(6168 6197 6198 6169)
4(6197 6226 6227 6198)
4(6226 6255 6256 6227)
4(6255 6284 6285 6256)
4(6284 6313 6314 6285)
4(6313 6342 6343 6314)
4(6342 6371 6372 6343)
4(6371 6400 6401 6372)
4(6400 6429 6430 6401)
4(6429 6458 6459 6430)
4(6458 6487 6488 6459)
4(6487 6516 6517 6488)
4(6516 6545 6546 6517)
4(6545 6574 6575 6546)
4(6574 6603 6604 6575)
4(6603 6632 6633 6604)
4(6632 6661 6662 6633)
4(6661 6690 6691 6662)
4(6690 6719 6720 6691)
4(6719 6748 6749 6720)
4(967 4748 4749 968)
4(4748 4777 4778 4749)
4(4777 4806 4807 4778)
4(4806 4835 4836 4807)
4(4835 4864 4865 4836)
4(4864 4893 4894 4865)
4(4893 4922 4923 4894)
4(4922 4951 4952 4923)
4(4951 4980 4981 4952)
4(4980 5009 5010 4981)
4(5009 5038 5039 5010)
4(5038 5067 5068 5039)
4(5067 5096 5097 5068)
4(5096 5125 5126 5097)
4(5125 5154 5155 5126)
4(5154 5183 5184 5155)
4(5183 5212 5213 5184)
4(5212 5241 5242 5213)
4(5241 5270 5271 5242)
4(5270 5299 5300 5271)
4(5299 5328 5329 5300)
4(5328 5357 5358 5329)
4(5357 5386 5387 5358)
4(5386 5415 5416 5387)
4(5415 5444 5445 5416)
4(5444 5473 5474 5445)
4(5473 5502 5503 5474)
4(5502 5531 5532 5503)
4(5531 5560 5561 5532)
4(5560 5589 5590 5561)
4(5589 5618 5619 5590)
4(5618 5647 5648 5619)
4(5647 5676 5677 5648)
4(5676 5705 5706 5677)
4(5705 5734 5735 5706)
4(5734 5763 5764 5735)
4(5763 5792 5793 5764)
4(5792 5821 5822 5793)
4(5821 5850 5851 5822)
4(5850 5879 5880 5851)
4(5879 5908 5909 5880)
4(5908 5937 5938 5909)
4(5937 5966 5967 5938)
4(5966 5995 5996 5967)
4(5995 6024 6025 5996)
4(6024 6053 6054 6025)
4(6053 6082 6083 6054)
4(6082 6111 6112 6083)
4(6111 6140 6141 6112)
4(6140 6169 6170 6141)
4(6169 6198 6199 6170)
4(6198 6227 6228 6199)
4(6227 6256 6257 6228)
4(6256 6285 6286 6257)
4(6285 6314 6315 6286)
4(6314 6343 6344 6315)
4(6343 6372 6373 6344)
4(6372 6401 6402 6373)
4(6401 6430 6431 6402)
4(6430 6459 6460 6431)
4(6459 6488 6489 6460)
4(6488 6517 6518 6489)
4(6517 6546 6547 6518)
4(6546 6575 6576 6547)
4(6575 6604 6605 6576)
4(6604 6633 6634 6605)
4(6633 6662 6663 6634)
4(6662 6691 6692 6663)
4(6691 6720 6721 6692)
4(6720 6749 6750 6721)
4(968 4749 4750 969)
4(4749 4778 4779 4750)
4(4778 4807 4808 4779)
4(4807 4836 4837 4808)
4(4836 4865 4866 4837)
4(4865 4894 4895 4866)
4(4894 4923 4924 4895)
4(4923 4952 4953 4924)
4(4952 4981 4982 4953)
4(4981 5010 5011 4982)
4(5010 5039 5040 5011)
4(5039 5068 5069 5040)
4(5068 5097 5098 5069)
4(5097 5126 5127 5098)
4(5126 5155 5156 5127)
4(5155 5184 5185 5156)
4(5184 5213 5214 5185)
4(5213 5242 5243 5214)
4(5242 5271 5272 5243)
4(5271 5300 5301 5272)
4(5300 5329 5330 5301)
4(5329 5358 5359 5330)
4(5358 5387 5388 5359)
4(5387 5416 5417 5388)
4(5416 5445 5446 5417)
4(5445 5474 5475 5446)
4(5474 5503 5504 5475)
4(5503 5532 5533 5504)
4(5532 5561 5562 5533)
4(5561 5590 5591 5562)
4(5590 5619 5620 5591)
4(5619 5648 5649 5620)
4(5648 5677 5678 5649)
4(5677 5706 5707 5678)
4(5706 5735 5736 5707)
4(5735 5764 5765 5736)
4(5764 5793 5794 5765)
4(5793 5822 5823 5794)
4(5822 5851 5852 5823)
4(5851 5880 5881 5852)
4(5880 5909 5910 5881)
4(5909 5938 5939 5910)
4(5938 5967 5968 5939)
4(5967 5996 5997 5968)
4(5996 6025 6026 5997)
4(6025 6054 6055 6026)
4(6054 6083 6084 6055)
4(6083 6112 6113 6084)
4(6112 6141 6142 6113)
4(6141 6170 6171 6142)
4(6170 6199 6200 6171)
4(6199 6228 6229 6200)
4(6228 6257 6258 6229)
4(6257 6286 6287 6258)
4(6286 6315 6316 6287)
4(6315 6344 6345 6316)
4(6344 6373 6374 6345)
4(6373 6402 6403 6374)
4(6402 6431 6432 6403)
4(6431 6460 6461 6432)
4(6460 6489 6490 6461)
4(6489 6518 6519 6490)
4(6518 6547 6548 6519)
4(6547 6576 6577 6548)
4(6576 6605 6606 6577)
4(6605 6634 6635 6606)
4(6634 6663 6664 6635)
4(6663 6692 6693 6664)
4(6692 6721 6722 6693)
4(6721 6750 6751 6722)
4(969 4750 4751 970)
4(4750 4779 4780 4751)
4(4779 4808 4809 4780)
4(4808 4837 4838 4809)
4(4837 4866 4867 4838)
4(4866 4895 4896 4867)
4(4895 4924 4925 4896)
4(4924 4953 4954 4925)
4(4953 4982 4983 4954)
4(4982 5011 5012 4983)
4(5011 5040 5041 5012)
4(5040 5069 5070 5041)
4(5069 5098 5099 5070)
4(5098 5127 5128 5099)
4(5127 5156 5157 5128)
4(5156 5185 5186 5157)
4(5185 5214 5215 5186)
4(5214 5243 5244 5215)
4(5243 5272 5273 5244)
4(5272 5301 5302 5273)
4(5301 5330 5331 5302)
4(5330 5359 5360 5331)
4(5359 5388 5389 5360)
4(5388 5417 5418 5389)
4(5417 5446 5447 5418)
4(5446 5475 5476 5447)
4(5475 5504 5505 5476)
4(5504 5533 5534 5505)
4(5533 5562 5563 5534)
4(5562 5591 5592 5563)
4(5591 5620 5621 5592)
4(5620 5649 5650 5621)
4(5649 5678 5679 5650)
4(5678 5707 5708 5679)
4(5707 5736 5737 5708)
4(5736 5765 5766 5737)
4(5765 5794 5795 5766)
4(5794 5823 5824 5795)
4(5823 5852 5853 5824)
4(5852 5881 5882 5853)
4(5881 5910 5911 5882)
4(5910 5939 5940 5911)
4(5939 5968 5969 5940)
4(5968 5997 5998 5969)
4(5997 6026 6027 5998)
4(6026 6055 6056 6027)
4(6055 6084 6085 6056)
4(6084 6113 6114 6085)
4(6113 6142 6143 6114)
4(6142 6171 6172 6143)
4(6171 6200 6201 6172)
4(6200 6229 6230 6201)
4(6229 6258 6259 6230)
4(6258 6287 6288 6259)
4(6287 6316 6317 6288)
4(6316 6345 6346 6317)
4(6345 6374 6375 6346)
4(6374 6403 6404 6375)
4(6403 6432 6433 6404)
4(6432 6461 6462 6433)
4(6461 6490 6491 6462)
4(6490 6519 6520 6491)
4(6519 6548 6549 6520)
4(6548 6577 6578 6549)
4(6577 6606 6607 6578)
4(6606 6635 6636 6607)
4(6635 6664 6665 6636)
4(6664 6693 6694 6665)
4(6693 6722 6723 6694)
4(6722 6751 6752 6723)
4(970 4751 4752 971)
4(4751 4780 4781 4752)
4(4780 4809 4810 4781)
4(4809 4838 4839 4810)
4(4838 4867 4868 4839)
4(4867 4896 4897 4868)
4(4896 4925 4926 4897)
4(4925 4954 4955 4926)
4(4954 4983 4984 4955)
4(4983 5012 5013 4984)
4(5012 5041 5042 5013)
4(5041 5070 5071 5042)
4(5070 5099 5100 5071)
4(5099 5128 5129 5100)
4(5128 5157 5158 5129)
4(5157 5186 5187 5158)
4(5186 5215 5216 5187)
4(5215 5244 5245 5216)
4(5244 5273 5274 5245)
4(5273 5302 5303 5274)
4(5302 5331 5332 5303)
4(5331 5360 5361 5332)
4(5360 5389 5390 5361)
4(5389 5418 5419 5390)
4(5418 5447 5448 5419)
4(5447 5476 5477 5448)
4(5476 5505 5506 5477)
4(5505 5534 5535 5506)
4(5534 5563 5564 5535)
4(5563 5592 5593 5564)
4(5592 5621 5622 5593)
4(5621 5650 5651 5622)
4(5650 5679 5680 5651)
4(5679 5708 5709 5680)
4(5708 5737 5738 5709)
4(5737 5766 5767 5738)
4(5766 5795 5796 5767)
4(5795 5824 5825 5796)
4(5824 5853 5854 5825)
4(5853 5882 5883 5854)
4(5882 5911 5912 5883)
4(5911 5940 5941 5912)
4(5940 5969 5970 5941)
4(5969 5998 5999 5970)
4(5998 6027 6028 5999)
4(6027 6056 6057 6028)
4(6056 6085 6086 6057)
4(6085 6114 6115 6086)
4(6114 6143 6144 6115)
4(6143 6172 6173 6144)
4(6172 6201 6202 6173)
4(6201 6230 6231 6202)
4(6230 6259 6260 6231)
4(6259 6288 6289 6260)
4(6288 6317 6318 6289)
4(6317 6346 6347 6318)
4(6346 6375 6376 6347)
4(6375 6404 6405 6376)
4(6404 6433 6434 6405)
4(6433 6462 6463 6434)
4(6462 6491 6492 6463)
4(6491 6520 6521 6492)
4(6520 6549 6550 6521)
4(6549 6578 6579 6550)
4(6578 6607 6608 6579)
4(6607 6636 6637 6608)
4(6636 6665 6666 6637)
4(6665 6694 6695 6666)
4(6694 6723 6724 6695)
4(6723 6752 6753 6724)
4(971 4752 4753 972)
4(4752 4781 4782 4753)
4(4781 4810 4811 4782)
4(4810 4839 4840 4811)
4(4839 4868 4869 4840)
4(4868 4897 4898 4869)
4(4897 4926 4927 4898)
4(4926 4955 4956 4927)
4(4955 4984 4985 4956)
4(4984 5013 5014 4985)
4(5013 5042 5043 5014)
4(5042 5071 5072 5043)
4(5071 5100 5101 5072)
4(5100 5129 5130 5101)
4(5129 5158 5159 5130)
4(5158 5187 5188 5159)
4(5187 5216 5217 5188)
4(5216 5245 5246 5217)
4(5245 5274 5275 5246)
4(5274 5303 5304 5275)
4(5303 5332 5333 5304)
4(5332 5361 5362 5333)
4(5361 5390 5391 5362)
4(5390 5419 5420 5391)
4(5419 5448 5449 5420)
4(5448 5477 5478 5449)
4(5477 5506 5507 5478)
4(5506 5535 5536 5507)
4(5535 5564 5565 5536)
4(5564 5593 5594 5565)
4(5593 5622 5623 5594)
4(5622 5651 5652 5623)
4(5651 5680 5681 5652)
4(5680 5709 5710 5681)
4(5709 5738 5739 5710)
4(5738 5767 5768 5739)
4(5767 5796 5797 5768)
4(5796 5825 5826 5797)
4(5825 5854 5855 5826)
4(5854 5883 5884 5855)
4(5883 5912 5913 5884)
4(5912 5941 5942 5913)
4(5941 5970 5971 5942)
4(5970 5999 6000 5971)
4(5999 6028 6029 6000)
4(6028 6057 6058 6029)
4(6057 6086 6087 6058)
4(6086 6115 6116 6087)
4(6115 6144 6145 6116)
4(6144 6173 6174 6145)
4(6173 6202 6203 6174)
4(6202 6231 6232 6203)
4(6231 6260 6261 6232)
4(6260 6289 6290 6261)
4(6289 6318 6319 6290)
4(6318 6347 6348 6319)
4(6347 6376 6377 6348)
4(6376 6405 6406 6377)
4(6405 6434 6435 6406)
4(6434 6463 6464 6435)
4(6463 6492 6493 6464)
4(6492 6521 6522 6493)
4(6521 6550 6551 6522)
4(6550 6579 6580 6551)
4(6579 6608 6609 6580)
4(6608 6637 6638 6609)
4(6637 6666 6667 6638)
4(6666 6695 6696 6667)
4(6695 6724 6725 6696)
4(6724 6753 6754 6725)
4(972 4753 4754 973)
4(4753 4782 4783 4754)
4(4782 4811 4812 4783)
4(4811 4840 4841 4812)
4(4840 4869 4870 4841)
4(4869 4898 4899 4870)
4(4898 4927 4928 4899)
4(4927 4956 4957 4928)
4(4956 4985 4986 4957)
4(4985 5014 5015 4986)
4(5014 5043 5044 5015)
4(5043 5072 5073 5044)
4(5072 5101 5102 5073)
4(5101 5130 5131 5102)
4(5130 5159 5160 5131)
4(5159 5188 5189 5160)
4(5188 5217 5218 5189)
4(5217 5246 5247 5218)
4(5246 5275 5276 5247)
4(5275 5304 5305 5276)
4(5304 5333 5334 5305)
4(5333 5362 5363 5334)
4(5362 5391 5392 5363)
4(5391 5420 5421 5392)
4(5420 5449 5450 5421)
4(5449 5478 5479 5450)
4(5478 5507 5508 5479)
4(5507 5536 5537 5508)
4(5536 5565 5566 5537)
4(5565 5594 5595 5566)
4(5594 5623 5624 5595)
4(5623 5652 5653 5624)
4(5652 5681 5682 5653)
4(5681 5710 5711 5682)
4(5710 5739 5740 5711)
4(5739 5768 5769 5740)
4(5768 5797 5798 5769)
4(5797 5826 5827 5798)
4(5826 5855 5856 5827)
4(5855 5884 5885 5856)
4(5884 5913 5914 5885)
4(5913 5942 5943 5914)
4(5942 5971 5972 5943)
4(5971 6000 6001 5972)
4(6000 6029 6030 6001)
4(6029 6058 6059 6030)
4(6058 6087 6088 6059)
4(6087 6116 6117 6088)
4(6116 6145 6146 6117)
4(6145 6174 6175 6146)
4(6174 6203 6204 6175)
4(6203 6232 6233 6204)
4(6232 6261 6262 6233)
4(6261 6290 6291 6262)
4(6290 6319 6320 6291)
4(6319 6348 6349 6320)
4(6348 6377 6378 6349)
4(6377 6406 6407 6378)
4(6406 6435 6436 6407)
4(6435 6464 6465 6436)
4(6464 6493 6494 6465)
4(6493 6522 6523 6494)
4(6522 6551 6552 6523)
4(6551 6580 6581 6552)
4(6580 6609 6610 6581)
4(6609 6638 6639 6610)
4(6638 6667 6668 6639)
4(6667 6696 6697 6668)
4(6696 6725 6726 6697)
4(6725 6754 6755 6726)
4(973 4754 4755 974)
4(4754 4783 4784 4755)
4(4783 4812 4813 4784)
4(4812 4841 4842 4813)
4(4841 4870 4871 4842)
4(4870 4899 4900 4871)
4(4899 4928 4929 4900)
4(4928 4957 4958 4929)
4(4957 4986 4987 4958)
4(4986 5015 5016 4987)
4(5015 5044 5045 5016)
4(5044 5073 5074 5045)
4(5073 5102 5103 5074)
4(5102 5131 5132 5103)
4(5131 5160 5161 5132)
4(5160 5189 5190 5161)
4(5189 5218 5219 5190)
4(5218 5247 5248 5219)
4(5247 5276 5277 5248)
4(5276 5305 5306 5277)
4(5305 5334 5335 5306)
4(5334 5363 5364 5335)
4(5363 5392 5393 5364)
4(5392 5421 5422 5393)
4(5421 5450 5451 5422)
4(5450 5479 5480 5451)
4(5479 5508 5509 5480)
4(5508 5537 5538 5509)
4(5537 5566 5567 5538)
4(5566 5595 5596 5567)
4(5595 5624 5625 5596)
4(5624 5653 5654 5625)
4(5653 5682 5683 5654)
4(5682 5711 5712 5683)
4(5711 5740 5741 5712)
4(5740 5769 5770 5741)
4(5769 5798 5799 5770)
4(5798 5827 5828 5799)
4(5827 5856 5857 5828)
4(5856 5885 5886 5857)
4(5885 5914 5915 5886)
4(5914 5943 5944 5915)
4(5943 5972 5973 5944)
4(5972 6001 6002 5973)
4(6001 6030 6031 6002)
4(6030 6059 6060 6031)
4(6059 6088 6089 6060)
4(6088 6117 6118 6089)
4(6117 6146 6147 6118)
4(6146 6175 6176 6147)
4(6175 6204 6205 6176)
4(6204 6233 6234 6205)
4(6233 6262 6263 6234)
4(6262 6291 6292 6263)
4(6291 6320 6321 6292)
4(6320 6349 6350 6321)
4(6349 6378 6379 6350)
4(6378 6407 6408 6379)
4(6407 6436 6437 6408)
4(6436 6465 6466 6437)
4(6465 6494 6495 6466)
4(6494 6523 6524 6495)
4(6523 6552 6553 6524)
4(6552 6581 6582 6553)
4(6581 6610 6611 6582)
4(6610 6639 6640 6611)
4(6639 6668 6669 6640)
4(6668 6697 6698 6669)
4(6697 6726 6727 6698)
4(6726 6755 6756 6727)
4(974 4755 4756 975)
4(4755 4784 4785 4756)
4(4784 4813 4814 4785)
4(4813 4842 4843 4814)
4(4842 4871 4872 4843)
4(4871 4900 4901 4872)
4(4900 4929 4930 4901)
4(4929 4958 4959 4930)
4(4958 4987 4988 4959)
4(4987 5016 5017 4988)
4(5016 5045 5046 5017)
4(5045 5074 5075 5046)
4(5074 5103 5104 5075)
4(5103 5132 5133 5104)
4(5132 5161 5162 5133)
4(5161 5190 5191 5162)
4(5190 5219 5220 5191)
4(5219 5248 5249 5220)
4(5248 5277 5278 5249)
4(5277 5306 5307 5278)
4(5306 5335 5336 5307)
4(5335 5364 5365 5336)
4(5364 5393 5394 5365)
4(5393 5422 5423 5394)
4(5422 5451 5452 5423)
4(5451 5480 5481 5452)
4(5480 5509 5510 5481)
4(5509 5538 5539 5510)
4(5538 5567 5568 5539)
4(5567 5596 5597 5568)
4(5596 5625 5626 5597)
4(5625 5654 5655 5626)
4(5654 5683 5684 5655)
4(5683 5712 5713 5684)
4(5712 5741 5742 5713)
4(5741 5770 5771 5742)
4(5770 5799 5800 5771)
4(5799 5828 5829 5800)
4(5828 5857 5858 5829)
4(5857 5886 5887 5858)
4(5886 5915 5916 5887)
4(5915 5944 5945 5916)
4(5944 5973 5974 5945)
4(5973 6002 6003 5974)
4(6002 6031 6032 6003)
4(6031 6060 6061 6032)
4(6060 6089 6090 6061)
4(6089 6118 6119 6090)
4(6118 6147 6148 6119)
4(6147 6176 6177 6148)
4(6176 6205 6206 6177)
4(6205 6234 6235 6206)
4(6234 6263 6264 6235)
4(6263 6292 6293 6264)
4(6292 6321 6322 6293)
4(6321 6350 6351 6322)
4(6350 6379 6380 6351)
4(6379 6408 6409 6380)
4(6408 6437 6438 6409)
4(6437 6466 6467 6438)
4(6466 6495 6496 6467)
4(6495 6524 6525 6496)
4(6524 6553 6554 6525)
4(6553 6582 6583 6554)
4(6582 6611 6612 6583)
4(6611 6640 6641 6612)
4(6640 6669 6670 6641)
4(6669 6698 6699 6670)
4(6698 6727 6728 6699)
4(6727 6756 6757 6728)
4(975 4756 4757 976)
4(4756 4785 4786 4757)
4(4785 4814 4815 4786)
4(4814 4843 4844 4815)
4(4843 4872 4873 4844)
4(4872 4901 4902 4873)
4(4901 4930 4931 4902)
4(4930 4959 4960 4931)
4(4959 4988 4989 4960)
4(4988 5017 5018 4989)
4(5017 5046 5047 5018)
4(5046 5075 5076 5047)
4(5075 5104 5105 5076)
4(5104 5133 5134 5105)
4(5133 5162 5163 5134)
4(5162 5191 5192 5163)
4(5191 5220 5221 5192)
4(5220 5249 5250 5221)
4(5249 5278 5279 5250)
4(5278 5307 5308 5279)
4(5307 5336 5337 5308)
4(5336 5365 5366 5337)
4(5365 5394 5395 5366)
4(5394 5423 5424 5395)
4(5423 5452 5453 5424)
4(5452 5481 5482 5453)
4(5481 5510 5511 5482)
4(5510 5539 5540 5511)
4(5539 5568 5569 5540)
4(5568 5597 5598 5569)
4(5597 5626 5627 5598)
4(5626 5655 5656 5627)
4(5655 5684 5685 5656)
4(5684 5713 5714 5685)
4(5713 5742 5743 5714)
4(5742 5771 5772 5743)
4(5771 5800 5801 5772)
4(5800 5829 5830 5801)
4(5829 5858 5859 5830)
4(5858 5887 5888 5859)
4(5887 5916 5917 5888)
4(5916 5945 5946 5917)
4(5945 5974 5975 5946)
4(5974 6003 6004 5975)
4(6003 6032 6033 6004)
4(6032 6061 6062 6033)
4(6061 6090 6091 6062)
4(6090 6119 6120 6091)
4(6119 6148 6149 6120)
4(6148 6177 6178 6149)
4(6177 6206 6207 6178)
4(6206 6235 6236 6207)
4(6235 6264 6265 6236)
4(6264 6293 6294 6265)
4(6293 6322 6323 6294)
4(6322 6351 6352 6323)
4(6351 6380 6381 6352)
4(6380 6409 6410 6381)
4(6409 6438 6439 6410)
4(6438 6467 6468 6439)
4(6467 6496 6497 6468)
4(6496 6525 6526 6497)
4(6525 6554 6555 6526)
4(6554 6583 6584 6555)
4(6583 6612 6613 6584)
4(6612 6641 6642 6613)
4(6641 6670 6671 6642)
4(6670 6699 6700 6671)
4(6699 6728 6729 6700)
4(6728 6757 6758 6729)
4(976 4757 4758 977)
4(4757 4786 4787 4758)
4(4786 4815 4816 4787)
4(4815 4844 4845 4816)
4(4844 4873 4874 4845)
4(4873 4902 4903 4874)
4(4902 4931 4932 4903)
4(4931 4960 4961 4932)
4(4960 4989 4990 4961)
4(4989 5018 5019 4990)
4(5018 5047 5048 5019)
4(5047 5076 5077 5048)
4(5076 5105 5106 5077)
4(5105 5134 5135 5106)
4(5134 5163 5164 5135)
4(5163 5192 5193 5164)
4(5192 5221 5222 5193)
4(5221 5250 5251 5222)
4(5250 5279 5280 5251)
4(5279 5308 5309 5280)
4(5308 5337 5338 5309)
4(5337 5366 5367 5338)
4(5366 5395 5396 5367)
4(5395 5424 5425 5396)
4(5424 5453 5454 5425)
4(5453 5482 5483 5454)
4(5482 5511 5512 5483)
4(5511 5540 5541 5512)
4(5540 5569 5570 5541)
4(5569 5598 5599 5570)
4(5598 5627 5628 5599)
4(5627 5656 5657 5628)
4(5656 5685 5686 5657)
4(5685 5714 5715 5686)
4(5714 5743 5744 5715)
4(5743 5772 5773 5744)
4(5772 5801 5802 5773)
4(5801 5830 5831 5802)
4(5830 5859 5860 5831)
4(5859 5888 5889 5860)
4(5888 5917 5918 5889)
4(5917 5946 5947 5918)
4(5946 5975 5976 5947)
4(5975 6004 6005 5976)
4(6004 6033 6034 6005)
4(6033 6062 6063 6034)
4(6062 6091 6092 6063)
4(6091 6120 6121 6092)
4(6120 6149 6150 6121)
4(6149 6178 6179 6150)
4(6178 6207 6208 6179)
4(6207 6236 6237 6208)
4(6236 6265 6266 6237)
4(6265 6294 6295 6266)
4(6294 6323 6324 6295)
4(6323 6352 6353 6324)
4(6352 6381 6382 6353)
4(6381 6410 6411 6382)
4(6410 6439 6440 6411)
4(6439 6468 6469 6440)
4(6468 6497 6498 6469)
4(6497 6526 6527 6498)
4(6526 6555 6556 6527)
4(6555 6584 6585 6556)
4(6584 6613 6614 6585)
4(6613 6642 6643 6614)
4(6642 6671 6672 6643)
4(6671 6700 6701 6672)
4(6700 6729 6730 6701)
4(6729 6758 6759 6730)
4(977 4758 4759 978)
4(4758 4787 4788 4759)
4(4787 4816 4817 4788)
4(4816 4845 4846 4817)
4(4845 4874 4875 4846)
4(4874 4903 4904 4875)
4(4903 4932 4933 4904)
4(4932 4961 4962 4933)
4(4961 4990 4991 4962)
4(4990 5019 5020 4991)
4(5019 5048 5049 5020)
4(5048 5077 5078 5049)
4(5077 5106 5107 5078)
4(5106 5135 5136 5107)
4(5135 5164 5165 5136)
4(5164 5193 5194 5165)
4(5193 5222 5223 5194)
4(5222 5251 5252 5223)
4(5251 5280 5281 5252)
4(5280 5309 5310 5281)
4(5309 5338 5339 5310)
4(5338 5367 5368 5339)
4(5367 5396 5397 5368)
4(5396 5425 5426 5397)
4(5425 5454 5455 5426)
4(5454 5483 5484 5455)
4(5483 5512 5513 5484)
4(5512 5541 5542 5513)
4(5541 5570 5571 5542)
4(5570 5599 5600 5571)
4(5599 5628 5629 5600)
4(5628 5657 5658 5629)
4(5657 5686 5687 5658)
4(5686 5715 5716 5687)
4(5715 5744 5745 5716)
4(5744 5773 5774 5745)
4(5773 5802 5803 5774)
4(5802 5831 5832 5803)
4(5831 5860 5861 5832)
4(5860 5889 5890 5861)
4(5889 5918 5919 5890)
4(5918 5947 5948 5919)
4(5947 5976 5977 5948)
4(5976 6005 6006 5977)
4(6005 6034 6035 6006)
4(6034 6063 6064 6035)
4(6063 6092 6093 6064)
4(6092 6121 6122 6093)
4(6121 6150 6151 6122)
4(6150 6179 6180 6151)
4(6179 6208 6209 6180)
4(6208 6237 6238 6209)
4(6237 6266 6267 6238)
4(6266 6295 6296 6267)
4(6295 6324 6325 6296)
4(6324 6353 6354 6325)
4(6353 6382 6383 6354)
4(6382 6411 6412 6383)
4(6411 6440 6441 6412)
4(6440 6469 6470 6441)
4(6469 6498 6499 6470)
4(6498 6527 6528 6499)
4(6527 6556 6557 6528)
4(6556 6585 6586 6557)
4(6585 6614 6615 6586)
4(6614 6643 6644 6615)
4(6643 6672 6673 6644)
4(6672 6701 6702 6673)
4(6701 6730 6731 6702)
4(6730 6759 6760 6731)
4(978 4759 4760 979)
4(4759 4788 4789 4760)
4(4788 4817 4818 4789)
4(4817 4846 4847 4818)
4(4846 4875 4876 4847)
4(4875 4904 4905 4876)
4(4904 4933 4934 4905)
4(4933 4962 4963 4934)
4(4962 4991 4992 4963)
4(4991 5020 5021 4992)
4(5020 5049 5050 5021)
4(5049 5078 5079 5050)
4(5078 5107 5108 5079)
4(5107 5136 5137 5108)
4(5136 5165 5166 5137)
4(5165 5194 5195 5166)
4(5194 5223 5224 5195)
4(5223 5252 5253 5224)
4(5252 5281 5282 5253)
4(5281 5310 5311 5282)
4(5310 5339 5340 5311)
4(5339 5368 5369 5340)
4(5368 5397 5398 5369)
4(5397 5426 5427 5398)
4(5426 5455 5456 5427)
4(5455 5484 5485 5456)
4(5484 5513 5514 5485)
4(5513 5542 5543 5514)
4(5542 5571 5572 5543)
4(5571 5600 5601 5572)
4(5600 5629 5630 5601)
4(5629 5658 5659 5630)
4(5658 5687 5688 5659)
4(5687 5716 5717 5688)
4(5716 5745 5746 5717)
4(5745 5774 5775 5746)
4(5774 5803 5804 5775)
4(5803 5832 5833 5804)
4(5832 5861 5862 5833)
4(5861 5890 5891 5862)
4(5890 5919 5920 5891)
4(5919 5948 5949 5920)
4(5948 5977 5978 5949)
4(5977 6006 6007 5978)
4(6006 6035 6036 6007)
4(6035 6064 6065 6036)
4(6064 6093 6094 6065)
4(6093 6122 6123 6094)
4(6122 6151 6152 6123)
4(6151 6180 6181 6152)
4(6180 6209 6210 6181)
4(6209 6238 6239 6210)
4(6238 6267 6268 6239)
4(6267 6296 6297 6268)
4(6296 6325 6326 6297)
4(6325 6354 6355 6326)
4(6354 6383 6384 6355)
4(6383 6412 6413 6384)
4(6412 6441 6442 6413)
4(6441 6470 6471 6442)
4(6470 6499 6500 6471)
4(6499 6528 6529 6500)
4(6528 6557 6558 6529)
4(6557 6586 6587 6558)
4(6586 6615 6616 6587)
4(6615 6644 6645 6616)
4(6644 6673 6674 6645)
4(6673 6702 6703 6674)
4(6702 6731 6732 6703)
4(6731 6760 6761 6732)
4(979 4760 4761 980)
4(4760 4789 4790 4761)
4(4789 4818 4819 4790)
4(4818 4847 4848 4819)
4(4847 4876 4877 4848)
4(4876 4905 4906 4877)
4(4905 4934 4935 4906)
4(4934 4963 4964 4935)
4(4963 4992 4993 4964)
4(4992 5021 5022 4993)
4(5021 5050 5051 5022)
4(5050 5079 5080 5051)
4(5079 5108 5109 5080)
4(5108 5137 5138 5109)
4(5137 5166 5167 5138)
4(5166 5195 5196 5167)
4(5195 5224 5225 5196)
4(5224 5253 5254 5225)
4(5253 5282 5283 5254)
4(5282 5311 5312 5283)
4(5311 5340 5341 5312)
4(5340 5369 5370 5341)
4(5369 5398 5399 5370)
4(5398 5427 5428 5399)
4(5427 5456 5457 5428)
4(5456 5485 5486 5457)
4(5485 5514 5515 5486)
4(5514 5543 5544 5515)
4(5543 5572 5573 5544)
4(5572 5601 5602 5573)
4(5601 5630 5631 5602)
4(5630 5659 5660 5631)
4(5659 5688 5689 5660)
4(5688 5717 5718 5689)
4(5717 5746 5747 5718)
4(5746 5775 5776 5747)
4(5775 5804 5805 5776)
4(5804 5833 5834 5805)
4(5833 5862 5863 5834)
4(5862 5891 5892 5863)
4(5891 5920 5921 5892)
4(5920 5949 5950 5921)
4(5949 5978 5979 5950)
4(5978 6007 6008 5979)
4(6007 6036 6037 6008)
4(6036 6065 6066 6037)
4(6065 6094 6095 6066)
4(6094 6123 6124 6095)
4(6123 6152 6153 6124)
4(6152 6181 6182 6153)
4(6181 6210 6211 6182)
4(6210 6239 6240 6211)
4(6239 6268 6269 6240)
4(6268 6297 6298 6269)
4(6297 6326 6327 6298)
4(6326 6355 6356 6327)
4(6355 6384 6385 6356)
4(6384 6413 6414 6385)
4(6413 6442 6443 6414)
4(6442 6471 6472 6443)
4(6471 6500 6501 6472)
4(6500 6529 6530 6501)
4(6529 6558 6559 6530)
4(6558 6587 6588 6559)
4(6587 6616 6617 6588)
4(6616 6645 6646 6617)
4(6645 6674 6675 6646)
4(6674 6703 6704 6675)
4(6703 6732 6733 6704)
4(6732 6761 6762 6733)
4(980 4761 4762 981)
4(4761 4790 4791 4762)
4(4790 4819 4820 4791)
4(4819 4848 4849 4820)
4(4848 4877 4878 4849)
4(4877 4906 4907 4878)
4(4906 4935 4936 4907)
4(4935 4964 4965 4936)
4(4964 4993 4994 4965)
4(4993 5022 5023 4994)
4(5022 5051 5052 5023)
4(5051 5080 5081 5052)
4(5080 5109 5110 5081)
4(5109 5138 5139 5110)
4(5138 5167 5168 5139)
4(5167 5196 5197 5168)
4(5196 5225 5226 5197)
4(5225 5254 5255 5226)
4(5254 5283 5284 5255)
4(5283 5312 5313 5284)
4(5312 5341 5342 5313)
4(5341 5370 5371 5342)
4(5370 5399 5400 5371)
4(5399 5428 5429 5400)
4(5428 5457 5458 5429)
4(5457 5486 5487 5458)
4(5486 5515 5516 5487)
4(5515 5544 5545 5516)
4(5544 5573 5574 5545)
4(5573 5602 5603 5574)
4(5602 5631 5632 5603)
4(5631 5660 5661 5632)
4(5660 5689 5690 5661)
4(5689 5718 5719 5690)
4(5718 5747 5748 5719)
4(5747 5776 5777 5748)
4(5776 5805 5806 5777)
4(5805 5834 5835 5806)
4(5834 5863 5864 5835)
4(5863 5892 5893 5864)
4(5892 5921 5922 5893)
4(5921 5950 5951 5922)
4(5950 5979 5980 5951)
4(5979 6008 6009 5980)
4(6008 6037 6038 6009)
4(6037 6066 6067 6038)
4(6066 6095 6096 6067)
4(6095 6124 6125 6096)
4(6124 6153 6154 6125)
4(6153 6182 6183 6154)
4(6182 6211 6212 6183)
4(6211 6240 6241 6212)
4(6240 6269 6270 6241)
4(6269 6298 6299 6270)
4(6298 6327 6328 6299)
4(6327 6356 6357 6328)
4(6356 6385 6386 6357)
4(6385 6414 6415 6386)
4(6414 6443 6444 6415)
4(6443 6472 6473 6444)
4(6472 6501 6502 6473)
4(6501 6530 6531 6502)
4(6530 6559 6560 6531)
4(6559 6588 6589 6560)
4(6588 6617 6618 6589)
4(6617 6646 6647 6618)
4(6646 6675 6676 6647)
4(6675 6704 6705 6676)
4(6704 6733 6734 6705)
4(6733 6762 6763 6734)
4(981 4762 4763 982)
4(4762 4791 4792 4763)
4(4791 4820 4821 4792)
4(4820 4849 4850 4821)
4(4849 4878 4879 4850)
4(4878 4907 4908 4879)
4(4907 4936 4937 4908)
4(4936 4965 4966 4937)
4(4965 4994 4995 4966)
4(4994 5023 5024 4995)
4(5023 5052 5053 5024)
4(5052 5081 5082 5053)
4(5081 5110 5111 5082)
4(5110 5139 5140 5111)
4(5139 5168 5169 5140)
4(5168 5197 5198 5169)
4(5197 5226 5227 5198)
4(5226 5255 5256 5227)
4(5255 5284 5285 5256)
4(5284 5313 5314 5285)
4(5313 5342 5343 5314)
4(5342 5371 5372 5343)
4(5371 5400 5401 5372)
4(5400 5429 5430 5401)
4(5429 5458 5459 5430)
4(5458 5487 5488 5459)
4(5487 5516 5517 5488)
4(5516 5545 5546 5517)
4(5545 5574 5575 5546)
4(5574 5603 5604 5575)
4(5603 5632 5633 5604)
4(5632 5661 5662 5633)
4(5661 5690 5691 5662)
4(5690 5719 5720 5691)
4(5719 5748 5749 5720)
4(5748 5777 5778 5749)
4(5777 5806 5807 5778)
4(5806 5835 5836 5807)
4(5835 5864 5865 5836)
4(5864 5893 5894 5865)
4(5893 5922 5923 5894)
4(5922 5951 5952 5923)
4(5951 5980 5981 5952)
4(5980 6009 6010 5981)
4(6009 6038 6039 6010)
4(6038 6067 6068 6039)
4(6067 6096 6097 6068)
4(6096 6125 6126 6097)
4(6125 6154 6155 6126)
4(6154 6183 6184 6155)
4(6183 6212 6213 6184)
4(6212 6241 6242 6213)
4(6241 6270 6271 6242)
4(6270 6299 6300 6271)
4(6299 6328 6329 6300)
4(6328 6357 6358 6329)
4(6357 6386 6387 6358)
4(6386 6415 6416 6387)
4(6415 6444 6445 6416)
4(6444 6473 6474 6445)
4(6473 6502 6503 6474)
4(6502 6531 6532 6503)
4(6531 6560 6561 6532)
4(6560 6589 6590 6561)
4(6589 6618 6619 6590)
4(6618 6647 6648 6619)
4(6647 6676 6677 6648)
4(6676 6705 6706 6677)
4(6705 6734 6735 6706)
4(6734 6763 6764 6735)
4(982 4763 4764 983)
4(4763 4792 4793 4764)
4(4792 4821 4822 4793)
4(4821 4850 4851 4822)
4(4850 4879 4880 4851)
4(4879 4908 4909 4880)
4(4908 4937 4938 4909)
4(4937 4966 4967 4938)
4(4966 4995 4996 4967)
4(4995 5024 5025 4996)
4(5024 5053 5054 5025)
4(5053 5082 5083 5054)
4(5082 5111 5112 5083)
4(5111 5140 5141 5112)
4(5140 5169 5170 5141)
4(5169 5198 5199 5170)
4(5198 5227 5228 5199)
4(5227 5256 5257 5228)
4(5256 5285 5286 5257)
4(5285 5314 5315 5286)
4(5314 5343 5344 5315)
4(5343 5372 5373 5344)
4(5372 5401 5402 5373)
4(5401 5430 5431 5402)
4(5430 5459 5460 5431)
4(5459 5488 5489 5460)
4(5488 5517 5518 5489)
4(5517 5546 5547 5518)
4(5546 5575 5576 5547)
4(5575 5604 5605 5576)
4(5604 5633 5634 5605)
4(5633 5662 5663 5634)
4(5662 5691 5692 5663)
4(5691 5720 5721 5692)
4(5720 5749 5750 5721)
4(5749 5778 5779 5750)
4(5778 5807 5808 5779)
4(5807 5836 5837 5808)
4(5836 5865 5866 5837)
4(5865 5894 5895 5866)
4(5894 5923 5924 5895)
4(5923 5952 5953 5924)
4(5952 5981 5982 5953)
4(5981 6010 6011 5982)
4(6010 6039 6040 6011)
4(6039 6068 6069 6040)
4(6068 6097 6098 6069)
4(6097 6126 6127 6098)
4(6126 6155 6156 6127)
4(6155 6184 6185 6156)
4(6184 6213 6214 6185)
4(6213 6242 6243 6214)
4(6242 6271 6272 6243)
4(6271 6300 6301 6272)
4(6300 6329 6330 6301)
4(6329 6358 6359 6330)
4(6358 6387 6388 6359)
4(6387 6416 6417 6388)
4(6416 6445 6446 6417)
4(6445 6474 6475 6446)
4(6474 6503 6504 6475)
4(6503 6532 6533 6504)
4(6532 6561 6562 6533)
4(6561 6590 6591 6562)
4(6590 6619 6620 6591)
4(6619 6648 6649 6620)
4(6648 6677 6678 6649)
4(6677 6706 6707 6678)
4(6706 6735 6736 6707)
4(6735 6764 6765 6736)
4(983 4764 4765 984)
4(4764 4793 4794 4765)
4(4793 4822 4823 4794)
4(4822 4851 4852 4823)
4(4851 4880 4881 4852)
4(4880 4909 4910 4881)
4(4909 4938 4939 4910)
4(4938 4967 4968 4939)
4(4967 4996 4997 4968)
4(4996 5025 5026 4997)
4(5025 5054 5055 5026)
4(5054 5083 5084 5055)
4(5083 5112 5113 5084)
4(5112 5141 5142 5113)
4(5141 5170 5171 5142)
4(5170 5199 5200 5171)
4(5199 5228 5229 5200)
4(5228 5257 5258 5229)
4(5257 5286 5287 5258)
4(5286 5315 5316 5287)
4(5315 5344 5345 5316)
4(5344 5373 5374 5345)
4(5373 5402 5403 5374)
4(5402 5431 5432 5403)
4(5431 5460 5461 5432)
4(5460 5489 5490 5461)
4(5489 5518 5519 5490)
4(5518 5547 5548 5519)
4(5547 5576 5577 5548)
4(5576 5605 5606 5577)
4(5605 5634 5635 5606)
4(5634 5663 5664 5635)
4(5663 5692 5693 5664)
4(5692 5721 5722 5693)
4(5721 5750 5751 5722)
4(5750 5779 5780 5751)
4(5779 5808 5809 5780)
4(5808 5837 5838 5809)
4(5837 5866 5867 5838)
4(5866 5895 5896 5867)
4(5895 5924 5925 5896)
4(5924 5953 5954 5925)
4(5953 5982 5983 5954)
4(5982 6011 6012 5983)
4(6011 6040 6041 6012)
4(6040 6069 6070 6041)
4(6069 6098 6099 6070)
4(6098 6127 6128 6099)
4(6127 6156 6157 6128)
4(6156 6185 6186 6157)
4(6185 6214 6215 6186)
4(6214 6243 6244 6215)
4(6243 6272 6273 6244)
4(6272 6301 6302 6273)
4(6301 6330 6331 6302)
4(6330 6359 6360 6331)
4(6359 6388 6389 6360)
4(6388 6417 6418 6389)
4(6417 6446 6447 6418)
4(6446 6475 6476 6447)
4(6475 6504 6505 6476)
4(6504 6533 6534 6505)
4(6533 6562 6563 6534)
4(6562 6591 6592 6563)
4(6591 6620 6621 6592)
4(6620 6649 6650 6621)
4(6649 6678 6679 6650)
4(6678 6707 6708 6679)
4(6707 6736 6737 6708)
4(6736 6765 6766 6737)
4(984 4765 4766 985)
4(4765 4794 4795 4766)
4(4794 4823 4824 4795)
4(4823 4852 4853 4824)
4(4852 4881 4882 4853)
4(4881 4910 4911 4882)
4(4910 4939 4940 4911)
4(4939 4968 4969 4940)
4(4968 4997 4998 4969)
4(4997 5026 5027 4998)
4(5026 5055 5056 5027)
4(5055 5084 5085 5056)
4(5084 5113 5114 5085)
4(5113 5142 5143 5114)
4(5142 5171 5172 5143)
4(5171 5200 5201 5172)
4(5200 5229 5230 5201)
4(5229 5258 5259 5230)
4(5258 5287 5288 5259)
4(5287 5316 5317 5288)
4(5316 5345 5346 5317)
4(5345 5374 5375 5346)
4(5374 5403 5404 5375)
4(5403 5432 5433 5404)
4(5432 5461 5462 5433)
4(5461 5490 5491 5462)
4(5490 5519 5520 5491)
4(5519 5548 5549 5520)
4(5548 5577 5578 5549)
4(5577 5606 5607 5578)
4(5606 5635 5636 5607)
4(5635 5664 5665 5636)
4(5664 5693 5694 5665)
4(5693 5722 5723 5694)
4(5722 5751 5752 5723)
4(5751 5780 5781 5752)
4(5780 5809 5810 5781)
4(5809 5838 5839 5810)
4(5838 5867 5868 5839)
4(5867 5896 5897 5868)
4(5896 5925 5926 5897)
4(5925 5954 5955 5926)
4(5954 5983 5984 5955)
4(5983 6012 6013 5984)
4(6012 6041 6042 6013)
4(6041 6070 6071 6042)
4(6070 6099 6100 6071)
4(6099 6128 6129 6100)
4(6128 6157 6158 6129)
4(6157 6186 6187 6158)
4(6186 6215 6216 6187)
4(6215 6244 6245 6216)
4(6244 6273 6274 6245)
4(6273 6302 6303 6274)
4(6302 6331 6332 6303)
4(6331 6360 6361 6332)
4(6360 6389 6390 6361)
4(6389 6418 6419 6390)
4(6418 6447 6448 6419)
4(6447 6476 6477 6448)
4(6476 6505 6506 6477)
4(6505 6534 6535 6506)
4(6534 6563 6564 6535)
4(6563 6592 6593 6564)
4(6592 6621 6622 6593)
4(6621 6650 6651 6622)
4(6650 6679 6680 6651)
4(6679 6708 6709 6680)
4(6708 6737 6738 6709)
4(6737 6766 6767 6738)
4(985 4766 4767 986)
4(4766 4795 4796 4767)
4(4795 4824 4825 4796)
4(4824 4853 4854 4825)
4(4853 4882 4883 4854)
4(4882 4911 4912 4883)
4(4911 4940 4941 4912)
4(4940 4969 4970 4941)
4(4969 4998 4999 4970)
4(4998 5027 5028 4999)
4(5027 5056 5057 5028)
4(5056 5085 5086 5057)
4(5085 5114 5115 5086)
4(5114 5143 5144 5115)
4(5143 5172 5173 5144)
4(5172 5201 5202 5173)
4(5201 5230 5231 5202)
4(5230 5259 5260 5231)
4(5259 5288 5289 5260)
4(5288 5317 5318 5289)
4(5317 5346 5347 5318)
4(5346 5375 5376 5347)
4(5375 5404 5405 5376)
4(5404 5433 5434 5405)
4(5433 5462 5463 5434)
4(5462 5491 5492 5463)
4(5491 5520 5521 5492)
4(5520 5549 5550 5521)
4(5549 5578 5579 5550)
4(5578 5607 5608 5579)
4(5607 5636 5637 5608)
4(5636 5665 5666 5637)
4(5665 5694 5695 5666)
4(5694 5723 5724 5695)
4(5723 5752 5753 5724)
4(5752 5781 5782 5753)
4(5781 5810 5811 5782)
4(5810 5839 5840 5811)
4(5839 5868 5869 5840)
4(5868 5897 5898 5869)
4(5897 5926 5927 5898)
4(5926 5955 5956 5927)
4(5955 5984 5985 5956)
4(5984 6013 6014 5985)
4(6013 6042 6043 6014)
4(6042 6071 6072 6043)
4(6071 6100 6101 6072)
4(6100 6129 6130 6101)
4(6129 6158 6159 6130)
4(6158 6187 6188 6159)
4(6187 6216 6217 6188)
4(6216 6245 6246 6217)
4(6245 6274 6275 6246)
4(6274 6303 6304 6275)
4(6303 6332 6333 6304)
4(6332 6361 6362 6333)
4(6361 6390 6391 6362)
4(6390 6419 6420 6391)
4(6419 6448 6449 6420)
4(6448 6477 6478 6449)
4(6477 6506 6507 6478)
4(6506 6535 6536 6507)
4(6535 6564 6565 6536)
4(6564 6593 6594 6565)
4(6593 6622 6623 6594)
4(6622 6651 6652 6623)
4(6651 6680 6681 6652)
4(6680 6709 6710 6681)
4(6709 6738 6739 6710)
4(6738 6767 6768 6739)
4(986 4767 4768 987)
4(4767 4796 4797 4768)
4(4796 4825 4826 4797)
4(4825 4854 4855 4826)
4(4854 4883 4884 4855)
4(4883 4912 4913 4884)
4(4912 4941 4942 4913)
4(4941 4970 4971 4942)
4(4970 4999 5000 4971)
4(4999 5028 5029 5000)
4(5028 5057 5058 5029)
4(5057 5086 5087 5058)
4(5086 5115 5116 5087)
4(5115 5144 5145 5116)
4(5144 5173 5174 5145)
4(5173 5202 5203 5174)
4(5202 5231 5232 5203)
4(5231 5260 5261 5232)
4(5260 5289 5290 5261)
4(5289 5318 5319 5290)
4(5318 5347 5348 5319)
4(5347 5376 5377 5348)
4(5376 5405 5406 5377)
4(5405 5434 5435 5406)
4(5434 5463 5464 5435)
4(5463 5492 5493 5464)
4(5492 5521 5522 5493)
4(5521 5550 5551 5522)
4(5550 5579 5580 5551)
4(5579 5608 5609 5580)
4(5608 5637 5638 5609)
4(5637 5666 5667 5638)
4(5666 5695 5696 5667)
4(5695 5724 5725 5696)
4(5724 5753 5754 5725)
4(5753 5782 5783 5754)
4(5782 5811 5812 5783)
4(5811 5840 5841 5812)
4(5840 5869 5870 5841)
4(5869 5898 5899 5870)
4(5898 5927 5928 5899)
4(5927 5956 5957 5928)
4(5956 5985 5986 5957)
4(5985 6014 6015 5986)
4(6014 6043 6044 6015)
4(6043 6072 6073 6044)
4(6072 6101 6102 6073)
4(6101 6130 6131 6102)
4(6130 6159 6160 6131)
4(6159 6188 6189 6160)
4(6188 6217 6218 6189)
4(6217 6246 6247 6218)
4(6246 6275 6276 6247)
4(6275 6304 6305 6276)
4(6304 6333 6334 6305)
4(6333 6362 6363 6334)
4(6362 6391 6392 6363)
4(6391 6420 6421 6392)
4(6420 6449 6450 6421)
4(6449 6478 6479 6450)
4(6478 6507 6508 6479)
4(6507 6536 6537 6508)
4(6536 6565 6566 6537)
4(6565 6594 6595 6566)
4(6594 6623 6624 6595)
4(6623 6652 6653 6624)
4(6652 6681 6682 6653)
4(6681 6710 6711 6682)
4(6710 6739 6740 6711)
4(6739 6768 6769 6740)
4(987 4768 4769 988)
4(4768 4797 4798 4769)
4(4797 4826 4827 4798)
4(4826 4855 4856 4827)
4(4855 4884 4885 4856)
4(4884 4913 4914 4885)
4(4913 4942 4943 4914)
4(4942 4971 4972 4943)
4(4971 5000 5001 4972)
4(5000 5029 5030 5001)
4(5029 5058 5059 5030)
4(5058 5087 5088 5059)
4(5087 5116 5117 5088)
4(5116 5145 5146 5117)
4(5145 5174 5175 5146)
4(5174 5203 5204 5175)
4(5203 5232 5233 5204)
4(5232 5261 5262 5233)
4(5261 5290 5291 5262)
4(5290 5319 5320 5291)
4(5319 5348 5349 5320)
4(5348 5377 5378 5349)
4(5377 5406 5407 5378)
4(5406 5435 5436 5407)
4(5435 5464 5465 5436)
4(5464 5493 5494 5465)
4(5493 5522 5523 5494)
4(5522 5551 5552 5523)
4(5551 5580 5581 5552)
4(5580 5609 5610 5581)
4(5609 5638 5639 5610)
4(5638 5667 5668 5639)
4(5667 5696 5697 5668)
4(5696 5725 5726 5697)
4(5725 5754 5755 5726)
4(5754 5783 5784 5755)
4(5783 5812 5813 5784)
4(5812 5841 5842 5813)
4(5841 5870 5871 5842)
4(5870 5899 5900 5871)
4(5899 5928 5929 5900)
4(5928 5957 5958 5929)
4(5957 5986 5987 5958)
4(5986 6015 6016 5987)
4(6015 6044 6045 6016)
4(6044 6073 6074 6045)
4(6073 6102 6103 6074)
4(6102 6131 6132 6103)
4(6131 6160 6161 6132)
4(6160 6189 6190 6161)
4(6189 6218 6219 6190)
4(6218 6247 6248 6219)
4(6247 6276 6277 6248)
4(6276 6305 6306 6277)
4(6305 6334 6335 6306)
4(6334 6363 6364 6335)
4(6363 6392 6393 6364)
4(6392 6421 6422 6393)
4(6421 6450 6451 6422)
4(6450 6479 6480 6451)
4(6479 6508 6509 6480)
4(6508 6537 6538 6509)
4(6537 6566 6567 6538)
4(6566 6595 6596 6567)
4(6595 6624 6625 6596)
4(6624 6653 6654 6625)
4(6653 6682 6683 6654)
4(6682 6711 6712 6683)
4(6711 6740 6741 6712)
4(6740 6769 6770 6741)
4(988 4769 4770 989)
4(4769 4798 4799 4770)
4(4798 4827 4828 4799)
4(4827 4856 4857 4828)
4(4856 4885 4886 4857)
4(4885 4914 4915 4886)
4(4914 4943 4944 4915)
4(4943 4972 4973 4944)
4(4972 5001 5002 4973)
4(5001 5030 5031 5002)
4(5030 5059 5060 5031)
4(5059 5088 5089 5060)
4(5088 5117 5118 5089)
4(5117 5146 5147 5118)
4(5146 5175 5176 5147)
4(5175 5204 5205 5176)
4(5204 5233 5234 5205)
4(5233 5262 5263 5234)
4(5262 5291 5292 5263)
4(5291 5320 5321 5292)
4(5320 5349 5350 5321)
4(5349 5378 5379 5350)
4(5378 5407 5408 5379)
4(5407 5436 5437 5408)
4(5436 5465 5466 5437)
4(5465 5494 5495 5466)
4(5494 5523 5524 5495)
4(5523 5552 5553 5524)
4(5552 5581 5582 5553)
4(5581 5610 5611 5582)
4(5610 5639 5640 5611)
4(5639 5668 5669 5640)
4(5668 5697 5698 5669)
4(5697 5726 5727 5698)
4(5726 5755 5756 5727)
4(5755 5784 5785 5756)
4(5784 5813 5814 5785)
4(5813 5842 5843 5814)
4(5842 5871 5872 5843)
4(5871 5900 5901 5872)
4(5900 5929 5930 5901)
4(5929 5958 5959 5930)
4(5958 5987 5988 5959)
4(5987 6016 6017 5988)
4(6016 6045 6046 6017)
4(6045 6074 6075 6046)
4(6074 6103 6104 6075)
4(6103 6132 6133 6104)
4(6132 6161 6162 6133)
4(6161 6190 6191 6162)
4(6190 6219 6220 6191)
4(6219 6248 6249 6220)
4(6248 6277 6278 6249)
4(6277 6306 6307 6278)
4(6306 6335 6336 6307)
4(6335 6364 6365 6336)
4(6364 6393 6394 6365)
4(6393 6422 6423 6394)
4(6422 6451 6452 6423)
4(6451 6480 6481 6452)
4(6480 6509 6510 6481)
4(6509 6538 6539 6510)
4(6538 6567 6568 6539)
4(6567 6596 6597 6568)
4(6596 6625 6626 6597)
4(6625 6654 6655 6626)
4(6654 6683 6684 6655)
4(6683 6712 6713 6684)
4(6712 6741 6742 6713)
4(6741 6770 6771 6742)
4(2967 8802 8803 2968)
4(8802 8827 8828 8803)
4(8827 8852 8853 8828)
4(8852 8877 8878 8853)
4(8877 8902 8903 8878)
4(8902 8927 8928 8903)
4(8927 8952 8953 8928)
4(8952 8977 8978 8953)
4(8977 9002 9003 8978)
4(9002 9027 9028 9003)
4(9027 9052 9053 9028)
4(9052 9077 9078 9053)
4(9077 9102 9103 9078)
4(9102 9127 9128 9103)
4(9127 9152 9153 9128)
4(9152 9177 9178 9153)
4(9177 9202 9203 9178)
4(9202 9227 9228 9203)
4(9227 9252 9253 9228)
4(9252 9277 9278 9253)
4(9277 9302 9303 9278)
4(9302 9327 9328 9303)
4(9327 9352 9353 9328)
4(9352 9377 9378 9353)
4(9377 9402 9403 9378)
4(9402 9427 9428 9403)
4(9427 9452 9453 9428)
4(9452 9477 9478 9453)
4(2968 8803 8804 2969)
4(8803 8828 8829 8804)
4(8828 8853 8854 8829)
4(8853 8878 8879 8854)
4(8878 8903 8904 8879)
4(8903 8928 8929 8904)
4(8928 8953 8954 8929)
4(8953 8978 8979 8954)
4(8978 9003 9004 8979)
4(9003 9028 9029 9004)
4(9028 9053 9054 9029)
4(9053 9078 9079 9054)
4(9078 9103 9104 9079)
4(9103 9128 9129 9104)
4(9128 9153 9154 9129)
4(9153 9178 9179 9154)
4(9178 9203 9204 9179)
4(9203 9228 9229 9204)
4(9228 9253 9254 9229)
4(9253 9278 9279 9254)
4(9278 9303 9304 9279)
4(9303 9328 9329 9304)
4(9328 9353 9354 9329)
4(9353 9378 9379 9354)
4(9378 9403 9404 9379)
4(9403 9428 9429 9404)
4(9428 9453 9454 9429)
4(9453 9478 9479 9454)
4(2969 8804 8805 2970)
4(8804 8829 8830 8805)
4(8829 8854 8855 8830)
4(8854 8879 8880 8855)
4(8879 8904 8905 8880)
4(8904 8929 8930 8905)
4(8929 8954 8955 8930)
4(8954 8979 8980 8955)
4(8979 9004 9005 8980)
4(9004 9029 9030 9005)
4(9029 9054 9055 9030)
4(9054 9079 9080 9055)
4(9079 9104 9105 9080)
4(9104 9129 9130 9105)
4(9129 9154 9155 9130)
4(9154 9179 9180 9155)
4(9179 9204 9205 9180)
4(9204 9229 9230 9205)
4(9229 9254 9255 9230)
4(9254 9279 9280 9255)
4(9279 9304 9305 9280)
4(9304 9329 9330 9305)
4(9329 9354 9355 9330)
4(9354 9379 9380 9355)
4(9379 9404 9405 9380)
4(9404 9429 9430 9405)
4(9429 9454 9455 9430)
4(9454 9479 9480 9455)
4(2970 8805 8806 2971)
4(8805 8830 8831 8806)
4(8830 8855 8856 8831)
4(8855 8880 8881 8856)
4(8880 8905 8906 8881)
4(8905 8930 8931 8906)
4(8930 8955 8956 8931)
4(8955 8980 8981 8956)
4(8980 9005 9006 8981)
4(9005 9030 9031 9006)
4(9030 9055 9056 9031)
4(9055 9080 9081 9056)
4(9080 9105 9106 9081)
4(9105 9130 9131 9106)
4(9130 9155 9156 9131)
4(9155 9180 9181 9156)
4(9180 9205 9206 9181)
4(9205 9230 9231 9206)
4(9230 9255 9256 9231)
4(9255 9280 9281 9256)
4(9280 9305 9306 9281)
4(9305 9330 9331 9306)
4(9330 9355 9356 9331)
4(9355 9380 9381 9356)
4(9380 9405 9406 9381)
4(9405 9430 9431 9406)
4(9430 9455 9456 9431)
4(9455 9480 9481 9456)
4(2971 8806 8807 2972)
4(8806 8831 8832 8807)
4(8831 8856 8857 8832)
4(8856 8881 8882 8857)
4(8881 8906 8907 8882)
4(8906 8931 8932 8907)
4(8931 8956 8957 8932)
4(8956 8981 8982 8957)
4(8981 9006 9007 8982)
4(9006 9031 9032 9007)
4(9031 9056 9057 9032)
4(9056 9081 9082 9057)
4(9081 9106 9107 9082)
4(9106 9131 9132 9107)
4(9131 9156 9157 9132)
4(9156 9181 9182 9157)
4(9181 9206 9207 9182)
4(9206 9231 9232 9207)
4(9231 9256 9257 9232)
4(9256 9281 9282 9257)
4(9281 9306 9307 9282)
4(9306 9331 9332 9307)
4(9331 9356 9357 9332)
4(9356 9381 9382 9357)
4(9381 9406 9407 9382)
4(9406 9431 9432 9407)
4(9431 9456 9457 9432)
4(9456 9481 9482 9457)
4(2972 8807 8808 2973)
4(8807 8832 8833 8808)
4(8832 8857 8858 8833)
4(8857 8882 8883 8858)
4(8882 8907 8908 8883)
4(8907 8932 8933 8908)
4(8932 8957 8958 8933)
4(8957 8982 8983 8958)
4(8982 9007 9008 8983)
4(9007 9032 9033 9008)
4(9032 9057 9058 9033)
4(9057 9082 9083 9058)
4(9082 9107 9108 9083)
4(9107 9132 9133 9108)
4(9132 9157 9158 9133)
4(9157 9182 9183 9158)
4(9182 9207 9208 9183)
4(9207 9232 9233 9208)
4(9232 9257 9258 9233)
4(9257 9282 9283 9258)
4(9282 9307 9308 9283)
4(9307 9332 9333 9308)
4(9332 9357 9358 9333)
4(9357 9382 9383 9358)
4(9382 9407 9408 9383)
4(9407 9432 9433 9408)
4(9432 9457 9458 9433)
4(9457 9482 9483 9458)
4(2973 8808 8809 2974)
4(8808 8833 8834 8809)
4(8833 8858 8859 8834)
4(8858 8883 8884 8859)
4(8883 8908 8909 8884)
4(8908 8933 8934 8909)
4(8933 8958 8959 8934)
4(8958 8983 8984 8959)
4(8983 9008 9009 8984)
4(9008 9033 9034 9009)
4(9033 9058 9059 9034)
4(9058 9083 9084 9059)
4(9083 9108 9109 9084)
4(9108 9133 9134 9109)
4(9133 9158 9159 9134)
4(9158 9183 9184 9159)
4(9183 9208 9209 9184)
4(9208 9233 9234 9209)
4(9233 9258 9259 9234)
4(9258 9283 9284 9259)
4(9283 9308 9309 9284)
4(9308 9333 9334 9309)
4(9333 9358 9359 9334)
4(9358 9383 9384 9359)
4(9383 9408 9409 9384)
4(9408 9433 9434 9409)
4(9433 9458 9459 9434)
4(9458 9483 9484 9459)
4(2974 8809 8810 2975)
4(8809 8834 8835 8810)
4(8834 8859 8860 8835)
4(8859 8884 8885 8860)
4(8884 8909 8910 8885)
4(8909 8934 8935 8910)
4(8934 8959 8960 8935)
4(8959 8984 8985 8960)
4(8984 9009 9010 8985)
4(9009 9034 9035 9010)
4(9034 9059 9060 9035)
4(9059 9084 9085 9060)
4(9084 9109 9110 9085)
4(9109 9134 9135 9110)
4(9134 9159 9160 9135)
4(9159 9184 9185 9160)
4(9184 9209 9210 9185)
4(9209 9234 9235 9210)
4(9234 9259 9260 9235)
4(9259 9284 9285 9260)
4(9284 9309 9310 9285)
4(9309 9334 9335 9310)
4(9334 9359 9360 9335)
4(9359 9384 9385 9360)
4(9384 9409 9410 9385)
4(9409 9434 9435 9410)
4(9434 9459 9460 9435)
4(9459 9484 9485 9460)
4(2975 8810 8811 2976)
4(8810 8835 8836 8811)
4(8835 8860 8861 8836)
4(8860 8885 8886 8861)
4(8885 8910 8911 8886)
4(8910 8935 8936 8911)
4(8935 8960 8961 8936)
4(8960 8985 8986 8961)
4(8985 9010 9011 8986)
4(9010 9035 9036 9011)
4(9035 9060 9061 9036)
4(9060 9085 9086 9061)
4(9085 9110 9111 9086)
4(9110 9135 9136 9111)
4(9135 9160 9161 9136)
4(9160 9185 9186 9161)
4(9185 9210 9211 9186)
4(9210 9235 9236 9211)
4(9235 9260 9261 9236)
4(9260 9285 9286 9261)
4(9285 9310 9311 9286)
4(9310 9335 9336 9311)
4(9335 9360 9361 9336)
4(9360 9385 9386 9361)
4(9385 9410 9411 9386)
4(9410 9435 9436 9411)
4(9435 9460 9461 9436)
4(9460 9485 9486 9461)
4(2976 8811 8812 2977)
4(8811 8836 8837 8812)
4(8836 8861 8862 8837)
4(8861 8886 8887 8862)
4(8886 8911 8912 8887)
4(8911 8936 8937 8912)
4(8936 8961 8962 8937)
4(8961 8986 8987 8962)
4(8986 9011 9012 8987)
4(9011 9036 9037 9012)
4(9036 9061 9062 9037)
4(9061 9086 9087 9062)
4(9086 9111 9112 9087)
4(9111 9136 9137 9112)
4(9136 9161 9162 9137)
4(9161 9186 9187 9162)
4(9186 9211 9212 9187)
4(9211 9236 9237 9212)
4(9236 9261 9262 9237)
4(9261 9286 9287 9262)
4(9286 9311 9312 9287)
4(9311 9336 9337 9312)
4(9336 9361 9362 9337)
4(9361 9386 9387 9362)
4(9386 9411 9412 9387)
4(9411 9436 9437 9412)
4(9436 9461 9462 9437)
4(9461 9486 9487 9462)
4(2977 8812 8813 2978)
4(8812 8837 8838 8813)
4(8837 8862 8863 8838)
4(8862 8887 8888 8863)
4(8887 8912 8913 8888)
4(8912 8937 8938 8913)
4(8937 8962 8963 8938)
4(8962 8987 8988 8963)
4(8987 9012 9013 8988)
4(9012 9037 9038 9013)
4(9037 9062 9063 9038)
4(9062 9087 9088 9063)
4(9087 9112 9113 9088)
4(9112 9137 9138 9113)
4(9137 9162 9163 9138)
4(9162 9187 9188 9163)
4(9187 9212 9213 9188)
4(9212 9237 9238 9213)
4(9237 9262 9263 9238)
4(9262 9287 9288 9263)
4(9287 9312 9313 9288)
4(9312 9337 9338 9313)
4(9337 9362 9363 9338)
4(9362 9387 9388 9363)
4(9387 9412 9413 9388)
4(9412 9437 9438 9413)
4(9437 9462 9463 9438)
4(9462 9487 9488 9463)
4(2978 8813 8814 2979)
4(8813 8838 8839 8814)
4(8838 8863 8864 8839)
4(8863 8888 8889 8864)
4(8888 8913 8914 8889)
4(8913 8938 8939 8914)
4(8938 8963 8964 8939)
4(8963 8988 8989 8964)
4(8988 9013 9014 8989)
4(9013 9038 9039 9014)
4(9038 9063 9064 9039)
4(9063 9088 9089 9064)
4(9088 9113 9114 9089)
4(9113 9138 9139 9114)
4(9138 9163 9164 9139)
4(9163 9188 9189 9164)
4(9188 9213 9214 9189)
4(9213 9238 9239 9214)
4(9238 9263 9264 9239)
4(9263 9288 9289 9264)
4(9288 9313 9314 9289)
4(9313 9338 9339 9314)
4(9338 9363 9364 9339)
4(9363 9388 9389 9364)
4(9388 9413 9414 9389)
4(9413 9438 9439 9414)
4(9438 9463 9464 9439)
4(9463 9488 9489 9464)
4(2979 8814 8815 2980)
4(8814 8839 8840 8815)
4(8839 8864 8865 8840)
4(8864 8889 8890 8865)
4(8889 8914 8915 8890)
4(8914 8939 8940 8915)
4(8939 8964 8965 8940)
4(8964 8989 8990 8965)
4(8989 9014 9015 8990)
4(9014 9039 9040 9015)
4(9039 9064 9065 9040)
4(9064 9089 9090 9065)
4(9089 9114 9115 9090)
4(9114 9139 9140 9115)
4(9139 9164 9165 9140)
4(9164 9189 9190 9165)
4(9189 9214 9215 9190)
4(9214 9239 9240 9215)
4(9239 9264 9265 9240)
4(9264 9289 9290 9265)
4(9289 9314 9315 9290)
4(9314 9339 9340 9315)
4(9339 9364 9365 9340)
4(9364 9389 9390 9365)
4(9389 9414 9415 9390)
4(9414 9439 9440 9415)
4(9439 9464 9465 9440)
4(9464 9489 9490 9465)
4(2980 8815 8816 2981)
4(8815 8840 8841 8816)
4(8840 8865 8866 8841)
4(8865 8890 8891 8866)
4(8890 8915 8916 8891)
4(8915 8940 8941 8916)
4(8940 8965 8966 8941)
4(8965 8990 8991 8966)
4(8990 9015 9016 8991)
4(9015 9040 9041 9016)
4(9040 9065 9066 9041)
4(9065 9090 9091 9066)
4(9090 9115 9116 9091)
4(9115 9140 9141 9116)
4(9140 9165 9166 9141)
4(9165 9190 9191 9166)
4(9190 9215 9216 9191)
4(9215 9240 9241 9216)
4(9240 9265 9266 9241)
4(9265 9290 9291 9266)
4(9290 9315 9316 9291)
4(9315 9340 9341 9316)
4(9340 9365 9366 9341)
4(9365 9390 9391 9366)
4(9390 9415 9416 9391)
4(9415 9440 9441 9416)
4(9440 9465 9466 9441)
4(9465 9490 9491 9466)
4(2981 8816 8817 2982)
4(8816 8841 8842 8817)
4(8841 8866 8867 8842)
4(8866 8891 8892 8867)
4(8891 8916 8917 8892)
4(8916 8941 8942 8917)
4(8941 8966 8967 8942)
4(8966 8991 8992 8967)
4(8991 9016 9017 8992)
4(9016 9041 9042 9017)
4(9041 9066 9067 9042)
4(9066 9091 9092 9067)
4(9091 9116 9117 9092)
4(9116 9141 9142 9117)
4(9141 9166 9167 9142)
4(9166 9191 9192 9167)
4(9191 9216 9217 9192)
4(9216 9241 9242 9217)
4(9241 9266 9267 9242)
4(9266 9291 9292 9267)
4(9291 9316 9317 9292)
4(9316 9341 9342 9317)
4(9341 9366 9367 9342)
4(9366 9391 9392 9367)
4(9391 9416 9417 9392)
4(9416 9441 9442 9417)
4(9441 9466 9467 9442)
4(9466 9491 9492 9467)
4(2982 8817 8818 2983)
4(8817 8842 8843 8818)
4(8842 8867 8868 8843)
4(8867 8892 8893 8868)
4(8892 8917 8918 8893)
4(8917 8942 8943 8918)
4(8942 8967 8968 8943)
4(8967 8992 8993 8968)
4(8992 9017 9018 8993)
4(9017 9042 9043 9018)
4(9042 9067 9068 9043)
4(9067 9092 9093 9068)
4(9092 9117 9118 9093)
4(9117 9142 9143 9118)
4(9142 9167 9168 9143)
4(9167 9192 9193 9168)
4(9192 9217 9218 9193)
4(9217 9242 9243 9218)
4(9242 9267 9268 9243)
4(9267 9292 9293 9268)
4(9292 9317 9318 9293)
4(9317 9342 9343 9318)
4(9342 9367 9368 9343)
4(9367 9392 9393 9368)
4(9392 9417 9418 9393)
4(9417 9442 9443 9418)
4(9442 9467 9468 9443)
4(9467 9492 9493 9468)
4(2983 8818 8819 2984)
4(8818 8843 8844 8819)
4(8843 8868 8869 8844)
4(8868 8893 8894 8869)
4(8893 8918 8919 8894)
4(8918 8943 8944 8919)
4(8943 8968 8969 8944)
4(8968 8993 8994 8969)
4(8993 9018 9019 8994)
4(9018 9043 9044 9019)
4(9043 9068 9069 9044)
4(9068 9093 9094 9069)
4(9093 9118 9119 9094)
4(9118 9143 9144 9119)
4(9143 9168 9169 9144)
4(9168 9193 9194 9169)
4(9193 9218 9219 9194)
4(9218 9243 9244 9219)
4(9243 9268 9269 9244)
4(9268 9293 9294 9269)
4(9293 9318 9319 9294)
4(9318 9343 9344 9319)
4(9343 9368 9369 9344)
4(9368 9393 9394 9369)
4(9393 9418 9419 9394)
4(9418 9443 9444 9419)
4(9443 9468 9469 9444)
4(9468 9493 9494 9469)
4(2984 8819 8820 2985)
4(8819 8844 8845 8820)
4(8844 8869 8870 8845)
4(8869 8894 8895 8870)
4(8894 8919 8920 8895)
4(8919 8944 8945 8920)
4(8944 8969 8970 8945)
4(8969 8994 8995 8970)
4(8994 9019 9020 8995)
4(9019 9044 9045 9020)
4(9044 9069 9070 9045)
4(9069 9094 9095 9070)
4(9094 9119 9120 9095)
4(9119 9144 9145 9120)
4(9144 9169 9170 9145)
4(9169 9194 9195 9170)
4(9194 9219 9220 9195)
4(9219 9244 9245 9220)
4(9244 9269 9270 9245)
4(9269 9294 9295 9270)
4(9294 9319 9320 9295)
4(9319 9344 9345 9320)
4(9344 9369 9370 9345)
4(9369 9394 9395 9370)
4(9394 9419 9420 9395)
4(9419 9444 9445 9420)
4(9444 9469 9470 9445)
4(9469 9494 9495 9470)
4(2985 8820 8821 2986)
4(8820 8845 8846 8821)
4(8845 8870 8871 8846)
4(8870 8895 8896 8871)
4(8895 8920 8921 8896)
4(8920 8945 8946 8921)
4(8945 8970 8971 8946)
4(8970 8995 8996 8971)
4(8995 9020 9021 8996)
4(9020 9045 9046 9021)
4(9045 9070 9071 9046)
4(9070 9095 9096 9071)
4(9095 9120 9121 9096)
4(9120 9145 9146 9121)
4(9145 9170 9171 9146)
4(9170 9195 9196 9171)
4(9195 9220 9221 9196)
4(9220 9245 9246 9221)
4(9245 9270 9271 9246)
4(9270 9295 9296 9271)
4(9295 9320 9321 9296)
4(9320 9345 9346 9321)
4(9345 9370 9371 9346)
4(9370 9395 9396 9371)
4(9395 9420 9421 9396)
4(9420 9445 9446 9421)
4(9445 9470 9471 9446)
4(9470 9495 9496 9471)
4(2986 8821 8822 2987)
4(8821 8846 8847 8822)
4(8846 8871 8872 8847)
4(8871 8896 8897 8872)
4(8896 8921 8922 8897)
4(8921 8946 8947 8922)
4(8946 8971 8972 8947)
4(8971 8996 8997 8972)
4(8996 9021 9022 8997)
4(9021 9046 9047 9022)
4(9046 9071 9072 9047)
4(9071 9096 9097 9072)
4(9096 9121 9122 9097)
4(9121 9146 9147 9122)
4(9146 9171 9172 9147)
4(9171 9196 9197 9172)
4(9196 9221 9222 9197)
4(9221 9246 9247 9222)
4(9246 9271 9272 9247)
4(9271 9296 9297 9272)
4(9296 9321 9322 9297)
4(9321 9346 9347 9322)
4(9346 9371 9372 9347)
4(9371 9396 9397 9372)
4(9396 9421 9422 9397)
4(9421 9446 9447 9422)
4(9446 9471 9472 9447)
4(9471 9496 9497 9472)
4(2987 8822 8823 2988)
4(8822 8847 8848 8823)
4(8847 8872 8873 8848)
4(8872 8897 8898 8873)
4(8897 8922 8923 8898)
4(8922 8947 8948 8923)
4(8947 8972 8973 8948)
4(8972 8997 8998 8973)
4(8997 9022 9023 8998)
4(9022 9047 9048 9023)
4(9047 9072 9073 9048)
4(9072 9097 9098 9073)
4(9097 9122 9123 9098)
4(9122 9147 9148 9123)
4(9147 9172 9173 9148)
4(9172 9197 9198 9173)
4(9197 9222 9223 9198)
4(9222 9247 9248 9223)
4(9247 9272 9273 9248)
4(9272 9297 9298 9273)
4(9297 9322 9323 9298)
4(9322 9347 9348 9323)
4(9347 9372 9373 9348)
4(9372 9397 9398 9373)
4(9397 9422 9423 9398)
4(9422 9447 9448 9423)
4(9447 9472 9473 9448)
4(9472 9497 9498 9473)
4(2988 8823 8824 2989)
4(8823 8848 8849 8824)
4(8848 8873 8874 8849)
4(8873 8898 8899 8874)
4(8898 8923 8924 8899)
4(8923 8948 8949 8924)
4(8948 8973 8974 8949)
4(8973 8998 8999 8974)
4(8998 9023 9024 8999)
4(9023 9048 9049 9024)
4(9048 9073 9074 9049)
4(9073 9098 9099 9074)
4(9098 9123 9124 9099)
4(9123 9148 9149 9124)
4(9148 9173 9174 9149)
4(9173 9198 9199 9174)
4(9198 9223 9224 9199)
4(9223 9248 9249 9224)
4(9248 9273 9274 9249)
4(9273 9298 9299 9274)
4(9298 9323 9324 9299)
4(9323 9348 9349 9324)
4(9348 9373 9374 9349)
4(9373 9398 9399 9374)
4(9398 9423 9424 9399)
4(9423 9448 9449 9424)
4(9448 9473 9474 9449)
4(9473 9498 9499 9474)
4(2989 8824 8825 2990)
4(8824 8849 8850 8825)
4(8849 8874 8875 8850)
4(8874 8899 8900 8875)
4(8899 8924 8925 8900)
4(8924 8949 8950 8925)
4(8949 8974 8975 8950)
4(8974 8999 9000 8975)
4(8999 9024 9025 9000)
4(9024 9049 9050 9025)
4(9049 9074 9075 9050)
4(9074 9099 9100 9075)
4(9099 9124 9125 9100)
4(9124 9149 9150 9125)
4(9149 9174 9175 9150)
4(9174 9199 9200 9175)
4(9199 9224 9225 9200)
4(9224 9249 9250 9225)
4(9249 9274 9275 9250)
4(9274 9299 9300 9275)
4(9299 9324 9325 9300)
4(9324 9349 9350 9325)
4(9349 9374 9375 9350)
4(9374 9399 9400 9375)
4(9399 9424 9425 9400)
4(9424 9449 9450 9425)
4(9449 9474 9475 9450)
4(9474 9499 9500 9475)
4(2990 8825 8826 2991)
4(8825 8850 8851 8826)
4(8850 8875 8876 8851)
4(8875 8900 8901 8876)
4(8900 8925 8926 8901)
4(8925 8950 8951 8926)
4(8950 8975 8976 8951)
4(8975 9000 9001 8976)
4(9000 9025 9026 9001)
4(9025 9050 9051 9026)
4(9050 9075 9076 9051)
4(9075 9100 9101 9076)
4(9100 9125 9126 9101)
4(9125 9150 9151 9126)
4(9150 9175 9176 9151)
4(9175 9200 9201 9176)
4(9200 9225 9226 9201)
4(9225 9250 9251 9226)
4(9250 9275 9276 9251)
4(9275 9300 9301 9276)
4(9300 9325 9326 9301)
4(9325 9350 9351 9326)
4(9350 9375 9376 9351)
4(9375 9400 9401 9376)
4(9400 9425 9426 9401)
4(9425 9450 9451 9426)
4(9450 9475 9476 9451)
4(9475 9500 9501 9476)
4(2991 8826 10217 10202)
4(8826 8851 10233 10217)
4(8851 8876 10249 10233)
4(8876 8901 10265 10249)
4(8901 8926 10281 10265)
4(8926 8951 10297 10281)
4(8951 8976 10313 10297)
4(8976 9001 10329 10313)
4(9001 9026 10345 10329)
4(9026 9051 10361 10345)
4(9051 9076 10377 10361)
4(9076 9101 10393 10377)
4(9101 9126 10409 10393)
4(9126 9151 10425 10409)
4(9151 9176 10441 10425)
4(9176 9201 10457 10441)
4(9201 9226 10473 10457)
4(9226 9251 10489 10473)
4(9251 9276 10505 10489)
4(9276 9301 10521 10505)
4(9301 9326 10537 10521)
4(9326 9351 10553 10537)
4(9351 9376 10569 10553)
4(9376 9401 10585 10569)
4(9401 9426 10601 10585)
4(9426 9451 10617 10601)
4(9451 9476 10633 10617)
4(9476 9501 10649 10633)
4(10202 10217 10218 10203)
4(10217 10233 10234 10218)
4(10233 10249 10250 10234)
4(10249 10265 10266 10250)
4(10265 10281 10282 10266)
4(10281 10297 10298 10282)
4(10297 10313 10314 10298)
4(10313 10329 10330 10314)
4(10329 10345 10346 10330)
4(10345 10361 10362 10346)
4(10361 10377 10378 10362)
4(10377 10393 10394 10378)
4(10393 10409 10410 10394)
4(10409 10425 10426 10410)
4(10425 10441 10442 10426)
4(10441 10457 10458 10442)
4(10457 10473 10474 10458)
4(10473 10489 10490 10474)
4(10489 10505 10506 10490)
4(10505 10521 10522 10506)
4(10521 10537 10538 10522)
4(10537 10553 10554 10538)
4(10553 10569 10570 10554)
4(10569 10585 10586 10570)
4(10585 10601 10602 10586)
4(10601 10617 10618 10602)
4(10617 10633 10634 10618)
4(10633 10649 10650 10634)
4(10203 10218 10219 10204)
4(10218 10234 10235 10219)
4(10234 10250 10251 10235)
4(10250 10266 10267 10251)
4(10266 10282 10283 10267)
4(10282 10298 10299 10283)
4(10298 10314 10315 10299)
4(10314 10330 10331 10315)
4(10330 10346 10347 10331)
4(10346 10362 10363 10347)
4(10362 10378 10379 10363)
4(10378 10394 10395 10379)
4(10394 10410 10411 10395)
4(10410 10426 10427 10411)
4(10426 10442 10443 10427)
4(10442 10458 10459 10443)
4(10458 10474 10475 10459)
4(10474 10490 10491 10475)
4(10490 10506 10507 10491)
4(10506 10522 10523 10507)
4(10522 10538 10539 10523)
4(10538 10554 10555 10539)
4(10554 10570 10571 10555)
4(10570 10586 10587 10571)
4(10586 10602 10603 10587)
4(10602 10618 10619 10603)
4(10618 10634 10635 10619)
4(10634 10650 10651 10635)
4(10204 10219 10220 10205)
4(10219 10235 10236 10220)
4(10235 10251 10252 10236)
4(10251 10267 10268 10252)
4(10267 10283 10284 10268)
4(10283 10299 10300 10284)
4(10299 10315 10316 10300)
4(10315 10331 10332 10316)
4(10331 10347 10348 10332)
4(10347 10363 10364 10348)
4(10363 10379 10380 10364)
4(10379 10395 10396 10380)
4(10395 10411 10412 10396)
4(10411 10427 10428 10412)
4(10427 10443 10444 10428)
4(10443 10459 10460 10444)
4(10459 10475 10476 10460)
4(10475 10491 10492 10476)
4(10491 10507 10508 10492)
4(10507 10523 10524 10508)
4(10523 10539 10540 10524)
4(10539 10555 10556 10540)
4(10555 10571 10572 10556)
4(10571 10587 10588 10572)
4(10587 10603 10604 10588)
4(10603 10619 10620 10604)
4(10619 10635 10636 10620)
4(10635 10651 10652 10636)
4(10205 10220 10221 10206)
4(10220 10236 10237 10221)
4(10236 10252 10253 10237)
4(10252 10268 10269 10253)
4(10268 10284 10285 10269)
4(10284 10300 10301 10285)
4(10300 10316 10317 10301)
4(10316 10332 10333 10317)
4(10332 10348 10349 10333)
4(10348 10364 10365 10349)
4(10364 10380 10381 10365)
4(10380 10396 10397 10381)
4(10396 10412 10413 10397)
4(10412 10428 10429 10413)
4(10428 10444 10445 10429)
4(10444 10460 10461 10445)
4(10460 10476 10477 10461)
4(10476 10492 10493 10477)
4(10492 10508 10509 10493)
4(10508 10524 10525 10509)
4(10524 10540 10541 10525)
4(10540 10556 10557 10541)
4(10556 10572 10573 10557)
4(10572 10588 10589 10573)
4(10588 10604 10605 10589)
4(10604 10620 10621 10605)
4(10620 10636 10637 10621)
4(10636 10652 10653 10637)
4(10206 10221 10222 10207)
4(10221 10237 10238 10222)
4(10237 10253 10254 10238)
4(10253 10269 10270 10254)
4(10269 10285 10286 10270)
4(10285 10301 10302 10286)
4(10301 10317 10318 10302)
4(10317 10333 10334 10318)
4(10333 10349 10350 10334)
4(10349 10365 10366 10350)
4(10365 10381 10382 10366)
4(10381 10397 10398 10382)
4(10397 10413 10414 10398)
4(10413 10429 10430 10414)
4(10429 10445 10446 10430)
4(10445 10461 10462 10446)
4(10461 10477 10478 10462)
4(10477 10493 10494 10478)
4(10493 10509 10510 10494)
4(10509 10525 10526 10510)
4(10525 10541 10542 10526)
4(10541 10557 10558 10542)
4(10557 10573 10574 10558)
4(10573 10589 10590 10574)
4(10589 10605 10606 10590)
4(10605 10621 10622 10606)
4(10621 10637 10638 10622)
4(10637 10653 10654 10638)
4(10207 10222 10223 10208)
4(10222 10238 10239 10223)
4(10238 10254 10255 10239)
4(10254 10270 10271 10255)
4(10270 10286 10287 10271)
4(10286 10302 10303 10287)
4(10302 10318 10319 10303)
4(10318 10334 10335 10319)
4(10334 10350 10351 10335)
4(10350 10366 10367 10351)
4(10366 10382 10383 10367)
4(10382 10398 10399 10383)
4(10398 10414 10415 10399)
4(10414 10430 10431 10415)
4(10430 10446 10447 10431)
4(10446 10462 10463 10447)
4(10462 10478 10479 10463)
4(10478 10494 10495 10479)
4(10494 10510 10511 10495)
4(10510 10526 10527 10511)
4(10526 10542 10543 10527)
4(10542 10558 10559 10543)
4(10558 10574 10575 10559)
4(10574 10590 10591 10575)
4(10590 10606 10607 10591)
4(10606 10622 10623 10607)
4(10622 10638 10639 10623)
4(10638 10654 10655 10639)
4(10208 10223 10224 10209)
4(10223 10239 10240 10224)
4(10239 10255 10256 10240)
4(10255 10271 10272 10256)
4(10271 10287 10288 10272)
4(10287 10303 10304 10288)
4(10303 10319 10320 10304)
4(10319 10335 10336 10320)
4(10335 10351 10352 10336)
4(10351 10367 10368 10352)
4(10367 10383 10384 10368)
4(10383 10399 10400 10384)
4(10399 10415 10416 10400)
4(10415 10431 10432 10416)
4(10431 10447 10448 10432)
4(10447 10463 10464 10448)
4(10463 10479 10480 10464)
4(10479 10495 10496 10480)
4(10495 10511 10512 10496)
4(10511 10527 10528 10512)
4(10527 10543 10544 10528)
4(10543 10559 10560 10544)
4(10559 10575 10576 10560)
4(10575 10591 10592 10576)
4(10591 10607 10608 10592)
4(10607 10623 10624 10608)
4(10623 10639 10640 10624)
4(10639 10655 10656 10640)
4(10209 10224 10225 10210)
4(10224 10240 10241 10225)
4(10240 10256 10257 10241)
4(10256 10272 10273 10257)
4(10272 10288 10289 10273)
4(10288 10304 10305 10289)
4(10304 10320 10321 10305)
4(10320 10336 10337 10321)
4(10336 10352 10353 10337)
4(10352 10368 10369 10353)
4(10368 10384 10385 10369)
4(10384 10400 10401 10385)
4(10400 10416 10417 10401)
4(10416 10432 10433 10417)
4(10432 10448 10449 10433)
4(10448 10464 10465 10449)
4(10464 10480 10481 10465)
4(10480 10496 10497 10481)
4(10496 10512 10513 10497)
4(10512 10528 10529 10513)
4(10528 10544 10545 10529)
4(10544 10560 10561 10545)
4(10560 10576 10577 10561)
4(10576 10592 10593 10577)
4(10592 10608 10609 10593)
4(10608 10624 10625 10609)
4(10624 10640 10641 10625)
4(10640 10656 10657 10641)
4(10210 10225 10226 10211)
4(10225 10241 10242 10226)
4(10241 10257 10258 10242)
4(10257 10273 10274 10258)
4(10273 10289 10290 10274)
4(10289 10305 10306 10290)
4(10305 10321 10322 10306)
4(10321 10337 10338 10322)
4(10337 10353 10354 10338)
4(10353 10369 10370 10354)
4(10369 10385 10386 10370)
4(10385 10401 10402 10386)
4(10401 10417 10418 10402)
4(10417 10433 10434 10418)
4(10433 10449 10450 10434)
4(10449 10465 10466 10450)
4(10465 10481 10482 10466)
4(10481 10497 10498 10482)
4(10497 10513 10514 10498)
4(10513 10529 10530 10514)
4(10529 10545 10546 10530)
4(10545 10561 10562 10546)
4(10561 10577 10578 10562)
4(10577 10593 10594 10578)
4(10593 10609 10610 10594)
4(10609 10625 10626 10610)
4(10625 10641 10642 10626)
4(10641 10657 10658 10642)
4(10211 10226 10227 10212)
4(10226 10242 10243 10227)
4(10242 10258 10259 10243)
4(10258 10274 10275 10259)
4(10274 10290 10291 10275)
4(10290 10306 10307 10291)
4(10306 10322 10323 10307)
4(10322 10338 10339 10323)
4(10338 10354 10355 10339)
4(10354 10370 10371 10355)
4(10370 10386 10387 10371)
4(10386 10402 10403 10387)
4(10402 10418 10419 10403)
4(10418 10434 10435 10419)
4(10434 10450 10451 10435)
4(10450 10466 10467 10451)
4(10466 10482 10483 10467)
4(10482 10498 10499 10483)
4(10498 10514 10515 10499)
4(10514 10530 10531 10515)
4(10530 10546 10547 10531)
4(10546 10562 10563 10547)
4(10562 10578 10579 10563)
4(10578 10594 10595 10579)
4(10594 10610 10611 10595)
4(10610 10626 10627 10611)
4(10626 10642 10643 10627)
4(10642 10658 10659 10643)
4(10212 10227 10228 10213)
4(10227 10243 10244 10228)
4(10243 10259 10260 10244)
4(10259 10275 10276 10260)
4(10275 10291 10292 10276)
4(10291 10307 10308 10292)
4(10307 10323 10324 10308)
4(10323 10339 10340 10324)
4(10339 10355 10356 10340)
4(10355 10371 10372 10356)
4(10371 10387 10388 10372)
4(10387 10403 10404 10388)
4(10403 10419 10420 10404)
4(10419 10435 10436 10420)
4(10435 10451 10452 10436)
4(10451 10467 10468 10452)
4(10467 10483 10484 10468)
4(10483 10499 10500 10484)
4(10499 10515 10516 10500)
4(10515 10531 10532 10516)
4(10531 10547 10548 10532)
4(10547 10563 10564 10548)
4(10563 10579 10580 10564)
4(10579 10595 10596 10580)
4(10595 10611 10612 10596)
4(10611 10627 10628 10612)
4(10627 10643 10644 10628)
4(10643 10659 10660 10644)
4(10213 10228 10229 10214)
4(10228 10244 10245 10229)
4(10244 10260 10261 10245)
4(10260 10276 10277 10261)
4(10276 10292 10293 10277)
4(10292 10308 10309 10293)
4(10308 10324 10325 10309)
4(10324 10340 10341 10325)
4(10340 10356 10357 10341)
4(10356 10372 10373 10357)
4(10372 10388 10389 10373)
4(10388 10404 10405 10389)
4(10404 10420 10421 10405)
4(10420 10436 10437 10421)
4(10436 10452 10453 10437)
4(10452 10468 10469 10453)
4(10468 10484 10485 10469)
4(10484 10500 10501 10485)
4(10500 10516 10517 10501)
4(10516 10532 10533 10517)
4(10532 10548 10549 10533)
4(10548 10564 10565 10549)
4(10564 10580 10581 10565)
4(10580 10596 10597 10581)
4(10596 10612 10613 10597)
4(10612 10628 10629 10613)
4(10628 10644 10645 10629)
4(10644 10660 10661 10645)
4(10214 10229 10230 10215)
4(10229 10245 10246 10230)
4(10245 10261 10262 10246)
4(10261 10277 10278 10262)
4(10277 10293 10294 10278)
4(10293 10309 10310 10294)
4(10309 10325 10326 10310)
4(10325 10341 10342 10326)
4(10341 10357 10358 10342)
4(10357 10373 10374 10358)
4(10373 10389 10390 10374)
4(10389 10405 10406 10390)
4(10405 10421 10422 10406)
4(10421 10437 10438 10422)
4(10437 10453 10454 10438)
4(10453 10469 10470 10454)
4(10469 10485 10486 10470)
4(10485 10501 10502 10486)
4(10501 10517 10518 10502)
4(10517 10533 10534 10518)
4(10533 10549 10550 10534)
4(10549 10565 10566 10550)
4(10565 10581 10582 10566)
4(10581 10597 10598 10582)
4(10597 10613 10614 10598)
4(10613 10629 10630 10614)
4(10629 10645 10646 10630)
4(10645 10661 10662 10646)
4(10215 10230 10231 10216)
4(10230 10246 10247 10231)
4(10246 10262 10263 10247)
4(10262 10278 10279 10263)
4(10278 10294 10295 10279)
4(10294 10310 10311 10295)
4(10310 10326 10327 10311)
4(10326 10342 10343 10327)
4(10342 10358 10359 10343)
4(10358 10374 10375 10359)
4(10374 10390 10391 10375)
4(10390 10406 10407 10391)
4(10406 10422 10423 10407)
4(10422 10438 10439 10423)
4(10438 10454 10455 10439)
4(10454 10470 10471 10455)
4(10470 10486 10487 10471)
4(10486 10502 10503 10487)
4(10502 10518 10519 10503)
4(10518 10534 10535 10519)
4(10534 10550 10551 10535)
4(10550 10566 10567 10551)
4(10566 10582 10583 10567)
4(10582 10598 10599 10583)
4(10598 10614 10615 10599)
4(10614 10630 10631 10615)
4(10630 10646 10647 10631)
4(10646 10662 10663 10647)
4(10216 10231 10232 6743)
4(10231 10247 10248 10232)
4(10247 10263 10264 10248)
4(10263 10279 10280 10264)
4(10279 10295 10296 10280)
4(10295 10311 10312 10296)
4(10311 10327 10328 10312)
4(10327 10343 10344 10328)
4(10343 10359 10360 10344)
4(10359 10375 10376 10360)
4(10375 10391 10392 10376)
4(10391 10407 10408 10392)
4(10407 10423 10424 10408)
4(10423 10439 10440 10424)
4(10439 10455 10456 10440)
4(10455 10471 10472 10456)
4(10471 10487 10488 10472)
4(10487 10503 10504 10488)
4(10503 10519 10520 10504)
4(10519 10535 10536 10520)
4(10535 10551 10552 10536)
4(10551 10567 10568 10552)
4(10567 10583 10584 10568)
4(10583 10599 10600 10584)
4(10599 10615 10616 10600)
4(10615 10631 10632 10616)
4(10631 10647 10648 10632)
4(10647 10663 10664 10648)
4(6743 10232 11128 6744)
4(10232 10248 11156 11128)
4(10248 10264 11184 11156)
4(10264 10280 11212 11184)
4(10280 10296 11240 11212)
4(10296 10312 11268 11240)
4(10312 10328 11296 11268)
4(10328 10344 11324 11296)
4(10344 10360 11352 11324)
4(10360 10376 11380 11352)
4(10376 10392 11408 11380)
4(10392 10408 11436 11408)
4(10408 10424 11464 11436)
4(10424 10440 11492 11464)
4(10440 10456 11520 11492)
4(10456 10472 11548 11520)
4(10472 10488 11576 11548)
4(10488 10504 11604 11576)
4(10504 10520 11632 11604)
4(10520 10536 11660 11632)
4(10536 10552 11688 11660)
4(10552 10568 11716 11688)
4(10568 10584 11744 11716)
4(10584 10600 11772 11744)
4(10600 10616 11800 11772)
4(10616 10632 11828 11800)
4(10632 10648 11856 11828)
4(10648 10664 11884 11856)
4(6744 11128 11129 6745)
4(11128 11156 11157 11129)
4(11156 11184 11185 11157)
4(11184 11212 11213 11185)
4(11212 11240 11241 11213)
4(11240 11268 11269 11241)
4(11268 11296 11297 11269)
4(11296 11324 11325 11297)
4(11324 11352 11353 11325)
4(11352 11380 11381 11353)
4(11380 11408 11409 11381)
4(11408 11436 11437 11409)
4(11436 11464 11465 11437)
4(11464 11492 11493 11465)
4(11492 11520 11521 11493)
4(11520 11548 11549 11521)
4(11548 11576 11577 11549)
4(11576 11604 11605 11577)
4(11604 11632 11633 11605)
4(11632 11660 11661 11633)
4(11660 11688 11689 11661)
4(11688 11716 11717 11689)
4(11716 11744 11745 11717)
4(11744 11772 11773 11745)
4(11772 11800 11801 11773)
4(11800 11828 11829 11801)
4(11828 11856 11857 11829)
4(11856 11884 11885 11857)
4(6745 11129 11130 6746)
4(11129 11157 11158 11130)
4(11157 11185 11186 11158)
4(11185 11213 11214 11186)
4(11213 11241 11242 11214)
4(11241 11269 11270 11242)
4(11269 11297 11298 11270)
4(11297 11325 11326 11298)
4(11325 11353 11354 11326)
4(11353 11381 11382 11354)
4(11381 11409 11410 11382)
4(11409 11437 11438 11410)
4(11437 11465 11466 11438)
4(11465 11493 11494 11466)
4(11493 11521 11522 11494)
4(11521 11549 11550 11522)
4(11549 11577 11578 11550)
4(11577 11605 11606 11578)
4(11605 11633 11634 11606)
4(11633 11661 11662 11634)
4(11661 11689 11690 11662)
4(11689 11717 11718 11690)
4(11717 11745 11746 11718)
4(11745 11773 11774 11746)
4(11773 11801 11802 11774)
4(11801 11829 11830 11802)
4(11829 11857 11858 11830)
4(11857 11885 11886 11858)
4(6746 11130 11131 6747)
4(11130 11158 11159 11131)
4(11158 11186 11187 11159)
4(11186 11214 11215 11187)
4(11214 11242 11243 11215)
4(11242 11270 11271 11243)
4(11270 11298 11299 11271)
4(11298 11326 11327 11299)
4(11326 11354 11355 11327)
4(11354 11382 11383 11355)
4(11382 11410 11411 11383)
4(11410 11438 11439 11411)
4(11438 11466 11467 11439)
4(11466 11494 11495 11467)
4(11494 11522 11523 11495)
4(11522 11550 11551 11523)
4(11550 11578 11579 11551)
4(11578 11606 11607 11579)
4(11606 11634 11635 11607)
4(11634 11662 11663 11635)
4(11662 11690 11691 11663)
4(11690 11718 11719 11691)
4(11718 11746 11747 11719)
4(11746 11774 11775 11747)
4(11774 11802 11803 11775)
4(11802 11830 11831 11803)
4(11830 11858 11859 11831)
4(11858 11886 11887 11859)
4(6747 11131 11132 6748)
4(11131 11159 11160 11132)
4(11159 11187 11188 11160)
4(11187 11215 11216 11188)
4(11215 11243 11244 11216)
4(11243 11271 11272 11244)
4(11271 11299 11300 11272)
4(11299 11327 11328 11300)
4(11327 11355 11356 11328)
4(11355 11383 11384 11356)
4(11383 11411 11412 11384)
4(11411 11439 11440 11412)
4(11439 11467 11468 11440)
4(11467 11495 11496 11468)
4(11495 11523 11524 11496)
4(11523 11551 11552 11524)
4(11551 11579 11580 11552)
4(11579 11607 11608 11580)
4(11607 11635 11636 11608)
4(11635 11663 11664 11636)
4(11663 11691 11692 11664)
4(11691 11719 11720 11692)
4(11719 11747 11748 11720)
4(11747 11775 11776 11748)
4(11775 11803 11804 11776)
4(11803 11831 11832 11804)
4(11831 11859 11860 11832)
4(11859 11887 11888 11860)
4(6748 11132 11133 6749)
4(11132 11160 11161 11133)
4(11160 11188 11189 11161)
4(11188 11216 11217 11189)
4(11216 11244 11245 11217)
4(11244 11272 11273 11245)
4(11272 11300 11301 11273)
4(11300 11328 11329 11301)
4(11328 11356 11357 11329)
4(11356 11384 11385 11357)
4(11384 11412 11413 11385)
4(11412 11440 11441 11413)
4(11440 11468 11469 11441)
4(11468 11496 11497 11469)
4(11496 11524 11525 11497)
4(11524 11552 11553 11525)
4(11552 11580 11581 11553)
4(11580 11608 11609 11581)
4(11608 11636 11637 11609)
4(11636 11664 11665 11637)
4(11664 11692 11693 11665)
4(11692 11720 11721 11693)
4(11720 11748 11749 11721)
4(11748 11776 11777 11749)
4(11776 11804 11805 11777)
4(11804 11832 11833 11805)
4(11832 11860 11861 11833)
4(11860 11888 11889 11861)
4(6749 11133 11134 6750)
4(11133 11161 11162 11134)
4(11161 11189 11190 11162)
4(11189 11217 11218 11190)
4(11217 11245 11246 11218)
4(11245 11273 11274 11246)
4(11273 11301 11302 11274)
4(11301 11329 11330 11302)
4(11329 11357 11358 11330)
4(11357 11385 11386 11358)
4(11385 11413 11414 11386)
4(11413 11441 11442 11414)
4(11441 11469 11470 11442)
4(11469 11497 11498 11470)
4(11497 11525 11526 11498)
4(11525 11553 11554 11526)
4(11553 11581 11582 11554)
4(11581 11609 11610 11582)
4(11609 11637 11638 11610)
4(11637 11665 11666 11638)
4(11665 11693 11694 11666)
4(11693 11721 11722 11694)
4(11721 11749 11750 11722)
4(11749 11777 11778 11750)
4(11777 11805 11806 11778)
4(11805 11833 11834 11806)
4(11833 11861 11862 11834)
4(11861 11889 11890 11862)
4(6750 11134 11135 6751)
4(11134 11162 11163 11135)
4(11162 11190 11191 11163)
4(11190 11218 11219 11191)
4(11218 11246 11247 11219)
4(11246 11274 11275 11247)
4(11274 11302 11303 11275)
4(11302 11330 11331 11303)
4(11330 11358 11359 11331)
4(11358 11386 11387 11359)
4(11386 11414 11415 11387)
4(11414 11442 11443 11415)
4(11442 11470 11471 11443)
4(11470 11498 11499 11471)
4(11498 11526 11527 11499)
4(11526 11554 11555 11527)
4(11554 11582 11583 11555)
4(11582 11610 11611 11583)
4(11610 11638 11639 11611)
4(11638 11666 11667 11639)
4(11666 11694 11695 11667)
4(11694 11722 11723 11695)
4(11722 11750 11751 11723)
4(11750 11778 11779 11751)
4(11778 11806 11807 11779)
4(11806 11834 11835 11807)
4(11834 11862 11863 11835)
4(11862 11890 11891 11863)
4(6751 11135 11136 6752)
4(11135 11163 11164 11136)
4(11163 11191 11192 11164)
4(11191 11219 11220 11192)
4(11219 11247 11248 11220)
4(11247 11275 11276 11248)
4(11275 11303 11304 11276)
4(11303 11331 11332 11304)
4(11331 11359 11360 11332)
4(11359 11387 11388 11360)
4(11387 11415 11416 11388)
4(11415 11443 11444 11416)
4(11443 11471 11472 11444)
4(11471 11499 11500 11472)
4(11499 11527 11528 11500)
4(11527 11555 11556 11528)
4(11555 11583 11584 11556)
4(11583 11611 11612 11584)
4(11611 11639 11640 11612)
4(11639 11667 11668 11640)
4(11667 11695 11696 11668)
4(11695 11723 11724 11696)
4(11723 11751 11752 11724)
4(11751 11779 11780 11752)
4(11779 11807 11808 11780)
4(11807 11835 11836 11808)
4(11835 11863 11864 11836)
4(11863 11891 11892 11864)
4(6752 11136 11137 6753)
4(11136 11164 11165 11137)
4(11164 11192 11193 11165)
4(11192 11220 11221 11193)
4(11220 11248 11249 11221)
4(11248 11276 11277 11249)
4(11276 11304 11305 11277)
4(11304 11332 11333 11305)
4(11332 11360 11361 11333)
4(11360 11388 11389 11361)
4(11388 11416 11417 11389)
4(11416 11444 11445 11417)
4(11444 11472 11473 11445)
4(11472 11500 11501 11473)
4(11500 11528 11529 11501)
4(11528 11556 11557 11529)
4(11556 11584 11585 11557)
4(11584 11612 11613 11585)
4(11612 11640 11641 11613)
4(11640 11668 11669 11641)
4(11668 11696 11697 11669)
4(11696 11724 11725 11697)
4(11724 11752 11753 11725)
4(11752 11780 11781 11753)
4(11780 11808 11809 11781)
4(11808 11836 11837 11809)
4(11836 11864 11865 11837)
4(11864 11892 11893 11865)
4(6753 11137 11138 6754)
4(11137 11165 11166 11138)
4(11165 11193 11194 11166)
4(11193 11221 11222 11194)
4(11221 11249 11250 11222)
4(11249 11277 11278 11250)
4(11277 11305 11306 11278)
4(11305 11333 11334 11306)
4(11333 11361 11362 11334)
4(11361 11389 11390 11362)
4(11389 11417 11418 11390)
4(11417 11445 11446 11418)
4(11445 11473 11474 11446)
4(11473 11501 11502 11474)
4(11501 11529 11530 11502)
4(11529 11557 11558 11530)
4(11557 11585 11586 11558)
4(11585 11613 11614 11586)
4(11613 11641 11642 11614)
4(11641 11669 11670 11642)
4(11669 11697 11698 11670)
4(11697 11725 11726 11698)
4(11725 11753 11754 11726)
4(11753 11781 11782 11754)
4(11781 11809 11810 11782)
4(11809 11837 11838 11810)
4(11837 11865 11866 11838)
4(11865 11893 11894 11866)
4(6754 11138 11139 6755)
4(11138 11166 11167 11139)
4(11166 11194 11195 11167)
4(11194 11222 11223 11195)
4(11222 11250 11251 11223)
4(11250 11278 11279 11251)
4(11278 11306 11307 11279)
4(11306 11334 11335 11307)
4(11334 11362 11363 11335)
4(11362 11390 11391 11363)
4(11390 11418 11419 11391)
4(11418 11446 11447 11419)
4(11446 11474 11475 11447)
4(11474 11502 11503 11475)
4(11502 11530 11531 11503)
4(11530 11558 11559 11531)
4(11558 11586 11587 11559)
4(11586 11614 11615 11587)
4(11614 11642 11643 11615)
4(11642 11670 11671 11643)
4(11670 11698 11699 11671)
4(11698 11726 11727 11699)
4(11726 11754 11755 11727)
4(11754 11782 11783 11755)
4(11782 11810 11811 11783)
4(11810 11838 11839 11811)
4(11838 11866 11867 11839)
4(11866 11894 11895 11867)
4(6755 11139 11140 6756)
4(11139 11167 11168 11140)
4(11167 11195 11196 11168)
4(11195 11223 11224 11196)
4(11223 11251 11252 11224)
4(11251 11279 11280 11252)
4(11279 11307 11308 11280)
4(11307 11335 11336 11308)
4(11335 11363 11364 11336)
4(11363 11391 11392 11364)
4(11391 11419 11420 11392)
4(11419 11447 11448 11420)
4(11447 11475 11476 11448)
4(11475 11503 11504 11476)
4(11503 11531 11532 11504)
4(11531 11559 11560 11532)
4(11559 11587 11588 11560)
4(11587 11615 11616 11588)
4(11615 11643 11644 11616)
4(11643 11671 11672 11644)
4(11671 11699 11700 11672)
4(11699 11727 11728 11700)
4(11727 11755 11756 11728)
4(11755 11783 11784 11756)
4(11783 11811 11812 11784)
4(11811 11839 11840 11812)
4(11839 11867 11868 11840)
4(11867 11895 11896 11868)
4(6756 11140 11141 6757)
4(11140 11168 11169 11141)
4(11168 11196 11197 11169)
4(11196 11224 11225 11197)
4(11224 11252 11253 11225)
4(11252 11280 11281 11253)
4(11280 11308 11309 11281)
4(11308 11336 11337 11309)
4(11336 11364 11365 11337)
4(11364 11392 11393 11365)
4(11392 11420 11421 11393)
4(11420 11448 11449 11421)
4(11448 11476 11477 11449)
4(11476 11504 11505 11477)
4(11504 11532 11533 11505)
4(11532 11560 11561 11533)
4(11560 11588 11589 11561)
4(11588 11616 11617 11589)
4(11616 11644 11645 11617)
4(11644 11672 11673 11645)
4(11672 11700 11701 11673)
4(11700 11728 11729 11701)
4(11728 11756 11757 11729)
4(11756 11784 11785 11757)
4(11784 11812 11813 11785)
4(11812 11840 11841 11813)
4(11840 11868 11869 11841)
4(11868 11896 11897 11869)
4(6757 11141 11142 6758)
4(11141 11169 11170 11142)
4(11169 11197 11198 11170)
4(11197 11225 11226 11198)
4(11225 11253 11254 11226)
4(11253 11281 11282 11254)
4(11281 11309 11310 11282)
4(11309 11337 11338 11310)
4(11337 11365 11366 11338)
4(11365 11393 11394 11366)
4(11393 11421 11422 11394)
4(11421 11449 11450 11422)
4(11449 11477 11478 11450)
4(11477 11505 11506 11478)
4(11505 11533 11534 11506)
4(11533 11561 11562 11534)
4(11561 11589 11590 11562)
4(11589 11617 11618 11590)
4(11617 11645 11646 11618)
4(11645 11673 11674 11646)
4(11673 11701 11702 11674)
4(11701 11729 11730 11702)
4(11729 11757 11758 11730)
4(11757 11785 11786 11758)
4(11785 11813 11814 11786)
4(11813 11841 11842 11814)
4(11841 11869 11870 11842)
4(11869 11897 11898 11870)
4(6758 11142 11143 6759)
4(11142 11170 11171 11143)
4(11170 11198 11199 11171)
4(11198 11226 11227 11199)
4(11226 11254 11255 11227)
4(11254 11282 11283 11255)
4(11282 11310 11311 11283)
4(11310 11338 11339 11311)
4(11338 11366 11367 11339)
4(11366 11394 11395 11367)
4(11394 11422 11423 11395)
4(11422 11450 11451 11423)
4(11450 11478 11479 11451)
4(11478 11506 11507 11479)
4(11506 11534 11535 11507)
4(11534 11562 11563 11535)
4(11562 11590 11591 11563)
4(11590 11618 11619 11591)
4(11618 11646 11647 11619)
4(11646 11674 11675 11647)
4(11674 11702 11703 11675)
4(11702 11730 11731 11703)
4(11730 11758 11759 11731)
4(11758 11786 11787 11759)
4(11786 11814 11815 11787)
4(11814 11842 11843 11815)
4(11842 11870 11871 11843)
4(11870 11898 11899 11871)
4(6759 11143 11144 6760)
4(11143 11171 11172 11144)
4(11171 11199 11200 11172)
4(11199 11227 11228 11200)
4(11227 11255 11256 11228)
4(11255 11283 11284 11256)
4(11283 11311 11312 11284)
4(11311 11339 11340 11312)
4(11339 11367 11368 11340)
4(11367 11395 11396 11368)
4(11395 11423 11424 11396)
4(11423 11451 11452 11424)
4(11451 11479 11480 11452)
4(11479 11507 11508 11480)
4(11507 11535 11536 11508)
4(11535 11563 11564 11536)
4(11563 11591 11592 11564)
4(11591 11619 11620 11592)
4(11619 11647 11648 11620)
4(11647 11675 11676 11648)
4(11675 11703 11704 11676)
4(11703 11731 11732 11704)
4(11731 11759 11760 11732)
4(11759 11787 11788 11760)
4(11787 11815 11816 11788)
4(11815 11843 11844 11816)
4(11843 11871 11872 11844)
4(11871 11899 11900 11872)
4(6760 11144 11145 6761)
4(11144 11172 11173 11145)
4(11172 11200 11201 11173)
4(11200 11228 11229 11201)
4(11228 11256 11257 11229)
4(11256 11284 11285 11257)
4(11284 11312 11313 11285)
4(11312 11340 11341 11313)
4(11340 11368 11369 11341)
4(11368 11396 11397 11369)
4(11396 11424 11425 11397)
4(11424 11452 11453 11425)
4(11452 11480 11481 11453)
4(11480 11508 11509 11481)
4(11508 11536 11537 11509)
4(11536 11564 11565 11537)
4(11564 11592 11593 11565)
4(11592 11620 11621 11593)
4(11620 11648 11649 11621)
4(11648 11676 11677 11649)
4(11676 11704 11705 11677)
4(11704 11732 11733 11705)
4(11732 11760 11761 11733)
4(11760 11788 11789 11761)
4(11788 11816 11817 11789)
4(11816 11844 11845 11817)
4(11844 11872 11873 11845)
4(11872 11900 11901 11873)
4(6761 11145 11146 6762)
4(11145 11173 11174 11146)
4(11173 11201 11202 11174)
4(11201 11229 11230 11202)
4(11229 11257 11258 11230)
4(11257 11285 11286 11258)
4(11285 11313 11314 11286)
4(11313 11341 11342 11314)
4(11341 11369 11370 11342)
4(11369 11397 11398 11370)
4(11397 11425 11426 11398)
4(11425 11453 11454 11426)
4(11453 11481 11482 11454)
4(11481 11509 11510 11482)
4(11509 11537 11538 11510)
4(11537 11565 11566 11538)
4(11565 11593 11594 11566)
4(11593 11621 11622 11594)
4(11621 11649 11650 11622)
4(11649 11677 11678 11650)
4(11677 11705 11706 11678)
4(11705 11733 11734 11706)
4(11733 11761 11762 11734)
4(11761 11789 11790 11762)
4(11789 11817 11818 11790)
4(11817 11845 11846 11818)
4(11845 11873 11874 11846)
4(11873 11901 11902 11874)
4(6762 11146 11147 6763)
4(11146 11174 11175 11147)
4(11174 11202 11203 11175)
4(11202 11230 11231 11203)
4(11230 11258 11259 11231)
4(11258 11286 11287 11259)
4(11286 11314 11315 11287)
4(11314 11342 11343 11315)
4(11342 11370 11371 11343)
4(11370 11398 11399 11371)
4(11398 11426 11427 11399)
4(11426 11454 11455 11427)
4(11454 11482 11483 11455)
4(11482 11510 11511 11483)
4(11510 11538 11539 11511)
4(11538 11566 11567 11539)
4(11566 11594 11595 11567)
4(11594 11622 11623 11595)
4(11622 11650 11651 11623)
4(11650 11678 11679 11651)
4(11678 11706 11707 11679)
4(11706 11734 11735 11707)
4(11734 11762 11763 11735)
4(11762 11790 11791 11763)
4(11790 11818 11819 11791)
4(11818 11846 11847 11819)
4(11846 11874 11875 11847)
4(11874 11902 11903 11875)
4(6763 11147 11148 6764)
4(11147 11175 11176 11148)
4(11175 11203 11204 11176)
4(11203 11231 11232 11204)
4(11231 11259 11260 11232)
4(11259 11287 11288 11260)
4(11287 11315 11316 11288)
4(11315 11343 11344 11316)
4(11343 11371 11372 11344)
4(11371 11399 11400 11372)
4(11399 11427 11428 11400)
4(11427 11455 11456 11428)
4(11455 11483 11484 11456)
4(11483 11511 11512 11484)
4(11511 11539 11540 11512)
4(11539 11567 11568 11540)
4(11567 11595 11596 11568)
4(11595 11623 11624 11596)
4(11623 11651 11652 11624)
4(11651 11679 11680 11652)
4(11679 11707 11708 11680)
4(11707 11735 11736 11708)
4(11735 11763 11764 11736)
4(11763 11791 11792 11764)
4(11791 11819 11820 11792)
4(11819 11847 11848 11820)
4(11847 11875 11876 11848)
4(11875 11903 11904 11876)
4(6764 11148 11149 6765)
4(11148 11176 11177 11149)
4(11176 11204 11205 11177)
4(11204 11232 11233 11205)
4(11232 11260 11261 11233)
4(11260 11288 11289 11261)
4(11288 11316 11317 11289)
4(11316 11344 11345 11317)
4(11344 11372 11373 11345)
4(11372 11400 11401 11373)
4(11400 11428 11429 11401)
4(11428 11456 11457 11429)
4(11456 11484 11485 11457)
4(11484 11512 11513 11485)
4(11512 11540 11541 11513)
4(11540 11568 11569 11541)
4(11568 11596 11597 11569)
4(11596 11624 11625 11597)
4(11624 11652 11653 11625)
4(11652 11680 11681 11653)
4(11680 11708 11709 11681)
4(11708 11736 11737 11709)
4(11736 11764 11765 11737)
4(11764 11792 11793 11765)
4(11792 11820 11821 11793)
4(11820 11848 11849 11821)
4(11848 11876 11877 11849)
4(11876 11904 11905 11877)
4(6765 11149 11150 6766)
4(11149 11177 11178 11150)
4(11177 11205 11206 11178)
4(11205 11233 11234 11206)
4(11233 11261 11262 11234)
4(11261 11289 11290 11262)
4(11289 11317 11318 11290)
4(11317 11345 11346 11318)
4(11345 11373 11374 11346)
4(11373 11401 11402 11374)
4(11401 11429 11430 11402)
4(11429 11457 11458 11430)
4(11457 11485 11486 11458)
4(11485 11513 11514 11486)
4(11513 11541 11542 11514)
4(11541 11569 11570 11542)
4(11569 11597 11598 11570)
4(11597 11625 11626 11598)
4(11625 11653 11654 11626)
4(11653 11681 11682 11654)
4(11681 11709 11710 11682)
4(11709 11737 11738 11710)
4(11737 11765 11766 11738)
4(11765 11793 11794 11766)
4(11793 11821 11822 11794)
4(11821 11849 11850 11822)
4(11849 11877 11878 11850)
4(11877 11905 11906 11878)
4(6766 11150 11151 6767)
4(11150 11178 11179 11151)
4(11178 11206 11207 11179)
4(11206 11234 11235 11207)
4(11234 11262 11263 11235)
4(11262 11290 11291 11263)
4(11290 11318 11319 11291)
4(11318 11346 11347 11319)
4(11346 11374 11375 11347)
4(11374 11402 11403 11375)
4(11402 11430 11431 11403)
4(11430 11458 11459 11431)
4(11458 11486 11487 11459)
4(11486 11514 11515 11487)
4(11514 11542 11543 11515)
4(11542 11570 11571 11543)
4(11570 11598 11599 11571)
4(11598 11626 11627 11599)
4(11626 11654 11655 11627)
4(11654 11682 11683 11655)
4(11682 11710 11711 11683)
4(11710 11738 11739 11711)
4(11738 11766 11767 11739)
4(11766 11794 11795 11767)
4(11794 11822 11823 11795)
4(11822 11850 11851 11823)
4(11850 11878 11879 11851)
4(11878 11906 11907 11879)
4(6767 11151 11152 6768)
4(11151 11179 11180 11152)
4(11179 11207 11208 11180)
4(11207 11235 11236 11208)
4(11235 11263 11264 11236)
4(11263 11291 11292 11264)
4(11291 11319 11320 11292)
4(11319 11347 11348 11320)
4(11347 11375 11376 11348)
4(11375 11403 11404 11376)
4(11403 11431 11432 11404)
4(11431 11459 11460 11432)
4(11459 11487 11488 11460)
4(11487 11515 11516 11488)
4(11515 11543 11544 11516)
4(11543 11571 11572 11544)
4(11571 11599 11600 11572)
4(11599 11627 11628 11600)
4(11627 11655 11656 11628)
4(11655 11683 11684 11656)
4(11683 11711 11712 11684)
4(11711 11739 11740 11712)
4(11739 11767 11768 11740)
4(11767 11795 11796 11768)
4(11795 11823 11824 11796)
4(11823 11851 11852 11824)
4(11851 11879 11880 11852)
4(11879 11907 11908 11880)
4(6768 11152 11153 6769)
4(11152 11180 11181 11153)
4(11180 11208 11209 11181)
4(11208 11236 11237 11209)
4(11236 11264 11265 11237)
4(11264 11292 11293 11265)
4(11292 11320 11321 11293)
4(11320 11348 11349 11321)
4(11348 11376 11377 11349)
4(11376 11404 11405 11377)
4(11404 11432 11433 11405)
4(11432 11460 11461 11433)
4(11460 11488 11489 11461)
4(11488 11516 11517 11489)
4(11516 11544 11545 11517)
4(11544 11572 11573 11545)
4(11572 11600 11601 11573)
4(11600 11628 11629 11601)
4(11628 11656 11657 11629)
4(11656 11684 11685 11657)
4(11684 11712 11713 11685)
4(11712 11740 11741 11713)
4(11740 11768 11769 11741)
4(11768 11796 11797 11769)
4(11796 11824 11825 11797)
4(11824 11852 11853 11825)
4(11852 11880 11881 11853)
4(11880 11908 11909 11881)
4(6769 11153 11154 6770)
4(11153 11181 11182 11154)
4(11181 11209 11210 11182)
4(11209 11237 11238 11210)
4(11237 11265 11266 11238)
4(11265 11293 11294 11266)
4(11293 11321 11322 11294)
4(11321 11349 11350 11322)
4(11349 11377 11378 11350)
4(11377 11405 11406 11378)
4(11405 11433 11434 11406)
4(11433 11461 11462 11434)
4(11461 11489 11490 11462)
4(11489 11517 11518 11490)
4(11517 11545 11546 11518)
4(11545 11573 11574 11546)
4(11573 11601 11602 11574)
4(11601 11629 11630 11602)
4(11629 11657 11658 11630)
4(11657 11685 11686 11658)
4(11685 11713 11714 11686)
4(11713 11741 11742 11714)
4(11741 11769 11770 11742)
4(11769 11797 11798 11770)
4(11797 11825 11826 11798)
4(11825 11853 11854 11826)
4(11853 11881 11882 11854)
4(11881 11909 11910 11882)
4(6770 11154 11155 6771)
4(11154 11182 11183 11155)
4(11182 11210 11211 11183)
4(11210 11238 11239 11211)
4(11238 11266 11267 11239)
4(11266 11294 11295 11267)
4(11294 11322 11323 11295)
4(11322 11350 11351 11323)
4(11350 11378 11379 11351)
4(11378 11406 11407 11379)
4(11406 11434 11435 11407)
4(11434 11462 11463 11435)
4(11462 11490 11491 11463)
4(11490 11518 11519 11491)
4(11518 11546 11547 11519)
4(11546 11574 11575 11547)
4(11574 11602 11603 11575)
4(11602 11630 11631 11603)
4(11630 11658 11659 11631)
4(11658 11686 11687 11659)
4(11686 11714 11715 11687)
4(11714 11742 11743 11715)
4(11742 11770 11771 11743)
4(11770 11798 11799 11771)
4(11798 11826 11827 11799)
4(11826 11854 11855 11827)
4(11854 11882 11883 11855)
4(11882 11910 11911 11883)
4(225 226 251 250)
4(250 251 276 275)
4(275 276 301 300)
4(300 301 326 325)
4(325 326 351 350)
4(350 351 376 375)
4(375 376 401 400)
4(400 401 426 425)
4(226 227 252 251)
4(251 252 277 276)
4(276 277 302 301)
4(301 302 327 326)
4(326 327 352 351)
4(351 352 377 376)
4(376 377 402 401)
4(401 402 427 426)
4(227 228 253 252)
4(252 253 278 277)
4(277 278 303 302)
4(302 303 328 327)
4(327 328 353 352)
4(352 353 378 377)
4(377 378 403 402)
4(402 403 428 427)
4(228 229 254 253)
4(253 254 279 278)
4(278 279 304 303)
4(303 304 329 328)
4(328 329 354 353)
4(353 354 379 378)
4(378 379 404 403)
4(403 404 429 428)
4(229 230 255 254)
4(254 255 280 279)
4(279 280 305 304)
4(304 305 330 329)
4(329 330 355 354)
4(354 355 380 379)
4(379 380 405 404)
4(404 405 430 429)
4(230 231 256 255)
4(255 256 281 280)
4(280 281 306 305)
4(305 306 331 330)
4(330 331 356 355)
4(355 356 381 380)
4(380 381 406 405)
4(405 406 431 430)
4(231 232 257 256)
4(256 257 282 281)
4(281 282 307 306)
4(306 307 332 331)
4(331 332 357 356)
4(356 357 382 381)
4(381 382 407 406)
4(406 407 432 431)
4(232 233 258 257)
4(257 258 283 282)
4(282 283 308 307)
4(307 308 333 332)
4(332 333 358 357)
4(357 358 383 382)
4(382 383 408 407)
4(407 408 433 432)
4(233 234 259 258)
4(258 259 284 283)
4(283 284 309 308)
4(308 309 334 333)
4(333 334 359 358)
4(358 359 384 383)
4(383 384 409 408)
4(408 409 434 433)
4(234 235 260 259)
4(259 260 285 284)
4(284 285 310 309)
4(309 310 335 334)
4(334 335 360 359)
4(359 360 385 384)
4(384 385 410 409)
4(409 410 435 434)
4(235 236 261 260)
4(260 261 286 285)
4(285 286 311 310)
4(310 311 336 335)
4(335 336 361 360)
4(360 361 386 385)
4(385 386 411 410)
4(410 411 436 435)
4(236 237 262 261)
4(261 262 287 286)
4(286 287 312 311)
4(311 312 337 336)
4(336 337 362 361)
4(361 362 387 386)
4(386 387 412 411)
4(411 412 437 436)
4(237 238 263 262)
4(262 263 288 287)
4(287 288 313 312)
4(312 313 338 337)
4(337 338 363 362)
4(362 363 388 387)
4(387 388 413 412)
4(412 413 438 437)
4(238 239 264 263)
4(263 264 289 288)
4(288 289 314 313)
4(313 314 339 338)
4(338 339 364 363)
4(363 364 389 388)
4(388 389 414 413)
4(413 414 439 438)
4(239 240 265 264)
4(264 265 290 289)
4(289 290 315 314)
4(314 315 340 339)
4(339 340 365 364)
4(364 365 390 389)
4(389 390 415 414)
4(414 415 440 439)
4(240 241 266 265)
4(265 266 291 290)
4(290 291 316 315)
4(315 316 341 340)
4(340 341 366 365)
4(365 366 391 390)
4(390 391 416 415)
4(415 416 441 440)
4(241 242 267 266)
4(266 267 292 291)
4(291 292 317 316)
4(316 317 342 341)
4(341 342 367 366)
4(366 367 392 391)
4(391 392 417 416)
4(416 417 442 441)
4(242 243 268 267)
4(267 268 293 292)
4(292 293 318 317)
4(317 318 343 342)
4(342 343 368 367)
4(367 368 393 392)
4(392 393 418 417)
4(417 418 443 442)
4(243 244 269 268)
4(268 269 294 293)
4(293 294 319 318)
4(318 319 344 343)
4(343 344 369 368)
4(368 369 394 393)
4(393 394 419 418)
4(418 419 444 443)
4(244 245 270 269)
4(269 270 295 294)
4(294 295 320 319)
4(319 320 345 344)
4(344 345 370 369)
4(369 370 395 394)
4(394 395 420 419)
4(419 420 445 444)
4(245 246 271 270)
4(270 271 296 295)
4(295 296 321 320)
4(320 321 346 345)
4(345 346 371 370)
4(370 371 396 395)
4(395 396 421 420)
4(420 421 446 445)
4(246 247 272 271)
4(271 272 297 296)
4(296 297 322 321)
4(321 322 347 346)
4(346 347 372 371)
4(371 372 397 396)
4(396 397 422 421)
4(421 422 447 446)
4(247 248 273 272)
4(272 273 298 297)
4(297 298 323 322)
4(322 323 348 347)
4(347 348 373 372)
4(372 373 398 397)
4(397 398 423 422)
4(422 423 448 447)
4(248 249 274 273)
4(273 274 299 298)
4(298 299 324 323)
4(323 324 349 348)
4(348 349 374 373)
4(373 374 399 398)
4(398 399 424 423)
4(423 424 449 448)
4(249 594 610 274)
4(274 610 626 299)
4(299 626 642 324)
4(324 642 658 349)
4(349 658 674 374)
4(374 674 690 399)
4(399 690 706 424)
4(424 706 722 449)
4(594 595 611 610)
4(610 611 627 626)
4(626 627 643 642)
4(642 643 659 658)
4(658 659 675 674)
4(674 675 691 690)
4(690 691 707 706)
4(706 707 723 722)
4(595 596 612 611)
4(611 612 628 627)
4(627 628 644 643)
4(643 644 660 659)
4(659 660 676 675)
4(675 676 692 691)
4(691 692 708 707)
4(707 708 724 723)
4(596 597 613 612)
4(612 613 629 628)
4(628 629 645 644)
4(644 645 661 660)
4(660 661 677 676)
4(676 677 693 692)
4(692 693 709 708)
4(708 709 725 724)
4(597 598 614 613)
4(613 614 630 629)
4(629 630 646 645)
4(645 646 662 661)
4(661 662 678 677)
4(677 678 694 693)
4(693 694 710 709)
4(709 710 726 725)
4(598 599 615 614)
4(614 615 631 630)
4(630 631 647 646)
4(646 647 663 662)
4(662 663 679 678)
4(678 679 695 694)
4(694 695 711 710)
4(710 711 727 726)
4(599 600 616 615)
4(615 616 632 631)
4(631 632 648 647)
4(647 648 664 663)
4(663 664 680 679)
4(679 680 696 695)
4(695 696 712 711)
4(711 712 728 727)
4(600 601 617 616)
4(616 617 633 632)
4(632 633 649 648)
4(648 649 665 664)
4(664 665 681 680)
4(680 681 697 696)
4(696 697 713 712)
4(712 713 729 728)
4(601 602 618 617)
4(617 618 634 633)
4(633 634 650 649)
4(649 650 666 665)
4(665 666 682 681)
4(681 682 698 697)
4(697 698 714 713)
4(713 714 730 729)
4(602 603 619 618)
4(618 619 635 634)
4(634 635 651 650)
4(650 651 667 666)
4(666 667 683 682)
4(682 683 699 698)
4(698 699 715 714)
4(714 715 731 730)
4(603 604 620 619)
4(619 620 636 635)
4(635 636 652 651)
4(651 652 668 667)
4(667 668 684 683)
4(683 684 700 699)
4(699 700 716 715)
4(715 716 732 731)
4(604 605 621 620)
4(620 621 637 636)
4(636 637 653 652)
4(652 653 669 668)
4(668 669 685 684)
4(684 685 701 700)
4(700 701 717 716)
4(716 717 733 732)
4(605 606 622 621)
4(621 622 638 637)
4(637 638 654 653)
4(653 654 670 669)
4(669 670 686 685)
4(685 686 702 701)
4(701 702 718 717)
4(717 718 734 733)
4(606 607 623 622)
4(622 623 639 638)
4(638 639 655 654)
4(654 655 671 670)
4(670 671 687 686)
4(686 687 703 702)
4(702 703 719 718)
4(718 719 735 734)
4(607 608 624 623)
4(623 624 640 639)
4(639 640 656 655)
4(655 656 672 671)
4(671 672 688 687)
4(687 688 704 703)
4(703 704 720 719)
4(719 720 736 735)
4(608 609 625 624)
4(624 625 641 640)
4(640 641 657 656)
4(656 657 673 672)
4(672 673 689 688)
4(688 689 705 704)
4(704 705 721 720)
4(720 721 737 736)
4(609 990 1018 625)
4(625 1018 1046 641)
4(641 1046 1074 657)
4(657 1074 1102 673)
4(673 1102 1130 689)
4(689 1130 1158 705)
4(705 1158 1186 721)
4(721 1186 1214 737)
4(990 991 1019 1018)
4(1018 1019 1047 1046)
4(1046 1047 1075 1074)
4(1074 1075 1103 1102)
4(1102 1103 1131 1130)
4(1130 1131 1159 1158)
4(1158 1159 1187 1186)
4(1186 1187 1215 1214)
4(991 992 1020 1019)
4(1019 1020 1048 1047)
4(1047 1048 1076 1075)
4(1075 1076 1104 1103)
4(1103 1104 1132 1131)
4(1131 1132 1160 1159)
4(1159 1160 1188 1187)
4(1187 1188 1216 1215)
4(992 993 1021 1020)
4(1020 1021 1049 1048)
4(1048 1049 1077 1076)
4(1076 1077 1105 1104)
4(1104 1105 1133 1132)
4(1132 1133 1161 1160)
4(1160 1161 1189 1188)
4(1188 1189 1217 1216)
4(993 994 1022 1021)
4(1021 1022 1050 1049)
4(1049 1050 1078 1077)
4(1077 1078 1106 1105)
4(1105 1106 1134 1133)
4(1133 1134 1162 1161)
4(1161 1162 1190 1189)
4(1189 1190 1218 1217)
4(994 995 1023 1022)
4(1022 1023 1051 1050)
4(1050 1051 1079 1078)
4(1078 1079 1107 1106)
4(1106 1107 1135 1134)
4(1134 1135 1163 1162)
4(1162 1163 1191 1190)
4(1190 1191 1219 1218)
4(995 996 1024 1023)
4(1023 1024 1052 1051)
4(1051 1052 1080 1079)
4(1079 1080 1108 1107)
4(1107 1108 1136 1135)
4(1135 1136 1164 1163)
4(1163 1164 1192 1191)
4(1191 1192 1220 1219)
4(996 997 1025 1024)
4(1024 1025 1053 1052)
4(1052 1053 1081 1080)
4(1080 1081 1109 1108)
4(1108 1109 1137 1136)
4(1136 1137 1165 1164)
4(1164 1165 1193 1192)
4(1192 1193 1221 1220)
4(997 998 1026 1025)
4(1025 1026 1054 1053)
4(1053 1054 1082 1081)
4(1081 1082 1110 1109)
4(1109 1110 1138 1137)
4(1137 1138 1166 1165)
4(1165 1166 1194 1193)
4(1193 1194 1222 1221)
4(998 999 1027 1026)
4(1026 1027 1055 1054)
4(1054 1055 1083 1082)
4(1082 1083 1111 1110)
4(1110 1111 1139 1138)
4(1138 1139 1167 1166)
4(1166 1167 1195 1194)
4(1194 1195 1223 1222)
4(999 1000 1028 1027)
4(1027 1028 1056 1055)
4(1055 1056 1084 1083)
4(1083 1084 1112 1111)
4(1111 1112 1140 1139)
4(1139 1140 1168 1167)
4(1167 1168 1196 1195)
4(1195 1196 1224 1223)
4(1000 1001 1029 1028)
4(1028 1029 1057 1056)
4(1056 1057 1085 1084)
4(1084 1085 1113 1112)
4(1112 1113 1141 1140)
4(1140 1141 1169 1168)
4(1168 1169 1197 1196)
4(1196 1197 1225 1224)
4(1001 1002 1030 1029)
4(1029 1030 1058 1057)
4(1057 1058 1086 1085)
4(1085 1086 1114 1113)
4(1113 1114 1142 1141)
4(1141 1142 1170 1169)
4(1169 1170 1198 1197)
4(1197 1198 1226 1225)
4(1002 1003 1031 1030)
4(1030 1031 1059 1058)
4(1058 1059 1087 1086)
4(1086 1087 1115 1114)
4(1114 1115 1143 1142)
4(1142 1143 1171 1170)
4(1170 1171 1199 1198)
4(1198 1199 1227 1226)
4(1003 1004 1032 1031)
4(1031 1032 1060 1059)
4(1059 1060 1088 1087)
4(1087 1088 1116 1115)
4(1115 1116 1144 1143)
4(1143 1144 1172 1171)
4(1171 1172 1200 1199)
4(1199 1200 1228 1227)
4(1004 1005 1033 1032)
4(1032 1033 1061 1060)
4(1060 1061 1089 1088)
4(1088 1089 1117 1116)
4(1116 1117 1145 1144)
4(1144 1145 1173 1172)
4(1172 1173 1201 1200)
4(1200 1201 1229 1228)
4(1005 1006 1034 1033)
4(1033 1034 1062 1061)
4(1061 1062 1090 1089)
4(1089 1090 1118 1117)
4(1117 1118 1146 1145)
4(1145 1146 1174 1173)
4(1173 1174 1202 1201)
4(1201 1202 1230 1229)
4(1006 1007 1035 1034)
4(1034 1035 1063 1062)
4(1062 1063 1091 1090)
4(1090 1091 1119 1118)
4(1118 1119 1147 1146)
4(1146 1147 1175 1174)
4(1174 1175 1203 1202)
4(1202 1203 1231 1230)
4(1007 1008 1036 1035)
4(1035 1036 1064 1063)
4(1063 1064 1092 1091)
4(1091 1092 1120 1119)
4(1119 1120 1148 1147)
4(1147 1148 1176 1175)
4(1175 1176 1204 1203)
4(1203 1204 1232 1231)
4(1008 1009 1037 1036)
4(1036 1037 1065 1064)
4(1064 1065 1093 1092)
4(1092 1093 1121 1120)
4(1120 1121 1149 1148)
4(1148 1149 1177 1176)
4(1176 1177 1205 1204)
4(1204 1205 1233 1232)
4(1009 1010 1038 1037)
4(1037 1038 1066 1065)
4(1065 1066 1094 1093)
4(1093 1094 1122 1121)
4(1121 1122 1150 1149)
4(1149 1150 1178 1177)
4(1177 1178 1206 1205)
4(1205 1206 1234 1233)
4(1010 1011 1039 1038)
4(1038 1039 1067 1066)
4(1066 1067 1095 1094)
4(1094 1095 1123 1122)
4(1122 1123 1151 1150)
4(1150 1151 1179 1178)
4(1178 1179 1207 1206)
4(1206 1207 1235 1234)
4(1011 1012 1040 1039)
4(1039 1040 1068 1067)
4(1067 1068 1096 1095)
4(1095 1096 1124 1123)
4(1123 1124 1152 1151)
4(1151 1152 1180 1179)
4(1179 1180 1208 1207)
4(1207 1208 1236 1235)
4(1012 1013 1041 1040)
4(1040 1041 1069 1068)
4(1068 1069 1097 1096)
4(1096 1097 1125 1124)
4(1124 1125 1153 1152)
4(1152 1153 1181 1180)
4(1180 1181 1209 1208)
4(1208 1209 1237 1236)
4(1013 1014 1042 1041)
4(1041 1042 1070 1069)
4(1069 1070 1098 1097)
4(1097 1098 1126 1125)
4(1125 1126 1154 1153)
4(1153 1154 1182 1181)
4(1181 1182 1210 1209)
4(1209 1210 1238 1237)
4(1014 1015 1043 1042)
4(1042 1043 1071 1070)
4(1070 1071 1099 1098)
4(1098 1099 1127 1126)
4(1126 1127 1155 1154)
4(1154 1155 1183 1182)
4(1182 1183 1211 1210)
4(1210 1211 1239 1238)
4(1015 1016 1044 1043)
4(1043 1044 1072 1071)
4(1071 1072 1100 1099)
4(1099 1100 1128 1127)
4(1127 1128 1156 1155)
4(1155 1156 1184 1183)
4(1183 1184 1212 1211)
4(1211 1212 1240 1239)
4(1016 1017 1045 1044)
4(1044 1045 1073 1072)
4(1072 1073 1101 1100)
4(1100 1101 1129 1128)
4(1128 1129 1157 1156)
4(1156 1157 1185 1184)
4(1184 1185 1213 1212)
4(1212 1213 1241 1240)
4(425 426 2993 2992)
4(2992 2993 3018 3017)
4(3017 3018 3043 3042)
4(3042 3043 3068 3067)
4(3067 3068 3093 3092)
4(3092 3093 3118 3117)
4(3117 3118 3143 3142)
4(3142 3143 3168 3167)
4(3167 3168 3193 3192)
4(3192 3193 3218 3217)
4(3217 3218 3243 3242)
4(3242 3243 3268 3267)
4(3267 3268 3293 3292)
4(3292 3293 3318 3317)
4(3317 3318 3343 3342)
4(3342 3343 3368 3367)
4(3367 3368 3393 3392)
4(3392 3393 3418 3417)
4(3417 3418 3443 3442)
4(3442 3443 3468 3467)
4(3467 3468 3493 3492)
4(3492 3493 3518 3517)
4(3517 3518 3543 3542)
4(3542 3543 3568 3567)
4(3567 3568 3593 3592)
4(3592 3593 3618 3617)
4(3617 3618 3643 3642)
4(3642 3643 3668 3667)
4(3667 3668 3693 3692)
4(3692 3693 3718 3717)
4(3717 3718 3743 3742)
4(3742 3743 3768 3767)
4(3767 3768 3793 3792)
4(3792 3793 3818 3817)
4(3817 3818 3843 3842)
4(3842 3843 3868 3867)
4(3867 3868 3893 3892)
4(3892 3893 3918 3917)
4(3917 3918 3943 3942)
4(3942 3943 3968 3967)
4(3967 3968 3993 3992)
4(3992 3993 4018 4017)
4(4017 4018 4043 4042)
4(4042 4043 4068 4067)
4(4067 4068 4093 4092)
4(4092 4093 4118 4117)
4(4117 4118 4143 4142)
4(4142 4143 4168 4167)
4(4167 4168 4193 4192)
4(4192 4193 4218 4217)
4(4217 4218 4243 4242)
4(4242 4243 4268 4267)
4(4267 4268 4293 4292)
4(4292 4293 4318 4317)
4(4317 4318 4343 4342)
4(4342 4343 4368 4367)
4(4367 4368 4393 4392)
4(4392 4393 4418 4417)
4(4417 4418 4443 4442)
4(4442 4443 4468 4467)
4(4467 4468 4493 4492)
4(4492 4493 4518 4517)
4(4517 4518 4543 4542)
4(4542 4543 4568 4567)
4(4567 4568 4593 4592)
4(4592 4593 4618 4617)
4(4617 4618 4643 4642)
4(4642 4643 4668 4667)
4(4667 4668 4693 4692)
4(4692 4693 4718 4717)
4(426 427 2994 2993)
4(2993 2994 3019 3018)
4(3018 3019 3044 3043)
4(3043 3044 3069 3068)
4(3068 3069 3094 3093)
4(3093 3094 3119 3118)
4(3118 3119 3144 3143)
4(3143 3144 3169 3168)
4(3168 3169 3194 3193)
4(3193 3194 3219 3218)
4(3218 3219 3244 3243)
4(3243 3244 3269 3268)
4(3268 3269 3294 3293)
4(3293 3294 3319 3318)
4(3318 3319 3344 3343)
4(3343 3344 3369 3368)
4(3368 3369 3394 3393)
4(3393 3394 3419 3418)
4(3418 3419 3444 3443)
4(3443 3444 3469 3468)
4(3468 3469 3494 3493)
4(3493 3494 3519 3518)
4(3518 3519 3544 3543)
4(3543 3544 3569 3568)
4(3568 3569 3594 3593)
4(3593 3594 3619 3618)
4(3618 3619 3644 3643)
4(3643 3644 3669 3668)
4(3668 3669 3694 3693)
4(3693 3694 3719 3718)
4(3718 3719 3744 3743)
4(3743 3744 3769 3768)
4(3768 3769 3794 3793)
4(3793 3794 3819 3818)
4(3818 3819 3844 3843)
4(3843 3844 3869 3868)
4(3868 3869 3894 3893)
4(3893 3894 3919 3918)
4(3918 3919 3944 3943)
4(3943 3944 3969 3968)
4(3968 3969 3994 3993)
4(3993 3994 4019 4018)
4(4018 4019 4044 4043)
4(4043 4044 4069 4068)
4(4068 4069 4094 4093)
4(4093 4094 4119 4118)
4(4118 4119 4144 4143)
4(4143 4144 4169 4168)
4(4168 4169 4194 4193)
4(4193 4194 4219 4218)
4(4218 4219 4244 4243)
4(4243 4244 4269 4268)
4(4268 4269 4294 4293)
4(4293 4294 4319 4318)
4(4318 4319 4344 4343)
4(4343 4344 4369 4368)
4(4368 4369 4394 4393)
4(4393 4394 4419 4418)
4(4418 4419 4444 4443)
4(4443 4444 4469 4468)
4(4468 4469 4494 4493)
4(4493 4494 4519 4518)
4(4518 4519 4544 4543)
4(4543 4544 4569 4568)
4(4568 4569 4594 4593)
4(4593 4594 4619 4618)
4(4618 4619 4644 4643)
4(4643 4644 4669 4668)
4(4668 4669 4694 4693)
4(4693 4694 4719 4718)
4(427 428 2995 2994)
4(2994 2995 3020 3019)
4(3019 3020 3045 3044)
4(3044 3045 3070 3069)
4(3069 3070 3095 3094)
4(3094 3095 3120 3119)
4(3119 3120 3145 3144)
4(3144 3145 3170 3169)
4(3169 3170 3195 3194)
4(3194 3195 3220 3219)
4(3219 3220 3245 3244)
4(3244 3245 3270 3269)
4(3269 3270 3295 3294)
4(3294 3295 3320 3319)
4(3319 3320 3345 3344)
4(3344 3345 3370 3369)
4(3369 3370 3395 3394)
4(3394 3395 3420 3419)
4(3419 3420 3445 3444)
4(3444 3445 3470 3469)
4(3469 3470 3495 3494)
4(3494 3495 3520 3519)
4(3519 3520 3545 3544)
4(3544 3545 3570 3569)
4(3569 3570 3595 3594)
4(3594 3595 3620 3619)
4(3619 3620 3645 3644)
4(3644 3645 3670 3669)
4(3669 3670 3695 3694)
4(3694 3695 3720 3719)
4(3719 3720 3745 3744)
4(3744 3745 3770 3769)
4(3769 3770 3795 3794)
4(3794 3795 3820 3819)
4(3819 3820 3845 3844)
4(3844 3845 3870 3869)
4(3869 3870 3895 3894)
4(3894 3895 3920 3919)
4(3919 3920 3945 3944)
4(3944 3945 3970 3969)
4(3969 3970 3995 3994)
4(3994 3995 4020 4019)
4(4019 4020 4045 4044)
4(4044 4045 4070 4069)
4(4069 4070 4095 4094)
4(4094 4095 4120 4119)
4(4119 4120 4145 4144)
4(4144 4145 4170 4169)
4(4169 4170 4195 4194)
4(4194 4195 4220 4219)
4(4219 4220 4245 4244)
4(4244 4245 4270 4269)
4(4269 4270 4295 4294)
4(4294 4295 4320 4319)
4(4319 4320 4345 4344)
4(4344 4345 4370 4369)
4(4369 4370 4395 4394)
4(4394 4395 4420 4419)
4(4419 4420 4445 4444)
4(4444 4445 4470 4469)
4(4469 4470 4495 4494)
4(4494 4495 4520 4519)
4(4519 4520 4545 4544)
4(4544 4545 4570 4569)
4(4569 4570 4595 4594)
4(4594 4595 4620 4619)
4(4619 4620 4645 4644)
4(4644 4645 4670 4669)
4(4669 4670 4695 4694)
4(4694 4695 4720 4719)
4(428 429 2996 2995)
4(2995 2996 3021 3020)
4(3020 3021 3046 3045)
4(3045 3046 3071 3070)
4(3070 3071 3096 3095)
4(3095 3096 3121 3120)
4(3120 3121 3146 3145)
4(3145 3146 3171 3170)
4(3170 3171 3196 3195)
4(3195 3196 3221 3220)
4(3220 3221 3246 3245)
4(3245 3246 3271 3270)
4(3270 3271 3296 3295)
4(3295 3296 3321 3320)
4(3320 3321 3346 3345)
4(3345 3346 3371 3370)
4(3370 3371 3396 3395)
4(3395 3396 3421 3420)
4(3420 3421 3446 3445)
4(3445 3446 3471 3470)
4(3470 3471 3496 3495)
4(3495 3496 3521 3520)
4(3520 3521 3546 3545)
4(3545 3546 3571 3570)
4(3570 3571 3596 3595)
4(3595 3596 3621 3620)
4(3620 3621 3646 3645)
4(3645 3646 3671 3670)
4(3670 3671 3696 3695)
4(3695 3696 3721 3720)
4(3720 3721 3746 3745)
4(3745 3746 3771 3770)
4(3770 3771 3796 3795)
4(3795 3796 3821 3820)
4(3820 3821 3846 3845)
4(3845 3846 3871 3870)
4(3870 3871 3896 3895)
4(3895 3896 3921 3920)
4(3920 3921 3946 3945)
4(3945 3946 3971 3970)
4(3970 3971 3996 3995)
4(3995 3996 4021 4020)
4(4020 4021 4046 4045)
4(4045 4046 4071 4070)
4(4070 4071 4096 4095)
4(4095 4096 4121 4120)
4(4120 4121 4146 4145)
4(4145 4146 4171 4170)
4(4170 4171 4196 4195)
4(4195 4196 4221 4220)
4(4220 4221 4246 4245)
4(4245 4246 4271 4270)
4(4270 4271 4296 4295)
4(4295 4296 4321 4320)
4(4320 4321 4346 4345)
4(4345 4346 4371 4370)
4(4370 4371 4396 4395)
4(4395 4396 4421 4420)
4(4420 4421 4446 4445)
4(4445 4446 4471 4470)
4(4470 4471 4496 4495)
4(4495 4496 4521 4520)
4(4520 4521 4546 4545)
4(4545 4546 4571 4570)
4(4570 4571 4596 4595)
4(4595 4596 4621 4620)
4(4620 4621 4646 4645)
4(4645 4646 4671 4670)
4(4670 4671 4696 4695)
4(4695 4696 4721 4720)
4(429 430 2997 2996)
4(2996 2997 3022 3021)
4(3021 3022 3047 3046)
4(3046 3047 3072 3071)
4(3071 3072 3097 3096)
4(3096 3097 3122 3121)
4(3121 3122 3147 3146)
4(3146 3147 3172 3171)
4(3171 3172 3197 3196)
4(3196 3197 3222 3221)
4(3221 3222 3247 3246)
4(3246 3247 3272 3271)
4(3271 3272 3297 3296)
4(3296 3297 3322 3321)
4(3321 3322 3347 3346)
4(3346 3347 3372 3371)
4(3371 3372 3397 3396)
4(3396 3397 3422 3421)
4(3421 3422 3447 3446)
4(3446 3447 3472 3471)
4(3471 3472 3497 3496)
4(3496 3497 3522 3521)
4(3521 3522 3547 3546)
4(3546 3547 3572 3571)
4(3571 3572 3597 3596)
4(3596 3597 3622 3621)
4(3621 3622 3647 3646)
4(3646 3647 3672 3671)
4(3671 3672 3697 3696)
4(3696 3697 3722 3721)
4(3721 3722 3747 3746)
4(3746 3747 3772 3771)
4(3771 3772 3797 3796)
4(3796 3797 3822 3821)
4(3821 3822 3847 3846)
4(3846 3847 3872 3871)
4(3871 3872 3897 3896)
4(3896 3897 3922 3921)
4(3921 3922 3947 3946)
4(3946 3947 3972 3971)
4(3971 3972 3997 3996)
4(3996 3997 4022 4021)
4(4021 4022 4047 4046)
4(4046 4047 4072 4071)
4(4071 4072 4097 4096)
4(4096 4097 4122 4121)
4(4121 4122 4147 4146)
4(4146 4147 4172 4171)
4(4171 4172 4197 4196)
4(4196 4197 4222 4221)
4(4221 4222 4247 4246)
4(4246 4247 4272 4271)
4(4271 4272 4297 4296)
4(4296 4297 4322 4321)
4(4321 4322 4347 4346)
4(4346 4347 4372 4371)
4(4371 4372 4397 4396)
4(4396 4397 4422 4421)
4(4421 4422 4447 4446)
4(4446 4447 4472 4471)
4(4471 4472 4497 4496)
4(4496 4497 4522 4521)
4(4521 4522 4547 4546)
4(4546 4547 4572 4571)
4(4571 4572 4597 4596)
4(4596 4597 4622 4621)
4(4621 4622 4647 4646)
4(4646 4647 4672 4671)
4(4671 4672 4697 4696)
4(4696 4697 4722 4721)
4(430 431 2998 2997)
4(2997 2998 3023 3022)
4(3022 3023 3048 3047)
4(3047 3048 3073 3072)
4(3072 3073 3098 3097)
4(3097 3098 3123 3122)
4(3122 3123 3148 3147)
4(3147 3148 3173 3172)
4(3172 3173 3198 3197)
4(3197 3198 3223 3222)
4(3222 3223 3248 3247)
4(3247 3248 3273 3272)
4(3272 3273 3298 3297)
4(3297 3298 3323 3322)
4(3322 3323 3348 3347)
4(3347 3348 3373 3372)
4(3372 3373 3398 3397)
4(3397 3398 3423 3422)
4(3422 3423 3448 3447)
4(3447 3448 3473 3472)
4(3472 3473 3498 3497)
4(3497 3498 3523 3522)
4(3522 3523 3548 3547)
4(3547 3548 3573 3572)
4(3572 3573 3598 3597)
4(3597 3598 3623 3622)
4(3622 3623 3648 3647)
4(3647 3648 3673 3672)
4(3672 3673 3698 3697)
4(3697 3698 3723 3722)
4(3722 3723 3748 3747)
4(3747 3748 3773 3772)
4(3772 3773 3798 3797)
4(3797 3798 3823 3822)
4(3822 3823 3848 3847)
4(3847 3848 3873 3872)
4(3872 3873 3898 3897)
4(3897 3898 3923 3922)
4(3922 3923 3948 3947)
4(3947 3948 3973 3972)
4(3972 3973 3998 3997)
4(3997 3998 4023 4022)
4(4022 4023 4048 4047)
4(4047 4048 4073 4072)
4(4072 4073 4098 4097)
4(4097 4098 4123 4122)
4(4122 4123 4148 4147)
4(4147 4148 4173 4172)
4(4172 4173 4198 4197)
4(4197 4198 4223 4222)
4(4222 4223 4248 4247)
4(4247 4248 4273 4272)
4(4272 4273 4298 4297)
4(4297 4298 4323 4322)
4(4322 4323 4348 4347)
4(4347 4348 4373 4372)
4(4372 4373 4398 4397)
4(4397 4398 4423 4422)
4(4422 4423 4448 4447)
4(4447 4448 4473 4472)
4(4472 4473 4498 4497)
4(4497 4498 4523 4522)
4(4522 4523 4548 4547)
4(4547 4548 4573 4572)
4(4572 4573 4598 4597)
4(4597 4598 4623 4622)
4(4622 4623 4648 4647)
4(4647 4648 4673 4672)
4(4672 4673 4698 4697)
4(4697 4698 4723 4722)
4(431 432 2999 2998)
4(2998 2999 3024 3023)
4(3023 3024 3049 3048)
4(3048 3049 3074 3073)
4(3073 3074 3099 3098)
4(3098 3099 3124 3123)
4(3123 3124 3149 3148)
4(3148 3149 3174 3173)
4(3173 3174 3199 3198)
4(3198 3199 3224 3223)
4(3223 3224 3249 3248)
4(3248 3249 3274 3273)
4(3273 3274 3299 3298)
4(3298 3299 3324 3323)
4(3323 3324 3349 3348)
4(3348 3349 3374 3373)
4(3373 3374 3399 3398)
4(3398 3399 3424 3423)
4(3423 3424 3449 3448)
4(3448 3449 3474 3473)
4(3473 3474 3499 3498)
4(3498 3499 3524 3523)
4(3523 3524 3549 3548)
4(3548 3549 3574 3573)
4(3573 3574 3599 3598)
4(3598 3599 3624 3623)
4(3623 3624 3649 3648)
4(3648 3649 3674 3673)
4(3673 3674 3699 3698)
4(3698 3699 3724 3723)
4(3723 3724 3749 3748)
4(3748 3749 3774 3773)
4(3773 3774 3799 3798)
4(3798 3799 3824 3823)
4(3823 3824 3849 3848)
4(3848 3849 3874 3873)
4(3873 3874 3899 3898)
4(3898 3899 3924 3923)
4(3923 3924 3949 3948)
4(3948 3949 3974 3973)
4(3973 3974 3999 3998)
4(3998 3999 4024 4023)
4(4023 4024 4049 4048)
4(4048 4049 4074 4073)
4(4073 4074 4099 4098)
4(4098 4099 4124 4123)
4(4123 4124 4149 4148)
4(4148 4149 4174 4173)
4(4173 4174 4199 4198)
4(4198 4199 4224 4223)
4(4223 4224 4249 4248)
4(4248 4249 4274 4273)
4(4273 4274 4299 4298)
4(4298 4299 4324 4323)
4(4323 4324 4349 4348)
4(4348 4349 4374 4373)
4(4373 4374 4399 4398)
4(4398 4399 4424 4423)
4(4423 4424 4449 4448)
4(4448 4449 4474 4473)
4(4473 4474 4499 4498)
4(4498 4499 4524 4523)
4(4523 4524 4549 4548)
4(4548 4549 4574 4573)
4(4573 4574 4599 4598)
4(4598 4599 4624 4623)
4(4623 4624 4649 4648)
4(4648 4649 4674 4673)
4(4673 4674 4699 4698)
4(4698 4699 4724 4723)
4(432 433 3000 2999)
4(2999 3000 3025 3024)
4(3024 3025 3050 3049)
4(3049 3050 3075 3074)
4(3074 3075 3100 3099)
4(3099 3100 3125 3124)
4(3124 3125 3150 3149)
4(3149 3150 3175 3174)
4(3174 3175 3200 3199)
4(3199 3200 3225 3224)
4(3224 3225 3250 3249)
4(3249 3250 3275 3274)
4(3274 3275 3300 3299)
4(3299 3300 3325 3324)
4(3324 3325 3350 3349)
4(3349 3350 3375 3374)
4(3374 3375 3400 3399)
4(3399 3400 3425 3424)
4(3424 3425 3450 3449)
4(3449 3450 3475 3474)
4(3474 3475 3500 3499)
4(3499 3500 3525 3524)
4(3524 3525 3550 3549)
4(3549 3550 3575 3574)
4(3574 3575 3600 3599)
4(3599 3600 3625 3624)
4(3624 3625 3650 3649)
4(3649 3650 3675 3674)
4(3674 3675 3700 3699)
4(3699 3700 3725 3724)
4(3724 3725 3750 3749)
4(3749 3750 3775 3774)
4(3774 3775 3800 3799)
4(3799 3800 3825 3824)
4(3824 3825 3850 3849)
4(3849 3850 3875 3874)
4(3874 3875 3900 3899)
4(3899 3900 3925 3924)
4(3924 3925 3950 3949)
4(3949 3950 3975 3974)
4(3974 3975 4000 3999)
4(3999 4000 4025 4024)
4(4024 4025 4050 4049)
4(4049 4050 4075 4074)
4(4074 4075 4100 4099)
4(4099 4100 4125 4124)
4(4124 4125 4150 4149)
4(4149 4150 4175 4174)
4(4174 4175 4200 4199)
4(4199 4200 4225 4224)
4(4224 4225 4250 4249)
4(4249 4250 4275 4274)
4(4274 4275 4300 4299)
4(4299 4300 4325 4324)
4(4324 4325 4350 4349)
4(4349 4350 4375 4374)
4(4374 4375 4400 4399)
4(4399 4400 4425 4424)
4(4424 4425 4450 4449)
4(4449 4450 4475 4474)
4(4474 4475 4500 4499)
4(4499 4500 4525 4524)
4(4524 4525 4550 4549)
4(4549 4550 4575 4574)
4(4574 4575 4600 4599)
4(4599 4600 4625 4624)
4(4624 4625 4650 4649)
4(4649 4650 4675 4674)
4(4674 4675 4700 4699)
4(4699 4700 4725 4724)
4(433 434 3001 3000)
4(3000 3001 3026 3025)
4(3025 3026 3051 3050)
4(3050 3051 3076 3075)
4(3075 3076 3101 3100)
4(3100 3101 3126 3125)
4(3125 3126 3151 3150)
4(3150 3151 3176 3175)
4(3175 3176 3201 3200)
4(3200 3201 3226 3225)
4(3225 3226 3251 3250)
4(3250 3251 3276 3275)
4(3275 3276 3301 3300)
4(3300 3301 3326 3325)
4(3325 3326 3351 3350)
4(3350 3351 3376 3375)
4(3375 3376 3401 3400)
4(3400 3401 3426 3425)
4(3425 3426 3451 3450)
4(3450 3451 3476 3475)
4(3475 3476 3501 3500)
4(3500 3501 3526 3525)
4(3525 3526 3551 3550)
4(3550 3551 3576 3575)
4(3575 3576 3601 3600)
4(3600 3601 3626 3625)
4(3625 3626 3651 3650)
4(3650 3651 3676 3675)
4(3675 3676 3701 3700)
4(3700 3701 3726 3725)
4(3725 3726 3751 3750)
4(3750 3751 3776 3775)
4(3775 3776 3801 3800)
4(3800 3801 3826 3825)
4(3825 3826 3851 3850)
4(3850 3851 3876 3875)
4(3875 3876 3901 3900)
4(3900 3901 3926 3925)
4(3925 3926 3951 3950)
4(3950 3951 3976 3975)
4(3975 3976 4001 4000)
4(4000 4001 4026 4025)
4(4025 4026 4051 4050)
4(4050 4051 4076 4075)
4(4075 4076 4101 4100)
4(4100 4101 4126 4125)
4(4125 4126 4151 4150)
4(4150 4151 4176 4175)
4(4175 4176 4201 4200)
4(4200 4201 4226 4225)
4(4225 4226 4251 4250)
4(4250 4251 4276 4275)
4(4275 4276 4301 4300)
4(4300 4301 4326 4325)
4(4325 4326 4351 4350)
4(4350 4351 4376 4375)
4(4375 4376 4401 4400)
4(4400 4401 4426 4425)
4(4425 4426 4451 4450)
4(4450 4451 4476 4475)
4(4475 4476 4501 4500)
4(4500 4501 4526 4525)
4(4525 4526 4551 4550)
4(4550 4551 4576 4575)
4(4575 4576 4601 4600)
4(4600 4601 4626 4625)
4(4625 4626 4651 4650)
4(4650 4651 4676 4675)
4(4675 4676 4701 4700)
4(4700 4701 4726 4725)
4(434 435 3002 3001)
4(3001 3002 3027 3026)
4(3026 3027 3052 3051)
4(3051 3052 3077 3076)
4(3076 3077 3102 3101)
4(3101 3102 3127 3126)
4(3126 3127 3152 3151)
4(3151 3152 3177 3176)
4(3176 3177 3202 3201)
4(3201 3202 3227 3226)
4(3226 3227 3252 3251)
4(3251 3252 3277 3276)
4(3276 3277 3302 3301)
4(3301 3302 3327 3326)
4(3326 3327 3352 3351)
4(3351 3352 3377 3376)
4(3376 3377 3402 3401)
4(3401 3402 3427 3426)
4(3426 3427 3452 3451)
4(3451 3452 3477 3476)
4(3476 3477 3502 3501)
4(3501 3502 3527 3526)
4(3526 3527 3552 3551)
4(3551 3552 3577 3576)
4(3576 3577 3602 3601)
4(3601 3602 3627 3626)
4(3626 3627 3652 3651)
4(3651 3652 3677 3676)
4(3676 3677 3702 3701)
4(3701 3702 3727 3726)
4(3726 3727 3752 3751)
4(3751 3752 3777 3776)
4(3776 3777 3802 3801)
4(3801 3802 3827 3826)
4(3826 3827 3852 3851)
4(3851 3852 3877 3876)
4(3876 3877 3902 3901)
4(3901 3902 3927 3926)
4(3926 3927 3952 3951)
4(3951 3952 3977 3976)
4(3976 3977 4002 4001)
4(4001 4002 4027 4026)
4(4026 4027 4052 4051)
4(4051 4052 4077 4076)
4(4076 4077 4102 4101)
4(4101 4102 4127 4126)
4(4126 4127 4152 4151)
4(4151 4152 4177 4176)
4(4176 4177 4202 4201)
4(4201 4202 4227 4226)
4(4226 4227 4252 4251)
4(4251 4252 4277 4276)
4(4276 4277 4302 4301)
4(4301 4302 4327 4326)
4(4326 4327 4352 4351)
4(4351 4352 4377 4376)
4(4376 4377 4402 4401)
4(4401 4402 4427 4426)
4(4426 4427 4452 4451)
4(4451 4452 4477 4476)
4(4476 4477 4502 4501)
4(4501 4502 4527 4526)
4(4526 4527 4552 4551)
4(4551 4552 4577 4576)
4(4576 4577 4602 4601)
4(4601 4602 4627 4626)
4(4626 4627 4652 4651)
4(4651 4652 4677 4676)
4(4676 4677 4702 4701)
4(4701 4702 4727 4726)
4(435 436 3003 3002)
4(3002 3003 3028 3027)
4(3027 3028 3053 3052)
4(3052 3053 3078 3077)
4(3077 3078 3103 3102)
4(3102 3103 3128 3127)
4(3127 3128 3153 3152)
4(3152 3153 3178 3177)
4(3177 3178 3203 3202)
4(3202 3203 3228 3227)
4(3227 3228 3253 3252)
4(3252 3253 3278 3277)
4(3277 3278 3303 3302)
4(3302 3303 3328 3327)
4(3327 3328 3353 3352)
4(3352 3353 3378 3377)
4(3377 3378 3403 3402)
4(3402 3403 3428 3427)
4(3427 3428 3453 3452)
4(3452 3453 3478 3477)
4(3477 3478 3503 3502)
4(3502 3503 3528 3527)
4(3527 3528 3553 3552)
4(3552 3553 3578 3577)
4(3577 3578 3603 3602)
4(3602 3603 3628 3627)
4(3627 3628 3653 3652)
4(3652 3653 3678 3677)
4(3677 3678 3703 3702)
4(3702 3703 3728 3727)
4(3727 3728 3753 3752)
4(3752 3753 3778 3777)
4(3777 3778 3803 3802)
4(3802 3803 3828 3827)
4(3827 3828 3853 3852)
4(3852 3853 3878 3877)
4(3877 3878 3903 3902)
4(3902 3903 3928 3927)
4(3927 3928 3953 3952)
4(3952 3953 3978 3977)
4(3977 3978 4003 4002)
4(4002 4003 4028 4027)
4(4027 4028 4053 4052)
4(4052 4053 4078 4077)
4(4077 4078 4103 4102)
4(4102 4103 4128 4127)
4(4127 4128 4153 4152)
4(4152 4153 4178 4177)
4(4177 4178 4203 4202)
4(4202 4203 4228 4227)
4(4227 4228 4253 4252)
4(4252 4253 4278 4277)
4(4277 4278 4303 4302)
4(4302 4303 4328 4327)
4(4327 4328 4353 4352)
4(4352 4353 4378 4377)
4(4377 4378 4403 4402)
4(4402 4403 4428 4427)
4(4427 4428 4453 4452)
4(4452 4453 4478 4477)
4(4477 4478 4503 4502)
4(4502 4503 4528 4527)
4(4527 4528 4553 4552)
4(4552 4553 4578 4577)
4(4577 4578 4603 4602)
4(4602 4603 4628 4627)
4(4627 4628 4653 4652)
4(4652 4653 4678 4677)
4(4677 4678 4703 4702)
4(4702 4703 4728 4727)
4(436 437 3004 3003)
4(3003 3004 3029 3028)
4(3028 3029 3054 3053)
4(3053 3054 3079 3078)
4(3078 3079 3104 3103)
4(3103 3104 3129 3128)
4(3128 3129 3154 3153)
4(3153 3154 3179 3178)
4(3178 3179 3204 3203)
4(3203 3204 3229 3228)
4(3228 3229 3254 3253)
4(3253 3254 3279 3278)
4(3278 3279 3304 3303)
4(3303 3304 3329 3328)
4(3328 3329 3354 3353)
4(3353 3354 3379 3378)
4(3378 3379 3404 3403)
4(3403 3404 3429 3428)
4(3428 3429 3454 3453)
4(3453 3454 3479 3478)
4(3478 3479 3504 3503)
4(3503 3504 3529 3528)
4(3528 3529 3554 3553)
4(3553 3554 3579 3578)
4(3578 3579 3604 3603)
4(3603 3604 3629 3628)
4(3628 3629 3654 3653)
4(3653 3654 3679 3678)
4(3678 3679 3704 3703)
4(3703 3704 3729 3728)
4(3728 3729 3754 3753)
4(3753 3754 3779 3778)
4(3778 3779 3804 3803)
4(3803 3804 3829 3828)
4(3828 3829 3854 3853)
4(3853 3854 3879 3878)
4(3878 3879 3904 3903)
4(3903 3904 3929 3928)
4(3928 3929 3954 3953)
4(3953 3954 3979 3978)
4(3978 3979 4004 4003)
4(4003 4004 4029 4028)
4(4028 4029 4054 4053)
4(4053 4054 4079 4078)
4(4078 4079 4104 4103)
4(4103 4104 4129 4128)
4(4128 4129 4154 4153)
4(4153 4154 4179 4178)
4(4178 4179 4204 4203)
4(4203 4204 4229 4228)
4(4228 4229 4254 4253)
4(4253 4254 4279 4278)
4(4278 4279 4304 4303)
4(4303 4304 4329 4328)
4(4328 4329 4354 4353)
4(4353 4354 4379 4378)
4(4378 4379 4404 4403)
4(4403 4404 4429 4428)
4(4428 4429 4454 4453)
4(4453 4454 4479 4478)
4(4478 4479 4504 4503)
4(4503 4504 4529 4528)
4(4528 4529 4554 4553)
4(4553 4554 4579 4578)
4(4578 4579 4604 4603)
4(4603 4604 4629 4628)
4(4628 4629 4654 4653)
4(4653 4654 4679 4678)
4(4678 4679 4704 4703)
4(4703 4704 4729 4728)
4(437 438 3005 3004)
4(3004 3005 3030 3029)
4(3029 3030 3055 3054)
4(3054 3055 3080 3079)
4(3079 3080 3105 3104)
4(3104 3105 3130 3129)
4(3129 3130 3155 3154)
4(3154 3155 3180 3179)
4(3179 3180 3205 3204)
4(3204 3205 3230 3229)
4(3229 3230 3255 3254)
4(3254 3255 3280 3279)
4(3279 3280 3305 3304)
4(3304 3305 3330 3329)
4(3329 3330 3355 3354)
4(3354 3355 3380 3379)
4(3379 3380 3405 3404)
4(3404 3405 3430 3429)
4(3429 3430 3455 3454)
4(3454 3455 3480 3479)
4(3479 3480 3505 3504)
4(3504 3505 3530 3529)
4(3529 3530 3555 3554)
4(3554 3555 3580 3579)
4(3579 3580 3605 3604)
4(3604 3605 3630 3629)
4(3629 3630 3655 3654)
4(3654 3655 3680 3679)
4(3679 3680 3705 3704)
4(3704 3705 3730 3729)
4(3729 3730 3755 3754)
4(3754 3755 3780 3779)
4(3779 3780 3805 3804)
4(3804 3805 3830 3829)
4(3829 3830 3855 3854)
4(3854 3855 3880 3879)
4(3879 3880 3905 3904)
4(3904 3905 3930 3929)
4(3929 3930 3955 3954)
4(3954 3955 3980 3979)
4(3979 3980 4005 4004)
4(4004 4005 4030 4029)
4(4029 4030 4055 4054)
4(4054 4055 4080 4079)
4(4079 4080 4105 4104)
4(4104 4105 4130 4129)
4(4129 4130 4155 4154)
4(4154 4155 4180 4179)
4(4179 4180 4205 4204)
4(4204 4205 4230 4229)
4(4229 4230 4255 4254)
4(4254 4255 4280 4279)
4(4279 4280 4305 4304)
4(4304 4305 4330 4329)
4(4329 4330 4355 4354)
4(4354 4355 4380 4379)
4(4379 4380 4405 4404)
4(4404 4405 4430 4429)
4(4429 4430 4455 4454)
4(4454 4455 4480 4479)
4(4479 4480 4505 4504)
4(4504 4505 4530 4529)
4(4529 4530 4555 4554)
4(4554 4555 4580 4579)
4(4579 4580 4605 4604)
4(4604 4605 4630 4629)
4(4629 4630 4655 4654)
4(4654 4655 4680 4679)
4(4679 4680 4705 4704)
4(4704 4705 4730 4729)
4(438 439 3006 3005)
4(3005 3006 3031 3030)
4(3030 3031 3056 3055)
4(3055 3056 3081 3080)
4(3080 3081 3106 3105)
4(3105 3106 3131 3130)
4(3130 3131 3156 3155)
4(3155 3156 3181 3180)
4(3180 3181 3206 3205)
4(3205 3206 3231 3230)
4(3230 3231 3256 3255)
4(3255 3256 3281 3280)
4(3280 3281 3306 3305)
4(3305 3306 3331 3330)
4(3330 3331 3356 3355)
4(3355 3356 3381 3380)
4(3380 3381 3406 3405)
4(3405 3406 3431 3430)
4(3430 3431 3456 3455)
4(3455 3456 3481 3480)
4(3480 3481 3506 3505)
4(3505 3506 3531 3530)
4(3530 3531 3556 3555)
4(3555 3556 3581 3580)
4(3580 3581 3606 3605)
4(3605 3606 3631 3630)
4(3630 3631 3656 3655)
4(3655 3656 3681 3680)
4(3680 3681 3706 3705)
4(3705 3706 3731 3730)
4(3730 3731 3756 3755)
4(3755 3756 3781 3780)
4(3780 3781 3806 3805)
4(3805 3806 3831 3830)
4(3830 3831 3856 3855)
4(3855 3856 3881 3880)
4(3880 3881 3906 3905)
4(3905 3906 3931 3930)
4(3930 3931 3956 3955)
4(3955 3956 3981 3980)
4(3980 3981 4006 4005)
4(4005 4006 4031 4030)
4(4030 4031 4056 4055)
4(4055 4056 4081 4080)
4(4080 4081 4106 4105)
4(4105 4106 4131 4130)
4(4130 4131 4156 4155)
4(4155 4156 4181 4180)
4(4180 4181 4206 4205)
4(4205 4206 4231 4230)
4(4230 4231 4256 4255)
4(4255 4256 4281 4280)
4(4280 4281 4306 4305)
4(4305 4306 4331 4330)
4(4330 4331 4356 4355)
4(4355 4356 4381 4380)
4(4380 4381 4406 4405)
4(4405 4406 4431 4430)
4(4430 4431 4456 4455)
4(4455 4456 4481 4480)
4(4480 4481 4506 4505)
4(4505 4506 4531 4530)
4(4530 4531 4556 4555)
4(4555 4556 4581 4580)
4(4580 4581 4606 4605)
4(4605 4606 4631 4630)
4(4630 4631 4656 4655)
4(4655 4656 4681 4680)
4(4680 4681 4706 4705)
4(4705 4706 4731 4730)
4(439 440 3007 3006)
4(3006 3007 3032 3031)
4(3031 3032 3057 3056)
4(3056 3057 3082 3081)
4(3081 3082 3107 3106)
4(3106 3107 3132 3131)
4(3131 3132 3157 3156)
4(3156 3157 3182 3181)
4(3181 3182 3207 3206)
4(3206 3207 3232 3231)
4(3231 3232 3257 3256)
4(3256 3257 3282 3281)
4(3281 3282 3307 3306)
4(3306 3307 3332 3331)
4(3331 3332 3357 3356)
4(3356 3357 3382 3381)
4(3381 3382 3407 3406)
4(3406 3407 3432 3431)
4(3431 3432 3457 3456)
4(3456 3457 3482 3481)
4(3481 3482 3507 3506)
4(3506 3507 3532 3531)
4(3531 3532 3557 3556)
4(3556 3557 3582 3581)
4(3581 3582 3607 3606)
4(3606 3607 3632 3631)
4(3631 3632 3657 3656)
4(3656 3657 3682 3681)
4(3681 3682 3707 3706)
4(3706 3707 3732 3731)
4(3731 3732 3757 3756)
4(3756 3757 3782 3781)
4(3781 3782 3807 3806)
4(3806 3807 3832 3831)
4(3831 3832 3857 3856)
4(3856 3857 3882 3881)
4(3881 3882 3907 3906)
4(3906 3907 3932 3931)
4(3931 3932 3957 3956)
4(3956 3957 3982 3981)
4(3981 3982 4007 4006)
4(4006 4007 4032 4031)
4(4031 4032 4057 4056)
4(4056 4057 4082 4081)
4(4081 4082 4107 4106)
4(4106 4107 4132 4131)
4(4131 4132 4157 4156)
4(4156 4157 4182 4181)
4(4181 4182 4207 4206)
4(4206 4207 4232 4231)
4(4231 4232 4257 4256)
4(4256 4257 4282 4281)
4(4281 4282 4307 4306)
4(4306 4307 4332 4331)
4(4331 4332 4357 4356)
4(4356 4357 4382 4381)
4(4381 4382 4407 4406)
4(4406 4407 4432 4431)
4(4431 4432 4457 4456)
4(4456 4457 4482 4481)
4(4481 4482 4507 4506)
4(4506 4507 4532 4531)
4(4531 4532 4557 4556)
4(4556 4557 4582 4581)
4(4581 4582 4607 4606)
4(4606 4607 4632 4631)
4(4631 4632 4657 4656)
4(4656 4657 4682 4681)
4(4681 4682 4707 4706)
4(4706 4707 4732 4731)
4(440 441 3008 3007)
4(3007 3008 3033 3032)
4(3032 3033 3058 3057)
4(3057 3058 3083 3082)
4(3082 3083 3108 3107)
4(3107 3108 3133 3132)
4(3132 3133 3158 3157)
4(3157 3158 3183 3182)
4(3182 3183 3208 3207)
4(3207 3208 3233 3232)
4(3232 3233 3258 3257)
4(3257 3258 3283 3282)
4(3282 3283 3308 3307)
4(3307 3308 3333 3332)
4(3332 3333 3358 3357)
4(3357 3358 3383 3382)
4(3382 3383 3408 3407)
4(3407 3408 3433 3432)
4(3432 3433 3458 3457)
4(3457 3458 3483 3482)
4(3482 3483 3508 3507)
4(3507 3508 3533 3532)
4(3532 3533 3558 3557)
4(3557 3558 3583 3582)
4(3582 3583 3608 3607)
4(3607 3608 3633 3632)
4(3632 3633 3658 3657)
4(3657 3658 3683 3682)
4(3682 3683 3708 3707)
4(3707 3708 3733 3732)
4(3732 3733 3758 3757)
4(3757 3758 3783 3782)
4(3782 3783 3808 3807)
4(3807 3808 3833 3832)
4(3832 3833 3858 3857)
4(3857 3858 3883 3882)
4(3882 3883 3908 3907)
4(3907 3908 3933 3932)
4(3932 3933 3958 3957)
4(3957 3958 3983 3982)
4(3982 3983 4008 4007)
4(4007 4008 4033 4032)
4(4032 4033 4058 4057)
4(4057 4058 4083 4082)
4(4082 4083 4108 4107)
4(4107 4108 4133 4132)
4(4132 4133 4158 4157)
4(4157 4158 4183 4182)
4(4182 4183 4208 4207)
4(4207 4208 4233 4232)
4(4232 4233 4258 4257)
4(4257 4258 4283 4282)
4(4282 4283 4308 4307)
4(4307 4308 4333 4332)
4(4332 4333 4358 4357)
4(4357 4358 4383 4382)
4(4382 4383 4408 4407)
4(4407 4408 4433 4432)
4(4432 4433 4458 4457)
4(4457 4458 4483 4482)
4(4482 4483 4508 4507)
4(4507 4508 4533 4532)
4(4532 4533 4558 4557)
4(4557 4558 4583 4582)
4(4582 4583 4608 4607)
4(4607 4608 4633 4632)
4(4632 4633 4658 4657)
4(4657 4658 4683 4682)
4(4682 4683 4708 4707)
4(4707 4708 4733 4732)
4(441 442 3009 3008)
4(3008 3009 3034 3033)
4(3033 3034 3059 3058)
4(3058 3059 3084 3083)
4(3083 3084 3109 3108)
4(3108 3109 3134 3133)
4(3133 3134 3159 3158)
4(3158 3159 3184 3183)
4(3183 3184 3209 3208)
4(3208 3209 3234 3233)
4(3233 3234 3259 3258)
4(3258 3259 3284 3283)
4(3283 3284 3309 3308)
4(3308 3309 3334 3333)
4(3333 3334 3359 3358)
4(3358 3359 3384 3383)
4(3383 3384 3409 3408)
4(3408 3409 3434 3433)
4(3433 3434 3459 3458)
4(3458 3459 3484 3483)
4(3483 3484 3509 3508)
4(3508 3509 3534 3533)
4(3533 3534 3559 3558)
4(3558 3559 3584 3583)
4(3583 3584 3609 3608)
4(3608 3609 3634 3633)
4(3633 3634 3659 3658)
4(3658 3659 3684 3683)
4(3683 3684 3709 3708)
4(3708 3709 3734 3733)
4(3733 3734 3759 3758)
4(3758 3759 3784 3783)
4(3783 3784 3809 3808)
4(3808 3809 3834 3833)
4(3833 3834 3859 3858)
4(3858 3859 3884 3883)
4(3883 3884 3909 3908)
4(3908 3909 3934 3933)
4(3933 3934 3959 3958)
4(3958 3959 3984 3983)
4(3983 3984 4009 4008)
4(4008 4009 4034 4033)
4(4033 4034 4059 4058)
4(4058 4059 4084 4083)
4(4083 4084 4109 4108)
4(4108 4109 4134 4133)
4(4133 4134 4159 4158)
4(4158 4159 4184 4183)
4(4183 4184 4209 4208)
4(4208 4209 4234 4233)
4(4233 4234 4259 4258)
4(4258 4259 4284 4283)
4(4283 4284 4309 4308)
4(4308 4309 4334 4333)
4(4333 4334 4359 4358)
4(4358 4359 4384 4383)
4(4383 4384 4409 4408)
4(4408 4409 4434 4433)
4(4433 4434 4459 4458)
4(4458 4459 4484 4483)
4(4483 4484 4509 4508)
4(4508 4509 4534 4533)
4(4533 4534 4559 4558)
4(4558 4559 4584 4583)
4(4583 4584 4609 4608)
4(4608 4609 4634 4633)
4(4633 4634 4659 4658)
4(4658 4659 4684 4683)
4(4683 4684 4709 4708)
4(4708 4709 4734 4733)
4(442 443 3010 3009)
4(3009 3010 3035 3034)
4(3034 3035 3060 3059)
4(3059 3060 3085 3084)
4(3084 3085 3110 3109)
4(3109 3110 3135 3134)
4(3134 3135 3160 3159)
4(3159 3160 3185 3184)
4(3184 3185 3210 3209)
4(3209 3210 3235 3234)
4(3234 3235 3260 3259)
4(3259 3260 3285 3284)
4(3284 3285 3310 3309)
4(3309 3310 3335 3334)
4(3334 3335 3360 3359)
4(3359 3360 3385 3384)
4(3384 3385 3410 3409)
4(3409 3410 3435 3434)
4(3434 3435 3460 3459)
4(3459 3460 3485 3484)
4(3484 3485 3510 3509)
4(3509 3510 3535 3534)
4(3534 3535 3560 3559)
4(3559 3560 3585 3584)
4(3584 3585 3610 3609)
4(3609 3610 3635 3634)
4(3634 3635 3660 3659)
4(3659 3660 3685 3684)
4(3684 3685 3710 3709)
4(3709 3710 3735 3734)
4(3734 3735 3760 3759)
4(3759 3760 3785 3784)
4(3784 3785 3810 3809)
4(3809 3810 3835 3834)
4(3834 3835 3860 3859)
4(3859 3860 3885 3884)
4(3884 3885 3910 3909)
4(3909 3910 3935 3934)
4(3934 3935 3960 3959)
4(3959 3960 3985 3984)
4(3984 3985 4010 4009)
4(4009 4010 4035 4034)
4(4034 4035 4060 4059)
4(4059 4060 4085 4084)
4(4084 4085 4110 4109)
4(4109 4110 4135 4134)
4(4134 4135 4160 4159)
4(4159 4160 4185 4184)
4(4184 4185 4210 4209)
4(4209 4210 4235 4234)
4(4234 4235 4260 4259)
4(4259 4260 4285 4284)
4(4284 4285 4310 4309)
4(4309 4310 4335 4334)
4(4334 4335 4360 4359)
4(4359 4360 4385 4384)
4(4384 4385 4410 4409)
4(4409 4410 4435 4434)
4(4434 4435 4460 4459)
4(4459 4460 4485 4484)
4(4484 4485 4510 4509)
4(4509 4510 4535 4534)
4(4534 4535 4560 4559)
4(4559 4560 4585 4584)
4(4584 4585 4610 4609)
4(4609 4610 4635 4634)
4(4634 4635 4660 4659)
4(4659 4660 4685 4684)
4(4684 4685 4710 4709)
4(4709 4710 4735 4734)
4(443 444 3011 3010)
4(3010 3011 3036 3035)
4(3035 3036 3061 3060)
4(3060 3061 3086 3085)
4(3085 3086 3111 3110)
4(3110 3111 3136 3135)
4(3135 3136 3161 3160)
4(3160 3161 3186 3185)
4(3185 3186 3211 3210)
4(3210 3211 3236 3235)
4(3235 3236 3261 3260)
4(3260 3261 3286 3285)
4(3285 3286 3311 3310)
4(3310 3311 3336 3335)
4(3335 3336 3361 3360)
4(3360 3361 3386 3385)
4(3385 3386 3411 3410)
4(3410 3411 3436 3435)
4(3435 3436 3461 3460)
4(3460 3461 3486 3485)
4(3485 3486 3511 3510)
4(3510 3511 3536 3535)
4(3535 3536 3561 3560)
4(3560 3561 3586 3585)
4(3585 3586 3611 3610)
4(3610 3611 3636 3635)
4(3635 3636 3661 3660)
4(3660 3661 3686 3685)
4(3685 3686 3711 3710)
4(3710 3711 3736 3735)
4(3735 3736 3761 3760)
4(3760 3761 3786 3785)
4(3785 3786 3811 3810)
4(3810 3811 3836 3835)
4(3835 3836 3861 3860)
4(3860 3861 3886 3885)
4(3885 3886 3911 3910)
4(3910 3911 3936 3935)
4(3935 3936 3961 3960)
4(3960 3961 3986 3985)
4(3985 3986 4011 4010)
4(4010 4011 4036 4035)
4(4035 4036 4061 4060)
4(4060 4061 4086 4085)
4(4085 4086 4111 4110)
4(4110 4111 4136 4135)
4(4135 4136 4161 4160)
4(4160 4161 4186 4185)
4(4185 4186 4211 4210)
4(4210 4211 4236 4235)
4(4235 4236 4261 4260)
4(4260 4261 4286 4285)
4(4285 4286 4311 4310)
4(4310 4311 4336 4335)
4(4335 4336 4361 4360)
4(4360 4361 4386 4385)
4(4385 4386 4411 4410)
4(4410 4411 4436 4435)
4(4435 4436 4461 4460)
4(4460 4461 4486 4485)
4(4485 4486 4511 4510)
4(4510 4511 4536 4535)
4(4535 4536 4561 4560)
4(4560 4561 4586 4585)
4(4585 4586 4611 4610)
4(4610 4611 4636 4635)
4(4635 4636 4661 4660)
4(4660 4661 4686 4685)
4(4685 4686 4711 4710)
4(4710 4711 4736 4735)
4(444 445 3012 3011)
4(3011 3012 3037 3036)
4(3036 3037 3062 3061)
4(3061 3062 3087 3086)
4(3086 3087 3112 3111)
4(3111 3112 3137 3136)
4(3136 3137 3162 3161)
4(3161 3162 3187 3186)
4(3186 3187 3212 3211)
4(3211 3212 3237 3236)
4(3236 3237 3262 3261)
4(3261 3262 3287 3286)
4(3286 3287 3312 3311)
4(3311 3312 3337 3336)
4(3336 3337 3362 3361)
4(3361 3362 3387 3386)
4(3386 3387 3412 3411)
4(3411 3412 3437 3436)
4(3436 3437 3462 3461)
4(3461 3462 3487 3486)
4(3486 3487 3512 3511)
4(3511 3512 3537 3536)
4(3536 3537 3562 3561)
4(3561 3562 3587 3586)
4(3586 3587 3612 3611)
4(3611 3612 3637 3636)
4(3636 3637 3662 3661)
4(3661 3662 3687 3686)
4(3686 3687 3712 3711)
4(3711 3712 3737 3736)
4(3736 3737 3762 3761)
4(3761 3762 3787 3786)
4(3786 3787 3812 3811)
4(3811 3812 3837 3836)
4(3836 3837 3862 3861)
4(3861 3862 3887 3886)
4(3886 3887 3912 3911)
4(3911 3912 3937 3936)
4(3936 3937 3962 3961)
4(3961 3962 3987 3986)
4(3986 3987 4012 4011)
4(4011 4012 4037 4036)
4(4036 4037 4062 4061)
4(4061 4062 4087 4086)
4(4086 4087 4112 4111)
4(4111 4112 4137 4136)
4(4136 4137 4162 4161)
4(4161 4162 4187 4186)
4(4186 4187 4212 4211)
4(4211 4212 4237 4236)
4(4236 4237 4262 4261)
4(4261 4262 4287 4286)
4(4286 4287 4312 4311)
4(4311 4312 4337 4336)
4(4336 4337 4362 4361)
4(4361 4362 4387 4386)
4(4386 4387 4412 4411)
4(4411 4412 4437 4436)
4(4436 4437 4462 4461)
4(4461 4462 4487 4486)
4(4486 4487 4512 4511)
4(4511 4512 4537 4536)
4(4536 4537 4562 4561)
4(4561 4562 4587 4586)
4(4586 4587 4612 4611)
4(4611 4612 4637 4636)
4(4636 4637 4662 4661)
4(4661 4662 4687 4686)
4(4686 4687 4712 4711)
4(4711 4712 4737 4736)
4(445 446 3013 3012)
4(3012 3013 3038 3037)
4(3037 3038 3063 3062)
4(3062 3063 3088 3087)
4(3087 3088 3113 3112)
4(3112 3113 3138 3137)
4(3137 3138 3163 3162)
4(3162 3163 3188 3187)
4(3187 3188 3213 3212)
4(3212 3213 3238 3237)
4(3237 3238 3263 3262)
4(3262 3263 3288 3287)
4(3287 3288 3313 3312)
4(3312 3313 3338 3337)
4(3337 3338 3363 3362)
4(3362 3363 3388 3387)
4(3387 3388 3413 3412)
4(3412 3413 3438 3437)
4(3437 3438 3463 3462)
4(3462 3463 3488 3487)
4(3487 3488 3513 3512)
4(3512 3513 3538 3537)
4(3537 3538 3563 3562)
4(3562 3563 3588 3587)
4(3587 3588 3613 3612)
4(3612 3613 3638 3637)
4(3637 3638 3663 3662)
4(3662 3663 3688 3687)
4(3687 3688 3713 3712)
4(3712 3713 3738 3737)
4(3737 3738 3763 3762)
4(3762 3763 3788 3787)
4(3787 3788 3813 3812)
4(3812 3813 3838 3837)
4(3837 3838 3863 3862)
4(3862 3863 3888 3887)
4(3887 3888 3913 3912)
4(3912 3913 3938 3937)
4(3937 3938 3963 3962)
4(3962 3963 3988 3987)
4(3987 3988 4013 4012)
4(4012 4013 4038 4037)
4(4037 4038 4063 4062)
4(4062 4063 4088 4087)
4(4087 4088 4113 4112)
4(4112 4113 4138 4137)
4(4137 4138 4163 4162)
4(4162 4163 4188 4187)
4(4187 4188 4213 4212)
4(4212 4213 4238 4237)
4(4237 4238 4263 4262)
4(4262 4263 4288 4287)
4(4287 4288 4313 4312)
4(4312 4313 4338 4337)
4(4337 4338 4363 4362)
4(4362 4363 4388 4387)
4(4387 4388 4413 4412)
4(4412 4413 4438 4437)
4(4437 4438 4463 4462)
4(4462 4463 4488 4487)
4(4487 4488 4513 4512)
4(4512 4513 4538 4537)
4(4537 4538 4563 4562)
4(4562 4563 4588 4587)
4(4587 4588 4613 4612)
4(4612 4613 4638 4637)
4(4637 4638 4663 4662)
4(4662 4663 4688 4687)
4(4687 4688 4713 4712)
4(4712 4713 4738 4737)
4(446 447 3014 3013)
4(3013 3014 3039 3038)
4(3038 3039 3064 3063)
4(3063 3064 3089 3088)
4(3088 3089 3114 3113)
4(3113 3114 3139 3138)
4(3138 3139 3164 3163)
4(3163 3164 3189 3188)
4(3188 3189 3214 3213)
4(3213 3214 3239 3238)
4(3238 3239 3264 3263)
4(3263 3264 3289 3288)
4(3288 3289 3314 3313)
4(3313 3314 3339 3338)
4(3338 3339 3364 3363)
4(3363 3364 3389 3388)
4(3388 3389 3414 3413)
4(3413 3414 3439 3438)
4(3438 3439 3464 3463)
4(3463 3464 3489 3488)
4(3488 3489 3514 3513)
4(3513 3514 3539 3538)
4(3538 3539 3564 3563)
4(3563 3564 3589 3588)
4(3588 3589 3614 3613)
4(3613 3614 3639 3638)
4(3638 3639 3664 3663)
4(3663 3664 3689 3688)
4(3688 3689 3714 3713)
4(3713 3714 3739 3738)
4(3738 3739 3764 3763)
4(3763 3764 3789 3788)
4(3788 3789 3814 3813)
4(3813 3814 3839 3838)
4(3838 3839 3864 3863)
4(3863 3864 3889 3888)
4(3888 3889 3914 3913)
4(3913 3914 3939 3938)
4(3938 3939 3964 3963)
4(3963 3964 3989 3988)
4(3988 3989 4014 4013)
4(4013 4014 4039 4038)
4(4038 4039 4064 4063)
4(4063 4064 4089 4088)
4(4088 4089 4114 4113)
4(4113 4114 4139 4138)
4(4138 4139 4164 4163)
4(4163 4164 4189 4188)
4(4188 4189 4214 4213)
4(4213 4214 4239 4238)
4(4238 4239 4264 4263)
4(4263 4264 4289 4288)
4(4288 4289 4314 4313)
4(4313 4314 4339 4338)
4(4338 4339 4364 4363)
4(4363 4364 4389 4388)
4(4388 4389 4414 4413)
4(4413 4414 4439 4438)
4(4438 4439 4464 4463)
4(4463 4464 4489 4488)
4(4488 4489 4514 4513)
4(4513 4514 4539 4538)
4(4538 4539 4564 4563)
4(4563 4564 4589 4588)
4(4588 4589 4614 4613)
4(4613 4614 4639 4638)
4(4638 4639 4664 4663)
4(4663 4664 4689 4688)
4(4688 4689 4714 4713)
4(4713 4714 4739 4738)
4(447 448 3015 3014)
4(3014 3015 3040 3039)
4(3039 3040 3065 3064)
4(3064 3065 3090 3089)
4(3089 3090 3115 3114)
4(3114 3115 3140 3139)
4(3139 3140 3165 3164)
4(3164 3165 3190 3189)
4(3189 3190 3215 3214)
4(3214 3215 3240 3239)
4(3239 3240 3265 3264)
4(3264 3265 3290 3289)
4(3289 3290 3315 3314)
4(3314 3315 3340 3339)
4(3339 3340 3365 3364)
4(3364 3365 3390 3389)
4(3389 3390 3415 3414)
4(3414 3415 3440 3439)
4(3439 3440 3465 3464)
4(3464 3465 3490 3489)
4(3489 3490 3515 3514)
4(3514 3515 3540 3539)
4(3539 3540 3565 3564)
4(3564 3565 3590 3589)
4(3589 3590 3615 3614)
4(3614 3615 3640 3639)
4(3639 3640 3665 3664)
4(3664 3665 3690 3689)
4(3689 3690 3715 3714)
4(3714 3715 3740 3739)
4(3739 3740 3765 3764)
4(3764 3765 3790 3789)
4(3789 3790 3815 3814)
4(3814 3815 3840 3839)
4(3839 3840 3865 3864)
4(3864 3865 3890 3889)
4(3889 3890 3915 3914)
4(3914 3915 3940 3939)
4(3939 3940 3965 3964)
4(3964 3965 3990 3989)
4(3989 3990 4015 4014)
4(4014 4015 4040 4039)
4(4039 4040 4065 4064)
4(4064 4065 4090 4089)
4(4089 4090 4115 4114)
4(4114 4115 4140 4139)
4(4139 4140 4165 4164)
4(4164 4165 4190 4189)
4(4189 4190 4215 4214)
4(4214 4215 4240 4239)
4(4239 4240 4265 4264)
4(4264 4265 4290 4289)
4(4289 4290 4315 4314)
4(4314 4315 4340 4339)
4(4339 4340 4365 4364)
4(4364 4365 4390 4389)
4(4389 4390 4415 4414)
4(4414 4415 4440 4439)
4(4439 4440 4465 4464)
4(4464 4465 4490 4489)
4(4489 4490 4515 4514)
4(4514 4515 4540 4539)
4(4539 4540 4565 4564)
4(4564 4565 4590 4589)
4(4589 4590 4615 4614)
4(4614 4615 4640 4639)
4(4639 4640 4665 4664)
4(4664 4665 4690 4689)
4(4689 4690 4715 4714)
4(4714 4715 4740 4739)
4(448 449 3016 3015)
4(3015 3016 3041 3040)
4(3040 3041 3066 3065)
4(3065 3066 3091 3090)
4(3090 3091 3116 3115)
4(3115 3116 3141 3140)
4(3140 3141 3166 3165)
4(3165 3166 3191 3190)
4(3190 3191 3216 3215)
4(3215 3216 3241 3240)
4(3240 3241 3266 3265)
4(3265 3266 3291 3290)
4(3290 3291 3316 3315)
4(3315 3316 3341 3340)
4(3340 3341 3366 3365)
4(3365 3366 3391 3390)
4(3390 3391 3416 3415)
4(3415 3416 3441 3440)
4(3440 3441 3466 3465)
4(3465 3466 3491 3490)
4(3490 3491 3516 3515)
4(3515 3516 3541 3540)
4(3540 3541 3566 3565)
4(3565 3566 3591 3590)
4(3590 3591 3616 3615)
4(3615 3616 3641 3640)
4(3640 3641 3666 3665)
4(3665 3666 3691 3690)
4(3690 3691 3716 3715)
4(3715 3716 3741 3740)
4(3740 3741 3766 3765)
4(3765 3766 3791 3790)
4(3790 3791 3816 3815)
4(3815 3816 3841 3840)
4(3840 3841 3866 3865)
4(3865 3866 3891 3890)
4(3890 3891 3916 3915)
4(3915 3916 3941 3940)
4(3940 3941 3966 3965)
4(3965 3966 3991 3990)
4(3990 3991 4016 4015)
4(4015 4016 4041 4040)
4(4040 4041 4066 4065)
4(4065 4066 4091 4090)
4(4090 4091 4116 4115)
4(4115 4116 4141 4140)
4(4140 4141 4166 4165)
4(4165 4166 4191 4190)
4(4190 4191 4216 4215)
4(4215 4216 4241 4240)
4(4240 4241 4266 4265)
4(4265 4266 4291 4290)
4(4290 4291 4316 4315)
4(4315 4316 4341 4340)
4(4340 4341 4366 4365)
4(4365 4366 4391 4390)
4(4390 4391 4416 4415)
4(4415 4416 4441 4440)
4(4440 4441 4466 4465)
4(4465 4466 4491 4490)
4(4490 4491 4516 4515)
4(4515 4516 4541 4540)
4(4540 4541 4566 4565)
4(4565 4566 4591 4590)
4(4590 4591 4616 4615)
4(4615 4616 4641 4640)
4(4640 4641 4666 4665)
4(4665 4666 4691 4690)
4(4690 4691 4716 4715)
4(4715 4716 4741 4740)
4(737 1214 6773 6772)
4(6772 6773 6802 6801)
4(6801 6802 6831 6830)
4(6830 6831 6860 6859)
4(6859 6860 6889 6888)
4(6888 6889 6918 6917)
4(6917 6918 6947 6946)
4(6946 6947 6976 6975)
4(6975 6976 7005 7004)
4(7004 7005 7034 7033)
4(7033 7034 7063 7062)
4(7062 7063 7092 7091)
4(7091 7092 7121 7120)
4(7120 7121 7150 7149)
4(7149 7150 7179 7178)
4(7178 7179 7208 7207)
4(7207 7208 7237 7236)
4(7236 7237 7266 7265)
4(7265 7266 7295 7294)
4(7294 7295 7324 7323)
4(7323 7324 7353 7352)
4(7352 7353 7382 7381)
4(7381 7382 7411 7410)
4(7410 7411 7440 7439)
4(7439 7440 7469 7468)
4(7468 7469 7498 7497)
4(7497 7498 7527 7526)
4(7526 7527 7556 7555)
4(7555 7556 7585 7584)
4(7584 7585 7614 7613)
4(7613 7614 7643 7642)
4(7642 7643 7672 7671)
4(7671 7672 7701 7700)
4(7700 7701 7730 7729)
4(7729 7730 7759 7758)
4(7758 7759 7788 7787)
4(7787 7788 7817 7816)
4(7816 7817 7846 7845)
4(7845 7846 7875 7874)
4(7874 7875 7904 7903)
4(7903 7904 7933 7932)
4(7932 7933 7962 7961)
4(7961 7962 7991 7990)
4(7990 7991 8020 8019)
4(8019 8020 8049 8048)
4(8048 8049 8078 8077)
4(8077 8078 8107 8106)
4(8106 8107 8136 8135)
4(8135 8136 8165 8164)
4(8164 8165 8194 8193)
4(8193 8194 8223 8222)
4(8222 8223 8252 8251)
4(8251 8252 8281 8280)
4(8280 8281 8310 8309)
4(8309 8310 8339 8338)
4(8338 8339 8368 8367)
4(8367 8368 8397 8396)
4(8396 8397 8426 8425)
4(8425 8426 8455 8454)
4(8454 8455 8484 8483)
4(8483 8484 8513 8512)
4(8512 8513 8542 8541)
4(8541 8542 8571 8570)
4(8570 8571 8600 8599)
4(8599 8600 8629 8628)
4(8628 8629 8658 8657)
4(8657 8658 8687 8686)
4(8686 8687 8716 8715)
4(8715 8716 8745 8744)
4(8744 8745 8774 8773)
4(1214 1215 6774 6773)
4(6773 6774 6803 6802)
4(6802 6803 6832 6831)
4(6831 6832 6861 6860)
4(6860 6861 6890 6889)
4(6889 6890 6919 6918)
4(6918 6919 6948 6947)
4(6947 6948 6977 6976)
4(6976 6977 7006 7005)
4(7005 7006 7035 7034)
4(7034 7035 7064 7063)
4(7063 7064 7093 7092)
4(7092 7093 7122 7121)
4(7121 7122 7151 7150)
4(7150 7151 7180 7179)
4(7179 7180 7209 7208)
4(7208 7209 7238 7237)
4(7237 7238 7267 7266)
4(7266 7267 7296 7295)
4(7295 7296 7325 7324)
4(7324 7325 7354 7353)
4(7353 7354 7383 7382)
4(7382 7383 7412 7411)
4(7411 7412 7441 7440)
4(7440 7441 7470 7469)
4(7469 7470 7499 7498)
4(7498 7499 7528 7527)
4(7527 7528 7557 7556)
4(7556 7557 7586 7585)
4(7585 7586 7615 7614)
4(7614 7615 7644 7643)
4(7643 7644 7673 7672)
4(7672 7673 7702 7701)
4(7701 7702 7731 7730)
4(7730 7731 7760 7759)
4(7759 7760 7789 7788)
4(7788 7789 7818 7817)
4(7817 7818 7847 7846)
4(7846 7847 7876 7875)
4(7875 7876 7905 7904)
4(7904 7905 7934 7933)
4(7933 7934 7963 7962)
4(7962 7963 7992 7991)
4(7991 7992 8021 8020)
4(8020 8021 8050 8049)
4(8049 8050 8079 8078)
4(8078 8079 8108 8107)
4(8107 8108 8137 8136)
4(8136 8137 8166 8165)
4(8165 8166 8195 8194)
4(8194 8195 8224 8223)
4(8223 8224 8253 8252)
4(8252 8253 8282 8281)
4(8281 8282 8311 8310)
4(8310 8311 8340 8339)
4(8339 8340 8369 8368)
4(8368 8369 8398 8397)
4(8397 8398 8427 8426)
4(8426 8427 8456 8455)
4(8455 8456 8485 8484)
4(8484 8485 8514 8513)
4(8513 8514 8543 8542)
4(8542 8543 8572 8571)
4(8571 8572 8601 8600)
4(8600 8601 8630 8629)
4(8629 8630 8659 8658)
4(8658 8659 8688 8687)
4(8687 8688 8717 8716)
4(8716 8717 8746 8745)
4(8745 8746 8775 8774)
4(1215 1216 6775 6774)
4(6774 6775 6804 6803)
4(6803 6804 6833 6832)
4(6832 6833 6862 6861)
4(6861 6862 6891 6890)
4(6890 6891 6920 6919)
4(6919 6920 6949 6948)
4(6948 6949 6978 6977)
4(6977 6978 7007 7006)
4(7006 7007 7036 7035)
4(7035 7036 7065 7064)
4(7064 7065 7094 7093)
4(7093 7094 7123 7122)
4(7122 7123 7152 7151)
4(7151 7152 7181 7180)
4(7180 7181 7210 7209)
4(7209 7210 7239 7238)
4(7238 7239 7268 7267)
4(7267 7268 7297 7296)
4(7296 7297 7326 7325)
4(7325 7326 7355 7354)
4(7354 7355 7384 7383)
4(7383 7384 7413 7412)
4(7412 7413 7442 7441)
4(7441 7442 7471 7470)
4(7470 7471 7500 7499)
4(7499 7500 7529 7528)
4(7528 7529 7558 7557)
4(7557 7558 7587 7586)
4(7586 7587 7616 7615)
4(7615 7616 7645 7644)
4(7644 7645 7674 7673)
4(7673 7674 7703 7702)
4(7702 7703 7732 7731)
4(7731 7732 7761 7760)
4(7760 7761 7790 7789)
4(7789 7790 7819 7818)
4(7818 7819 7848 7847)
4(7847 7848 7877 7876)
4(7876 7877 7906 7905)
4(7905 7906 7935 7934)
4(7934 7935 7964 7963)
4(7963 7964 7993 7992)
4(7992 7993 8022 8021)
4(8021 8022 8051 8050)
4(8050 8051 8080 8079)
4(8079 8080 8109 8108)
4(8108 8109 8138 8137)
4(8137 8138 8167 8166)
4(8166 8167 8196 8195)
4(8195 8196 8225 8224)
4(8224 8225 8254 8253)
4(8253 8254 8283 8282)
4(8282 8283 8312 8311)
4(8311 8312 8341 8340)
4(8340 8341 8370 8369)
4(8369 8370 8399 8398)
4(8398 8399 8428 8427)
4(8427 8428 8457 8456)
4(8456 8457 8486 8485)
4(8485 8486 8515 8514)
4(8514 8515 8544 8543)
4(8543 8544 8573 8572)
4(8572 8573 8602 8601)
4(8601 8602 8631 8630)
4(8630 8631 8660 8659)
4(8659 8660 8689 8688)
4(8688 8689 8718 8717)
4(8717 8718 8747 8746)
4(8746 8747 8776 8775)
4(1216 1217 6776 6775)
4(6775 6776 6805 6804)
4(6804 6805 6834 6833)
4(6833 6834 6863 6862)
4(6862 6863 6892 6891)
4(6891 6892 6921 6920)
4(6920 6921 6950 6949)
4(6949 6950 6979 6978)
4(6978 6979 7008 7007)
4(7007 7008 7037 7036)
4(7036 7037 7066 7065)
4(7065 7066 7095 7094)
4(7094 7095 7124 7123)
4(7123 7124 7153 7152)
4(7152 7153 7182 7181)
4(7181 7182 7211 7210)
4(7210 7211 7240 7239)
4(7239 7240 7269 7268)
4(7268 7269 7298 7297)
4(7297 7298 7327 7326)
4(7326 7327 7356 7355)
4(7355 7356 7385 7384)
4(7384 7385 7414 7413)
4(7413 7414 7443 7442)
4(7442 7443 7472 7471)
4(7471 7472 7501 7500)
4(7500 7501 7530 7529)
4(7529 7530 7559 7558)
4(7558 7559 7588 7587)
4(7587 7588 7617 7616)
4(7616 7617 7646 7645)
4(7645 7646 7675 7674)
4(7674 7675 7704 7703)
4(7703 7704 7733 7732)
4(7732 7733 7762 7761)
4(7761 7762 7791 7790)
4(7790 7791 7820 7819)
4(7819 7820 7849 7848)
4(7848 7849 7878 7877)
4(7877 7878 7907 7906)
4(7906 7907 7936 7935)
4(7935 7936 7965 7964)
4(7964 7965 7994 7993)
4(7993 7994 8023 8022)
4(8022 8023 8052 8051)
4(8051 8052 8081 8080)
4(8080 8081 8110 8109)
4(8109 8110 8139 8138)
4(8138 8139 8168 8167)
4(8167 8168 8197 8196)
4(8196 8197 8226 8225)
4(8225 8226 8255 8254)
4(8254 8255 8284 8283)
4(8283 8284 8313 8312)
4(8312 8313 8342 8341)
4(8341 8342 8371 8370)
4(8370 8371 8400 8399)
4(8399 8400 8429 8428)
4(8428 8429 8458 8457)
4(8457 8458 8487 8486)
4(8486 8487 8516 8515)
4(8515 8516 8545 8544)
4(8544 8545 8574 8573)
4(8573 8574 8603 8602)
4(8602 8603 8632 8631)
4(8631 8632 8661 8660)
4(8660 8661 8690 8689)
4(8689 8690 8719 8718)
4(8718 8719 8748 8747)
4(8747 8748 8777 8776)
4(1217 1218 6777 6776)
4(6776 6777 6806 6805)
4(6805 6806 6835 6834)
4(6834 6835 6864 6863)
4(6863 6864 6893 6892)
4(6892 6893 6922 6921)
4(6921 6922 6951 6950)
4(6950 6951 6980 6979)
4(6979 6980 7009 7008)
4(7008 7009 7038 7037)
4(7037 7038 7067 7066)
4(7066 7067 7096 7095)
4(7095 7096 7125 7124)
4(7124 7125 7154 7153)
4(7153 7154 7183 7182)
4(7182 7183 7212 7211)
4(7211 7212 7241 7240)
4(7240 7241 7270 7269)
4(7269 7270 7299 7298)
4(7298 7299 7328 7327)
4(7327 7328 7357 7356)
4(7356 7357 7386 7385)
4(7385 7386 7415 7414)
4(7414 7415 7444 7443)
4(7443 7444 7473 7472)
4(7472 7473 7502 7501)
4(7501 7502 7531 7530)
4(7530 7531 7560 7559)
4(7559 7560 7589 7588)
4(7588 7589 7618 7617)
4(7617 7618 7647 7646)
4(7646 7647 7676 7675)
4(7675 7676 7705 7704)
4(7704 7705 7734 7733)
4(7733 7734 7763 7762)
4(7762 7763 7792 7791)
4(7791 7792 7821 7820)
4(7820 7821 7850 7849)
4(7849 7850 7879 7878)
4(7878 7879 7908 7907)
4(7907 7908 7937 7936)
4(7936 7937 7966 7965)
4(7965 7966 7995 7994)
4(7994 7995 8024 8023)
4(8023 8024 8053 8052)
4(8052 8053 8082 8081)
4(8081 8082 8111 8110)
4(8110 8111 8140 8139)
4(8139 8140 8169 8168)
4(8168 8169 8198 8197)
4(8197 8198 8227 8226)
4(8226 8227 8256 8255)
4(8255 8256 8285 8284)
4(8284 8285 8314 8313)
4(8313 8314 8343 8342)
4(8342 8343 8372 8371)
4(8371 8372 8401 8400)
4(8400 8401 8430 8429)
4(8429 8430 8459 8458)
4(8458 8459 8488 8487)
4(8487 8488 8517 8516)
4(8516 8517 8546 8545)
4(8545 8546 8575 8574)
4(8574 8575 8604 8603)
4(8603 8604 8633 8632)
4(8632 8633 8662 8661)
4(8661 8662 8691 8690)
4(8690 8691 8720 8719)
4(8719 8720 8749 8748)
4(8748 8749 8778 8777)
4(1218 1219 6778 6777)
4(6777 6778 6807 6806)
4(6806 6807 6836 6835)
4(6835 6836 6865 6864)
4(6864 6865 6894 6893)
4(6893 6894 6923 6922)
4(6922 6923 6952 6951)
4(6951 6952 6981 6980)
4(6980 6981 7010 7009)
4(7009 7010 7039 7038)
4(7038 7039 7068 7067)
4(7067 7068 7097 7096)
4(7096 7097 7126 7125)
4(7125 7126 7155 7154)
4(7154 7155 7184 7183)
4(7183 7184 7213 7212)
4(7212 7213 7242 7241)
4(7241 7242 7271 7270)
4(7270 7271 7300 7299)
4(7299 7300 7329 7328)
4(7328 7329 7358 7357)
4(7357 7358 7387 7386)
4(7386 7387 7416 7415)
4(7415 7416 7445 7444)
4(7444 7445 7474 7473)
4(7473 7474 7503 7502)
4(7502 7503 7532 7531)
4(7531 7532 7561 7560)
4(7560 7561 7590 7589)
4(7589 7590 7619 7618)
4(7618 7619 7648 7647)
4(7647 7648 7677 7676)
4(7676 7677 7706 7705)
4(7705 7706 7735 7734)
4(7734 7735 7764 7763)
4(7763 7764 7793 7792)
4(7792 7793 7822 7821)
4(7821 7822 7851 7850)
4(7850 7851 7880 7879)
4(7879 7880 7909 7908)
4(7908 7909 7938 7937)
4(7937 7938 7967 7966)
4(7966 7967 7996 7995)
4(7995 7996 8025 8024)
4(8024 8025 8054 8053)
4(8053 8054 8083 8082)
4(8082 8083 8112 8111)
4(8111 8112 8141 8140)
4(8140 8141 8170 8169)
4(8169 8170 8199 8198)
4(8198 8199 8228 8227)
4(8227 8228 8257 8256)
4(8256 8257 8286 8285)
4(8285 8286 8315 8314)
4(8314 8315 8344 8343)
4(8343 8344 8373 8372)
4(8372 8373 8402 8401)
4(8401 8402 8431 8430)
4(8430 8431 8460 8459)
4(8459 8460 8489 8488)
4(8488 8489 8518 8517)
4(8517 8518 8547 8546)
4(8546 8547 8576 8575)
4(8575 8576 8605 8604)
4(8604 8605 8634 8633)
4(8633 8634 8663 8662)
4(8662 8663 8692 8691)
4(8691 8692 8721 8720)
4(8720 8721 8750 8749)
4(8749 8750 8779 8778)
4(1219 1220 6779 6778)
4(6778 6779 6808 6807)
4(6807 6808 6837 6836)
4(6836 6837 6866 6865)
4(6865 6866 6895 6894)
4(6894 6895 6924 6923)
4(6923 6924 6953 6952)
4(6952 6953 6982 6981)
4(6981 6982 7011 7010)
4(7010 7011 7040 7039)
4(7039 7040 7069 7068)
4(7068 7069 7098 7097)
4(7097 7098 7127 7126)
4(7126 7127 7156 7155)
4(7155 7156 7185 7184)
4(7184 7185 7214 7213)
4(7213 7214 7243 7242)
4(7242 7243 7272 7271)
4(7271 7272 7301 7300)
4(7300 7301 7330 7329)
4(7329 7330 7359 7358)
4(7358 7359 7388 7387)
4(7387 7388 7417 7416)
4(7416 7417 7446 7445)
4(7445 7446 7475 7474)
4(7474 7475 7504 7503)
4(7503 7504 7533 7532)
4(7532 7533 7562 7561)
4(7561 7562 7591 7590)
4(7590 7591 7620 7619)
4(7619 7620 7649 7648)
4(7648 7649 7678 7677)
4(7677 7678 7707 7706)
4(7706 7707 7736 7735)
4(7735 7736 7765 7764)
4(7764 7765 7794 7793)
4(7793 7794 7823 7822)
4(7822 7823 7852 7851)
4(7851 7852 7881 7880)
4(7880 7881 7910 7909)
4(7909 7910 7939 7938)
4(7938 7939 7968 7967)
4(7967 7968 7997 7996)
4(7996 7997 8026 8025)
4(8025 8026 8055 8054)
4(8054 8055 8084 8083)
4(8083 8084 8113 8112)
4(8112 8113 8142 8141)
4(8141 8142 8171 8170)
4(8170 8171 8200 8199)
4(8199 8200 8229 8228)
4(8228 8229 8258 8257)
4(8257 8258 8287 8286)
4(8286 8287 8316 8315)
4(8315 8316 8345 8344)
4(8344 8345 8374 8373)
4(8373 8374 8403 8402)
4(8402 8403 8432 8431)
4(8431 8432 8461 8460)
4(8460 8461 8490 8489)
4(8489 8490 8519 8518)
4(8518 8519 8548 8547)
4(8547 8548 8577 8576)
4(8576 8577 8606 8605)
4(8605 8606 8635 8634)
4(8634 8635 8664 8663)
4(8663 8664 8693 8692)
4(8692 8693 8722 8721)
4(8721 8722 8751 8750)
4(8750 8751 8780 8779)
4(1220 1221 6780 6779)
4(6779 6780 6809 6808)
4(6808 6809 6838 6837)
4(6837 6838 6867 6866)
4(6866 6867 6896 6895)
4(6895 6896 6925 6924)
4(6924 6925 6954 6953)
4(6953 6954 6983 6982)
4(6982 6983 7012 7011)
4(7011 7012 7041 7040)
4(7040 7041 7070 7069)
4(7069 7070 7099 7098)
4(7098 7099 7128 7127)
4(7127 7128 7157 7156)
4(7156 7157 7186 7185)
4(7185 7186 7215 7214)
4(7214 7215 7244 7243)
4(7243 7244 7273 7272)
4(7272 7273 7302 7301)
4(7301 7302 7331 7330)
4(7330 7331 7360 7359)
4(7359 7360 7389 7388)
4(7388 7389 7418 7417)
4(7417 7418 7447 7446)
4(7446 7447 7476 7475)
4(7475 7476 7505 7504)
4(7504 7505 7534 7533)
4(7533 7534 7563 7562)
4(7562 7563 7592 7591)
4(7591 7592 7621 7620)
4(7620 7621 7650 7649)
4(7649 7650 7679 7678)
4(7678 7679 7708 7707)
4(7707 7708 7737 7736)
4(7736 7737 7766 7765)
4(7765 7766 7795 7794)
4(7794 7795 7824 7823)
4(7823 7824 7853 7852)
4(7852 7853 7882 7881)
4(7881 7882 7911 7910)
4(7910 7911 7940 7939)
4(7939 7940 7969 7968)
4(7968 7969 7998 7997)
4(7997 7998 8027 8026)
4(8026 8027 8056 8055)
4(8055 8056 8085 8084)
4(8084 8085 8114 8113)
4(8113 8114 8143 8142)
4(8142 8143 8172 8171)
4(8171 8172 8201 8200)
4(8200 8201 8230 8229)
4(8229 8230 8259 8258)
4(8258 8259 8288 8287)
4(8287 8288 8317 8316)
4(8316 8317 8346 8345)
4(8345 8346 8375 8374)
4(8374 8375 8404 8403)
4(8403 8404 8433 8432)
4(8432 8433 8462 8461)
4(8461 8462 8491 8490)
4(8490 8491 8520 8519)
4(8519 8520 8549 8548)
4(8548 8549 8578 8577)
4(8577 8578 8607 8606)
4(8606 8607 8636 8635)
4(8635 8636 8665 8664)
4(8664 8665 8694 8693)
4(8693 8694 8723 8722)
4(8722 8723 8752 8751)
4(8751 8752 8781 8780)
4(1221 1222 6781 6780)
4(6780 6781 6810 6809)
4(6809 6810 6839 6838)
4(6838 6839 6868 6867)
4(6867 6868 6897 6896)
4(6896 6897 6926 6925)
4(6925 6926 6955 6954)
4(6954 6955 6984 6983)
4(6983 6984 7013 7012)
4(7012 7013 7042 7041)
4(7041 7042 7071 7070)
4(7070 7071 7100 7099)
4(7099 7100 7129 7128)
4(7128 7129 7158 7157)
4(7157 7158 7187 7186)
4(7186 7187 7216 7215)
4(7215 7216 7245 7244)
4(7244 7245 7274 7273)
4(7273 7274 7303 7302)
4(7302 7303 7332 7331)
4(7331 7332 7361 7360)
4(7360 7361 7390 7389)
4(7389 7390 7419 7418)
4(7418 7419 7448 7447)
4(7447 7448 7477 7476)
4(7476 7477 7506 7505)
4(7505 7506 7535 7534)
4(7534 7535 7564 7563)
4(7563 7564 7593 7592)
4(7592 7593 7622 7621)
4(7621 7622 7651 7650)
4(7650 7651 7680 7679)
4(7679 7680 7709 7708)
4(7708 7709 7738 7737)
4(7737 7738 7767 7766)
4(7766 7767 7796 7795)
4(7795 7796 7825 7824)
4(7824 7825 7854 7853)
4(7853 7854 7883 7882)
4(7882 7883 7912 7911)
4(7911 7912 7941 7940)
4(7940 7941 7970 7969)
4(7969 7970 7999 7998)
4(7998 7999 8028 8027)
4(8027 8028 8057 8056)
4(8056 8057 8086 8085)
4(8085 8086 8115 8114)
4(8114 8115 8144 8143)
4(8143 8144 8173 8172)
4(8172 8173 8202 8201)
4(8201 8202 8231 8230)
4(8230 8231 8260 8259)
4(8259 8260 8289 8288)
4(8288 8289 8318 8317)
4(8317 8318 8347 8346)
4(8346 8347 8376 8375)
4(8375 8376 8405 8404)
4(8404 8405 8434 8433)
4(8433 8434 8463 8462)
4(8462 8463 8492 8491)
4(8491 8492 8521 8520)
4(8520 8521 8550 8549)
4(8549 8550 8579 8578)
4(8578 8579 8608 8607)
4(8607 8608 8637 8636)
4(8636 8637 8666 8665)
4(8665 8666 8695 8694)
4(8694 8695 8724 8723)
4(8723 8724 8753 8752)
4(8752 8753 8782 8781)
4(1222 1223 6782 6781)
4(6781 6782 6811 6810)
4(6810 6811 6840 6839)
4(6839 6840 6869 6868)
4(6868 6869 6898 6897)
4(6897 6898 6927 6926)
4(6926 6927 6956 6955)
4(6955 6956 6985 6984)
4(6984 6985 7014 7013)
4(7013 7014 7043 7042)
4(7042 7043 7072 7071)
4(7071 7072 7101 7100)
4(7100 7101 7130 7129)
4(7129 7130 7159 7158)
4(7158 7159 7188 7187)
4(7187 7188 7217 7216)
4(7216 7217 7246 7245)
4(7245 7246 7275 7274)
4(7274 7275 7304 7303)
4(7303 7304 7333 7332)
4(7332 7333 7362 7361)
4(7361 7362 7391 7390)
4(7390 7391 7420 7419)
4(7419 7420 7449 7448)
4(7448 7449 7478 7477)
4(7477 7478 7507 7506)
4(7506 7507 7536 7535)
4(7535 7536 7565 7564)
4(7564 7565 7594 7593)
4(7593 7594 7623 7622)
4(7622 7623 7652 7651)
4(7651 7652 7681 7680)
4(7680 7681 7710 7709)
4(7709 7710 7739 7738)
4(7738 7739 7768 7767)
4(7767 7768 7797 7796)
4(7796 7797 7826 7825)
4(7825 7826 7855 7854)
4(7854 7855 7884 7883)
4(7883 7884 7913 7912)
4(7912 7913 7942 7941)
4(7941 7942 7971 7970)
4(7970 7971 8000 7999)
4(7999 8000 8029 8028)
4(8028 8029 8058 8057)
4(8057 8058 8087 8086)
4(8086 8087 8116 8115)
4(8115 8116 8145 8144)
4(8144 8145 8174 8173)
4(8173 8174 8203 8202)
4(8202 8203 8232 8231)
4(8231 8232 8261 8260)
4(8260 8261 8290 8289)
4(8289 8290 8319 8318)
4(8318 8319 8348 8347)
4(8347 8348 8377 8376)
4(8376 8377 8406 8405)
4(8405 8406 8435 8434)
4(8434 8435 8464 8463)
4(8463 8464 8493 8492)
4(8492 8493 8522 8521)
4(8521 8522 8551 8550)
4(8550 8551 8580 8579)
4(8579 8580 8609 8608)
4(8608 8609 8638 8637)
4(8637 8638 8667 8666)
4(8666 8667 8696 8695)
4(8695 8696 8725 8724)
4(8724 8725 8754 8753)
4(8753 8754 8783 8782)
4(1223 1224 6783 6782)
4(6782 6783 6812 6811)
4(6811 6812 6841 6840)
4(6840 6841 6870 6869)
4(6869 6870 6899 6898)
4(6898 6899 6928 6927)
4(6927 6928 6957 6956)
4(6956 6957 6986 6985)
4(6985 6986 7015 7014)
4(7014 7015 7044 7043)
4(7043 7044 7073 7072)
4(7072 7073 7102 7101)
4(7101 7102 7131 7130)
4(7130 7131 7160 7159)
4(7159 7160 7189 7188)
4(7188 7189 7218 7217)
4(7217 7218 7247 7246)
4(7246 7247 7276 7275)
4(7275 7276 7305 7304)
4(7304 7305 7334 7333)
4(7333 7334 7363 7362)
4(7362 7363 7392 7391)
4(7391 7392 7421 7420)
4(7420 7421 7450 7449)
4(7449 7450 7479 7478)
4(7478 7479 7508 7507)
4(7507 7508 7537 7536)
4(7536 7537 7566 7565)
4(7565 7566 7595 7594)
4(7594 7595 7624 7623)
4(7623 7624 7653 7652)
4(7652 7653 7682 7681)
4(7681 7682 7711 7710)
4(7710 7711 7740 7739)
4(7739 7740 7769 7768)
4(7768 7769 7798 7797)
4(7797 7798 7827 7826)
4(7826 7827 7856 7855)
4(7855 7856 7885 7884)
4(7884 7885 7914 7913)
4(7913 7914 7943 7942)
4(7942 7943 7972 7971)
4(7971 7972 8001 8000)
4(8000 8001 8030 8029)
4(8029 8030 8059 8058)
4(8058 8059 8088 8087)
4(8087 8088 8117 8116)
4(8116 8117 8146 8145)
4(8145 8146 8175 8174)
4(8174 8175 8204 8203)
4(8203 8204 8233 8232)
4(8232 8233 8262 8261)
4(8261 8262 8291 8290)
4(8290 8291 8320 8319)
4(8319 8320 8349 8348)
4(8348 8349 8378 8377)
4(8377 8378 8407 8406)
4(8406 8407 8436 8435)
4(8435 8436 8465 8464)
4(8464 8465 8494 8493)
4(8493 8494 8523 8522)
4(8522 8523 8552 8551)
4(8551 8552 8581 8580)
4(8580 8581 8610 8609)
4(8609 8610 8639 8638)
4(8638 8639 8668 8667)
4(8667 8668 8697 8696)
4(8696 8697 8726 8725)
4(8725 8726 8755 8754)
4(8754 8755 8784 8783)
4(1224 1225 6784 6783)
4(6783 6784 6813 6812)
4(6812 6813 6842 6841)
4(6841 6842 6871 6870)
4(6870 6871 6900 6899)
4(6899 6900 6929 6928)
4(6928 6929 6958 6957)
4(6957 6958 6987 6986)
4(6986 6987 7016 7015)
4(7015 7016 7045 7044)
4(7044 7045 7074 7073)
4(7073 7074 7103 7102)
4(7102 7103 7132 7131)
4(7131 7132 7161 7160)
4(7160 7161 7190 7189)
4(7189 7190 7219 7218)
4(7218 7219 7248 7247)
4(7247 7248 7277 7276)
4(7276 7277 7306 7305)
4(7305 7306 7335 7334)
4(7334 7335 7364 7363)
4(7363 7364 7393 7392)
4(7392 7393 7422 7421)
4(7421 7422 7451 7450)
4(7450 7451 7480 7479)
4(7479 7480 7509 7508)
4(7508 7509 7538 7537)
4(7537 7538 7567 7566)
4(7566 7567 7596 7595)
4(7595 7596 7625 7624)
4(7624 7625 7654 7653)
4(7653 7654 7683 7682)
4(7682 7683 7712 7711)
4(7711 7712 7741 7740)
4(7740 7741 7770 7769)
4(7769 7770 7799 7798)
4(7798 7799 7828 7827)
4(7827 7828 7857 7856)
4(7856 7857 7886 7885)
4(7885 7886 7915 7914)
4(7914 7915 7944 7943)
4(7943 7944 7973 7972)
4(7972 7973 8002 8001)
4(8001 8002 8031 8030)
4(8030 8031 8060 8059)
4(8059 8060 8089 8088)
4(8088 8089 8118 8117)
4(8117 8118 8147 8146)
4(8146 8147 8176 8175)
4(8175 8176 8205 8204)
4(8204 8205 8234 8233)
4(8233 8234 8263 8262)
4(8262 8263 8292 8291)
4(8291 8292 8321 8320)
4(8320 8321 8350 8349)
4(8349 8350 8379 8378)
4(8378 8379 8408 8407)
4(8407 8408 8437 8436)
4(8436 8437 8466 8465)
4(8465 8466 8495 8494)
4(8494 8495 8524 8523)
4(8523 8524 8553 8552)
4(8552 8553 8582 8581)
4(8581 8582 8611 8610)
4(8610 8611 8640 8639)
4(8639 8640 8669 8668)
4(8668 8669 8698 8697)
4(8697 8698 8727 8726)
4(8726 8727 8756 8755)
4(8755 8756 8785 8784)
4(1225 1226 6785 6784)
4(6784 6785 6814 6813)
4(6813 6814 6843 6842)
4(6842 6843 6872 6871)
4(6871 6872 6901 6900)
4(6900 6901 6930 6929)
4(6929 6930 6959 6958)
4(6958 6959 6988 6987)
4(6987 6988 7017 7016)
4(7016 7017 7046 7045)
4(7045 7046 7075 7074)
4(7074 7075 7104 7103)
4(7103 7104 7133 7132)
4(7132 7133 7162 7161)
4(7161 7162 7191 7190)
4(7190 7191 7220 7219)
4(7219 7220 7249 7248)
4(7248 7249 7278 7277)
4(7277 7278 7307 7306)
4(7306 7307 7336 7335)
4(7335 7336 7365 7364)
4(7364 7365 7394 7393)
4(7393 7394 7423 7422)
4(7422 7423 7452 7451)
4(7451 7452 7481 7480)
4(7480 7481 7510 7509)
4(7509 7510 7539 7538)
4(7538 7539 7568 7567)
4(7567 7568 7597 7596)
4(7596 7597 7626 7625)
4(7625 7626 7655 7654)
4(7654 7655 7684 7683)
4(7683 7684 7713 7712)
4(7712 7713 7742 7741)
4(7741 7742 7771 7770)
4(7770 7771 7800 7799)
4(7799 7800 7829 7828)
4(7828 7829 7858 7857)
4(7857 7858 7887 7886)
4(7886 7887 7916 7915)
4(7915 7916 7945 7944)
4(7944 7945 7974 7973)
4(7973 7974 8003 8002)
4(8002 8003 8032 8031)
4(8031 8032 8061 8060)
4(8060 8061 8090 8089)
4(8089 8090 8119 8118)
4(8118 8119 8148 8147)
4(8147 8148 8177 8176)
4(8176 8177 8206 8205)
4(8205 8206 8235 8234)
4(8234 8235 8264 8263)
4(8263 8264 8293 8292)
4(8292 8293 8322 8321)
4(8321 8322 8351 8350)
4(8350 8351 8380 8379)
4(8379 8380 8409 8408)
4(8408 8409 8438 8437)
4(8437 8438 8467 8466)
4(8466 8467 8496 8495)
4(8495 8496 8525 8524)
4(8524 8525 8554 8553)
4(8553 8554 8583 8582)
4(8582 8583 8612 8611)
4(8611 8612 8641 8640)
4(8640 8641 8670 8669)
4(8669 8670 8699 8698)
4(8698 8699 8728 8727)
4(8727 8728 8757 8756)
4(8756 8757 8786 8785)
4(1226 1227 6786 6785)
4(6785 6786 6815 6814)
4(6814 6815 6844 6843)
4(6843 6844 6873 6872)
4(6872 6873 6902 6901)
4(6901 6902 6931 6930)
4(6930 6931 6960 6959)
4(6959 6960 6989 6988)
4(6988 6989 7018 7017)
4(7017 7018 7047 7046)
4(7046 7047 7076 7075)
4(7075 7076 7105 7104)
4(7104 7105 7134 7133)
4(7133 7134 7163 7162)
4(7162 7163 7192 7191)
4(7191 7192 7221 7220)
4(7220 7221 7250 7249)
4(7249 7250 7279 7278)
4(7278 7279 7308 7307)
4(7307 7308 7337 7336)
4(7336 7337 7366 7365)
4(7365 7366 7395 7394)
4(7394 7395 7424 7423)
4(7423 7424 7453 7452)
4(7452 7453 7482 7481)
4(7481 7482 7511 7510)
4(7510 7511 7540 7539)
4(7539 7540 7569 7568)
4(7568 7569 7598 7597)
4(7597 7598 7627 7626)
4(7626 7627 7656 7655)
4(7655 7656 7685 7684)
4(7684 7685 7714 7713)
4(7713 7714 7743 7742)
4(7742 7743 7772 7771)
4(7771 7772 7801 7800)
4(7800 7801 7830 7829)
4(7829 7830 7859 7858)
4(7858 7859 7888 7887)
4(7887 7888 7917 7916)
4(7916 7917 7946 7945)
4(7945 7946 7975 7974)
4(7974 7975 8004 8003)
4(8003 8004 8033 8032)
4(8032 8033 8062 8061)
4(8061 8062 8091 8090)
4(8090 8091 8120 8119)
4(8119 8120 8149 8148)
4(8148 8149 8178 8177)
4(8177 8178 8207 8206)
4(8206 8207 8236 8235)
4(8235 8236 8265 8264)
4(8264 8265 8294 8293)
4(8293 8294 8323 8322)
4(8322 8323 8352 8351)
4(8351 8352 8381 8380)
4(8380 8381 8410 8409)
4(8409 8410 8439 8438)
4(8438 8439 8468 8467)
4(8467 8468 8497 8496)
4(8496 8497 8526 8525)
4(8525 8526 8555 8554)
4(8554 8555 8584 8583)
4(8583 8584 8613 8612)
4(8612 8613 8642 8641)
4(8641 8642 8671 8670)
4(8670 8671 8700 8699)
4(8699 8700 8729 8728)
4(8728 8729 8758 8757)
4(8757 8758 8787 8786)
4(1227 1228 6787 6786)
4(6786 6787 6816 6815)
4(6815 6816 6845 6844)
4(6844 6845 6874 6873)
4(6873 6874 6903 6902)
4(6902 6903 6932 6931)
4(6931 6932 6961 6960)
4(6960 6961 6990 6989)
4(6989 6990 7019 7018)
4(7018 7019 7048 7047)
4(7047 7048 7077 7076)
4(7076 7077 7106 7105)
4(7105 7106 7135 7134)
4(7134 7135 7164 7163)
4(7163 7164 7193 7192)
4(7192 7193 7222 7221)
4(7221 7222 7251 7250)
4(7250 7251 7280 7279)
4(7279 7280 7309 7308)
4(7308 7309 7338 7337)
4(7337 7338 7367 7366)
4(7366 7367 7396 7395)
4(7395 7396 7425 7424)
4(7424 7425 7454 7453)
4(7453 7454 7483 7482)
4(7482 7483 7512 7511)
4(7511 7512 7541 7540)
4(7540 7541 7570 7569)
4(7569 7570 7599 7598)
4(7598 7599 7628 7627)
4(7627 7628 7657 7656)
4(7656 7657 7686 7685)
4(7685 7686 7715 7714)
4(7714 7715 7744 7743)
4(7743 7744 7773 7772)
4(7772 7773 7802 7801)
4(7801 7802 7831 7830)
4(7830 7831 7860 7859)
4(7859 7860 7889 7888)
4(7888 7889 7918 7917)
4(7917 7918 7947 7946)
4(7946 7947 7976 7975)
4(7975 7976 8005 8004)
4(8004 8005 8034 8033)
4(8033 8034 8063 8062)
4(8062 8063 8092 8091)
4(8091 8092 8121 8120)
4(8120 8121 8150 8149)
4(8149 8150 8179 8178)
4(8178 8179 8208 8207)
4(8207 8208 8237 8236)
4(8236 8237 8266 8265)
4(8265 8266 8295 8294)
4(8294 8295 8324 8323)
4(8323 8324 8353 8352)
4(8352 8353 8382 8381)
4(8381 8382 8411 8410)
4(8410 8411 8440 8439)
4(8439 8440 8469 8468)
4(8468 8469 8498 8497)
4(8497 8498 8527 8526)
4(8526 8527 8556 8555)
4(8555 8556 8585 8584)
4(8584 8585 8614 8613)
4(8613 8614 8643 8642)
4(8642 8643 8672 8671)
4(8671 8672 8701 8700)
4(8700 8701 8730 8729)
4(8729 8730 8759 8758)
4(8758 8759 8788 8787)
4(1228 1229 6788 6787)
4(6787 6788 6817 6816)
4(6816 6817 6846 6845)
4(6845 6846 6875 6874)
4(6874 6875 6904 6903)
4(6903 6904 6933 6932)
4(6932 6933 6962 6961)
4(6961 6962 6991 6990)
4(6990 6991 7020 7019)
4(7019 7020 7049 7048)
4(7048 7049 7078 7077)
4(7077 7078 7107 7106)
4(7106 7107 7136 7135)
4(7135 7136 7165 7164)
4(7164 7165 7194 7193)
4(7193 7194 7223 7222)
4(7222 7223 7252 7251)
4(7251 7252 7281 7280)
4(7280 7281 7310 7309)
4(7309 7310 7339 7338)
4(7338 7339 7368 7367)
4(7367 7368 7397 7396)
4(7396 7397 7426 7425)
4(7425 7426 7455 7454)
4(7454 7455 7484 7483)
4(7483 7484 7513 7512)
4(7512 7513 7542 7541)
4(7541 7542 7571 7570)
4(7570 7571 7600 7599)
4(7599 7600 7629 7628)
4(7628 7629 7658 7657)
4(7657 7658 7687 7686)
4(7686 7687 7716 7715)
4(7715 7716 7745 7744)
4(7744 7745 7774 7773)
4(7773 7774 7803 7802)
4(7802 7803 7832 7831)
4(7831 7832 7861 7860)
4(7860 7861 7890 7889)
4(7889 7890 7919 7918)
4(7918 7919 7948 7947)
4(7947 7948 7977 7976)
4(7976 7977 8006 8005)
4(8005 8006 8035 8034)
4(8034 8035 8064 8063)
4(8063 8064 8093 8092)
4(8092 8093 8122 8121)
4(8121 8122 8151 8150)
4(8150 8151 8180 8179)
4(8179 8180 8209 8208)
4(8208 8209 8238 8237)
4(8237 8238 8267 8266)
4(8266 8267 8296 8295)
4(8295 8296 8325 8324)
4(8324 8325 8354 8353)
4(8353 8354 8383 8382)
4(8382 8383 8412 8411)
4(8411 8412 8441 8440)
4(8440 8441 8470 8469)
4(8469 8470 8499 8498)
4(8498 8499 8528 8527)
4(8527 8528 8557 8556)
4(8556 8557 8586 8585)
4(8585 8586 8615 8614)
4(8614 8615 8644 8643)
4(8643 8644 8673 8672)
4(8672 8673 8702 8701)
4(8701 8702 8731 8730)
4(8730 8731 8760 8759)
4(8759 8760 8789 8788)
4(1229 1230 6789 6788)
4(6788 6789 6818 6817)
4(6817 6818 6847 6846)
4(6846 6847 6876 6875)
4(6875 6876 6905 6904)
4(6904 6905 6934 6933)
4(6933 6934 6963 6962)
4(6962 6963 6992 6991)
4(6991 6992 7021 7020)
4(7020 7021 7050 7049)
4(7049 7050 7079 7078)
4(7078 7079 7108 7107)
4(7107 7108 7137 7136)
4(7136 7137 7166 7165)
4(7165 7166 7195 7194)
4(7194 7195 7224 7223)
4(7223 7224 7253 7252)
4(7252 7253 7282 7281)
4(7281 7282 7311 7310)
4(7310 7311 7340 7339)
4(7339 7340 7369 7368)
4(7368 7369 7398 7397)
4(7397 7398 7427 7426)
4(7426 7427 7456 7455)
4(7455 7456 7485 7484)
4(7484 7485 7514 7513)
4(7513 7514 7543 7542)
4(7542 7543 7572 7571)
4(7571 7572 7601 7600)
4(7600 7601 7630 7629)
4(7629 7630 7659 7658)
4(7658 7659 7688 7687)
4(7687 7688 7717 7716)
4(7716 7717 7746 7745)
4(7745 7746 7775 7774)
4(7774 7775 7804 7803)
4(7803 7804 7833 7832)
4(7832 7833 7862 7861)
4(7861 7862 7891 7890)
4(7890 7891 7920 7919)
4(7919 7920 7949 7948)
4(7948 7949 7978 7977)
4(7977 7978 8007 8006)
4(8006 8007 8036 8035)
4(8035 8036 8065 8064)
4(8064 8065 8094 8093)
4(8093 8094 8123 8122)
4(8122 8123 8152 8151)
4(8151 8152 8181 8180)
4(8180 8181 8210 8209)
4(8209 8210 8239 8238)
4(8238 8239 8268 8267)
4(8267 8268 8297 8296)
4(8296 8297 8326 8325)
4(8325 8326 8355 8354)
4(8354 8355 8384 8383)
4(8383 8384 8413 8412)
4(8412 8413 8442 8441)
4(8441 8442 8471 8470)
4(8470 8471 8500 8499)
4(8499 8500 8529 8528)
4(8528 8529 8558 8557)
4(8557 8558 8587 8586)
4(8586 8587 8616 8615)
4(8615 8616 8645 8644)
4(8644 8645 8674 8673)
4(8673 8674 8703 8702)
4(8702 8703 8732 8731)
4(8731 8732 8761 8760)
4(8760 8761 8790 8789)
4(1230 1231 6790 6789)
4(6789 6790 6819 6818)
4(6818 6819 6848 6847)
4(6847 6848 6877 6876)
4(6876 6877 6906 6905)
4(6905 6906 6935 6934)
4(6934 6935 6964 6963)
4(6963 6964 6993 6992)
4(6992 6993 7022 7021)
4(7021 7022 7051 7050)
4(7050 7051 7080 7079)
4(7079 7080 7109 7108)
4(7108 7109 7138 7137)
4(7137 7138 7167 7166)
4(7166 7167 7196 7195)
4(7195 7196 7225 7224)
4(7224 7225 7254 7253)
4(7253 7254 7283 7282)
4(7282 7283 7312 7311)
4(7311 7312 7341 7340)
4(7340 7341 7370 7369)
4(7369 7370 7399 7398)
4(7398 7399 7428 7427)
4(7427 7428 7457 7456)
4(7456 7457 7486 7485)
4(7485 7486 7515 7514)
4(7514 7515 7544 7543)
4(7543 7544 7573 7572)
4(7572 7573 7602 7601)
4(7601 7602 7631 7630)
4(7630 7631 7660 7659)
4(7659 7660 7689 7688)
4(7688 7689 7718 7717)
4(7717 7718 7747 7746)
4(7746 7747 7776 7775)
4(7775 7776 7805 7804)
4(7804 7805 7834 7833)
4(7833 7834 7863 7862)
4(7862 7863 7892 7891)
4(7891 7892 7921 7920)
4(7920 7921 7950 7949)
4(7949 7950 7979 7978)
4(7978 7979 8008 8007)
4(8007 8008 8037 8036)
4(8036 8037 8066 8065)
4(8065 8066 8095 8094)
4(8094 8095 8124 8123)
4(8123 8124 8153 8152)
4(8152 8153 8182 8181)
4(8181 8182 8211 8210)
4(8210 8211 8240 8239)
4(8239 8240 8269 8268)
4(8268 8269 8298 8297)
4(8297 8298 8327 8326)
4(8326 8327 8356 8355)
4(8355 8356 8385 8384)
4(8384 8385 8414 8413)
4(8413 8414 8443 8442)
4(8442 8443 8472 8471)
4(8471 8472 8501 8500)
4(8500 8501 8530 8529)
4(8529 8530 8559 8558)
4(8558 8559 8588 8587)
4(8587 8588 8617 8616)
4(8616 8617 8646 8645)
4(8645 8646 8675 8674)
4(8674 8675 8704 8703)
4(8703 8704 8733 8732)
4(8732 8733 8762 8761)
4(8761 8762 8791 8790)
4(1231 1232 6791 6790)
4(6790 6791 6820 6819)
4(6819 6820 6849 6848)
4(6848 6849 6878 6877)
4(6877 6878 6907 6906)
4(6906 6907 6936 6935)
4(6935 6936 6965 6964)
4(6964 6965 6994 6993)
4(6993 6994 7023 7022)
4(7022 7023 7052 7051)
4(7051 7052 7081 7080)
4(7080 7081 7110 7109)
4(7109 7110 7139 7138)
4(7138 7139 7168 7167)
4(7167 7168 7197 7196)
4(7196 7197 7226 7225)
4(7225 7226 7255 7254)
4(7254 7255 7284 7283)
4(7283 7284 7313 7312)
4(7312 7313 7342 7341)
4(7341 7342 7371 7370)
4(7370 7371 7400 7399)
4(7399 7400 7429 7428)
4(7428 7429 7458 7457)
4(7457 7458 7487 7486)
4(7486 7487 7516 7515)
4(7515 7516 7545 7544)
4(7544 7545 7574 7573)
4(7573 7574 7603 7602)
4(7602 7603 7632 7631)
4(7631 7632 7661 7660)
4(7660 7661 7690 7689)
4(7689 7690 7719 7718)
4(7718 7719 7748 7747)
4(7747 7748 7777 7776)
4(7776 7777 7806 7805)
4(7805 7806 7835 7834)
4(7834 7835 7864 7863)
4(7863 7864 7893 7892)
4(7892 7893 7922 7921)
4(7921 7922 7951 7950)
4(7950 7951 7980 7979)
4(7979 7980 8009 8008)
4(8008 8009 8038 8037)
4(8037 8038 8067 8066)
4(8066 8067 8096 8095)
4(8095 8096 8125 8124)
4(8124 8125 8154 8153)
4(8153 8154 8183 8182)
4(8182 8183 8212 8211)
4(8211 8212 8241 8240)
4(8240 8241 8270 8269)
4(8269 8270 8299 8298)
4(8298 8299 8328 8327)
4(8327 8328 8357 8356)
4(8356 8357 8386 8385)
4(8385 8386 8415 8414)
4(8414 8415 8444 8443)
4(8443 8444 8473 8472)
4(8472 8473 8502 8501)
4(8501 8502 8531 8530)
4(8530 8531 8560 8559)
4(8559 8560 8589 8588)
4(8588 8589 8618 8617)
4(8617 8618 8647 8646)
4(8646 8647 8676 8675)
4(8675 8676 8705 8704)
4(8704 8705 8734 8733)
4(8733 8734 8763 8762)
4(8762 8763 8792 8791)
4(1232 1233 6792 6791)
4(6791 6792 6821 6820)
4(6820 6821 6850 6849)
4(6849 6850 6879 6878)
4(6878 6879 6908 6907)
4(6907 6908 6937 6936)
4(6936 6937 6966 6965)
4(6965 6966 6995 6994)
4(6994 6995 7024 7023)
4(7023 7024 7053 7052)
4(7052 7053 7082 7081)
4(7081 7082 7111 7110)
4(7110 7111 7140 7139)
4(7139 7140 7169 7168)
4(7168 7169 7198 7197)
4(7197 7198 7227 7226)
4(7226 7227 7256 7255)
4(7255 7256 7285 7284)
4(7284 7285 7314 7313)
4(7313 7314 7343 7342)
4(7342 7343 7372 7371)
4(7371 7372 7401 7400)
4(7400 7401 7430 7429)
4(7429 7430 7459 7458)
4(7458 7459 7488 7487)
4(7487 7488 7517 7516)
4(7516 7517 7546 7545)
4(7545 7546 7575 7574)
4(7574 7575 7604 7603)
4(7603 7604 7633 7632)
4(7632 7633 7662 7661)
4(7661 7662 7691 7690)
4(7690 7691 7720 7719)
4(7719 7720 7749 7748)
4(7748 7749 7778 7777)
4(7777 7778 7807 7806)
4(7806 7807 7836 7835)
4(7835 7836 7865 7864)
4(7864 7865 7894 7893)
4(7893 7894 7923 7922)
4(7922 7923 7952 7951)
4(7951 7952 7981 7980)
4(7980 7981 8010 8009)
4(8009 8010 8039 8038)
4(8038 8039 8068 8067)
4(8067 8068 8097 8096)
4(8096 8097 8126 8125)
4(8125 8126 8155 8154)
4(8154 8155 8184 8183)
4(8183 8184 8213 8212)
4(8212 8213 8242 8241)
4(8241 8242 8271 8270)
4(8270 8271 8300 8299)
4(8299 8300 8329 8328)
4(8328 8329 8358 8357)
4(8357 8358 8387 8386)
4(8386 8387 8416 8415)
4(8415 8416 8445 8444)
4(8444 8445 8474 8473)
4(8473 8474 8503 8502)
4(8502 8503 8532 8531)
4(8531 8532 8561 8560)
4(8560 8561 8590 8589)
4(8589 8590 8619 8618)
4(8618 8619 8648 8647)
4(8647 8648 8677 8676)
4(8676 8677 8706 8705)
4(8705 8706 8735 8734)
4(8734 8735 8764 8763)
4(8763 8764 8793 8792)
4(1233 1234 6793 6792)
4(6792 6793 6822 6821)
4(6821 6822 6851 6850)
4(6850 6851 6880 6879)
4(6879 6880 6909 6908)
4(6908 6909 6938 6937)
4(6937 6938 6967 6966)
4(6966 6967 6996 6995)
4(6995 6996 7025 7024)
4(7024 7025 7054 7053)
4(7053 7054 7083 7082)
4(7082 7083 7112 7111)
4(7111 7112 7141 7140)
4(7140 7141 7170 7169)
4(7169 7170 7199 7198)
4(7198 7199 7228 7227)
4(7227 7228 7257 7256)
4(7256 7257 7286 7285)
4(7285 7286 7315 7314)
4(7314 7315 7344 7343)
4(7343 7344 7373 7372)
4(7372 7373 7402 7401)
4(7401 7402 7431 7430)
4(7430 7431 7460 7459)
4(7459 7460 7489 7488)
4(7488 7489 7518 7517)
4(7517 7518 7547 7546)
4(7546 7547 7576 7575)
4(7575 7576 7605 7604)
4(7604 7605 7634 7633)
4(7633 7634 7663 7662)
4(7662 7663 7692 7691)
4(7691 7692 7721 7720)
4(7720 7721 7750 7749)
4(7749 7750 7779 7778)
4(7778 7779 7808 7807)
4(7807 7808 7837 7836)
4(7836 7837 7866 7865)
4(7865 7866 7895 7894)
4(7894 7895 7924 7923)
4(7923 7924 7953 7952)
4(7952 7953 7982 7981)
4(7981 7982 8011 8010)
4(8010 8011 8040 8039)
4(8039 8040 8069 8068)
4(8068 8069 8098 8097)
4(8097 8098 8127 8126)
4(8126 8127 8156 8155)
4(8155 8156 8185 8184)
4(8184 8185 8214 8213)
4(8213 8214 8243 8242)
4(8242 8243 8272 8271)
4(8271 8272 8301 8300)
4(8300 8301 8330 8329)
4(8329 8330 8359 8358)
4(8358 8359 8388 8387)
4(8387 8388 8417 8416)
4(8416 8417 8446 8445)
4(8445 8446 8475 8474)
4(8474 8475 8504 8503)
4(8503 8504 8533 8532)
4(8532 8533 8562 8561)
4(8561 8562 8591 8590)
4(8590 8591 8620 8619)
4(8619 8620 8649 8648)
4(8648 8649 8678 8677)
4(8677 8678 8707 8706)
4(8706 8707 8736 8735)
4(8735 8736 8765 8764)
4(8764 8765 8794 8793)
4(1234 1235 6794 6793)
4(6793 6794 6823 6822)
4(6822 6823 6852 6851)
4(6851 6852 6881 6880)
4(6880 6881 6910 6909)
4(6909 6910 6939 6938)
4(6938 6939 6968 6967)
4(6967 6968 6997 6996)
4(6996 6997 7026 7025)
4(7025 7026 7055 7054)
4(7054 7055 7084 7083)
4(7083 7084 7113 7112)
4(7112 7113 7142 7141)
4(7141 7142 7171 7170)
4(7170 7171 7200 7199)
4(7199 7200 7229 7228)
4(7228 7229 7258 7257)
4(7257 7258 7287 7286)
4(7286 7287 7316 7315)
4(7315 7316 7345 7344)
4(7344 7345 7374 7373)
4(7373 7374 7403 7402)
4(7402 7403 7432 7431)
4(7431 7432 7461 7460)
4(7460 7461 7490 7489)
4(7489 7490 7519 7518)
4(7518 7519 7548 7547)
4(7547 7548 7577 7576)
4(7576 7577 7606 7605)
4(7605 7606 7635 7634)
4(7634 7635 7664 7663)
4(7663 7664 7693 7692)
4(7692 7693 7722 7721)
4(7721 7722 7751 7750)
4(7750 7751 7780 7779)
4(7779 7780 7809 7808)
4(7808 7809 7838 7837)
4(7837 7838 7867 7866)
4(7866 7867 7896 7895)
4(7895 7896 7925 7924)
4(7924 7925 7954 7953)
4(7953 7954 7983 7982)
4(7982 7983 8012 8011)
4(8011 8012 8041 8040)
4(8040 8041 8070 8069)
4(8069 8070 8099 8098)
4(8098 8099 8128 8127)
4(8127 8128 8157 8156)
4(8156 8157 8186 8185)
4(8185 8186 8215 8214)
4(8214 8215 8244 8243)
4(8243 8244 8273 8272)
4(8272 8273 8302 8301)
4(8301 8302 8331 8330)
4(8330 8331 8360 8359)
4(8359 8360 8389 8388)
4(8388 8389 8418 8417)
4(8417 8418 8447 8446)
4(8446 8447 8476 8475)
4(8475 8476 8505 8504)
4(8504 8505 8534 8533)
4(8533 8534 8563 8562)
4(8562 8563 8592 8591)
4(8591 8592 8621 8620)
4(8620 8621 8650 8649)
4(8649 8650 8679 8678)
4(8678 8679 8708 8707)
4(8707 8708 8737 8736)
4(8736 8737 8766 8765)
4(8765 8766 8795 8794)
4(1235 1236 6795 6794)
4(6794 6795 6824 6823)
4(6823 6824 6853 6852)
4(6852 6853 6882 6881)
4(6881 6882 6911 6910)
4(6910 6911 6940 6939)
4(6939 6940 6969 6968)
4(6968 6969 6998 6997)
4(6997 6998 7027 7026)
4(7026 7027 7056 7055)
4(7055 7056 7085 7084)
4(7084 7085 7114 7113)
4(7113 7114 7143 7142)
4(7142 7143 7172 7171)
4(7171 7172 7201 7200)
4(7200 7201 7230 7229)
4(7229 7230 7259 7258)
4(7258 7259 7288 7287)
4(7287 7288 7317 7316)
4(7316 7317 7346 7345)
4(7345 7346 7375 7374)
4(7374 7375 7404 7403)
4(7403 7404 7433 7432)
4(7432 7433 7462 7461)
4(7461 7462 7491 7490)
4(7490 7491 7520 7519)
4(7519 7520 7549 7548)
4(7548 7549 7578 7577)
4(7577 7578 7607 7606)
4(7606 7607 7636 7635)
4(7635 7636 7665 7664)
4(7664 7665 7694 7693)
4(7693 7694 7723 7722)
4(7722 7723 7752 7751)
4(7751 7752 7781 7780)
4(7780 7781 7810 7809)
4(7809 7810 7839 7838)
4(7838 7839 7868 7867)
4(7867 7868 7897 7896)
4(7896 7897 7926 7925)
4(7925 7926 7955 7954)
4(7954 7955 7984 7983)
4(7983 7984 8013 8012)
4(8012 8013 8042 8041)
4(8041 8042 8071 8070)
4(8070 8071 8100 8099)
4(8099 8100 8129 8128)
4(8128 8129 8158 8157)
4(8157 8158 8187 8186)
4(8186 8187 8216 8215)
4(8215 8216 8245 8244)
4(8244 8245 8274 8273)
4(8273 8274 8303 8302)
4(8302 8303 8332 8331)
4(8331 8332 8361 8360)
4(8360 8361 8390 8389)
4(8389 8390 8419 8418)
4(8418 8419 8448 8447)
4(8447 8448 8477 8476)
4(8476 8477 8506 8505)
4(8505 8506 8535 8534)
4(8534 8535 8564 8563)
4(8563 8564 8593 8592)
4(8592 8593 8622 8621)
4(8621 8622 8651 8650)
4(8650 8651 8680 8679)
4(8679 8680 8709 8708)
4(8708 8709 8738 8737)
4(8737 8738 8767 8766)
4(8766 8767 8796 8795)
4(1236 1237 6796 6795)
4(6795 6796 6825 6824)
4(6824 6825 6854 6853)
4(6853 6854 6883 6882)
4(6882 6883 6912 6911)
4(6911 6912 6941 6940)
4(6940 6941 6970 6969)
4(6969 6970 6999 6998)
4(6998 6999 7028 7027)
4(7027 7028 7057 7056)
4(7056 7057 7086 7085)
4(7085 7086 7115 7114)
4(7114 7115 7144 7143)
4(7143 7144 7173 7172)
4(7172 7173 7202 7201)
4(7201 7202 7231 7230)
4(7230 7231 7260 7259)
4(7259 7260 7289 7288)
4(7288 7289 7318 7317)
4(7317 7318 7347 7346)
4(7346 7347 7376 7375)
4(7375 7376 7405 7404)
4(7404 7405 7434 7433)
4(7433 7434 7463 7462)
4(7462 7463 7492 7491)
4(7491 7492 7521 7520)
4(7520 7521 7550 7549)
4(7549 7550 7579 7578)
4(7578 7579 7608 7607)
4(7607 7608 7637 7636)
4(7636 7637 7666 7665)
4(7665 7666 7695 7694)
4(7694 7695 7724 7723)
4(7723 7724 7753 7752)
4(7752 7753 7782 7781)
4(7781 7782 7811 7810)
4(7810 7811 7840 7839)
4(7839 7840 7869 7868)
4(7868 7869 7898 7897)
4(7897 7898 7927 7926)
4(7926 7927 7956 7955)
4(7955 7956 7985 7984)
4(7984 7985 8014 8013)
4(8013 8014 8043 8042)
4(8042 8043 8072 8071)
4(8071 8072 8101 8100)
4(8100 8101 8130 8129)
4(8129 8130 8159 8158)
4(8158 8159 8188 8187)
4(8187 8188 8217 8216)
4(8216 8217 8246 8245)
4(8245 8246 8275 8274)
4(8274 8275 8304 8303)
4(8303 8304 8333 8332)
4(8332 8333 8362 8361)
4(8361 8362 8391 8390)
4(8390 8391 8420 8419)
4(8419 8420 8449 8448)
4(8448 8449 8478 8477)
4(8477 8478 8507 8506)
4(8506 8507 8536 8535)
4(8535 8536 8565 8564)
4(8564 8565 8594 8593)
4(8593 8594 8623 8622)
4(8622 8623 8652 8651)
4(8651 8652 8681 8680)
4(8680 8681 8710 8709)
4(8709 8710 8739 8738)
4(8738 8739 8768 8767)
4(8767 8768 8797 8796)
4(1237 1238 6797 6796)
4(6796 6797 6826 6825)
4(6825 6826 6855 6854)
4(6854 6855 6884 6883)
4(6883 6884 6913 6912)
4(6912 6913 6942 6941)
4(6941 6942 6971 6970)
4(6970 6971 7000 6999)
4(6999 7000 7029 7028)
4(7028 7029 7058 7057)
4(7057 7058 7087 7086)
4(7086 7087 7116 7115)
4(7115 7116 7145 7144)
4(7144 7145 7174 7173)
4(7173 7174 7203 7202)
4(7202 7203 7232 7231)
4(7231 7232 7261 7260)
4(7260 7261 7290 7289)
4(7289 7290 7319 7318)
4(7318 7319 7348 7347)
4(7347 7348 7377 7376)
4(7376 7377 7406 7405)
4(7405 7406 7435 7434)
4(7434 7435 7464 7463)
4(7463 7464 7493 7492)
4(7492 7493 7522 7521)
4(7521 7522 7551 7550)
4(7550 7551 7580 7579)
4(7579 7580 7609 7608)
4(7608 7609 7638 7637)
4(7637 7638 7667 7666)
4(7666 7667 7696 7695)
4(7695 7696 7725 7724)
4(7724 7725 7754 7753)
4(7753 7754 7783 7782)
4(7782 7783 7812 7811)
4(7811 7812 7841 7840)
4(7840 7841 7870 7869)
4(7869 7870 7899 7898)
4(7898 7899 7928 7927)
4(7927 7928 7957 7956)
4(7956 7957 7986 7985)
4(7985 7986 8015 8014)
4(8014 8015 8044 8043)
4(8043 8044 8073 8072)
4(8072 8073 8102 8101)
4(8101 8102 8131 8130)
4(8130 8131 8160 8159)
4(8159 8160 8189 8188)
4(8188 8189 8218 8217)
4(8217 8218 8247 8246)
4(8246 8247 8276 8275)
4(8275 8276 8305 8304)
4(8304 8305 8334 8333)
4(8333 8334 8363 8362)
4(8362 8363 8392 8391)
4(8391 8392 8421 8420)
4(8420 8421 8450 8449)
4(8449 8450 8479 8478)
4(8478 8479 8508 8507)
4(8507 8508 8537 8536)
4(8536 8537 8566 8565)
4(8565 8566 8595 8594)
4(8594 8595 8624 8623)
4(8623 8624 8653 8652)
4(8652 8653 8682 8681)
4(8681 8682 8711 8710)
4(8710 8711 8740 8739)
4(8739 8740 8769 8768)
4(8768 8769 8798 8797)
4(1238 1239 6798 6797)
4(6797 6798 6827 6826)
4(6826 6827 6856 6855)
4(6855 6856 6885 6884)
4(6884 6885 6914 6913)
4(6913 6914 6943 6942)
4(6942 6943 6972 6971)
4(6971 6972 7001 7000)
4(7000 7001 7030 7029)
4(7029 7030 7059 7058)
4(7058 7059 7088 7087)
4(7087 7088 7117 7116)
4(7116 7117 7146 7145)
4(7145 7146 7175 7174)
4(7174 7175 7204 7203)
4(7203 7204 7233 7232)
4(7232 7233 7262 7261)
4(7261 7262 7291 7290)
4(7290 7291 7320 7319)
4(7319 7320 7349 7348)
4(7348 7349 7378 7377)
4(7377 7378 7407 7406)
4(7406 7407 7436 7435)
4(7435 7436 7465 7464)
4(7464 7465 7494 7493)
4(7493 7494 7523 7522)
4(7522 7523 7552 7551)
4(7551 7552 7581 7580)
4(7580 7581 7610 7609)
4(7609 7610 7639 7638)
4(7638 7639 7668 7667)
4(7667 7668 7697 7696)
4(7696 7697 7726 7725)
4(7725 7726 7755 7754)
4(7754 7755 7784 7783)
4(7783 7784 7813 7812)
4(7812 7813 7842 7841)
4(7841 7842 7871 7870)
4(7870 7871 7900 7899)
4(7899 7900 7929 7928)
4(7928 7929 7958 7957)
4(7957 7958 7987 7986)
4(7986 7987 8016 8015)
4(8015 8016 8045 8044)
4(8044 8045 8074 8073)
4(8073 8074 8103 8102)
4(8102 8103 8132 8131)
4(8131 8132 8161 8160)
4(8160 8161 8190 8189)
4(8189 8190 8219 8218)
4(8218 8219 8248 8247)
4(8247 8248 8277 8276)
4(8276 8277 8306 8305)
4(8305 8306 8335 8334)
4(8334 8335 8364 8363)
4(8363 8364 8393 8392)
4(8392 8393 8422 8421)
4(8421 8422 8451 8450)
4(8450 8451 8480 8479)
4(8479 8480 8509 8508)
4(8508 8509 8538 8537)
4(8537 8538 8567 8566)
4(8566 8567 8596 8595)
4(8595 8596 8625 8624)
4(8624 8625 8654 8653)
4(8653 8654 8683 8682)
4(8682 8683 8712 8711)
4(8711 8712 8741 8740)
4(8740 8741 8770 8769)
4(8769 8770 8799 8798)
4(1239 1240 6799 6798)
4(6798 6799 6828 6827)
4(6827 6828 6857 6856)
4(6856 6857 6886 6885)
4(6885 6886 6915 6914)
4(6914 6915 6944 6943)
4(6943 6944 6973 6972)
4(6972 6973 7002 7001)
4(7001 7002 7031 7030)
4(7030 7031 7060 7059)
4(7059 7060 7089 7088)
4(7088 7089 7118 7117)
4(7117 7118 7147 7146)
4(7146 7147 7176 7175)
4(7175 7176 7205 7204)
4(7204 7205 7234 7233)
4(7233 7234 7263 7262)
4(7262 7263 7292 7291)
4(7291 7292 7321 7320)
4(7320 7321 7350 7349)
4(7349 7350 7379 7378)
4(7378 7379 7408 7407)
4(7407 7408 7437 7436)
4(7436 7437 7466 7465)
4(7465 7466 7495 7494)
4(7494 7495 7524 7523)
4(7523 7524 7553 7552)
4(7552 7553 7582 7581)
4(7581 7582 7611 7610)
4(7610 7611 7640 7639)
4(7639 7640 7669 7668)
4(7668 7669 7698 7697)
4(7697 7698 7727 7726)
4(7726 7727 7756 7755)
4(7755 7756 7785 7784)
4(7784 7785 7814 7813)
4(7813 7814 7843 7842)
4(7842 7843 7872 7871)
4(7871 7872 7901 7900)
4(7900 7901 7930 7929)
4(7929 7930 7959 7958)
4(7958 7959 7988 7987)
4(7987 7988 8017 8016)
4(8016 8017 8046 8045)
4(8045 8046 8075 8074)
4(8074 8075 8104 8103)
4(8103 8104 8133 8132)
4(8132 8133 8162 8161)
4(8161 8162 8191 8190)
4(8190 8191 8220 8219)
4(8219 8220 8249 8248)
4(8248 8249 8278 8277)
4(8277 8278 8307 8306)
4(8306 8307 8336 8335)
4(8335 8336 8365 8364)
4(8364 8365 8394 8393)
4(8393 8394 8423 8422)
4(8422 8423 8452 8451)
4(8451 8452 8481 8480)
4(8480 8481 8510 8509)
4(8509 8510 8539 8538)
4(8538 8539 8568 8567)
4(8567 8568 8597 8596)
4(8596 8597 8626 8625)
4(8625 8626 8655 8654)
4(8654 8655 8684 8683)
4(8683 8684 8713 8712)
4(8712 8713 8742 8741)
4(8741 8742 8771 8770)
4(8770 8771 8800 8799)
4(1240 1241 6800 6799)
4(6799 6800 6829 6828)
4(6828 6829 6858 6857)
4(6857 6858 6887 6886)
4(6886 6887 6916 6915)
4(6915 6916 6945 6944)
4(6944 6945 6974 6973)
4(6973 6974 7003 7002)
4(7002 7003 7032 7031)
4(7031 7032 7061 7060)
4(7060 7061 7090 7089)
4(7089 7090 7119 7118)
4(7118 7119 7148 7147)
4(7147 7148 7177 7176)
4(7176 7177 7206 7205)
4(7205 7206 7235 7234)
4(7234 7235 7264 7263)
4(7263 7264 7293 7292)
4(7292 7293 7322 7321)
4(7321 7322 7351 7350)
4(7350 7351 7380 7379)
4(7379 7380 7409 7408)
4(7408 7409 7438 7437)
4(7437 7438 7467 7466)
4(7466 7467 7496 7495)
4(7495 7496 7525 7524)
4(7524 7525 7554 7553)
4(7553 7554 7583 7582)
4(7582 7583 7612 7611)
4(7611 7612 7641 7640)
4(7640 7641 7670 7669)
4(7669 7670 7699 7698)
4(7698 7699 7728 7727)
4(7727 7728 7757 7756)
4(7756 7757 7786 7785)
4(7785 7786 7815 7814)
4(7814 7815 7844 7843)
4(7843 7844 7873 7872)
4(7872 7873 7902 7901)
4(7901 7902 7931 7930)
4(7930 7931 7960 7959)
4(7959 7960 7989 7988)
4(7988 7989 8018 8017)
4(8017 8018 8047 8046)
4(8046 8047 8076 8075)
4(8075 8076 8105 8104)
4(8104 8105 8134 8133)
4(8133 8134 8163 8162)
4(8162 8163 8192 8191)
4(8191 8192 8221 8220)
4(8220 8221 8250 8249)
4(8249 8250 8279 8278)
4(8278 8279 8308 8307)
4(8307 8308 8337 8336)
4(8336 8337 8366 8365)
4(8365 8366 8395 8394)
4(8394 8395 8424 8423)
4(8423 8424 8453 8452)
4(8452 8453 8482 8481)
4(8481 8482 8511 8510)
4(8510 8511 8540 8539)
4(8539 8540 8569 8568)
4(8568 8569 8598 8597)
4(8597 8598 8627 8626)
4(8626 8627 8656 8655)
4(8655 8656 8685 8684)
4(8684 8685 8714 8713)
4(8713 8714 8743 8742)
4(8742 8743 8772 8771)
4(8771 8772 8801 8800)
4(4717 4718 9503 9502)
4(9502 9503 9528 9527)
4(9527 9528 9553 9552)
4(9552 9553 9578 9577)
4(9577 9578 9603 9602)
4(9602 9603 9628 9627)
4(9627 9628 9653 9652)
4(9652 9653 9678 9677)
4(9677 9678 9703 9702)
4(9702 9703 9728 9727)
4(9727 9728 9753 9752)
4(9752 9753 9778 9777)
4(9777 9778 9803 9802)
4(9802 9803 9828 9827)
4(9827 9828 9853 9852)
4(9852 9853 9878 9877)
4(9877 9878 9903 9902)
4(9902 9903 9928 9927)
4(9927 9928 9953 9952)
4(9952 9953 9978 9977)
4(9977 9978 10003 10002)
4(10002 10003 10028 10027)
4(10027 10028 10053 10052)
4(10052 10053 10078 10077)
4(10077 10078 10103 10102)
4(10102 10103 10128 10127)
4(10127 10128 10153 10152)
4(10152 10153 10178 10177)
4(4718 4719 9504 9503)
4(9503 9504 9529 9528)
4(9528 9529 9554 9553)
4(9553 9554 9579 9578)
4(9578 9579 9604 9603)
4(9603 9604 9629 9628)
4(9628 9629 9654 9653)
4(9653 9654 9679 9678)
4(9678 9679 9704 9703)
4(9703 9704 9729 9728)
4(9728 9729 9754 9753)
4(9753 9754 9779 9778)
4(9778 9779 9804 9803)
4(9803 9804 9829 9828)
4(9828 9829 9854 9853)
4(9853 9854 9879 9878)
4(9878 9879 9904 9903)
4(9903 9904 9929 9928)
4(9928 9929 9954 9953)
4(9953 9954 9979 9978)
4(9978 9979 10004 10003)
4(10003 10004 10029 10028)
4(10028 10029 10054 10053)
4(10053 10054 10079 10078)
4(10078 10079 10104 10103)
4(10103 10104 10129 10128)
4(10128 10129 10154 10153)
4(10153 10154 10179 10178)
4(4719 4720 9505 9504)
4(9504 9505 9530 9529)
4(9529 9530 9555 9554)
4(9554 9555 9580 9579)
4(9579 9580 9605 9604)
4(9604 9605 9630 9629)
4(9629 9630 9655 9654)
4(9654 9655 9680 9679)
4(9679 9680 9705 9704)
4(9704 9705 9730 9729)
4(9729 9730 9755 9754)
4(9754 9755 9780 9779)
4(9779 9780 9805 9804)
4(9804 9805 9830 9829)
4(9829 9830 9855 9854)
4(9854 9855 9880 9879)
4(9879 9880 9905 9904)
4(9904 9905 9930 9929)
4(9929 9930 9955 9954)
4(9954 9955 9980 9979)
4(9979 9980 10005 10004)
4(10004 10005 10030 10029)
4(10029 10030 10055 10054)
4(10054 10055 10080 10079)
4(10079 10080 10105 10104)
4(10104 10105 10130 10129)
4(10129 10130 10155 10154)
4(10154 10155 10180 10179)
4(4720 4721 9506 9505)
4(9505 9506 9531 9530)
4(9530 9531 9556 9555)
4(9555 9556 9581 9580)
4(9580 9581 9606 9605)
4(9605 9606 9631 9630)
4(9630 9631 9656 9655)
4(9655 9656 9681 9680)
4(9680 9681 9706 9705)
4(9705 9706 9731 9730)
4(9730 9731 9756 9755)
4(9755 9756 9781 9780)
4(9780 9781 9806 9805)
4(9805 9806 9831 9830)
4(9830 9831 9856 9855)
4(9855 9856 9881 9880)
4(9880 9881 9906 9905)
4(9905 9906 9931 9930)
4(9930 9931 9956 9955)
4(9955 9956 9981 9980)
4(9980 9981 10006 10005)
4(10005 10006 10031 10030)
4(10030 10031 10056 10055)
4(10055 10056 10081 10080)
4(10080 10081 10106 10105)
4(10105 10106 10131 10130)
4(10130 10131 10156 10155)
4(10155 10156 10181 10180)
4(4721 4722 9507 9506)
4(9506 9507 9532 9531)
4(9531 9532 9557 9556)
4(9556 9557 9582 9581)
4(9581 9582 9607 9606)
4(9606 9607 9632 9631)
4(9631 9632 9657 9656)
4(9656 9657 9682 9681)
4(9681 9682 9707 9706)
4(9706 9707 9732 9731)
4(9731 9732 9757 9756)
4(9756 9757 9782 9781)
4(9781 9782 9807 9806)
4(9806 9807 9832 9831)
4(9831 9832 9857 9856)
4(9856 9857 9882 9881)
4(9881 9882 9907 9906)
4(9906 9907 9932 9931)
4(9931 9932 9957 9956)
4(9956 9957 9982 9981)
4(9981 9982 10007 10006)
4(10006 10007 10032 10031)
4(10031 10032 10057 10056)
4(10056 10057 10082 10081)
4(10081 10082 10107 10106)
4(10106 10107 10132 10131)
4(10131 10132 10157 10156)
4(10156 10157 10182 10181)
4(4722 4723 9508 9507)
4(9507 9508 9533 9532)
4(9532 9533 9558 9557)
4(9557 9558 9583 9582)
4(9582 9583 9608 9607)
4(9607 9608 9633 9632)
4(9632 9633 9658 9657)
4(9657 9658 9683 9682)
4(9682 9683 9708 9707)
4(9707 9708 9733 9732)
4(9732 9733 9758 9757)
4(9757 9758 9783 9782)
4(9782 9783 9808 9807)
4(9807 9808 9833 9832)
4(9832 9833 9858 9857)
4(9857 9858 9883 9882)
4(9882 9883 9908 9907)
4(9907 9908 9933 9932)
4(9932 9933 9958 9957)
4(9957 9958 9983 9982)
4(9982 9983 10008 10007)
4(10007 10008 10033 10032)
4(10032 10033 10058 10057)
4(10057 10058 10083 10082)
4(10082 10083 10108 10107)
4(10107 10108 10133 10132)
4(10132 10133 10158 10157)
4(10157 10158 10183 10182)
4(4723 4724 9509 9508)
4(9508 9509 9534 9533)
4(9533 9534 9559 9558)
4(9558 9559 9584 9583)
4(9583 9584 9609 9608)
4(9608 9609 9634 9633)
4(9633 9634 9659 9658)
4(9658 9659 9684 9683)
4(9683 9684 9709 9708)
4(9708 9709 9734 9733)
4(9733 9734 9759 9758)
4(9758 9759 9784 9783)
4(9783 9784 9809 9808)
4(9808 9809 9834 9833)
4(9833 9834 9859 9858)
4(9858 9859 9884 9883)
4(9883 9884 9909 9908)
4(9908 9909 9934 9933)
4(9933 9934 9959 9958)
4(9958 9959 9984 9983)
4(9983 9984 10009 10008)
4(10008 10009 10034 10033)
4(10033 10034 10059 10058)
4(10058 10059 10084 10083)
4(10083 10084 10109 10108)
4(10108 10109 10134 10133)
4(10133 10134 10159 10158)
4(10158 10159 10184 10183)
4(4724 4725 9510 9509)
4(9509 9510 9535 9534)
4(9534 9535 9560 9559)
4(9559 9560 9585 9584)
4(9584 9585 9610 9609)
4(9609 9610 9635 9634)
4(9634 9635 9660 9659)
4(9659 9660 9685 9684)
4(9684 9685 9710 9709)
4(9709 9710 9735 9734)
4(9734 9735 9760 9759)
4(9759 9760 9785 9784)
4(9784 9785 9810 9809)
4(9809 9810 9835 9834)
4(9834 9835 9860 9859)
4(9859 9860 9885 9884)
4(9884 9885 9910 9909)
4(9909 9910 9935 9934)
4(9934 9935 9960 9959)
4(9959 9960 9985 9984)
4(9984 9985 10010 10009)
4(10009 10010 10035 10034)
4(10034 10035 10060 10059)
4(10059 10060 10085 10084)
4(10084 10085 10110 10109)
4(10109 10110 10135 10134)
4(10134 10135 10160 10159)
4(10159 10160 10185 10184)
4(4725 4726 9511 9510)
4(9510 9511 9536 9535)
4(9535 9536 9561 9560)
4(9560 9561 9586 9585)
4(9585 9586 9611 9610)
4(9610 9611 9636 9635)
4(9635 9636 9661 9660)
4(9660 9661 9686 9685)
4(9685 9686 9711 9710)
4(9710 9711 9736 9735)
4(9735 9736 9761 9760)
4(9760 9761 9786 9785)
4(9785 9786 9811 9810)
4(9810 9811 9836 9835)
4(9835 9836 9861 9860)
4(9860 9861 9886 9885)
4(9885 9886 9911 9910)
4(9910 9911 9936 9935)
4(9935 9936 9961 9960)
4(9960 9961 9986 9985)
4(9985 9986 10011 10010)
4(10010 10011 10036 10035)
4(10035 10036 10061 10060)
4(10060 10061 10086 10085)
4(10085 10086 10111 10110)
4(10110 10111 10136 10135)
4(10135 10136 10161 10160)
4(10160 10161 10186 10185)
4(4726 4727 9512 9511)
4(9511 9512 9537 9536)
4(9536 9537 9562 9561)
4(9561 9562 9587 9586)
4(9586 9587 9612 9611)
4(9611 9612 9637 9636)
4(9636 9637 9662 9661)
4(9661 9662 9687 9686)
4(9686 9687 9712 9711)
4(9711 9712 9737 9736)
4(9736 9737 9762 9761)
4(9761 9762 9787 9786)
4(9786 9787 9812 9811)
4(9811 9812 9837 9836)
4(9836 9837 9862 9861)
4(9861 9862 9887 9886)
4(9886 9887 9912 9911)
4(9911 9912 9937 9936)
4(9936 9937 9962 9961)
4(9961 9962 9987 9986)
4(9986 9987 10012 10011)
4(10011 10012 10037 10036)
4(10036 10037 10062 10061)
4(10061 10062 10087 10086)
4(10086 10087 10112 10111)
4(10111 10112 10137 10136)
4(10136 10137 10162 10161)
4(10161 10162 10187 10186)
4(4727 4728 9513 9512)
4(9512 9513 9538 9537)
4(9537 9538 9563 9562)
4(9562 9563 9588 9587)
4(9587 9588 9613 9612)
4(9612 9613 9638 9637)
4(9637 9638 9663 9662)
4(9662 9663 9688 9687)
4(9687 9688 9713 9712)
4(9712 9713 9738 9737)
4(9737 9738 9763 9762)
4(9762 9763 9788 9787)
4(9787 9788 9813 9812)
4(9812 9813 9838 9837)
4(9837 9838 9863 9862)
4(9862 9863 9888 9887)
4(9887 9888 9913 9912)
4(9912 9913 9938 9937)
4(9937 9938 9963 9962)
4(9962 9963 9988 9987)
4(9987 9988 10013 10012)
4(10012 10013 10038 10037)
4(10037 10038 10063 10062)
4(10062 10063 10088 10087)
4(10087 10088 10113 10112)
4(10112 10113 10138 10137)
4(10137 10138 10163 10162)
4(10162 10163 10188 10187)
4(4728 4729 9514 9513)
4(9513 9514 9539 9538)
4(9538 9539 9564 9563)
4(9563 9564 9589 9588)
4(9588 9589 9614 9613)
4(9613 9614 9639 9638)
4(9638 9639 9664 9663)
4(9663 9664 9689 9688)
4(9688 9689 9714 9713)
4(9713 9714 9739 9738)
4(9738 9739 9764 9763)
4(9763 9764 9789 9788)
4(9788 9789 9814 9813)
4(9813 9814 9839 9838)
4(9838 9839 9864 9863)
4(9863 9864 9889 9888)
4(9888 9889 9914 9913)
4(9913 9914 9939 9938)
4(9938 9939 9964 9963)
4(9963 9964 9989 9988)
4(9988 9989 10014 10013)
4(10013 10014 10039 10038)
4(10038 10039 10064 10063)
4(10063 10064 10089 10088)
4(10088 10089 10114 10113)
4(10113 10114 10139 10138)
4(10138 10139 10164 10163)
4(10163 10164 10189 10188)
4(4729 4730 9515 9514)
4(9514 9515 9540 9539)
4(9539 9540 9565 9564)
4(9564 9565 9590 9589)
4(9589 9590 9615 9614)
4(9614 9615 9640 9639)
4(9639 9640 9665 9664)
4(9664 9665 9690 9689)
4(9689 9690 9715 9714)
4(9714 9715 9740 9739)
4(9739 9740 9765 9764)
4(9764 9765 9790 9789)
4(9789 9790 9815 9814)
4(9814 9815 9840 9839)
4(9839 9840 9865 9864)
4(9864 9865 9890 9889)
4(9889 9890 9915 9914)
4(9914 9915 9940 9939)
4(9939 9940 9965 9964)
4(9964 9965 9990 9989)
4(9989 9990 10015 10014)
4(10014 10015 10040 10039)
4(10039 10040 10065 10064)
4(10064 10065 10090 10089)
4(10089 10090 10115 10114)
4(10114 10115 10140 10139)
4(10139 10140 10165 10164)
4(10164 10165 10190 10189)
4(4730 4731 9516 9515)
4(9515 9516 9541 9540)
4(9540 9541 9566 9565)
4(9565 9566 9591 9590)
4(9590 9591 9616 9615)
4(9615 9616 9641 9640)
4(9640 9641 9666 9665)
4(9665 9666 9691 9690)
4(9690 9691 9716 9715)
4(9715 9716 9741 9740)
4(9740 9741 9766 9765)
4(9765 9766 9791 9790)
4(9790 9791 9816 9815)
4(9815 9816 9841 9840)
4(9840 9841 9866 9865)
4(9865 9866 9891 9890)
4(9890 9891 9916 9915)
4(9915 9916 9941 9940)
4(9940 9941 9966 9965)
4(9965 9966 9991 9990)
4(9990 9991 10016 10015)
4(10015 10016 10041 10040)
4(10040 10041 10066 10065)
4(10065 10066 10091 10090)
4(10090 10091 10116 10115)
4(10115 10116 10141 10140)
4(10140 10141 10166 10165)
4(10165 10166 10191 10190)
4(4731 4732 9517 9516)
4(9516 9517 9542 9541)
4(9541 9542 9567 9566)
4(9566 9567 9592 9591)
4(9591 9592 9617 9616)
4(9616 9617 9642 9641)
4(9641 9642 9667 9666)
4(9666 9667 9692 9691)
4(9691 9692 9717 9716)
4(9716 9717 9742 9741)
4(9741 9742 9767 9766)
4(9766 9767 9792 9791)
4(9791 9792 9817 9816)
4(9816 9817 9842 9841)
4(9841 9842 9867 9866)
4(9866 9867 9892 9891)
4(9891 9892 9917 9916)
4(9916 9917 9942 9941)
4(9941 9942 9967 9966)
4(9966 9967 9992 9991)
4(9991 9992 10017 10016)
4(10016 10017 10042 10041)
4(10041 10042 10067 10066)
4(10066 10067 10092 10091)
4(10091 10092 10117 10116)
4(10116 10117 10142 10141)
4(10141 10142 10167 10166)
4(10166 10167 10192 10191)
4(4732 4733 9518 9517)
4(9517 9518 9543 9542)
4(9542 9543 9568 9567)
4(9567 9568 9593 9592)
4(9592 9593 9618 9617)
4(9617 9618 9643 9642)
4(9642 9643 9668 9667)
4(9667 9668 9693 9692)
4(9692 9693 9718 9717)
4(9717 9718 9743 9742)
4(9742 9743 9768 9767)
4(9767 9768 9793 9792)
4(9792 9793 9818 9817)
4(9817 9818 9843 9842)
4(9842 9843 9868 9867)
4(9867 9868 9893 9892)
4(9892 9893 9918 9917)
4(9917 9918 9943 9942)
4(9942 9943 9968 9967)
4(9967 9968 9993 9992)
4(9992 9993 10018 10017)
4(10017 10018 10043 10042)
4(10042 10043 10068 10067)
4(10067 10068 10093 10092)
4(10092 10093 10118 10117)
4(10117 10118 10143 10142)
4(10142 10143 10168 10167)
4(10167 10168 10193 10192)
4(4733 4734 9519 9518)
4(9518 9519 9544 9543)
4(9543 9544 9569 9568)
4(9568 9569 9594 9593)
4(9593 9594 9619 9618)
4(9618 9619 9644 9643)
4(9643 9644 9669 9668)
4(9668 9669 9694 9693)
4(9693 9694 9719 9718)
4(9718 9719 9744 9743)
4(9743 9744 9769 9768)
4(9768 9769 9794 9793)
4(9793 9794 9819 9818)
4(9818 9819 9844 9843)
4(9843 9844 9869 9868)
4(9868 9869 9894 9893)
4(9893 9894 9919 9918)
4(9918 9919 9944 9943)
4(9943 9944 9969 9968)
4(9968 9969 9994 9993)
4(9993 9994 10019 10018)
4(10018 10019 10044 10043)
4(10043 10044 10069 10068)
4(10068 10069 10094 10093)
4(10093 10094 10119 10118)
4(10118 10119 10144 10143)
4(10143 10144 10169 10168)
4(10168 10169 10194 10193)
4(4734 4735 9520 9519)
4(9519 9520 9545 9544)
4(9544 9545 9570 9569)
4(9569 9570 9595 9594)
4(9594 9595 9620 9619)
4(9619 9620 9645 9644)
4(9644 9645 9670 9669)
4(9669 9670 9695 9694)
4(9694 9695 9720 9719)
4(9719 9720 9745 9744)
4(9744 9745 9770 9769)
4(9769 9770 9795 9794)
4(9794 9795 9820 9819)
4(9819 9820 9845 9844)
4(9844 9845 9870 9869)
4(9869 9870 9895 9894)
4(9894 9895 9920 9919)
4(9919 9920 9945 9944)
4(9944 9945 9970 9969)
4(9969 9970 9995 9994)
4(9994 9995 10020 10019)
4(10019 10020 10045 10044)
4(10044 10045 10070 10069)
4(10069 10070 10095 10094)
4(10094 10095 10120 10119)
4(10119 10120 10145 10144)
4(10144 10145 10170 10169)
4(10169 10170 10195 10194)
4(4735 4736 9521 9520)
4(9520 9521 9546 9545)
4(9545 9546 9571 9570)
4(9570 9571 9596 9595)
4(9595 9596 9621 9620)
4(9620 9621 9646 9645)
4(9645 9646 9671 9670)
4(9670 9671 9696 9695)
4(9695 9696 9721 9720)
4(9720 9721 9746 9745)
4(9745 9746 9771 9770)
4(9770 9771 9796 9795)
4(9795 9796 9821 9820)
4(9820 9821 9846 9845)
4(9845 9846 9871 9870)
4(9870 9871 9896 9895)
4(9895 9896 9921 9920)
4(9920 9921 9946 9945)
4(9945 9946 9971 9970)
4(9970 9971 9996 9995)
4(9995 9996 10021 10020)
4(10020 10021 10046 10045)
4(10045 10046 10071 10070)
4(10070 10071 10096 10095)
4(10095 10096 10121 10120)
4(10120 10121 10146 10145)
4(10145 10146 10171 10170)
4(10170 10171 10196 10195)
4(4736 4737 9522 9521)
4(9521 9522 9547 9546)
4(9546 9547 9572 9571)
4(9571 9572 9597 9596)
4(9596 9597 9622 9621)
4(9621 9622 9647 9646)
4(9646 9647 9672 9671)
4(9671 9672 9697 9696)
4(9696 9697 9722 9721)
4(9721 9722 9747 9746)
4(9746 9747 9772 9771)
4(9771 9772 9797 9796)
4(9796 9797 9822 9821)
4(9821 9822 9847 9846)
4(9846 9847 9872 9871)
4(9871 9872 9897 9896)
4(9896 9897 9922 9921)
4(9921 9922 9947 9946)
4(9946 9947 9972 9971)
4(9971 9972 9997 9996)
4(9996 9997 10022 10021)
4(10021 10022 10047 10046)
4(10046 10047 10072 10071)
4(10071 10072 10097 10096)
4(10096 10097 10122 10121)
4(10121 10122 10147 10146)
4(10146 10147 10172 10171)
4(10171 10172 10197 10196)
4(4737 4738 9523 9522)
4(9522 9523 9548 9547)
4(9547 9548 9573 9572)
4(9572 9573 9598 9597)
4(9597 9598 9623 9622)
4(9622 9623 9648 9647)
4(9647 9648 9673 9672)
4(9672 9673 9698 9697)
4(9697 9698 9723 9722)
4(9722 9723 9748 9747)
4(9747 9748 9773 9772)
4(9772 9773 9798 9797)
4(9797 9798 9823 9822)
4(9822 9823 9848 9847)
4(9847 9848 9873 9872)
4(9872 9873 9898 9897)
4(9897 9898 9923 9922)
4(9922 9923 9948 9947)
4(9947 9948 9973 9972)
4(9972 9973 9998 9997)
4(9997 9998 10023 10022)
4(10022 10023 10048 10047)
4(10047 10048 10073 10072)
4(10072 10073 10098 10097)
4(10097 10098 10123 10122)
4(10122 10123 10148 10147)
4(10147 10148 10173 10172)
4(10172 10173 10198 10197)
4(4738 4739 9524 9523)
4(9523 9524 9549 9548)
4(9548 9549 9574 9573)
4(9573 9574 9599 9598)
4(9598 9599 9624 9623)
4(9623 9624 9649 9648)
4(9648 9649 9674 9673)
4(9673 9674 9699 9698)
4(9698 9699 9724 9723)
4(9723 9724 9749 9748)
4(9748 9749 9774 9773)
4(9773 9774 9799 9798)
4(9798 9799 9824 9823)
4(9823 9824 9849 9848)
4(9848 9849 9874 9873)
4(9873 9874 9899 9898)
4(9898 9899 9924 9923)
4(9923 9924 9949 9948)
4(9948 9949 9974 9973)
4(9973 9974 9999 9998)
4(9998 9999 10024 10023)
4(10023 10024 10049 10048)
4(10048 10049 10074 10073)
4(10073 10074 10099 10098)
4(10098 10099 10124 10123)
4(10123 10124 10149 10148)
4(10148 10149 10174 10173)
4(10173 10174 10199 10198)
4(4739 4740 9525 9524)
4(9524 9525 9550 9549)
4(9549 9550 9575 9574)
4(9574 9575 9600 9599)
4(9599 9600 9625 9624)
4(9624 9625 9650 9649)
4(9649 9650 9675 9674)
4(9674 9675 9700 9699)
4(9699 9700 9725 9724)
4(9724 9725 9750 9749)
4(9749 9750 9775 9774)
4(9774 9775 9800 9799)
4(9799 9800 9825 9824)
4(9824 9825 9850 9849)
4(9849 9850 9875 9874)
4(9874 9875 9900 9899)
4(9899 9900 9925 9924)
4(9924 9925 9950 9949)
4(9949 9950 9975 9974)
4(9974 9975 10000 9999)
4(9999 10000 10025 10024)
4(10024 10025 10050 10049)
4(10049 10050 10075 10074)
4(10074 10075 10100 10099)
4(10099 10100 10125 10124)
4(10124 10125 10150 10149)
4(10149 10150 10175 10174)
4(10174 10175 10200 10199)
4(4740 4741 9526 9525)
4(9525 9526 9551 9550)
4(9550 9551 9576 9575)
4(9575 9576 9601 9600)
4(9600 9601 9626 9625)
4(9625 9626 9651 9650)
4(9650 9651 9676 9675)
4(9675 9676 9701 9700)
4(9700 9701 9726 9725)
4(9725 9726 9751 9750)
4(9750 9751 9776 9775)
4(9775 9776 9801 9800)
4(9800 9801 9826 9825)
4(9825 9826 9851 9850)
4(9850 9851 9876 9875)
4(9875 9876 9901 9900)
4(9900 9901 9926 9925)
4(9925 9926 9951 9950)
4(9950 9951 9976 9975)
4(9975 9976 10001 10000)
4(10000 10001 10026 10025)
4(10025 10026 10051 10050)
4(10050 10051 10076 10075)
4(10075 10076 10101 10100)
4(10100 10101 10126 10125)
4(10125 10126 10151 10150)
4(10150 10151 10176 10175)
4(10175 10176 10201 10200)
4(4741 10665 10680 9526)
4(9526 10680 10696 9551)
4(9551 10696 10712 9576)
4(9576 10712 10728 9601)
4(9601 10728 10744 9626)
4(9626 10744 10760 9651)
4(9651 10760 10776 9676)
4(9676 10776 10792 9701)
4(9701 10792 10808 9726)
4(9726 10808 10824 9751)
4(9751 10824 10840 9776)
4(9776 10840 10856 9801)
4(9801 10856 10872 9826)
4(9826 10872 10888 9851)
4(9851 10888 10904 9876)
4(9876 10904 10920 9901)
4(9901 10920 10936 9926)
4(9926 10936 10952 9951)
4(9951 10952 10968 9976)
4(9976 10968 10984 10001)
4(10001 10984 11000 10026)
4(10026 11000 11016 10051)
4(10051 11016 11032 10076)
4(10076 11032 11048 10101)
4(10101 11048 11064 10126)
4(10126 11064 11080 10151)
4(10151 11080 11096 10176)
4(10176 11096 11112 10201)
4(10665 10666 10681 10680)
4(10680 10681 10697 10696)
4(10696 10697 10713 10712)
4(10712 10713 10729 10728)
4(10728 10729 10745 10744)
4(10744 10745 10761 10760)
4(10760 10761 10777 10776)
4(10776 10777 10793 10792)
4(10792 10793 10809 10808)
4(10808 10809 10825 10824)
4(10824 10825 10841 10840)
4(10840 10841 10857 10856)
4(10856 10857 10873 10872)
4(10872 10873 10889 10888)
4(10888 10889 10905 10904)
4(10904 10905 10921 10920)
4(10920 10921 10937 10936)
4(10936 10937 10953 10952)
4(10952 10953 10969 10968)
4(10968 10969 10985 10984)
4(10984 10985 11001 11000)
4(11000 11001 11017 11016)
4(11016 11017 11033 11032)
4(11032 11033 11049 11048)
4(11048 11049 11065 11064)
4(11064 11065 11081 11080)
4(11080 11081 11097 11096)
4(11096 11097 11113 11112)
4(10666 10667 10682 10681)
4(10681 10682 10698 10697)
4(10697 10698 10714 10713)
4(10713 10714 10730 10729)
4(10729 10730 10746 10745)
4(10745 10746 10762 10761)
4(10761 10762 10778 10777)
4(10777 10778 10794 10793)
4(10793 10794 10810 10809)
4(10809 10810 10826 10825)
4(10825 10826 10842 10841)
4(10841 10842 10858 10857)
4(10857 10858 10874 10873)
4(10873 10874 10890 10889)
4(10889 10890 10906 10905)
4(10905 10906 10922 10921)
4(10921 10922 10938 10937)
4(10937 10938 10954 10953)
4(10953 10954 10970 10969)
4(10969 10970 10986 10985)
4(10985 10986 11002 11001)
4(11001 11002 11018 11017)
4(11017 11018 11034 11033)
4(11033 11034 11050 11049)
4(11049 11050 11066 11065)
4(11065 11066 11082 11081)
4(11081 11082 11098 11097)
4(11097 11098 11114 11113)
4(10667 10668 10683 10682)
4(10682 10683 10699 10698)
4(10698 10699 10715 10714)
4(10714 10715 10731 10730)
4(10730 10731 10747 10746)
4(10746 10747 10763 10762)
4(10762 10763 10779 10778)
4(10778 10779 10795 10794)
4(10794 10795 10811 10810)
4(10810 10811 10827 10826)
4(10826 10827 10843 10842)
4(10842 10843 10859 10858)
4(10858 10859 10875 10874)
4(10874 10875 10891 10890)
4(10890 10891 10907 10906)
4(10906 10907 10923 10922)
4(10922 10923 10939 10938)
4(10938 10939 10955 10954)
4(10954 10955 10971 10970)
4(10970 10971 10987 10986)
4(10986 10987 11003 11002)
4(11002 11003 11019 11018)
4(11018 11019 11035 11034)
4(11034 11035 11051 11050)
4(11050 11051 11067 11066)
4(11066 11067 11083 11082)
4(11082 11083 11099 11098)
4(11098 11099 11115 11114)
4(10668 10669 10684 10683)
4(10683 10684 10700 10699)
4(10699 10700 10716 10715)
4(10715 10716 10732 10731)
4(10731 10732 10748 10747)
4(10747 10748 10764 10763)
4(10763 10764 10780 10779)
4(10779 10780 10796 10795)
4(10795 10796 10812 10811)
4(10811 10812 10828 10827)
4(10827 10828 10844 10843)
4(10843 10844 10860 10859)
4(10859 10860 10876 10875)
4(10875 10876 10892 10891)
4(10891 10892 10908 10907)
4(10907 10908 10924 10923)
4(10923 10924 10940 10939)
4(10939 10940 10956 10955)
4(10955 10956 10972 10971)
4(10971 10972 10988 10987)
4(10987 10988 11004 11003)
4(11003 11004 11020 11019)
4(11019 11020 11036 11035)
4(11035 11036 11052 11051)
4(11051 11052 11068 11067)
4(11067 11068 11084 11083)
4(11083 11084 11100 11099)
4(11099 11100 11116 11115)
4(10669 10670 10685 10684)
4(10684 10685 10701 10700)
4(10700 10701 10717 10716)
4(10716 10717 10733 10732)
4(10732 10733 10749 10748)
4(10748 10749 10765 10764)
4(10764 10765 10781 10780)
4(10780 10781 10797 10796)
4(10796 10797 10813 10812)
4(10812 10813 10829 10828)
4(10828 10829 10845 10844)
4(10844 10845 10861 10860)
4(10860 10861 10877 10876)
4(10876 10877 10893 10892)
4(10892 10893 10909 10908)
4(10908 10909 10925 10924)
4(10924 10925 10941 10940)
4(10940 10941 10957 10956)
4(10956 10957 10973 10972)
4(10972 10973 10989 10988)
4(10988 10989 11005 11004)
4(11004 11005 11021 11020)
4(11020 11021 11037 11036)
4(11036 11037 11053 11052)
4(11052 11053 11069 11068)
4(11068 11069 11085 11084)
4(11084 11085 11101 11100)
4(11100 11101 11117 11116)
4(10670 10671 10686 10685)
4(10685 10686 10702 10701)
4(10701 10702 10718 10717)
4(10717 10718 10734 10733)
4(10733 10734 10750 10749)
4(10749 10750 10766 10765)
4(10765 10766 10782 10781)
4(10781 10782 10798 10797)
4(10797 10798 10814 10813)
4(10813 10814 10830 10829)
4(10829 10830 10846 10845)
4(10845 10846 10862 10861)
4(10861 10862 10878 10877)
4(10877 10878 10894 10893)
4(10893 10894 10910 10909)
4(10909 10910 10926 10925)
4(10925 10926 10942 10941)
4(10941 10942 10958 10957)
4(10957 10958 10974 10973)
4(10973 10974 10990 10989)
4(10989 10990 11006 11005)
4(11005 11006 11022 11021)
4(11021 11022 11038 11037)
4(11037 11038 11054 11053)
4(11053 11054 11070 11069)
4(11069 11070 11086 11085)
4(11085 11086 11102 11101)
4(11101 11102 11118 11117)
4(10671 10672 10687 10686)
4(10686 10687 10703 10702)
4(10702 10703 10719 10718)
4(10718 10719 10735 10734)
4(10734 10735 10751 10750)
4(10750 10751 10767 10766)
4(10766 10767 10783 10782)
4(10782 10783 10799 10798)
4(10798 10799 10815 10814)
4(10814 10815 10831 10830)
4(10830 10831 10847 10846)
4(10846 10847 10863 10862)
4(10862 10863 10879 10878)
4(10878 10879 10895 10894)
4(10894 10895 10911 10910)
4(10910 10911 10927 10926)
4(10926 10927 10943 10942)
4(10942 10943 10959 10958)
4(10958 10959 10975 10974)
4(10974 10975 10991 10990)
4(10990 10991 11007 11006)
4(11006 11007 11023 11022)
4(11022 11023 11039 11038)
4(11038 11039 11055 11054)
4(11054 11055 11071 11070)
4(11070 11071 11087 11086)
4(11086 11087 11103 11102)
4(11102 11103 11119 11118)
4(10672 10673 10688 10687)
4(10687 10688 10704 10703)
4(10703 10704 10720 10719)
4(10719 10720 10736 10735)
4(10735 10736 10752 10751)
4(10751 10752 10768 10767)
4(10767 10768 10784 10783)
4(10783 10784 10800 10799)
4(10799 10800 10816 10815)
4(10815 10816 10832 10831)
4(10831 10832 10848 10847)
4(10847 10848 10864 10863)
4(10863 10864 10880 10879)
4(10879 10880 10896 10895)
4(10895 10896 10912 10911)
4(10911 10912 10928 10927)
4(10927 10928 10944 10943)
4(10943 10944 10960 10959)
4(10959 10960 10976 10975)
4(10975 10976 10992 10991)
4(10991 10992 11008 11007)
4(11007 11008 11024 11023)
4(11023 11024 11040 11039)
4(11039 11040 11056 11055)
4(11055 11056 11072 11071)
4(11071 11072 11088 11087)
4(11087 11088 11104 11103)
4(11103 11104 11120 11119)
4(10673 10674 10689 10688)
4(10688 10689 10705 10704)
4(10704 10705 10721 10720)
4(10720 10721 10737 10736)
4(10736 10737 10753 10752)
4(10752 10753 10769 10768)
4(10768 10769 10785 10784)
4(10784 10785 10801 10800)
4(10800 10801 10817 10816)
4(10816 10817 10833 10832)
4(10832 10833 10849 10848)
4(10848 10849 10865 10864)
4(10864 10865 10881 10880)
4(10880 10881 10897 10896)
4(10896 10897 10913 10912)
4(10912 10913 10929 10928)
4(10928 10929 10945 10944)
4(10944 10945 10961 10960)
4(10960 10961 10977 10976)
4(10976 10977 10993 10992)
4(10992 10993 11009 11008)
4(11008 11009 11025 11024)
4(11024 11025 11041 11040)
4(11040 11041 11057 11056)
4(11056 11057 11073 11072)
4(11072 11073 11089 11088)
4(11088 11089 11105 11104)
4(11104 11105 11121 11120)
4(10674 10675 10690 10689)
4(10689 10690 10706 10705)
4(10705 10706 10722 10721)
4(10721 10722 10738 10737)
4(10737 10738 10754 10753)
4(10753 10754 10770 10769)
4(10769 10770 10786 10785)
4(10785 10786 10802 10801)
4(10801 10802 10818 10817)
4(10817 10818 10834 10833)
4(10833 10834 10850 10849)
4(10849 10850 10866 10865)
4(10865 10866 10882 10881)
4(10881 10882 10898 10897)
4(10897 10898 10914 10913)
4(10913 10914 10930 10929)
4(10929 10930 10946 10945)
4(10945 10946 10962 10961)
4(10961 10962 10978 10977)
4(10977 10978 10994 10993)
4(10993 10994 11010 11009)
4(11009 11010 11026 11025)
4(11025 11026 11042 11041)
4(11041 11042 11058 11057)
4(11057 11058 11074 11073)
4(11073 11074 11090 11089)
4(11089 11090 11106 11105)
4(11105 11106 11122 11121)
4(10675 10676 10691 10690)
4(10690 10691 10707 10706)
4(10706 10707 10723 10722)
4(10722 10723 10739 10738)
4(10738 10739 10755 10754)
4(10754 10755 10771 10770)
4(10770 10771 10787 10786)
4(10786 10787 10803 10802)
4(10802 10803 10819 10818)
4(10818 10819 10835 10834)
4(10834 10835 10851 10850)
4(10850 10851 10867 10866)
4(10866 10867 10883 10882)
4(10882 10883 10899 10898)
4(10898 10899 10915 10914)
4(10914 10915 10931 10930)
4(10930 10931 10947 10946)
4(10946 10947 10963 10962)
4(10962 10963 10979 10978)
4(10978 10979 10995 10994)
4(10994 10995 11011 11010)
4(11010 11011 11027 11026)
4(11026 11027 11043 11042)
4(11042 11043 11059 11058)
4(11058 11059 11075 11074)
4(11074 11075 11091 11090)
4(11090 11091 11107 11106)
4(11106 11107 11123 11122)
4(10676 10677 10692 10691)
4(10691 10692 10708 10707)
4(10707 10708 10724 10723)
4(10723 10724 10740 10739)
4(10739 10740 10756 10755)
4(10755 10756 10772 10771)
4(10771 10772 10788 10787)
4(10787 10788 10804 10803)
4(10803 10804 10820 10819)
4(10819 10820 10836 10835)
4(10835 10836 10852 10851)
4(10851 10852 10868 10867)
4(10867 10868 10884 10883)
4(10883 10884 10900 10899)
4(10899 10900 10916 10915)
4(10915 10916 10932 10931)
4(10931 10932 10948 10947)
4(10947 10948 10964 10963)
4(10963 10964 10980 10979)
4(10979 10980 10996 10995)
4(10995 10996 11012 11011)
4(11011 11012 11028 11027)
4(11027 11028 11044 11043)
4(11043 11044 11060 11059)
4(11059 11060 11076 11075)
4(11075 11076 11092 11091)
4(11091 11092 11108 11107)
4(11107 11108 11124 11123)
4(10677 10678 10693 10692)
4(10692 10693 10709 10708)
4(10708 10709 10725 10724)
4(10724 10725 10741 10740)
4(10740 10741 10757 10756)
4(10756 10757 10773 10772)
4(10772 10773 10789 10788)
4(10788 10789 10805 10804)
4(10804 10805 10821 10820)
4(10820 10821 10837 10836)
4(10836 10837 10853 10852)
4(10852 10853 10869 10868)
4(10868 10869 10885 10884)
4(10884 10885 10901 10900)
4(10900 10901 10917 10916)
4(10916 10917 10933 10932)
4(10932 10933 10949 10948)
4(10948 10949 10965 10964)
4(10964 10965 10981 10980)
4(10980 10981 10997 10996)
4(10996 10997 11013 11012)
4(11012 11013 11029 11028)
4(11028 11029 11045 11044)
4(11044 11045 11061 11060)
4(11060 11061 11077 11076)
4(11076 11077 11093 11092)
4(11092 11093 11109 11108)
4(11108 11109 11125 11124)
4(10678 10679 10694 10693)
4(10693 10694 10710 10709)
4(10709 10710 10726 10725)
4(10725 10726 10742 10741)
4(10741 10742 10758 10757)
4(10757 10758 10774 10773)
4(10773 10774 10790 10789)
4(10789 10790 10806 10805)
4(10805 10806 10822 10821)
4(10821 10822 10838 10837)
4(10837 10838 10854 10853)
4(10853 10854 10870 10869)
4(10869 10870 10886 10885)
4(10885 10886 10902 10901)
4(10901 10902 10918 10917)
4(10917 10918 10934 10933)
4(10933 10934 10950 10949)
4(10949 10950 10966 10965)
4(10965 10966 10982 10981)
4(10981 10982 10998 10997)
4(10997 10998 11014 11013)
4(11013 11014 11030 11029)
4(11029 11030 11046 11045)
4(11045 11046 11062 11061)
4(11061 11062 11078 11077)
4(11077 11078 11094 11093)
4(11093 11094 11110 11109)
4(11109 11110 11126 11125)
4(10679 8773 10695 10694)
4(10694 10695 10711 10710)
4(10710 10711 10727 10726)
4(10726 10727 10743 10742)
4(10742 10743 10759 10758)
4(10758 10759 10775 10774)
4(10774 10775 10791 10790)
4(10790 10791 10807 10806)
4(10806 10807 10823 10822)
4(10822 10823 10839 10838)
4(10838 10839 10855 10854)
4(10854 10855 10871 10870)
4(10870 10871 10887 10886)
4(10886 10887 10903 10902)
4(10902 10903 10919 10918)
4(10918 10919 10935 10934)
4(10934 10935 10951 10950)
4(10950 10951 10967 10966)
4(10966 10967 10983 10982)
4(10982 10983 10999 10998)
4(10998 10999 11015 11014)
4(11014 11015 11031 11030)
4(11030 11031 11047 11046)
4(11046 11047 11063 11062)
4(11062 11063 11079 11078)
4(11078 11079 11095 11094)
4(11094 11095 11111 11110)
4(11110 11111 11127 11126)
4(8773 8774 11912 10695)
4(10695 11912 11940 10711)
4(10711 11940 11968 10727)
4(10727 11968 11996 10743)
4(10743 11996 12024 10759)
4(10759 12024 12052 10775)
4(10775 12052 12080 10791)
4(10791 12080 12108 10807)
4(10807 12108 12136 10823)
4(10823 12136 12164 10839)
4(10839 12164 12192 10855)
4(10855 12192 12220 10871)
4(10871 12220 12248 10887)
4(10887 12248 12276 10903)
4(10903 12276 12304 10919)
4(10919 12304 12332 10935)
4(10935 12332 12360 10951)
4(10951 12360 12388 10967)
4(10967 12388 12416 10983)
4(10983 12416 12444 10999)
4(10999 12444 12472 11015)
4(11015 12472 12500 11031)
4(11031 12500 12528 11047)
4(11047 12528 12556 11063)
4(11063 12556 12584 11079)
4(11079 12584 12612 11095)
4(11095 12612 12640 11111)
4(11111 12640 12668 11127)
4(8774 8775 11913 11912)
4(11912 11913 11941 11940)
4(11940 11941 11969 11968)
4(11968 11969 11997 11996)
4(11996 11997 12025 12024)
4(12024 12025 12053 12052)
4(12052 12053 12081 12080)
4(12080 12081 12109 12108)
4(12108 12109 12137 12136)
4(12136 12137 12165 12164)
4(12164 12165 12193 12192)
4(12192 12193 12221 12220)
4(12220 12221 12249 12248)
4(12248 12249 12277 12276)
4(12276 12277 12305 12304)
4(12304 12305 12333 12332)
4(12332 12333 12361 12360)
4(12360 12361 12389 12388)
4(12388 12389 12417 12416)
4(12416 12417 12445 12444)
4(12444 12445 12473 12472)
4(12472 12473 12501 12500)
4(12500 12501 12529 12528)
4(12528 12529 12557 12556)
4(12556 12557 12585 12584)
4(12584 12585 12613 12612)
4(12612 12613 12641 12640)
4(12640 12641 12669 12668)
4(8775 8776 11914 11913)
4(11913 11914 11942 11941)
4(11941 11942 11970 11969)
4(11969 11970 11998 11997)
4(11997 11998 12026 12025)
4(12025 12026 12054 12053)
4(12053 12054 12082 12081)
4(12081 12082 12110 12109)
4(12109 12110 12138 12137)
4(12137 12138 12166 12165)
4(12165 12166 12194 12193)
4(12193 12194 12222 12221)
4(12221 12222 12250 12249)
4(12249 12250 12278 12277)
4(12277 12278 12306 12305)
4(12305 12306 12334 12333)
4(12333 12334 12362 12361)
4(12361 12362 12390 12389)
4(12389 12390 12418 12417)
4(12417 12418 12446 12445)
4(12445 12446 12474 12473)
4(12473 12474 12502 12501)
4(12501 12502 12530 12529)
4(12529 12530 12558 12557)
4(12557 12558 12586 12585)
4(12585 12586 12614 12613)
4(12613 12614 12642 12641)
4(12641 12642 12670 12669)
4(8776 8777 11915 11914)
4(11914 11915 11943 11942)
4(11942 11943 11971 11970)
4(11970 11971 11999 11998)
4(11998 11999 12027 12026)
4(12026 12027 12055 12054)
4(12054 12055 12083 12082)
4(12082 12083 12111 12110)
4(12110 12111 12139 12138)
4(12138 12139 12167 12166)
4(12166 12167 12195 12194)
4(12194 12195 12223 12222)
4(12222 12223 12251 12250)
4(12250 12251 12279 12278)
4(12278 12279 12307 12306)
4(12306 12307 12335 12334)
4(12334 12335 12363 12362)
4(12362 12363 12391 12390)
4(12390 12391 12419 12418)
4(12418 12419 12447 12446)
4(12446 12447 12475 12474)
4(12474 12475 12503 12502)
4(12502 12503 12531 12530)
4(12530 12531 12559 12558)
4(12558 12559 12587 12586)
4(12586 12587 12615 12614)
4(12614 12615 12643 12642)
4(12642 12643 12671 12670)
4(8777 8778 11916 11915)
4(11915 11916 11944 11943)
4(11943 11944 11972 11971)
4(11971 11972 12000 11999)
4(11999 12000 12028 12027)
4(12027 12028 12056 12055)
4(12055 12056 12084 12083)
4(12083 12084 12112 12111)
4(12111 12112 12140 12139)
4(12139 12140 12168 12167)
4(12167 12168 12196 12195)
4(12195 12196 12224 12223)
4(12223 12224 12252 12251)
4(12251 12252 12280 12279)
4(12279 12280 12308 12307)
4(12307 12308 12336 12335)
4(12335 12336 12364 12363)
4(12363 12364 12392 12391)
4(12391 12392 12420 12419)
4(12419 12420 12448 12447)
4(12447 12448 12476 12475)
4(12475 12476 12504 12503)
4(12503 12504 12532 12531)
4(12531 12532 12560 12559)
4(12559 12560 12588 12587)
4(12587 12588 12616 12615)
4(12615 12616 12644 12643)
4(12643 12644 12672 12671)
4(8778 8779 11917 11916)
4(11916 11917 11945 11944)
4(11944 11945 11973 11972)
4(11972 11973 12001 12000)
4(12000 12001 12029 12028)
4(12028 12029 12057 12056)
4(12056 12057 12085 12084)
4(12084 12085 12113 12112)
4(12112 12113 12141 12140)
4(12140 12141 12169 12168)
4(12168 12169 12197 12196)
4(12196 12197 12225 12224)
4(12224 12225 12253 12252)
4(12252 12253 12281 12280)
4(12280 12281 12309 12308)
4(12308 12309 12337 12336)
4(12336 12337 12365 12364)
4(12364 12365 12393 12392)
4(12392 12393 12421 12420)
4(12420 12421 12449 12448)
4(12448 12449 12477 12476)
4(12476 12477 12505 12504)
4(12504 12505 12533 12532)
4(12532 12533 12561 12560)
4(12560 12561 12589 12588)
4(12588 12589 12617 12616)
4(12616 12617 12645 12644)
4(12644 12645 12673 12672)
4(8779 8780 11918 11917)
4(11917 11918 11946 11945)
4(11945 11946 11974 11973)
4(11973 11974 12002 12001)
4(12001 12002 12030 12029)
4(12029 12030 12058 12057)
4(12057 12058 12086 12085)
4(12085 12086 12114 12113)
4(12113 12114 12142 12141)
4(12141 12142 12170 12169)
4(12169 12170 12198 12197)
4(12197 12198 12226 12225)
4(12225 12226 12254 12253)
4(12253 12254 12282 12281)
4(12281 12282 12310 12309)
4(12309 12310 12338 12337)
4(12337 12338 12366 12365)
4(12365 12366 12394 12393)
4(12393 12394 12422 12421)
4(12421 12422 12450 12449)
4(12449 12450 12478 12477)
4(12477 12478 12506 12505)
4(12505 12506 12534 12533)
4(12533 12534 12562 12561)
4(12561 12562 12590 12589)
4(12589 12590 12618 12617)
4(12617 12618 12646 12645)
4(12645 12646 12674 12673)
4(8780 8781 11919 11918)
4(11918 11919 11947 11946)
4(11946 11947 11975 11974)
4(11974 11975 12003 12002)
4(12002 12003 12031 12030)
4(12030 12031 12059 12058)
4(12058 12059 12087 12086)
4(12086 12087 12115 12114)
4(12114 12115 12143 12142)
4(12142 12143 12171 12170)
4(12170 12171 12199 12198)
4(12198 12199 12227 12226)
4(12226 12227 12255 12254)
4(12254 12255 12283 12282)
4(12282 12283 12311 12310)
4(12310 12311 12339 12338)
4(12338 12339 12367 12366)
4(12366 12367 12395 12394)
4(12394 12395 12423 12422)
4(12422 12423 12451 12450)
4(12450 12451 12479 12478)
4(12478 12479 12507 12506)
4(12506 12507 12535 12534)
4(12534 12535 12563 12562)
4(12562 12563 12591 12590)
4(12590 12591 12619 12618)
4(12618 12619 12647 12646)
4(12646 12647 12675 12674)
4(8781 8782 11920 11919)
4(11919 11920 11948 11947)
4(11947 11948 11976 11975)
4(11975 11976 12004 12003)
4(12003 12004 12032 12031)
4(12031 12032 12060 12059)
4(12059 12060 12088 12087)
4(12087 12088 12116 12115)
4(12115 12116 12144 12143)
4(12143 12144 12172 12171)
4(12171 12172 12200 12199)
4(12199 12200 12228 12227)
4(12227 12228 12256 12255)
4(12255 12256 12284 12283)
4(12283 12284 12312 12311)
4(12311 12312 12340 12339)
4(12339 12340 12368 12367)
4(12367 12368 12396 12395)
4(12395 12396 12424 12423)
4(12423 12424 12452 12451)
4(12451 12452 12480 12479)
4(12479 12480 12508 12507)
4(12507 12508 12536 12535)
4(12535 12536 12564 12563)
4(12563 12564 12592 12591)
4(12591 12592 12620 12619)
4(12619 12620 12648 12647)
4(12647 12648 12676 12675)
4(8782 8783 11921 11920)
4(11920 11921 11949 11948)
4(11948 11949 11977 11976)
4(11976 11977 12005 12004)
4(12004 12005 12033 12032)
4(12032 12033 12061 12060)
4(12060 12061 12089 12088)
4(12088 12089 12117 12116)
4(12116 12117 12145 12144)
4(12144 12145 12173 12172)
4(12172 12173 12201 12200)
4(12200 12201 12229 12228)
4(12228 12229 12257 12256)
4(12256 12257 12285 12284)
4(12284 12285 12313 12312)
4(12312 12313 12341 12340)
4(12340 12341 12369 12368)
4(12368 12369 12397 12396)
4(12396 12397 12425 12424)
4(12424 12425 12453 12452)
4(12452 12453 12481 12480)
4(12480 12481 12509 12508)
4(12508 12509 12537 12536)
4(12536 12537 12565 12564)
4(12564 12565 12593 12592)
4(12592 12593 12621 12620)
4(12620 12621 12649 12648)
4(12648 12649 12677 12676)
4(8783 8784 11922 11921)
4(11921 11922 11950 11949)
4(11949 11950 11978 11977)
4(11977 11978 12006 12005)
4(12005 12006 12034 12033)
4(12033 12034 12062 12061)
4(12061 12062 12090 12089)
4(12089 12090 12118 12117)
4(12117 12118 12146 12145)
4(12145 12146 12174 12173)
4(12173 12174 12202 12201)
4(12201 12202 12230 12229)
4(12229 12230 12258 12257)
4(12257 12258 12286 12285)
4(12285 12286 12314 12313)
4(12313 12314 12342 12341)
4(12341 12342 12370 12369)
4(12369 12370 12398 12397)
4(12397 12398 12426 12425)
4(12425 12426 12454 12453)
4(12453 12454 12482 12481)
4(12481 12482 12510 12509)
4(12509 12510 12538 12537)
4(12537 12538 12566 12565)
4(12565 12566 12594 12593)
4(12593 12594 12622 12621)
4(12621 12622 12650 12649)
4(12649 12650 12678 12677)
4(8784 8785 11923 11922)
4(11922 11923 11951 11950)
4(11950 11951 11979 11978)
4(11978 11979 12007 12006)
4(12006 12007 12035 12034)
4(12034 12035 12063 12062)
4(12062 12063 12091 12090)
4(12090 12091 12119 12118)
4(12118 12119 12147 12146)
4(12146 12147 12175 12174)
4(12174 12175 12203 12202)
4(12202 12203 12231 12230)
4(12230 12231 12259 12258)
4(12258 12259 12287 12286)
4(12286 12287 12315 12314)
4(12314 12315 12343 12342)
4(12342 12343 12371 12370)
4(12370 12371 12399 12398)
4(12398 12399 12427 12426)
4(12426 12427 12455 12454)
4(12454 12455 12483 12482)
4(12482 12483 12511 12510)
4(12510 12511 12539 12538)
4(12538 12539 12567 12566)
4(12566 12567 12595 12594)
4(12594 12595 12623 12622)
4(12622 12623 12651 12650)
4(12650 12651 12679 12678)
4(8785 8786 11924 11923)
4(11923 11924 11952 11951)
4(11951 11952 11980 11979)
4(11979 11980 12008 12007)
4(12007 12008 12036 12035)
4(12035 12036 12064 12063)
4(12063 12064 12092 12091)
4(12091 12092 12120 12119)
4(12119 12120 12148 12147)
4(12147 12148 12176 12175)
4(12175 12176 12204 12203)
4(12203 12204 12232 12231)
4(12231 12232 12260 12259)
4(12259 12260 12288 12287)
4(12287 12288 12316 12315)
4(12315 12316 12344 12343)
4(12343 12344 12372 12371)
4(12371 12372 12400 12399)
4(12399 12400 12428 12427)
4(12427 12428 12456 12455)
4(12455 12456 12484 12483)
4(12483 12484 12512 12511)
4(12511 12512 12540 12539)
4(12539 12540 12568 12567)
4(12567 12568 12596 12595)
4(12595 12596 12624 12623)
4(12623 12624 12652 12651)
4(12651 12652 12680 12679)
4(8786 8787 11925 11924)
4(11924 11925 11953 11952)
4(11952 11953 11981 11980)
4(11980 11981 12009 12008)
4(12008 12009 12037 12036)
4(12036 12037 12065 12064)
4(12064 12065 12093 12092)
4(12092 12093 12121 12120)
4(12120 12121 12149 12148)
4(12148 12149 12177 12176)
4(12176 12177 12205 12204)
4(12204 12205 12233 12232)
4(12232 12233 12261 12260)
4(12260 12261 12289 12288)
4(12288 12289 12317 12316)
4(12316 12317 12345 12344)
4(12344 12345 12373 12372)
4(12372 12373 12401 12400)
4(12400 12401 12429 12428)
4(12428 12429 12457 12456)
4(12456 12457 12485 12484)
4(12484 12485 12513 12512)
4(12512 12513 12541 12540)
4(12540 12541 12569 12568)
4(12568 12569 12597 12596)
4(12596 12597 12625 12624)
4(12624 12625 12653 12652)
4(12652 12653 12681 12680)
4(8787 8788 11926 11925)
4(11925 11926 11954 11953)
4(11953 11954 11982 11981)
4(11981 11982 12010 12009)
4(12009 12010 12038 12037)
4(12037 12038 12066 12065)
4(12065 12066 12094 12093)
4(12093 12094 12122 12121)
4(12121 12122 12150 12149)
4(12149 12150 12178 12177)
4(12177 12178 12206 12205)
4(12205 12206 12234 12233)
4(12233 12234 12262 12261)
4(12261 12262 12290 12289)
4(12289 12290 12318 12317)
4(12317 12318 12346 12345)
4(12345 12346 12374 12373)
4(12373 12374 12402 12401)
4(12401 12402 12430 12429)
4(12429 12430 12458 12457)
4(12457 12458 12486 12485)
4(12485 12486 12514 12513)
4(12513 12514 12542 12541)
4(12541 12542 12570 12569)
4(12569 12570 12598 12597)
4(12597 12598 12626 12625)
4(12625 12626 12654 12653)
4(12653 12654 12682 12681)
4(8788 8789 11927 11926)
4(11926 11927 11955 11954)
4(11954 11955 11983 11982)
4(11982 11983 12011 12010)
4(12010 12011 12039 12038)
4(12038 12039 12067 12066)
4(12066 12067 12095 12094)
4(12094 12095 12123 12122)
4(12122 12123 12151 12150)
4(12150 12151 12179 12178)
4(12178 12179 12207 12206)
4(12206 12207 12235 12234)
4(12234 12235 12263 12262)
4(12262 12263 12291 12290)
4(12290 12291 12319 12318)
4(12318 12319 12347 12346)
4(12346 12347 12375 12374)
4(12374 12375 12403 12402)
4(12402 12403 12431 12430)
4(12430 12431 12459 12458)
4(12458 12459 12487 12486)
4(12486 12487 12515 12514)
4(12514 12515 12543 12542)
4(12542 12543 12571 12570)
4(12570 12571 12599 12598)
4(12598 12599 12627 12626)
4(12626 12627 12655 12654)
4(12654 12655 12683 12682)
4(8789 8790 11928 11927)
4(11927 11928 11956 11955)
4(11955 11956 11984 11983)
4(11983 11984 12012 12011)
4(12011 12012 12040 12039)
4(12039 12040 12068 12067)
4(12067 12068 12096 12095)
4(12095 12096 12124 12123)
4(12123 12124 12152 12151)
4(12151 12152 12180 12179)
4(12179 12180 12208 12207)
4(12207 12208 12236 12235)
4(12235 12236 12264 12263)
4(12263 12264 12292 12291)
4(12291 12292 12320 12319)
4(12319 12320 12348 12347)
4(12347 12348 12376 12375)
4(12375 12376 12404 12403)
4(12403 12404 12432 12431)
4(12431 12432 12460 12459)
4(12459 12460 12488 12487)
4(12487 12488 12516 12515)
4(12515 12516 12544 12543)
4(12543 12544 12572 12571)
4(12571 12572 12600 12599)
4(12599 12600 12628 12627)
4(12627 12628 12656 12655)
4(12655 12656 12684 12683)
4(8790 8791 11929 11928)
4(11928 11929 11957 11956)
4(11956 11957 11985 11984)
4(11984 11985 12013 12012)
4(12012 12013 12041 12040)
4(12040 12041 12069 12068)
4(12068 12069 12097 12096)
4(12096 12097 12125 12124)
4(12124 12125 12153 12152)
4(12152 12153 12181 12180)
4(12180 12181 12209 12208)
4(12208 12209 12237 12236)
4(12236 12237 12265 12264)
4(12264 12265 12293 12292)
4(12292 12293 12321 12320)
4(12320 12321 12349 12348)
4(12348 12349 12377 12376)
4(12376 12377 12405 12404)
4(12404 12405 12433 12432)
4(12432 12433 12461 12460)
4(12460 12461 12489 12488)
4(12488 12489 12517 12516)
4(12516 12517 12545 12544)
4(12544 12545 12573 12572)
4(12572 12573 12601 12600)
4(12600 12601 12629 12628)
4(12628 12629 12657 12656)
4(12656 12657 12685 12684)
4(8791 8792 11930 11929)
4(11929 11930 11958 11957)
4(11957 11958 11986 11985)
4(11985 11986 12014 12013)
4(12013 12014 12042 12041)
4(12041 12042 12070 12069)
4(12069 12070 12098 12097)
4(12097 12098 12126 12125)
4(12125 12126 12154 12153)
4(12153 12154 12182 12181)
4(12181 12182 12210 12209)
4(12209 12210 12238 12237)
4(12237 12238 12266 12265)
4(12265 12266 12294 12293)
4(12293 12294 12322 12321)
4(12321 12322 12350 12349)
4(12349 12350 12378 12377)
4(12377 12378 12406 12405)
4(12405 12406 12434 12433)
4(12433 12434 12462 12461)
4(12461 12462 12490 12489)
4(12489 12490 12518 12517)
4(12517 12518 12546 12545)
4(12545 12546 12574 12573)
4(12573 12574 12602 12601)
4(12601 12602 12630 12629)
4(12629 12630 12658 12657)
4(12657 12658 12686 12685)
4(8792 8793 11931 11930)
4(11930 11931 11959 11958)
4(11958 11959 11987 11986)
4(11986 11987 12015 12014)
4(12014 12015 12043 12042)
4(12042 12043 12071 12070)
4(12070 12071 12099 12098)
4(12098 12099 12127 12126)
4(12126 12127 12155 12154)
4(12154 12155 12183 12182)
4(12182 12183 12211 12210)
4(12210 12211 12239 12238)
4(12238 12239 12267 12266)
4(12266 12267 12295 12294)
4(12294 12295 12323 12322)
4(12322 12323 12351 12350)
4(12350 12351 12379 12378)
4(12378 12379 12407 12406)
4(12406 12407 12435 12434)
4(12434 12435 12463 12462)
4(12462 12463 12491 12490)
4(12490 12491 12519 12518)
4(12518 12519 12547 12546)
4(12546 12547 12575 12574)
4(12574 12575 12603 12602)
4(12602 12603 12631 12630)
4(12630 12631 12659 12658)
4(12658 12659 12687 12686)
4(8793 8794 11932 11931)
4(11931 11932 11960 11959)
4(11959 11960 11988 11987)
4(11987 11988 12016 12015)
4(12015 12016 12044 12043)
4(12043 12044 12072 12071)
4(12071 12072 12100 12099)
4(12099 12100 12128 12127)
4(12127 12128 12156 12155)
4(12155 12156 12184 12183)
4(12183 12184 12212 12211)
4(12211 12212 12240 12239)
4(12239 12240 12268 12267)
4(12267 12268 12296 12295)
4(12295 12296 12324 12323)
4(12323 12324 12352 12351)
4(12351 12352 12380 12379)
4(12379 12380 12408 12407)
4(12407 12408 12436 12435)
4(12435 12436 12464 12463)
4(12463 12464 12492 12491)
4(12491 12492 12520 12519)
4(12519 12520 12548 12547)
4(12547 12548 12576 12575)
4(12575 12576 12604 12603)
4(12603 12604 12632 12631)
4(12631 12632 12660 12659)
4(12659 12660 12688 12687)
4(8794 8795 11933 11932)
4(11932 11933 11961 11960)
4(11960 11961 11989 11988)
4(11988 11989 12017 12016)
4(12016 12017 12045 12044)
4(12044 12045 12073 12072)
4(12072 12073 12101 12100)
4(12100 12101 12129 12128)
4(12128 12129 12157 12156)
4(12156 12157 12185 12184)
4(12184 12185 12213 12212)
4(12212 12213 12241 12240)
4(12240 12241 12269 12268)
4(12268 12269 12297 12296)
4(12296 12297 12325 12324)
4(12324 12325 12353 12352)
4(12352 12353 12381 12380)
4(12380 12381 12409 12408)
4(12408 12409 12437 12436)
4(12436 12437 12465 12464)
4(12464 12465 12493 12492)
4(12492 12493 12521 12520)
4(12520 12521 12549 12548)
4(12548 12549 12577 12576)
4(12576 12577 12605 12604)
4(12604 12605 12633 12632)
4(12632 12633 12661 12660)
4(12660 12661 12689 12688)
4(8795 8796 11934 11933)
4(11933 11934 11962 11961)
4(11961 11962 11990 11989)
4(11989 11990 12018 12017)
4(12017 12018 12046 12045)
4(12045 12046 12074 12073)
4(12073 12074 12102 12101)
4(12101 12102 12130 12129)
4(12129 12130 12158 12157)
4(12157 12158 12186 12185)
4(12185 12186 12214 12213)
4(12213 12214 12242 12241)
4(12241 12242 12270 12269)
4(12269 12270 12298 12297)
4(12297 12298 12326 12325)
4(12325 12326 12354 12353)
4(12353 12354 12382 12381)
4(12381 12382 12410 12409)
4(12409 12410 12438 12437)
4(12437 12438 12466 12465)
4(12465 12466 12494 12493)
4(12493 12494 12522 12521)
4(12521 12522 12550 12549)
4(12549 12550 12578 12577)
4(12577 12578 12606 12605)
4(12605 12606 12634 12633)
4(12633 12634 12662 12661)
4(12661 12662 12690 12689)
4(8796 8797 11935 11934)
4(11934 11935 11963 11962)
4(11962 11963 11991 11990)
4(11990 11991 12019 12018)
4(12018 12019 12047 12046)
4(12046 12047 12075 12074)
4(12074 12075 12103 12102)
4(12102 12103 12131 12130)
4(12130 12131 12159 12158)
4(12158 12159 12187 12186)
4(12186 12187 12215 12214)
4(12214 12215 12243 12242)
4(12242 12243 12271 12270)
4(12270 12271 12299 12298)
4(12298 12299 12327 12326)
4(12326 12327 12355 12354)
4(12354 12355 12383 12382)
4(12382 12383 12411 12410)
4(12410 12411 12439 12438)
4(12438 12439 12467 12466)
4(12466 12467 12495 12494)
4(12494 12495 12523 12522)
4(12522 12523 12551 12550)
4(12550 12551 12579 12578)
4(12578 12579 12607 12606)
4(12606 12607 12635 12634)
4(12634 12635 12663 12662)
4(12662 12663 12691 12690)
4(8797 8798 11936 11935)
4(11935 11936 11964 11963)
4(11963 11964 11992 11991)
4(11991 11992 12020 12019)
4(12019 12020 12048 12047)
4(12047 12048 12076 12075)
4(12075 12076 12104 12103)
4(12103 12104 12132 12131)
4(12131 12132 12160 12159)
4(12159 12160 12188 12187)
4(12187 12188 12216 12215)
4(12215 12216 12244 12243)
4(12243 12244 12272 12271)
4(12271 12272 12300 12299)
4(12299 12300 12328 12327)
4(12327 12328 12356 12355)
4(12355 12356 12384 12383)
4(12383 12384 12412 12411)
4(12411 12412 12440 12439)
4(12439 12440 12468 12467)
4(12467 12468 12496 12495)
4(12495 12496 12524 12523)
4(12523 12524 12552 12551)
4(12551 12552 12580 12579)
4(12579 12580 12608 12607)
4(12607 12608 12636 12635)
4(12635 12636 12664 12663)
4(12663 12664 12692 12691)
4(8798 8799 11937 11936)
4(11936 11937 11965 11964)
4(11964 11965 11993 11992)
4(11992 11993 12021 12020)
4(12020 12021 12049 12048)
4(12048 12049 12077 12076)
4(12076 12077 12105 12104)
4(12104 12105 12133 12132)
4(12132 12133 12161 12160)
4(12160 12161 12189 12188)
4(12188 12189 12217 12216)
4(12216 12217 12245 12244)
4(12244 12245 12273 12272)
4(12272 12273 12301 12300)
4(12300 12301 12329 12328)
4(12328 12329 12357 12356)
4(12356 12357 12385 12384)
4(12384 12385 12413 12412)
4(12412 12413 12441 12440)
4(12440 12441 12469 12468)
4(12468 12469 12497 12496)
4(12496 12497 12525 12524)
4(12524 12525 12553 12552)
4(12552 12553 12581 12580)
4(12580 12581 12609 12608)
4(12608 12609 12637 12636)
4(12636 12637 12665 12664)
4(12664 12665 12693 12692)
4(8799 8800 11938 11937)
4(11937 11938 11966 11965)
4(11965 11966 11994 11993)
4(11993 11994 12022 12021)
4(12021 12022 12050 12049)
4(12049 12050 12078 12077)
4(12077 12078 12106 12105)
4(12105 12106 12134 12133)
4(12133 12134 12162 12161)
4(12161 12162 12190 12189)
4(12189 12190 12218 12217)
4(12217 12218 12246 12245)
4(12245 12246 12274 12273)
4(12273 12274 12302 12301)
4(12301 12302 12330 12329)
4(12329 12330 12358 12357)
4(12357 12358 12386 12385)
4(12385 12386 12414 12413)
4(12413 12414 12442 12441)
4(12441 12442 12470 12469)
4(12469 12470 12498 12497)
4(12497 12498 12526 12525)
4(12525 12526 12554 12553)
4(12553 12554 12582 12581)
4(12581 12582 12610 12609)
4(12609 12610 12638 12637)
4(12637 12638 12666 12665)
4(12665 12666 12694 12693)
4(8800 8801 11939 11938)
4(11938 11939 11967 11966)
4(11966 11967 11995 11994)
4(11994 11995 12023 12022)
4(12022 12023 12051 12050)
4(12050 12051 12079 12078)
4(12078 12079 12107 12106)
4(12106 12107 12135 12134)
4(12134 12135 12163 12162)
4(12162 12163 12191 12190)
4(12190 12191 12219 12218)
4(12218 12219 12247 12246)
4(12246 12247 12275 12274)
4(12274 12275 12303 12302)
4(12302 12303 12331 12330)
4(12330 12331 12359 12358)
4(12358 12359 12387 12386)
4(12386 12387 12415 12414)
4(12414 12415 12443 12442)
4(12442 12443 12471 12470)
4(12470 12471 12499 12498)
4(12498 12499 12527 12526)
4(12526 12527 12555 12554)
4(12554 12555 12583 12582)
4(12582 12583 12611 12610)
4(12610 12611 12639 12638)
4(12638 12639 12667 12666)
4(12666 12667 12695 12694)
)


// ************************************************************************* //
