/*--------------------------------*- C++ -*----------------------------------*\
| =========                 |                                                 |
| \\      /  F ield         | OpenFOAM: The Open Source CFD Toolbox           |
|  \\    /   O peration     | Version:  2512                                  |
|   \\  /    A nd           | Website:  www.openfoam.com                      |
|    \\/     M anipulation  |                                                 |
\*---------------------------------------------------------------------------*/
FoamFile
{
    version     2.0;
    format      ascii;
    arch        "LSB;label=32;scalar=64";
    class       vectorField;
    location    "constant/polyMesh";
    object      points;
}
// * * * * * * * * * * * * * * * * * * * * * * * * * * * * * * * * * * * * * //


12696
(
(1.04 0.003 0)
(1.04666666667 0.003 0)
(1.05333333333 0.003 0)
(1.06 0.003 0)
(1.06666666667 0.003 0)
(1.07333333333 0.003 0)
(1.08 0.003 0)
(1.08666666667 0.003 0)
(1.09333333333 0.003 0)
(1.1 0.003 0)
(1.10666666667 0.003 0)
(1.11333333333 0.003 0)
(1.12 0.003 0)
(1.12666666667 0.003 0)
(1.13333333333 0.003 0)
(1.14 0.003 0)
(1.14666666667 0.003 0)
(1.15333333333 0.003 0)
(1.16 0.003 0)
(1.16666666667 0.003 0)
(1.17333333333 0.003 0)
(1.18 0.003 0)
(1.18666666667 0.003 0)
(1.19333333333 0.003 0)
(1.2 0.003 0)
(1.04 0.003875 0)
(1.04666666667 0.003875 0)
(1.05333333333 0.003875 0)
(1.06 0.003875 0)
(1.06666666667 0.003875 0)
(1.07333333333 0.003875 0)
(1.08 0.003875 0)
(1.08666666667 0.003875 0)
(1.09333333333 0.003875 0)
(1.1 0.003875 0)
(1.10666666667 0.003875 0)
(1.11333333333 0.003875 0)
(1.12 0.003875 0)
(1.12666666667 0.003875 0)
(1.13333333333 0.003875 0)
(1.14 0.003875 0)
(1.14666666667 0.003875 0)
(1.15333333333 0.003875 0)
(1.16 0.003875 0)
(1.16666666667 0.003875 0)
(1.17333333333 0.003875 0)
(1.18 0.003875 0)
(1.18666666667 0.003875 0)
(1.19333333333 0.003875 0)
(1.2 0.003875 0)
(1.04 0.00475 0)
(1.04666666667 0.00475 0)
(1.05333333333 0.00475 0)
(1.06 0.00475 0)
(1.06666666667 0.00475 0)
(1.07333333333 0.00475 0)
(1.08 0.00475 0)
(1.08666666667 0.00475 0)
(1.09333333333 0.00475 0)
(1.1 0.00475 0)
(1.10666666667 0.00475 0)
(1.11333333333 0.00475 0)
(1.12 0.00475 0)
(1.12666666667 0.00475 0)
(1.13333333333 0.00475 0)
(1.14 0.00475 0)
(1.14666666667 0.00475 0)
(1.15333333333 0.00475 0)
(1.16 0.00475 0)
(1.16666666667 0.00475 0)
(1.17333333333 0.00475 0)
(1.18 0.00475 0)
(1.18666666667 0.00475 0)
(1.19333333333 0.00475 0)
(1.2 0.00475 0)
(1.04 0.005625 0)
(1.04666666667 0.005625 0)
(1.05333333333 0.005625 0)
(1.06 0.005625 0)
(1.06666666667 0.005625 0)
(1.07333333333 0.005625 0)
(1.08 0.005625 0)
(1.08666666667 0.005625 0)
(1.09333333333 0.005625 0)
(1.1 0.005625 0)
(1.10666666667 0.005625 0)
(1.11333333333 0.005625 0)
(1.12 0.005625 0)
(1.12666666667 0.005625 0)
(1.13333333333 0.005625 0)
(1.14 0.005625 0)
(1.14666666667 0.005625 0)
(1.15333333333 0.005625 0)
(1.16 0.005625 0)
(1.16666666667 0.005625 0)
(1.17333333333 0.005625 0)
(1.18 0.005625 0)
(1.18666666667 0.005625 0)
(1.19333333333 0.005625 0)
(1.2 0.005625 0)
(1.04 0.0065 0)
(1.04666666667 0.0065 0)
(1.05333333333 0.0065 0)
(1.06 0.0065 0)
(1.06666666667 0.0065 0)
(1.07333333333 0.0065 0)
(1.08 0.0065 0)
(1.08666666667 0.0065 0)
(1.09333333333 0.0065 0)
(1.1 0.0065 0)
(1.10666666667 0.0065 0)
(1.11333333333 0.0065 0)
(1.12 0.0065 0)
(1.12666666667 0.0065 0)
(1.13333333333 0.0065 0)
(1.14 0.0065 0)
(1.14666666667 0.0065 0)
(1.15333333333 0.0065 0)
(1.16 0.0065 0)
(1.16666666667 0.0065 0)
(1.17333333333 0.0065 0)
(1.18 0.0065 0)
(1.18666666667 0.0065 0)
(1.19333333333 0.0065 0)
(1.2 0.0065 0)
(1.04 0.007375 0)
(1.04666666667 0.007375 0)
(1.05333333333 0.007375 0)
(1.06 0.007375 0)
(1.06666666667 0.007375 0)
(1.07333333333 0.007375 0)
(1.08 0.007375 0)
(1.08666666667 0.007375 0)
(1.09333333333 0.007375 0)
(1.1 0.007375 0)
(1.10666666667 0.007375 0)
(1.11333333333 0.007375 0)
(1.12 0.007375 0)
(1.12666666667 0.007375 0)
(1.13333333333 0.007375 0)
(1.14 0.007375 0)
(1.14666666667 0.007375 0)
(1.15333333333 0.007375 0)
(1.16 0.007375 0)
(1.16666666667 0.007375 0)
(1.17333333333 0.007375 0)
(1.18 0.007375 0)
(1.18666666667 0.007375 0)
(1.19333333333 0.007375 0)
(1.2 0.007375 0)
(1.04 0.00825 0)
(1.04666666667 0.00825 0)
(1.05333333333 0.00825 0)
(1.06 0.00825 0)
(1.06666666667 0.00825 0)
(1.07333333333 0.00825 0)
(1.08 0.00825 0)
(1.08666666667 0.00825 0)
(1.09333333333 0.00825 0)
(1.1 0.00825 0)
(1.10666666667 0.00825 0)
(1.11333333333 0.00825 0)
(1.12 0.00825 0)
(1.12666666667 0.00825 0)
(1.13333333333 0.00825 0)
(1.14 0.00825 0)
(1.14666666667 0.00825 0)
(1.15333333333 0.00825 0)
(1.16 0.00825 0)
(1.16666666667 0.00825 0)
(1.17333333333 0.00825 0)
(1.18 0.00825 0)
(1.18666666667 0.00825 0)
(1.19333333333 0.00825 0)
(1.2 0.00825 0)
(1.04 0.009125 0)
(1.04666666667 0.009125 0)
(1.05333333333 0.009125 0)
(1.06 0.009125 0)
(1.06666666667 0.009125 0)
(1.07333333333 0.009125 0)
(1.08 0.009125 0)
(1.08666666667 0.009125 0)
(1.09333333333 0.009125 0)
(1.1 0.009125 0)
(1.10666666667 0.009125 0)
(1.11333333333 0.009125 0)
(1.12 0.009125 0)
(1.12666666667 0.009125 0)
(1.13333333333 0.009125 0)
(1.14 0.009125 0)
(1.14666666667 0.009125 0)
(1.15333333333 0.009125 0)
(1.16 0.009125 0)
(1.16666666667 0.009125 0)
(1.17333333333 0.009125 0)
(1.18 0.009125 0)
(1.18666666667 0.009125 0)
(1.19333333333 0.009125 0)
(1.2 0.009125 0)
(1.04 0.01 0)
(1.04666666667 0.01 0)
(1.05333333333 0.01 0)
(1.06 0.01 0)
(1.06666666667 0.01 0)
(1.07333333333 0.01 0)
(1.08 0.01 0)
(1.08666666667 0.01 0)
(1.09333333333 0.01 0)
(1.1 0.01 0)
(1.10666666667 0.01 0)
(1.11333333333 0.01 0)
(1.12 0.01 0)
(1.12666666667 0.01 0)
(1.13333333333 0.01 0)
(1.14 0.01 0)
(1.14666666667 0.01 0)
(1.15333333333 0.01 0)
(1.16 0.01 0)
(1.16666666667 0.01 0)
(1.17333333333 0.01 0)
(1.18 0.01 0)
(1.18666666667 0.01 0)
(1.19333333333 0.01 0)
(1.2 0.01 0)
(1.04 0.003 0.01)
(1.04666666667 0.003 0.01)
(1.05333333333 0.003 0.01)
(1.06 0.003 0.01)
(1.06666666667 0.003 0.01)
(1.07333333333 0.003 0.01)
(1.08 0.003 0.01)
(1.08666666667 0.003 0.01)
(1.09333333333 0.003 0.01)
(1.1 0.003 0.01)
(1.10666666667 0.003 0.01)
(1.11333333333 0.003 0.01)
(1.12 0.003 0.01)
(1.12666666667 0.003 0.01)
(1.13333333333 0.003 0.01)
(1.14 0.003 0.01)
(1.14666666667 0.003 0.01)
(1.15333333333 0.003 0.01)
(1.16 0.003 0.01)
(1.16666666667 0.003 0.01)
(1.17333333333 0.003 0.01)
(1.18 0.003 0.01)
(1.18666666667 0.003 0.01)
(1.19333333333 0.003 0.01)
(1.2 0.003 0.01)
(1.04 0.003875 0.01)
(1.04666666667 0.003875 0.01)
(1.05333333333 0.003875 0.01)
(1.06 0.003875 0.01)
(1.06666666667 0.003875 0.01)
(1.07333333333 0.003875 0.01)
(1.08 0.003875 0.01)
(1.08666666667 0.003875 0.01)
(1.09333333333 0.003875 0.01)
(1.1 0.003875 0.01)
(1.10666666667 0.003875 0.01)
(1.11333333333 0.003875 0.01)
(1.12 0.003875 0.01)
(1.12666666667 0.003875 0.01)
(1.13333333333 0.003875 0.01)
(1.14 0.003875 0.01)
(1.14666666667 0.003875 0.01)
(1.15333333333 0.003875 0.01)
(1.16 0.003875 0.01)
(1.16666666667 0.003875 0.01)
(1.17333333333 0.003875 0.01)
(1.18 0.003875 0.01)
(1.18666666667 0.003875 0.01)
(1.19333333333 0.003875 0.01)
(1.2 0.003875 0.01)
(1.04 0.00475 0.01)
(1.04666666667 0.00475 0.01)
(1.05333333333 0.00475 0.01)
(1.06 0.00475 0.01)
(1.06666666667 0.00475 0.01)
(1.07333333333 0.00475 0.01)
(1.08 0.00475 0.01)
(1.08666666667 0.00475 0.01)
(1.09333333333 0.00475 0.01)
(1.1 0.00475 0.01)
(1.10666666667 0.00475 0.01)
(1.11333333333 0.00475 0.01)
(1.12 0.00475 0.01)
(1.12666666667 0.00475 0.01)
(1.13333333333 0.00475 0.01)
(1.14 0.00475 0.01)
(1.14666666667 0.00475 0.01)
(1.15333333333 0.00475 0.01)
(1.16 0.00475 0.01)
(1.16666666667 0.00475 0.01)
(1.17333333333 0.00475 0.01)
(1.18 0.00475 0.01)
(1.18666666667 0.00475 0.01)
(1.19333333333 0.00475 0.01)
(1.2 0.00475 0.01)
(1.04 0.005625 0.01)
(1.04666666667 0.005625 0.01)
(1.05333333333 0.005625 0.01)
(1.06 0.005625 0.01)
(1.06666666667 0.005625 0.01)
(1.07333333333 0.005625 0.01)
(1.08 0.005625 0.01)
(1.08666666667 0.005625 0.01)
(1.09333333333 0.005625 0.01)
(1.1 0.005625 0.01)
(1.10666666667 0.005625 0.01)
(1.11333333333 0.005625 0.01)
(1.12 0.005625 0.01)
(1.12666666667 0.005625 0.01)
(1.13333333333 0.005625 0.01)
(1.14 0.005625 0.01)
(1.14666666667 0.005625 0.01)
(1.15333333333 0.005625 0.01)
(1.16 0.005625 0.01)
(1.16666666667 0.005625 0.01)
(1.17333333333 0.005625 0.01)
(1.18 0.005625 0.01)
(1.18666666667 0.005625 0.01)
(1.19333333333 0.005625 0.01)
(1.2 0.005625 0.01)
(1.04 0.0065 0.01)
(1.04666666667 0.0065 0.01)
(1.05333333333 0.0065 0.01)
(1.06 0.0065 0.01)
(1.06666666667 0.0065 0.01)
(1.07333333333 0.0065 0.01)
(1.08 0.0065 0.01)
(1.08666666667 0.0065 0.01)
(1.09333333333 0.0065 0.01)
(1.1 0.0065 0.01)
(1.10666666667 0.0065 0.01)
(1.11333333333 0.0065 0.01)
(1.12 0.0065 0.01)
(1.12666666667 0.0065 0.01)
(1.13333333333 0.0065 0.01)
(1.14 0.0065 0.01)
(1.14666666667 0.0065 0.01)
(1.15333333333 0.0065 0.01)
(1.16 0.0065 0.01)
(1.16666666667 0.0065 0.01)
(1.17333333333 0.0065 0.01)
(1.18 0.0065 0.01)
(1.18666666667 0.0065 0.01)
(1.19333333333 0.0065 0.01)
(1.2 0.0065 0.01)
(1.04 0.007375 0.01)
(1.04666666667 0.007375 0.01)
(1.05333333333 0.007375 0.01)
(1.06 0.007375 0.01)
(1.06666666667 0.007375 0.01)
(1.07333333333 0.007375 0.01)
(1.08 0.007375 0.01)
(1.08666666667 0.007375 0.01)
(1.09333333333 0.007375 0.01)
(1.1 0.007375 0.01)
(1.10666666667 0.007375 0.01)
(1.11333333333 0.007375 0.01)
(1.12 0.007375 0.01)
(1.12666666667 0.007375 0.01)
(1.13333333333 0.007375 0.01)
(1.14 0.007375 0.01)
(1.14666666667 0.007375 0.01)
(1.15333333333 0.007375 0.01)
(1.16 0.007375 0.01)
(1.16666666667 0.007375 0.01)
(1.17333333333 0.007375 0.01)
(1.18 0.007375 0.01)
(1.18666666667 0.007375 0.01)
(1.19333333333 0.007375 0.01)
(1.2 0.007375 0.01)
(1.04 0.00825 0.01)
(1.04666666667 0.00825 0.01)
(1.05333333333 0.00825 0.01)
(1.06 0.00825 0.01)
(1.06666666667 0.00825 0.01)
(1.07333333333 0.00825 0.01)
(1.08 0.00825 0.01)
(1.08666666667 0.00825 0.01)
(1.09333333333 0.00825 0.01)
(1.1 0.00825 0.01)
(1.10666666667 0.00825 0.01)
(1.11333333333 0.00825 0.01)
(1.12 0.00825 0.01)
(1.12666666667 0.00825 0.01)
(1.13333333333 0.00825 0.01)
(1.14 0.00825 0.01)
(1.14666666667 0.00825 0.01)
(1.15333333333 0.00825 0.01)
(1.16 0.00825 0.01)
(1.16666666667 0.00825 0.01)
(1.17333333333 0.00825 0.01)
(1.18 0.00825 0.01)
(1.18666666667 0.00825 0.01)
(1.19333333333 0.00825 0.01)
(1.2 0.00825 0.01)
(1.04 0.009125 0.01)
(1.04666666667 0.009125 0.01)
(1.05333333333 0.009125 0.01)
(1.06 0.009125 0.01)
(1.06666666667 0.009125 0.01)
(1.07333333333 0.009125 0.01)
(1.08 0.009125 0.01)
(1.08666666667 0.009125 0.01)
(1.09333333333 0.009125 0.01)
(1.1 0.009125 0.01)
(1.10666666667 0.009125 0.01)
(1.11333333333 0.009125 0.01)
(1.12 0.009125 0.01)
(1.12666666667 0.009125 0.01)
(1.13333333333 0.009125 0.01)
(1.14 0.009125 0.01)
(1.14666666667 0.009125 0.01)
(1.15333333333 0.009125 0.01)
(1.16 0.009125 0.01)
(1.16666666667 0.009125 0.01)
(1.17333333333 0.009125 0.01)
(1.18 0.009125 0.01)
(1.18666666667 0.009125 0.01)
(1.19333333333 0.009125 0.01)
(1.2 0.009125 0.01)
(1.04 0.01 0.01)
(1.04666666667 0.01 0.01)
(1.05333333333 0.01 0.01)
(1.06 0.01 0.01)
(1.06666666667 0.01 0.01)
(1.07333333333 0.01 0.01)
(1.08 0.01 0.01)
(1.08666666667 0.01 0.01)
(1.09333333333 0.01 0.01)
(1.1 0.01 0.01)
(1.10666666667 0.01 0.01)
(1.11333333333 0.01 0.01)
(1.12 0.01 0.01)
(1.12666666667 0.01 0.01)
(1.13333333333 0.01 0.01)
(1.14 0.01 0.01)
(1.14666666667 0.01 0.01)
(1.15333333333 0.01 0.01)
(1.16 0.01 0.01)
(1.16666666667 0.01 0.01)
(1.17333333333 0.01 0.01)
(1.18 0.01 0.01)
(1.18666666667 0.01 0.01)
(1.19333333333 0.01 0.01)
(1.2 0.01 0.01)
(1.2025 0.003 0)
(1.205 0.003 0)
(1.2075 0.003 0)
(1.21 0.003 0)
(1.2125 0.003 0)
(1.215 0.003 0)
(1.2175 0.003 0)
(1.22 0.003 0)
(1.2225 0.003 0)
(1.225 0.003 0)
(1.2275 0.003 0)
(1.23 0.003 0)
(1.2325 0.003 0)
(1.235 0.003 0)
(1.2375 0.003 0)
(1.24 0.003 0)
(1.2025 0.003875 0)
(1.205 0.003875 0)
(1.2075 0.003875 0)
(1.21 0.003875 0)
(1.2125 0.003875 0)
(1.215 0.003875 0)
(1.2175 0.003875 0)
(1.22 0.003875 0)
(1.2225 0.003875 0)
(1.225 0.003875 0)
(1.2275 0.003875 0)
(1.23 0.003875 0)
(1.2325 0.003875 0)
(1.235 0.003875 0)
(1.2375 0.003875 0)
(1.24 0.003875 0)
(1.2025 0.00475 0)
(1.205 0.00475 0)
(1.2075 0.00475 0)
(1.21 0.00475 0)
(1.2125 0.00475 0)
(1.215 0.00475 0)
(1.2175 0.00475 0)
(1.22 0.00475 0)
(1.2225 0.00475 0)
(1.225 0.00475 0)
(1.2275 0.00475 0)
(1.23 0.00475 0)
(1.2325 0.00475 0)
(1.235 0.00475 0)
(1.2375 0.00475 0)
(1.24 0.00475 0)
(1.2025 0.005625 0)
(1.205 0.005625 0)
(1.2075 0.005625 0)
(1.21 0.005625 0)
(1.2125 0.005625 0)
(1.215 0.005625 0)
(1.2175 0.005625 0)
(1.22 0.005625 0)
(1.2225 0.005625 0)
(1.225 0.005625 0)
(1.2275 0.005625 0)
(1.23 0.005625 0)
(1.2325 0.005625 0)
(1.235 0.005625 0)
(1.2375 0.005625 0)
(1.24 0.005625 0)
(1.2025 0.0065 0)
(1.205 0.0065 0)
(1.2075 0.0065 0)
(1.21 0.0065 0)
(1.2125 0.0065 0)
(1.215 0.0065 0)
(1.2175 0.0065 0)
(1.22 0.0065 0)
(1.2225 0.0065 0)
(1.225 0.0065 0)
(1.2275 0.0065 0)
(1.23 0.0065 0)
(1.2325 0.0065 0)
(1.235 0.0065 0)
(1.2375 0.0065 0)
(1.24 0.0065 0)
(1.2025 0.007375 0)
(1.205 0.007375 0)
(1.2075 0.007375 0)
(1.21 0.007375 0)
(1.2125 0.007375 0)
(1.215 0.007375 0)
(1.2175 0.007375 0)
(1.22 0.007375 0)
(1.2225 0.007375 0)
(1.225 0.007375 0)
(1.2275 0.007375 0)
(1.23 0.007375 0)
(1.2325 0.007375 0)
(1.235 0.007375 0)
(1.2375 0.007375 0)
(1.24 0.007375 0)
(1.2025 0.00825 0)
(1.205 0.00825 0)
(1.2075 0.00825 0)
(1.21 0.00825 0)
(1.2125 0.00825 0)
(1.215 0.00825 0)
(1.2175 0.00825 0)
(1.22 0.00825 0)
(1.2225 0.00825 0)
(1.225 0.00825 0)
(1.2275 0.00825 0)
(1.23 0.00825 0)
(1.2325 0.00825 0)
(1.235 0.00825 0)
(1.2375 0.00825 0)
(1.24 0.00825 0)
(1.2025 0.009125 0)
(1.205 0.009125 0)
(1.2075 0.009125 0)
(1.21 0.009125 0)
(1.2125 0.009125 0)
(1.215 0.009125 0)
(1.2175 0.009125 0)
(1.22 0.009125 0)
(1.2225 0.009125 0)
(1.225 0.009125 0)
(1.2275 0.009125 0)
(1.23 0.009125 0)
(1.2325 0.009125 0)
(1.235 0.009125 0)
(1.2375 0.009125 0)
(1.24 0.009125 0)
(1.2025 0.01 0)
(1.205 0.01 0)
(1.2075 0.01 0)
(1.21 0.01 0)
(1.2125 0.01 0)
(1.215 0.01 0)
(1.2175 0.01 0)
(1.22 0.01 0)
(1.2225 0.01 0)
(1.225 0.01 0)
(1.2275 0.01 0)
(1.23 0.01 0)
(1.2325 0.01 0)
(1.235 0.01 0)
(1.2375 0.01 0)
(1.24 0.01 0)
(1.2025 0.003 0.01)
(1.205 0.003 0.01)
(1.2075 0.003 0.01)
(1.21 0.003 0.01)
(1.2125 0.003 0.01)
(1.215 0.003 0.01)
(1.2175 0.003 0.01)
(1.22 0.003 0.01)
(1.2225 0.003 0.01)
(1.225 0.003 0.01)
(1.2275 0.003 0.01)
(1.23 0.003 0.01)
(1.2325 0.003 0.01)
(1.235 0.003 0.01)
(1.2375 0.003 0.01)
(1.24 0.003 0.01)
(1.2025 0.003875 0.01)
(1.205 0.003875 0.01)
(1.2075 0.003875 0.01)
(1.21 0.003875 0.01)
(1.2125 0.003875 0.01)
(1.215 0.003875 0.01)
(1.2175 0.003875 0.01)
(1.22 0.003875 0.01)
(1.2225 0.003875 0.01)
(1.225 0.003875 0.01)
(1.2275 0.003875 0.01)
(1.23 0.003875 0.01)
(1.2325 0.003875 0.01)
(1.235 0.003875 0.01)
(1.2375 0.003875 0.01)
(1.24 0.003875 0.01)
(1.2025 0.00475 0.01)
(1.205 0.00475 0.01)
(1.2075 0.00475 0.01)
(1.21 0.00475 0.01)
(1.2125 0.00475 0.01)
(1.215 0.00475 0.01)
(1.2175 0.00475 0.01)
(1.22 0.00475 0.01)
(1.2225 0.00475 0.01)
(1.225 0.00475 0.01)
(1.2275 0.00475 0.01)
(1.23 0.00475 0.01)
(1.2325 0.00475 0.01)
(1.235 0.00475 0.01)
(1.2375 0.00475 0.01)
(1.24 0.00475 0.01)
(1.2025 0.005625 0.01)
(1.205 0.005625 0.01)
(1.2075 0.005625 0.01)
(1.21 0.005625 0.01)
(1.2125 0.005625 0.01)
(1.215 0.005625 0.01)
(1.2175 0.005625 0.01)
(1.22 0.005625 0.01)
(1.2225 0.005625 0.01)
(1.225 0.005625 0.01)
(1.2275 0.005625 0.01)
(1.23 0.005625 0.01)
(1.2325 0.005625 0.01)
(1.235 0.005625 0.01)
(1.2375 0.005625 0.01)
(1.24 0.005625 0.01)
(1.2025 0.0065 0.01)
(1.205 0.0065 0.01)
(1.2075 0.0065 0.01)
(1.21 0.0065 0.01)
(1.2125 0.0065 0.01)
(1.215 0.0065 0.01)
(1.2175 0.0065 0.01)
(1.22 0.0065 0.01)
(1.2225 0.0065 0.01)
(1.225 0.0065 0.01)
(1.2275 0.0065 0.01)
(1.23 0.0065 0.01)
(1.2325 0.0065 0.01)
(1.235 0.0065 0.01)
(1.2375 0.0065 0.01)
(1.24 0.0065 0.01)
(1.2025 0.007375 0.01)
(1.205 0.007375 0.01)
(1.2075 0.007375 0.01)
(1.21 0.007375 0.01)
(1.2125 0.007375 0.01)
(1.215 0.007375 0.01)
(1.2175 0.007375 0.01)
(1.22 0.007375 0.01)
(1.2225 0.007375 0.01)
(1.225 0.007375 0.01)
(1.2275 0.007375 0.01)
(1.23 0.007375 0.01)
(1.2325 0.007375 0.01)
(1.235 0.007375 0.01)
(1.2375 0.007375 0.01)
(1.24 0.007375 0.01)
(1.2025 0.00825 0.01)
(1.205 0.00825 0.01)
(1.2075 0.00825 0.01)
(1.21 0.00825 0.01)
(1.2125 0.00825 0.01)
(1.215 0.00825 0.01)
(1.2175 0.00825 0.01)
(1.22 0.00825 0.01)
(1.2225 0.00825 0.01)
(1.225 0.00825 0.01)
(1.2275 0.00825 0.01)
(1.23 0.00825 0.01)
(1.2325 0.00825 0.01)
(1.235 0.00825 0.01)
(1.2375 0.00825 0.01)
(1.24 0.00825 0.01)
(1.2025 0.009125 0.01)
(1.205 0.009125 0.01)
(1.2075 0.009125 0.01)
(1.21 0.009125 0.01)
(1.2125 0.009125 0.01)
(1.215 0.009125 0.01)
(1.2175 0.009125 0.01)
(1.22 0.009125 0.01)
(1.2225 0.009125 0.01)
(1.225 0.009125 0.01)
(1.2275 0.009125 0.01)
(1.23 0.009125 0.01)
(1.2325 0.009125 0.01)
(1.235 0.009125 0.01)
(1.2375 0.009125 0.01)
(1.24 0.009125 0.01)
(1.2025 0.01 0.01)
(1.205 0.01 0.01)
(1.2075 0.01 0.01)
(1.21 0.01 0.01)
(1.2125 0.01 0.01)
(1.215 0.01 0.01)
(1.2175 0.01 0.01)
(1.22 0.01 0.01)
(1.2225 0.01 0.01)
(1.225 0.01 0.01)
(1.2275 0.01 0.01)
(1.23 0.01 0.01)
(1.2325 0.01 0.01)
(1.235 0.01 0.01)
(1.2375 0.01 0.01)
(1.24 0.01 0.01)
(1.24642857143 0.003 0)
(1.25285714286 0.003 0)
(1.25928571429 0.003 0)
(1.26571428571 0.003 0)
(1.27214285714 0.003 0)
(1.27857142857 0.003 0)
(1.285 0.003 0)
(1.29142857143 0.003 0)
(1.29785714286 0.003 0)
(1.30428571429 0.003 0)
(1.31071428571 0.003 0)
(1.31714285714 0.003 0)
(1.32357142857 0.003 0)
(1.33 0.003 0)
(1.33642857143 0.003 0)
(1.34285714286 0.003 0)
(1.34928571429 0.003 0)
(1.35571428571 0.003 0)
(1.36214285714 0.003 0)
(1.36857142857 0.003 0)
(1.375 0.003 0)
(1.38142857143 0.003 0)
(1.38785714286 0.003 0)
(1.39428571429 0.003 0)
(1.40071428571 0.003 0)
(1.40714285714 0.003 0)
(1.41357142857 0.003 0)
(1.42 0.003 0)
(1.24642857143 0.003875 0)
(1.25285714286 0.003875 0)
(1.25928571429 0.003875 0)
(1.26571428571 0.003875 0)
(1.27214285714 0.003875 0)
(1.27857142857 0.003875 0)
(1.285 0.003875 0)
(1.29142857143 0.003875 0)
(1.29785714286 0.003875 0)
(1.30428571429 0.003875 0)
(1.31071428571 0.003875 0)
(1.31714285714 0.003875 0)
(1.32357142857 0.003875 0)
(1.33 0.003875 0)
(1.33642857143 0.003875 0)
(1.34285714286 0.003875 0)
(1.34928571429 0.003875 0)
(1.35571428571 0.003875 0)
(1.36214285714 0.003875 0)
(1.36857142857 0.003875 0)
(1.375 0.003875 0)
(1.38142857143 0.003875 0)
(1.38785714286 0.003875 0)
(1.39428571429 0.003875 0)
(1.40071428571 0.003875 0)
(1.40714285714 0.003875 0)
(1.41357142857 0.003875 0)
(1.42 0.003875 0)
(1.24642857143 0.00475 0)
(1.25285714286 0.00475 0)
(1.25928571429 0.00475 0)
(1.26571428571 0.00475 0)
(1.27214285714 0.00475 0)
(1.27857142857 0.00475 0)
(1.285 0.00475 0)
(1.29142857143 0.00475 0)
(1.29785714286 0.00475 0)
(1.30428571429 0.00475 0)
(1.31071428571 0.00475 0)
(1.31714285714 0.00475 0)
(1.32357142857 0.00475 0)
(1.33 0.00475 0)
(1.33642857143 0.00475 0)
(1.34285714286 0.00475 0)
(1.34928571429 0.00475 0)
(1.35571428571 0.00475 0)
(1.36214285714 0.00475 0)
(1.36857142857 0.00475 0)
(1.375 0.00475 0)
(1.38142857143 0.00475 0)
(1.38785714286 0.00475 0)
(1.39428571429 0.00475 0)
(1.40071428571 0.00475 0)
(1.40714285714 0.00475 0)
(1.41357142857 0.00475 0)
(1.42 0.00475 0)
(1.24642857143 0.005625 0)
(1.25285714286 0.005625 0)
(1.25928571429 0.005625 0)
(1.26571428571 0.005625 0)
(1.27214285714 0.005625 0)
(1.27857142857 0.005625 0)
(1.285 0.005625 0)
(1.29142857143 0.005625 0)
(1.29785714286 0.005625 0)
(1.30428571429 0.005625 0)
(1.31071428571 0.005625 0)
(1.31714285714 0.005625 0)
(1.32357142857 0.005625 0)
(1.33 0.005625 0)
(1.33642857143 0.005625 0)
(1.34285714286 0.005625 0)
(1.34928571429 0.005625 0)
(1.35571428571 0.005625 0)
(1.36214285714 0.005625 0)
(1.36857142857 0.005625 0)
(1.375 0.005625 0)
(1.38142857143 0.005625 0)
(1.38785714286 0.005625 0)
(1.39428571429 0.005625 0)
(1.40071428571 0.005625 0)
(1.40714285714 0.005625 0)
(1.41357142857 0.005625 0)
(1.42 0.005625 0)
(1.24642857143 0.0065 0)
(1.25285714286 0.0065 0)
(1.25928571429 0.0065 0)
(1.26571428571 0.0065 0)
(1.27214285714 0.0065 0)
(1.27857142857 0.0065 0)
(1.285 0.0065 0)
(1.29142857143 0.0065 0)
(1.29785714286 0.0065 0)
(1.30428571429 0.0065 0)
(1.31071428571 0.0065 0)
(1.31714285714 0.0065 0)
(1.32357142857 0.0065 0)
(1.33 0.0065 0)
(1.33642857143 0.0065 0)
(1.34285714286 0.0065 0)
(1.34928571429 0.0065 0)
(1.35571428571 0.0065 0)
(1.36214285714 0.0065 0)
(1.36857142857 0.0065 0)
(1.375 0.0065 0)
(1.38142857143 0.0065 0)
(1.38785714286 0.0065 0)
(1.39428571429 0.0065 0)
(1.40071428571 0.0065 0)
(1.40714285714 0.0065 0)
(1.41357142857 0.0065 0)
(1.42 0.0065 0)
(1.24642857143 0.007375 0)
(1.25285714286 0.007375 0)
(1.25928571429 0.007375 0)
(1.26571428571 0.007375 0)
(1.27214285714 0.007375 0)
(1.27857142857 0.007375 0)
(1.285 0.007375 0)
(1.29142857143 0.007375 0)
(1.29785714286 0.007375 0)
(1.30428571429 0.007375 0)
(1.31071428571 0.007375 0)
(1.31714285714 0.007375 0)
(1.32357142857 0.007375 0)
(1.33 0.007375 0)
(1.33642857143 0.007375 0)
(1.34285714286 0.007375 0)
(1.34928571429 0.007375 0)
(1.35571428571 0.007375 0)
(1.36214285714 0.007375 0)
(1.36857142857 0.007375 0)
(1.375 0.007375 0)
(1.38142857143 0.007375 0)
(1.38785714286 0.007375 0)
(1.39428571429 0.007375 0)
(1.40071428571 0.007375 0)
(1.40714285714 0.007375 0)
(1.41357142857 0.007375 0)
(1.42 0.007375 0)
(1.24642857143 0.00825 0)
(1.25285714286 0.00825 0)
(1.25928571429 0.00825 0)
(1.26571428571 0.00825 0)
(1.27214285714 0.00825 0)
(1.27857142857 0.00825 0)
(1.285 0.00825 0)
(1.29142857143 0.00825 0)
(1.29785714286 0.00825 0)
(1.30428571429 0.00825 0)
(1.31071428571 0.00825 0)
(1.31714285714 0.00825 0)
(1.32357142857 0.00825 0)
(1.33 0.00825 0)
(1.33642857143 0.00825 0)
(1.34285714286 0.00825 0)
(1.34928571429 0.00825 0)
(1.35571428571 0.00825 0)
(1.36214285714 0.00825 0)
(1.36857142857 0.00825 0)
(1.375 0.00825 0)
(1.38142857143 0.00825 0)
(1.38785714286 0.00825 0)
(1.39428571429 0.00825 0)
(1.40071428571 0.00825 0)
(1.40714285714 0.00825 0)
(1.41357142857 0.00825 0)
(1.42 0.00825 0)
(1.24642857143 0.009125 0)
(1.25285714286 0.009125 0)
(1.25928571429 0.009125 0)
(1.26571428571 0.009125 0)
(1.27214285714 0.009125 0)
(1.27857142857 0.009125 0)
(1.285 0.009125 0)
(1.29142857143 0.009125 0)
(1.29785714286 0.009125 0)
(1.30428571429 0.009125 0)
(1.31071428571 0.009125 0)
(1.31714285714 0.009125 0)
(1.32357142857 0.009125 0)
(1.33 0.009125 0)
(1.33642857143 0.009125 0)
(1.34285714286 0.009125 0)
(1.34928571429 0.009125 0)
(1.35571428571 0.009125 0)
(1.36214285714 0.009125 0)
(1.36857142857 0.009125 0)
(1.375 0.009125 0)
(1.38142857143 0.009125 0)
(1.38785714286 0.009125 0)
(1.39428571429 0.009125 0)
(1.40071428571 0.009125 0)
(1.40714285714 0.009125 0)
(1.41357142857 0.009125 0)
(1.42 0.009125 0)
(1.24642857143 0.01 0)
(1.25285714286 0.01 0)
(1.25928571429 0.01 0)
(1.26571428571 0.01 0)
(1.27214285714 0.01 0)
(1.27857142857 0.01 0)
(1.285 0.01 0)
(1.29142857143 0.01 0)
(1.29785714286 0.01 0)
(1.30428571429 0.01 0)
(1.31071428571 0.01 0)
(1.31714285714 0.01 0)
(1.32357142857 0.01 0)
(1.33 0.01 0)
(1.33642857143 0.01 0)
(1.34285714286 0.01 0)
(1.34928571429 0.01 0)
(1.35571428571 0.01 0)
(1.36214285714 0.01 0)
(1.36857142857 0.01 0)
(1.375 0.01 0)
(1.38142857143 0.01 0)
(1.38785714286 0.01 0)
(1.39428571429 0.01 0)
(1.40071428571 0.01 0)
(1.40714285714 0.01 0)
(1.41357142857 0.01 0)
(1.42 0.01 0)
(1.24642857143 0.003 0.01)
(1.25285714286 0.003 0.01)
(1.25928571429 0.003 0.01)
(1.26571428571 0.003 0.01)
(1.27214285714 0.003 0.01)
(1.27857142857 0.003 0.01)
(1.285 0.003 0.01)
(1.29142857143 0.003 0.01)
(1.29785714286 0.003 0.01)
(1.30428571429 0.003 0.01)
(1.31071428571 0.003 0.01)
(1.31714285714 0.003 0.01)
(1.32357142857 0.003 0.01)
(1.33 0.003 0.01)
(1.33642857143 0.003 0.01)
(1.34285714286 0.003 0.01)
(1.34928571429 0.003 0.01)
(1.35571428571 0.003 0.01)
(1.36214285714 0.003 0.01)
(1.36857142857 0.003 0.01)
(1.375 0.003 0.01)
(1.38142857143 0.003 0.01)
(1.38785714286 0.003 0.01)
(1.39428571429 0.003 0.01)
(1.40071428571 0.003 0.01)
(1.40714285714 0.003 0.01)
(1.41357142857 0.003 0.01)
(1.42 0.003 0.01)
(1.24642857143 0.003875 0.01)
(1.25285714286 0.003875 0.01)
(1.25928571429 0.003875 0.01)
(1.26571428571 0.003875 0.01)
(1.27214285714 0.003875 0.01)
(1.27857142857 0.003875 0.01)
(1.285 0.003875 0.01)
(1.29142857143 0.003875 0.01)
(1.29785714286 0.003875 0.01)
(1.30428571429 0.003875 0.01)
(1.31071428571 0.003875 0.01)
(1.31714285714 0.003875 0.01)
(1.32357142857 0.003875 0.01)
(1.33 0.003875 0.01)
(1.33642857143 0.003875 0.01)
(1.34285714286 0.003875 0.01)
(1.34928571429 0.003875 0.01)
(1.35571428571 0.003875 0.01)
(1.36214285714 0.003875 0.01)
(1.36857142857 0.003875 0.01)
(1.375 0.003875 0.01)
(1.38142857143 0.003875 0.01)
(1.38785714286 0.003875 0.01)
(1.39428571429 0.003875 0.01)
(1.40071428571 0.003875 0.01)
(1.40714285714 0.003875 0.01)
(1.41357142857 0.003875 0.01)
(1.42 0.003875 0.01)
(1.24642857143 0.00475 0.01)
(1.25285714286 0.00475 0.01)
(1.25928571429 0.00475 0.01)
(1.26571428571 0.00475 0.01)
(1.27214285714 0.00475 0.01)
(1.27857142857 0.00475 0.01)
(1.285 0.00475 0.01)
(1.29142857143 0.00475 0.01)
(1.29785714286 0.00475 0.01)
(1.30428571429 0.00475 0.01)
(1.31071428571 0.00475 0.01)
(1.31714285714 0.00475 0.01)
(1.32357142857 0.00475 0.01)
(1.33 0.00475 0.01)
(1.33642857143 0.00475 0.01)
(1.34285714286 0.00475 0.01)
(1.34928571429 0.00475 0.01)
(1.35571428571 0.00475 0.01)
(1.36214285714 0.00475 0.01)
(1.36857142857 0.00475 0.01)
(1.375 0.00475 0.01)
(1.38142857143 0.00475 0.01)
(1.38785714286 0.00475 0.01)
(1.39428571429 0.00475 0.01)
(1.40071428571 0.00475 0.01)
(1.40714285714 0.00475 0.01)
(1.41357142857 0.00475 0.01)
(1.42 0.00475 0.01)
(1.24642857143 0.005625 0.01)
(1.25285714286 0.005625 0.01)
(1.25928571429 0.005625 0.01)
(1.26571428571 0.005625 0.01)
(1.27214285714 0.005625 0.01)
(1.27857142857 0.005625 0.01)
(1.285 0.005625 0.01)
(1.29142857143 0.005625 0.01)
(1.29785714286 0.005625 0.01)
(1.30428571429 0.005625 0.01)
(1.31071428571 0.005625 0.01)
(1.31714285714 0.005625 0.01)
(1.32357142857 0.005625 0.01)
(1.33 0.005625 0.01)
(1.33642857143 0.005625 0.01)
(1.34285714286 0.005625 0.01)
(1.34928571429 0.005625 0.01)
(1.35571428571 0.005625 0.01)
(1.36214285714 0.005625 0.01)
(1.36857142857 0.005625 0.01)
(1.375 0.005625 0.01)
(1.38142857143 0.005625 0.01)
(1.38785714286 0.005625 0.01)
(1.39428571429 0.005625 0.01)
(1.40071428571 0.005625 0.01)
(1.40714285714 0.005625 0.01)
(1.41357142857 0.005625 0.01)
(1.42 0.005625 0.01)
(1.24642857143 0.0065 0.01)
(1.25285714286 0.0065 0.01)
(1.25928571429 0.0065 0.01)
(1.26571428571 0.0065 0.01)
(1.27214285714 0.0065 0.01)
(1.27857142857 0.0065 0.01)
(1.285 0.0065 0.01)
(1.29142857143 0.0065 0.01)
(1.29785714286 0.0065 0.01)
(1.30428571429 0.0065 0.01)
(1.31071428571 0.0065 0.01)
(1.31714285714 0.0065 0.01)
(1.32357142857 0.0065 0.01)
(1.33 0.0065 0.01)
(1.33642857143 0.0065 0.01)
(1.34285714286 0.0065 0.01)
(1.34928571429 0.0065 0.01)
(1.35571428571 0.0065 0.01)
(1.36214285714 0.0065 0.01)
(1.36857142857 0.0065 0.01)
(1.375 0.0065 0.01)
(1.38142857143 0.0065 0.01)
(1.38785714286 0.0065 0.01)
(1.39428571429 0.0065 0.01)
(1.40071428571 0.0065 0.01)
(1.40714285714 0.0065 0.01)
(1.41357142857 0.0065 0.01)
(1.42 0.0065 0.01)
(1.24642857143 0.007375 0.01)
(1.25285714286 0.007375 0.01)
(1.25928571429 0.007375 0.01)
(1.26571428571 0.007375 0.01)
(1.27214285714 0.007375 0.01)
(1.27857142857 0.007375 0.01)
(1.285 0.007375 0.01)
(1.29142857143 0.007375 0.01)
(1.29785714286 0.007375 0.01)
(1.30428571429 0.007375 0.01)
(1.31071428571 0.007375 0.01)
(1.31714285714 0.007375 0.01)
(1.32357142857 0.007375 0.01)
(1.33 0.007375 0.01)
(1.33642857143 0.007375 0.01)
(1.34285714286 0.007375 0.01)
(1.34928571429 0.007375 0.01)
(1.35571428571 0.007375 0.01)
(1.36214285714 0.007375 0.01)
(1.36857142857 0.007375 0.01)
(1.375 0.007375 0.01)
(1.38142857143 0.007375 0.01)
(1.38785714286 0.007375 0.01)
(1.39428571429 0.007375 0.01)
(1.40071428571 0.007375 0.01)
(1.40714285714 0.007375 0.01)
(1.41357142857 0.007375 0.01)
(1.42 0.007375 0.01)
(1.24642857143 0.00825 0.01)
(1.25285714286 0.00825 0.01)
(1.25928571429 0.00825 0.01)
(1.26571428571 0.00825 0.01)
(1.27214285714 0.00825 0.01)
(1.27857142857 0.00825 0.01)
(1.285 0.00825 0.01)
(1.29142857143 0.00825 0.01)
(1.29785714286 0.00825 0.01)
(1.30428571429 0.00825 0.01)
(1.31071428571 0.00825 0.01)
(1.31714285714 0.00825 0.01)
(1.32357142857 0.00825 0.01)
(1.33 0.00825 0.01)
(1.33642857143 0.00825 0.01)
(1.34285714286 0.00825 0.01)
(1.34928571429 0.00825 0.01)
(1.35571428571 0.00825 0.01)
(1.36214285714 0.00825 0.01)
(1.36857142857 0.00825 0.01)
(1.375 0.00825 0.01)
(1.38142857143 0.00825 0.01)
(1.38785714286 0.00825 0.01)
(1.39428571429 0.00825 0.01)
(1.40071428571 0.00825 0.01)
(1.40714285714 0.00825 0.01)
(1.41357142857 0.00825 0.01)
(1.42 0.00825 0.01)
(1.24642857143 0.009125 0.01)
(1.25285714286 0.009125 0.01)
(1.25928571429 0.009125 0.01)
(1.26571428571 0.009125 0.01)
(1.27214285714 0.009125 0.01)
(1.27857142857 0.009125 0.01)
(1.285 0.009125 0.01)
(1.29142857143 0.009125 0.01)
(1.29785714286 0.009125 0.01)
(1.30428571429 0.009125 0.01)
(1.31071428571 0.009125 0.01)
(1.31714285714 0.009125 0.01)
(1.32357142857 0.009125 0.01)
(1.33 0.009125 0.01)
(1.33642857143 0.009125 0.01)
(1.34285714286 0.009125 0.01)
(1.34928571429 0.009125 0.01)
(1.35571428571 0.009125 0.01)
(1.36214285714 0.009125 0.01)
(1.36857142857 0.009125 0.01)
(1.375 0.009125 0.01)
(1.38142857143 0.009125 0.01)
(1.38785714286 0.009125 0.01)
(1.39428571429 0.009125 0.01)
(1.40071428571 0.009125 0.01)
(1.40714285714 0.009125 0.01)
(1.41357142857 0.009125 0.01)
(1.42 0.009125 0.01)
(1.24642857143 0.01 0.01)
(1.25285714286 0.01 0.01)
(1.25928571429 0.01 0.01)
(1.26571428571 0.01 0.01)
(1.27214285714 0.01 0.01)
(1.27857142857 0.01 0.01)
(1.285 0.01 0.01)
(1.29142857143 0.01 0.01)
(1.29785714286 0.01 0.01)
(1.30428571429 0.01 0.01)
(1.31071428571 0.01 0.01)
(1.31714285714 0.01 0.01)
(1.32357142857 0.01 0.01)
(1.33 0.01 0.01)
(1.33642857143 0.01 0.01)
(1.34285714286 0.01 0.01)
(1.34928571429 0.01 0.01)
(1.35571428571 0.01 0.01)
(1.36214285714 0.01 0.01)
(1.36857142857 0.01 0.01)
(1.375 0.01 0.01)
(1.38142857143 0.01 0.01)
(1.38785714286 0.01 0.01)
(1.39428571429 0.01 0.01)
(1.40071428571 0.01 0.01)
(1.40714285714 0.01 0.01)
(1.41357142857 0.01 0.01)
(1.42 0.01 0.01)
(1.04 0.0157142857143 0)
(1.04666666667 0.0157142857143 0)
(1.05333333333 0.0157142857143 0)
(1.06 0.0157142857143 0)
(1.06666666667 0.0157142857143 0)
(1.07333333333 0.0157142857143 0)
(1.08 0.0157142857143 0)
(1.08666666667 0.0157142857143 0)
(1.09333333333 0.0157142857143 0)
(1.1 0.0157142857143 0)
(1.10666666667 0.0157142857143 0)
(1.11333333333 0.0157142857143 0)
(1.12 0.0157142857143 0)
(1.12666666667 0.0157142857143 0)
(1.13333333333 0.0157142857143 0)
(1.14 0.0157142857143 0)
(1.14666666667 0.0157142857143 0)
(1.15333333333 0.0157142857143 0)
(1.16 0.0157142857143 0)
(1.16666666667 0.0157142857143 0)
(1.17333333333 0.0157142857143 0)
(1.18 0.0157142857143 0)
(1.18666666667 0.0157142857143 0)
(1.19333333333 0.0157142857143 0)
(1.2 0.0157142857143 0)
(1.04 0.0214285714286 0)
(1.04666666667 0.0214285714286 0)
(1.05333333333 0.0214285714286 0)
(1.06 0.0214285714286 0)
(1.06666666667 0.0214285714286 0)
(1.07333333333 0.0214285714286 0)
(1.08 0.0214285714286 0)
(1.08666666667 0.0214285714286 0)
(1.09333333333 0.0214285714286 0)
(1.1 0.0214285714286 0)
(1.10666666667 0.0214285714286 0)
(1.11333333333 0.0214285714286 0)
(1.12 0.0214285714286 0)
(1.12666666667 0.0214285714286 0)
(1.13333333333 0.0214285714286 0)
(1.14 0.0214285714286 0)
(1.14666666667 0.0214285714286 0)
(1.15333333333 0.0214285714286 0)
(1.16 0.0214285714286 0)
(1.16666666667 0.0214285714286 0)
(1.17333333333 0.0214285714286 0)
(1.18 0.0214285714286 0)
(1.18666666667 0.0214285714286 0)
(1.19333333333 0.0214285714286 0)
(1.2 0.0214285714286 0)
(1.04 0.0271428571429 0)
(1.04666666667 0.0271428571429 0)
(1.05333333333 0.0271428571429 0)
(1.06 0.0271428571429 0)
(1.06666666667 0.0271428571429 0)
(1.07333333333 0.0271428571429 0)
(1.08 0.0271428571429 0)
(1.08666666667 0.0271428571429 0)
(1.09333333333 0.0271428571429 0)
(1.1 0.0271428571429 0)
(1.10666666667 0.0271428571429 0)
(1.11333333333 0.0271428571429 0)
(1.12 0.0271428571429 0)
(1.12666666667 0.0271428571429 0)
(1.13333333333 0.0271428571429 0)
(1.14 0.0271428571429 0)
(1.14666666667 0.0271428571429 0)
(1.15333333333 0.0271428571429 0)
(1.16 0.0271428571429 0)
(1.16666666667 0.0271428571429 0)
(1.17333333333 0.0271428571429 0)
(1.18 0.0271428571429 0)
(1.18666666667 0.0271428571429 0)
(1.19333333333 0.0271428571429 0)
(1.2 0.0271428571429 0)
(1.04 0.0328571428571 0)
(1.04666666667 0.0328571428571 0)
(1.05333333333 0.0328571428571 0)
(1.06 0.0328571428571 0)
(1.06666666667 0.0328571428571 0)
(1.07333333333 0.0328571428571 0)
(1.08 0.0328571428571 0)
(1.08666666667 0.0328571428571 0)
(1.09333333333 0.0328571428571 0)
(1.1 0.0328571428571 0)
(1.10666666667 0.0328571428571 0)
(1.11333333333 0.0328571428571 0)
(1.12 0.0328571428571 0)
(1.12666666667 0.0328571428571 0)
(1.13333333333 0.0328571428571 0)
(1.14 0.0328571428571 0)
(1.14666666667 0.0328571428571 0)
(1.15333333333 0.0328571428571 0)
(1.16 0.0328571428571 0)
(1.16666666667 0.0328571428571 0)
(1.17333333333 0.0328571428571 0)
(1.18 0.0328571428571 0)
(1.18666666667 0.0328571428571 0)
(1.19333333333 0.0328571428571 0)
(1.2 0.0328571428571 0)
(1.04 0.0385714285714 0)
(1.04666666667 0.0385714285714 0)
(1.05333333333 0.0385714285714 0)
(1.06 0.0385714285714 0)
(1.06666666667 0.0385714285714 0)
(1.07333333333 0.0385714285714 0)
(1.08 0.0385714285714 0)
(1.08666666667 0.0385714285714 0)
(1.09333333333 0.0385714285714 0)
(1.1 0.0385714285714 0)
(1.10666666667 0.0385714285714 0)
(1.11333333333 0.0385714285714 0)
(1.12 0.0385714285714 0)
(1.12666666667 0.0385714285714 0)
(1.13333333333 0.0385714285714 0)
(1.14 0.0385714285714 0)
(1.14666666667 0.0385714285714 0)
(1.15333333333 0.0385714285714 0)
(1.16 0.0385714285714 0)
(1.16666666667 0.0385714285714 0)
(1.17333333333 0.0385714285714 0)
(1.18 0.0385714285714 0)
(1.18666666667 0.0385714285714 0)
(1.19333333333 0.0385714285714 0)
(1.2 0.0385714285714 0)
(1.04 0.0442857142857 0)
(1.04666666667 0.0442857142857 0)
(1.05333333333 0.0442857142857 0)
(1.06 0.0442857142857 0)
(1.06666666667 0.0442857142857 0)
(1.07333333333 0.0442857142857 0)
(1.08 0.0442857142857 0)
(1.08666666667 0.0442857142857 0)
(1.09333333333 0.0442857142857 0)
(1.1 0.0442857142857 0)
(1.10666666667 0.0442857142857 0)
(1.11333333333 0.0442857142857 0)
(1.12 0.0442857142857 0)
(1.12666666667 0.0442857142857 0)
(1.13333333333 0.0442857142857 0)
(1.14 0.0442857142857 0)
(1.14666666667 0.0442857142857 0)
(1.15333333333 0.0442857142857 0)
(1.16 0.0442857142857 0)
(1.16666666667 0.0442857142857 0)
(1.17333333333 0.0442857142857 0)
(1.18 0.0442857142857 0)
(1.18666666667 0.0442857142857 0)
(1.19333333333 0.0442857142857 0)
(1.2 0.0442857142857 0)
(1.04 0.05 0)
(1.04666666667 0.05 0)
(1.05333333333 0.05 0)
(1.06 0.05 0)
(1.06666666667 0.05 0)
(1.07333333333 0.05 0)
(1.08 0.05 0)
(1.08666666667 0.05 0)
(1.09333333333 0.05 0)
(1.1 0.05 0)
(1.10666666667 0.05 0)
(1.11333333333 0.05 0)
(1.12 0.05 0)
(1.12666666667 0.05 0)
(1.13333333333 0.05 0)
(1.14 0.05 0)
(1.14666666667 0.05 0)
(1.15333333333 0.05 0)
(1.16 0.05 0)
(1.16666666667 0.05 0)
(1.17333333333 0.05 0)
(1.18 0.05 0)
(1.18666666667 0.05 0)
(1.19333333333 0.05 0)
(1.2 0.05 0)
(1.04 0.0557142857143 0)
(1.04666666667 0.0557142857143 0)
(1.05333333333 0.0557142857143 0)
(1.06 0.0557142857143 0)
(1.06666666667 0.0557142857143 0)
(1.07333333333 0.0557142857143 0)
(1.08 0.0557142857143 0)
(1.08666666667 0.0557142857143 0)
(1.09333333333 0.0557142857143 0)
(1.1 0.0557142857143 0)
(1.10666666667 0.0557142857143 0)
(1.11333333333 0.0557142857143 0)
(1.12 0.0557142857143 0)
(1.12666666667 0.0557142857143 0)
(1.13333333333 0.0557142857143 0)
(1.14 0.0557142857143 0)
(1.14666666667 0.0557142857143 0)
(1.15333333333 0.0557142857143 0)
(1.16 0.0557142857143 0)
(1.16666666667 0.0557142857143 0)
(1.17333333333 0.0557142857143 0)
(1.18 0.0557142857143 0)
(1.18666666667 0.0557142857143 0)
(1.19333333333 0.0557142857143 0)
(1.2 0.0557142857143 0)
(1.04 0.0614285714286 0)
(1.04666666667 0.0614285714286 0)
(1.05333333333 0.0614285714286 0)
(1.06 0.0614285714286 0)
(1.06666666667 0.0614285714286 0)
(1.07333333333 0.0614285714286 0)
(1.08 0.0614285714286 0)
(1.08666666667 0.0614285714286 0)
(1.09333333333 0.0614285714286 0)
(1.1 0.0614285714286 0)
(1.10666666667 0.0614285714286 0)
(1.11333333333 0.0614285714286 0)
(1.12 0.0614285714286 0)
(1.12666666667 0.0614285714286 0)
(1.13333333333 0.0614285714286 0)
(1.14 0.0614285714286 0)
(1.14666666667 0.0614285714286 0)
(1.15333333333 0.0614285714286 0)
(1.16 0.0614285714286 0)
(1.16666666667 0.0614285714286 0)
(1.17333333333 0.0614285714286 0)
(1.18 0.0614285714286 0)
(1.18666666667 0.0614285714286 0)
(1.19333333333 0.0614285714286 0)
(1.2 0.0614285714286 0)
(1.04 0.0671428571429 0)
(1.04666666667 0.0671428571429 0)
(1.05333333333 0.0671428571429 0)
(1.06 0.0671428571429 0)
(1.06666666667 0.0671428571429 0)
(1.07333333333 0.0671428571429 0)
(1.08 0.0671428571429 0)
(1.08666666667 0.0671428571429 0)
(1.09333333333 0.0671428571429 0)
(1.1 0.0671428571429 0)
(1.10666666667 0.0671428571429 0)
(1.11333333333 0.0671428571429 0)
(1.12 0.0671428571429 0)
(1.12666666667 0.0671428571429 0)
(1.13333333333 0.0671428571429 0)
(1.14 0.0671428571429 0)
(1.14666666667 0.0671428571429 0)
(1.15333333333 0.0671428571429 0)
(1.16 0.0671428571429 0)
(1.16666666667 0.0671428571429 0)
(1.17333333333 0.0671428571429 0)
(1.18 0.0671428571429 0)
(1.18666666667 0.0671428571429 0)
(1.19333333333 0.0671428571429 0)
(1.2 0.0671428571429 0)
(1.04 0.0728571428571 0)
(1.04666666667 0.0728571428571 0)
(1.05333333333 0.0728571428571 0)
(1.06 0.0728571428571 0)
(1.06666666667 0.0728571428571 0)
(1.07333333333 0.0728571428571 0)
(1.08 0.0728571428571 0)
(1.08666666667 0.0728571428571 0)
(1.09333333333 0.0728571428571 0)
(1.1 0.0728571428571 0)
(1.10666666667 0.0728571428571 0)
(1.11333333333 0.0728571428571 0)
(1.12 0.0728571428571 0)
(1.12666666667 0.0728571428571 0)
(1.13333333333 0.0728571428571 0)
(1.14 0.0728571428571 0)
(1.14666666667 0.0728571428571 0)
(1.15333333333 0.0728571428571 0)
(1.16 0.0728571428571 0)
(1.16666666667 0.0728571428571 0)
(1.17333333333 0.0728571428571 0)
(1.18 0.0728571428571 0)
(1.18666666667 0.0728571428571 0)
(1.19333333333 0.0728571428571 0)
(1.2 0.0728571428571 0)
(1.04 0.0785714285714 0)
(1.04666666667 0.0785714285714 0)
(1.05333333333 0.0785714285714 0)
(1.06 0.0785714285714 0)
(1.06666666667 0.0785714285714 0)
(1.07333333333 0.0785714285714 0)
(1.08 0.0785714285714 0)
(1.08666666667 0.0785714285714 0)
(1.09333333333 0.0785714285714 0)
(1.1 0.0785714285714 0)
(1.10666666667 0.0785714285714 0)
(1.11333333333 0.0785714285714 0)
(1.12 0.0785714285714 0)
(1.12666666667 0.0785714285714 0)
(1.13333333333 0.0785714285714 0)
(1.14 0.0785714285714 0)
(1.14666666667 0.0785714285714 0)
(1.15333333333 0.0785714285714 0)
(1.16 0.0785714285714 0)
(1.16666666667 0.0785714285714 0)
(1.17333333333 0.0785714285714 0)
(1.18 0.0785714285714 0)
(1.18666666667 0.0785714285714 0)
(1.19333333333 0.0785714285714 0)
(1.2 0.0785714285714 0)
(1.04 0.0842857142857 0)
(1.04666666667 0.0842857142857 0)
(1.05333333333 0.0842857142857 0)
(1.06 0.0842857142857 0)
(1.06666666667 0.0842857142857 0)
(1.07333333333 0.0842857142857 0)
(1.08 0.0842857142857 0)
(1.08666666667 0.0842857142857 0)
(1.09333333333 0.0842857142857 0)
(1.1 0.0842857142857 0)
(1.10666666667 0.0842857142857 0)
(1.11333333333 0.0842857142857 0)
(1.12 0.0842857142857 0)
(1.12666666667 0.0842857142857 0)
(1.13333333333 0.0842857142857 0)
(1.14 0.0842857142857 0)
(1.14666666667 0.0842857142857 0)
(1.15333333333 0.0842857142857 0)
(1.16 0.0842857142857 0)
(1.16666666667 0.0842857142857 0)
(1.17333333333 0.0842857142857 0)
(1.18 0.0842857142857 0)
(1.18666666667 0.0842857142857 0)
(1.19333333333 0.0842857142857 0)
(1.2 0.0842857142857 0)
(1.04 0.09 0)
(1.04666666667 0.09 0)
(1.05333333333 0.09 0)
(1.06 0.09 0)
(1.06666666667 0.09 0)
(1.07333333333 0.09 0)
(1.08 0.09 0)
(1.08666666667 0.09 0)
(1.09333333333 0.09 0)
(1.1 0.09 0)
(1.10666666667 0.09 0)
(1.11333333333 0.09 0)
(1.12 0.09 0)
(1.12666666667 0.09 0)
(1.13333333333 0.09 0)
(1.14 0.09 0)
(1.14666666667 0.09 0)
(1.15333333333 0.09 0)
(1.16 0.09 0)
(1.16666666667 0.09 0)
(1.17333333333 0.09 0)
(1.18 0.09 0)
(1.18666666667 0.09 0)
(1.19333333333 0.09 0)
(1.2 0.09 0)
(1.04 0.0957142857143 0)
(1.04666666667 0.0957142857143 0)
(1.05333333333 0.0957142857143 0)
(1.06 0.0957142857143 0)
(1.06666666667 0.0957142857143 0)
(1.07333333333 0.0957142857143 0)
(1.08 0.0957142857143 0)
(1.08666666667 0.0957142857143 0)
(1.09333333333 0.0957142857143 0)
(1.1 0.0957142857143 0)
(1.10666666667 0.0957142857143 0)
(1.11333333333 0.0957142857143 0)
(1.12 0.0957142857143 0)
(1.12666666667 0.0957142857143 0)
(1.13333333333 0.0957142857143 0)
(1.14 0.0957142857143 0)
(1.14666666667 0.0957142857143 0)
(1.15333333333 0.0957142857143 0)
(1.16 0.0957142857143 0)
(1.16666666667 0.0957142857143 0)
(1.17333333333 0.0957142857143 0)
(1.18 0.0957142857143 0)
(1.18666666667 0.0957142857143 0)
(1.19333333333 0.0957142857143 0)
(1.2 0.0957142857143 0)
(1.04 0.101428571429 0)
(1.04666666667 0.101428571429 0)
(1.05333333333 0.101428571429 0)
(1.06 0.101428571429 0)
(1.06666666667 0.101428571429 0)
(1.07333333333 0.101428571429 0)
(1.08 0.101428571429 0)
(1.08666666667 0.101428571429 0)
(1.09333333333 0.101428571429 0)
(1.1 0.101428571429 0)
(1.10666666667 0.101428571429 0)
(1.11333333333 0.101428571429 0)
(1.12 0.101428571429 0)
(1.12666666667 0.101428571429 0)
(1.13333333333 0.101428571429 0)
(1.14 0.101428571429 0)
(1.14666666667 0.101428571429 0)
(1.15333333333 0.101428571429 0)
(1.16 0.101428571429 0)
(1.16666666667 0.101428571429 0)
(1.17333333333 0.101428571429 0)
(1.18 0.101428571429 0)
(1.18666666667 0.101428571429 0)
(1.19333333333 0.101428571429 0)
(1.2 0.101428571429 0)
(1.04 0.107142857143 0)
(1.04666666667 0.107142857143 0)
(1.05333333333 0.107142857143 0)
(1.06 0.107142857143 0)
(1.06666666667 0.107142857143 0)
(1.07333333333 0.107142857143 0)
(1.08 0.107142857143 0)
(1.08666666667 0.107142857143 0)
(1.09333333333 0.107142857143 0)
(1.1 0.107142857143 0)
(1.10666666667 0.107142857143 0)
(1.11333333333 0.107142857143 0)
(1.12 0.107142857143 0)
(1.12666666667 0.107142857143 0)
(1.13333333333 0.107142857143 0)
(1.14 0.107142857143 0)
(1.14666666667 0.107142857143 0)
(1.15333333333 0.107142857143 0)
(1.16 0.107142857143 0)
(1.16666666667 0.107142857143 0)
(1.17333333333 0.107142857143 0)
(1.18 0.107142857143 0)
(1.18666666667 0.107142857143 0)
(1.19333333333 0.107142857143 0)
(1.2 0.107142857143 0)
(1.04 0.112857142857 0)
(1.04666666667 0.112857142857 0)
(1.05333333333 0.112857142857 0)
(1.06 0.112857142857 0)
(1.06666666667 0.112857142857 0)
(1.07333333333 0.112857142857 0)
(1.08 0.112857142857 0)
(1.08666666667 0.112857142857 0)
(1.09333333333 0.112857142857 0)
(1.1 0.112857142857 0)
(1.10666666667 0.112857142857 0)
(1.11333333333 0.112857142857 0)
(1.12 0.112857142857 0)
(1.12666666667 0.112857142857 0)
(1.13333333333 0.112857142857 0)
(1.14 0.112857142857 0)
(1.14666666667 0.112857142857 0)
(1.15333333333 0.112857142857 0)
(1.16 0.112857142857 0)
(1.16666666667 0.112857142857 0)
(1.17333333333 0.112857142857 0)
(1.18 0.112857142857 0)
(1.18666666667 0.112857142857 0)
(1.19333333333 0.112857142857 0)
(1.2 0.112857142857 0)
(1.04 0.118571428571 0)
(1.04666666667 0.118571428571 0)
(1.05333333333 0.118571428571 0)
(1.06 0.118571428571 0)
(1.06666666667 0.118571428571 0)
(1.07333333333 0.118571428571 0)
(1.08 0.118571428571 0)
(1.08666666667 0.118571428571 0)
(1.09333333333 0.118571428571 0)
(1.1 0.118571428571 0)
(1.10666666667 0.118571428571 0)
(1.11333333333 0.118571428571 0)
(1.12 0.118571428571 0)
(1.12666666667 0.118571428571 0)
(1.13333333333 0.118571428571 0)
(1.14 0.118571428571 0)
(1.14666666667 0.118571428571 0)
(1.15333333333 0.118571428571 0)
(1.16 0.118571428571 0)
(1.16666666667 0.118571428571 0)
(1.17333333333 0.118571428571 0)
(1.18 0.118571428571 0)
(1.18666666667 0.118571428571 0)
(1.19333333333 0.118571428571 0)
(1.2 0.118571428571 0)
(1.04 0.124285714286 0)
(1.04666666667 0.124285714286 0)
(1.05333333333 0.124285714286 0)
(1.06 0.124285714286 0)
(1.06666666667 0.124285714286 0)
(1.07333333333 0.124285714286 0)
(1.08 0.124285714286 0)
(1.08666666667 0.124285714286 0)
(1.09333333333 0.124285714286 0)
(1.1 0.124285714286 0)
(1.10666666667 0.124285714286 0)
(1.11333333333 0.124285714286 0)
(1.12 0.124285714286 0)
(1.12666666667 0.124285714286 0)
(1.13333333333 0.124285714286 0)
(1.14 0.124285714286 0)
(1.14666666667 0.124285714286 0)
(1.15333333333 0.124285714286 0)
(1.16 0.124285714286 0)
(1.16666666667 0.124285714286 0)
(1.17333333333 0.124285714286 0)
(1.18 0.124285714286 0)
(1.18666666667 0.124285714286 0)
(1.19333333333 0.124285714286 0)
(1.2 0.124285714286 0)
(1.04 0.13 0)
(1.04666666667 0.13 0)
(1.05333333333 0.13 0)
(1.06 0.13 0)
(1.06666666667 0.13 0)
(1.07333333333 0.13 0)
(1.08 0.13 0)
(1.08666666667 0.13 0)
(1.09333333333 0.13 0)
(1.1 0.13 0)
(1.10666666667 0.13 0)
(1.11333333333 0.13 0)
(1.12 0.13 0)
(1.12666666667 0.13 0)
(1.13333333333 0.13 0)
(1.14 0.13 0)
(1.14666666667 0.13 0)
(1.15333333333 0.13 0)
(1.16 0.13 0)
(1.16666666667 0.13 0)
(1.17333333333 0.13 0)
(1.18 0.13 0)
(1.18666666667 0.13 0)
(1.19333333333 0.13 0)
(1.2 0.13 0)
(1.04 0.135714285714 0)
(1.04666666667 0.135714285714 0)
(1.05333333333 0.135714285714 0)
(1.06 0.135714285714 0)
(1.06666666667 0.135714285714 0)
(1.07333333333 0.135714285714 0)
(1.08 0.135714285714 0)
(1.08666666667 0.135714285714 0)
(1.09333333333 0.135714285714 0)
(1.1 0.135714285714 0)
(1.10666666667 0.135714285714 0)
(1.11333333333 0.135714285714 0)
(1.12 0.135714285714 0)
(1.12666666667 0.135714285714 0)
(1.13333333333 0.135714285714 0)
(1.14 0.135714285714 0)
(1.14666666667 0.135714285714 0)
(1.15333333333 0.135714285714 0)
(1.16 0.135714285714 0)
(1.16666666667 0.135714285714 0)
(1.17333333333 0.135714285714 0)
(1.18 0.135714285714 0)
(1.18666666667 0.135714285714 0)
(1.19333333333 0.135714285714 0)
(1.2 0.135714285714 0)
(1.04 0.141428571429 0)
(1.04666666667 0.141428571429 0)
(1.05333333333 0.141428571429 0)
(1.06 0.141428571429 0)
(1.06666666667 0.141428571429 0)
(1.07333333333 0.141428571429 0)
(1.08 0.141428571429 0)
(1.08666666667 0.141428571429 0)
(1.09333333333 0.141428571429 0)
(1.1 0.141428571429 0)
(1.10666666667 0.141428571429 0)
(1.11333333333 0.141428571429 0)
(1.12 0.141428571429 0)
(1.12666666667 0.141428571429 0)
(1.13333333333 0.141428571429 0)
(1.14 0.141428571429 0)
(1.14666666667 0.141428571429 0)
(1.15333333333 0.141428571429 0)
(1.16 0.141428571429 0)
(1.16666666667 0.141428571429 0)
(1.17333333333 0.141428571429 0)
(1.18 0.141428571429 0)
(1.18666666667 0.141428571429 0)
(1.19333333333 0.141428571429 0)
(1.2 0.141428571429 0)
(1.04 0.147142857143 0)
(1.04666666667 0.147142857143 0)
(1.05333333333 0.147142857143 0)
(1.06 0.147142857143 0)
(1.06666666667 0.147142857143 0)
(1.07333333333 0.147142857143 0)
(1.08 0.147142857143 0)
(1.08666666667 0.147142857143 0)
(1.09333333333 0.147142857143 0)
(1.1 0.147142857143 0)
(1.10666666667 0.147142857143 0)
(1.11333333333 0.147142857143 0)
(1.12 0.147142857143 0)
(1.12666666667 0.147142857143 0)
(1.13333333333 0.147142857143 0)
(1.14 0.147142857143 0)
(1.14666666667 0.147142857143 0)
(1.15333333333 0.147142857143 0)
(1.16 0.147142857143 0)
(1.16666666667 0.147142857143 0)
(1.17333333333 0.147142857143 0)
(1.18 0.147142857143 0)
(1.18666666667 0.147142857143 0)
(1.19333333333 0.147142857143 0)
(1.2 0.147142857143 0)
(1.04 0.152857142857 0)
(1.04666666667 0.152857142857 0)
(1.05333333333 0.152857142857 0)
(1.06 0.152857142857 0)
(1.06666666667 0.152857142857 0)
(1.07333333333 0.152857142857 0)
(1.08 0.152857142857 0)
(1.08666666667 0.152857142857 0)
(1.09333333333 0.152857142857 0)
(1.1 0.152857142857 0)
(1.10666666667 0.152857142857 0)
(1.11333333333 0.152857142857 0)
(1.12 0.152857142857 0)
(1.12666666667 0.152857142857 0)
(1.13333333333 0.152857142857 0)
(1.14 0.152857142857 0)
(1.14666666667 0.152857142857 0)
(1.15333333333 0.152857142857 0)
(1.16 0.152857142857 0)
(1.16666666667 0.152857142857 0)
(1.17333333333 0.152857142857 0)
(1.18 0.152857142857 0)
(1.18666666667 0.152857142857 0)
(1.19333333333 0.152857142857 0)
(1.2 0.152857142857 0)
(1.04 0.158571428571 0)
(1.04666666667 0.158571428571 0)
(1.05333333333 0.158571428571 0)
(1.06 0.158571428571 0)
(1.06666666667 0.158571428571 0)
(1.07333333333 0.158571428571 0)
(1.08 0.158571428571 0)
(1.08666666667 0.158571428571 0)
(1.09333333333 0.158571428571 0)
(1.1 0.158571428571 0)
(1.10666666667 0.158571428571 0)
(1.11333333333 0.158571428571 0)
(1.12 0.158571428571 0)
(1.12666666667 0.158571428571 0)
(1.13333333333 0.158571428571 0)
(1.14 0.158571428571 0)
(1.14666666667 0.158571428571 0)
(1.15333333333 0.158571428571 0)
(1.16 0.158571428571 0)
(1.16666666667 0.158571428571 0)
(1.17333333333 0.158571428571 0)
(1.18 0.158571428571 0)
(1.18666666667 0.158571428571 0)
(1.19333333333 0.158571428571 0)
(1.2 0.158571428571 0)
(1.04 0.164285714286 0)
(1.04666666667 0.164285714286 0)
(1.05333333333 0.164285714286 0)
(1.06 0.164285714286 0)
(1.06666666667 0.164285714286 0)
(1.07333333333 0.164285714286 0)
(1.08 0.164285714286 0)
(1.08666666667 0.164285714286 0)
(1.09333333333 0.164285714286 0)
(1.1 0.164285714286 0)
(1.10666666667 0.164285714286 0)
(1.11333333333 0.164285714286 0)
(1.12 0.164285714286 0)
(1.12666666667 0.164285714286 0)
(1.13333333333 0.164285714286 0)
(1.14 0.164285714286 0)
(1.14666666667 0.164285714286 0)
(1.15333333333 0.164285714286 0)
(1.16 0.164285714286 0)
(1.16666666667 0.164285714286 0)
(1.17333333333 0.164285714286 0)
(1.18 0.164285714286 0)
(1.18666666667 0.164285714286 0)
(1.19333333333 0.164285714286 0)
(1.2 0.164285714286 0)
(1.04 0.17 0)
(1.04666666667 0.17 0)
(1.05333333333 0.17 0)
(1.06 0.17 0)
(1.06666666667 0.17 0)
(1.07333333333 0.17 0)
(1.08 0.17 0)
(1.08666666667 0.17 0)
(1.09333333333 0.17 0)
(1.1 0.17 0)
(1.10666666667 0.17 0)
(1.11333333333 0.17 0)
(1.12 0.17 0)
(1.12666666667 0.17 0)
(1.13333333333 0.17 0)
(1.14 0.17 0)
(1.14666666667 0.17 0)
(1.15333333333 0.17 0)
(1.16 0.17 0)
(1.16666666667 0.17 0)
(1.17333333333 0.17 0)
(1.18 0.17 0)
(1.18666666667 0.17 0)
(1.19333333333 0.17 0)
(1.2 0.17 0)
(1.04 0.175714285714 0)
(1.04666666667 0.175714285714 0)
(1.05333333333 0.175714285714 0)
(1.06 0.175714285714 0)
(1.06666666667 0.175714285714 0)
(1.07333333333 0.175714285714 0)
(1.08 0.175714285714 0)
(1.08666666667 0.175714285714 0)
(1.09333333333 0.175714285714 0)
(1.1 0.175714285714 0)
(1.10666666667 0.175714285714 0)
(1.11333333333 0.175714285714 0)
(1.12 0.175714285714 0)
(1.12666666667 0.175714285714 0)
(1.13333333333 0.175714285714 0)
(1.14 0.175714285714 0)
(1.14666666667 0.175714285714 0)
(1.15333333333 0.175714285714 0)
(1.16 0.175714285714 0)
(1.16666666667 0.175714285714 0)
(1.17333333333 0.175714285714 0)
(1.18 0.175714285714 0)
(1.18666666667 0.175714285714 0)
(1.19333333333 0.175714285714 0)
(1.2 0.175714285714 0)
(1.04 0.181428571429 0)
(1.04666666667 0.181428571429 0)
(1.05333333333 0.181428571429 0)
(1.06 0.181428571429 0)
(1.06666666667 0.181428571429 0)
(1.07333333333 0.181428571429 0)
(1.08 0.181428571429 0)
(1.08666666667 0.181428571429 0)
(1.09333333333 0.181428571429 0)
(1.1 0.181428571429 0)
(1.10666666667 0.181428571429 0)
(1.11333333333 0.181428571429 0)
(1.12 0.181428571429 0)
(1.12666666667 0.181428571429 0)
(1.13333333333 0.181428571429 0)
(1.14 0.181428571429 0)
(1.14666666667 0.181428571429 0)
(1.15333333333 0.181428571429 0)
(1.16 0.181428571429 0)
(1.16666666667 0.181428571429 0)
(1.17333333333 0.181428571429 0)
(1.18 0.181428571429 0)
(1.18666666667 0.181428571429 0)
(1.19333333333 0.181428571429 0)
(1.2 0.181428571429 0)
(1.04 0.187142857143 0)
(1.04666666667 0.187142857143 0)
(1.05333333333 0.187142857143 0)
(1.06 0.187142857143 0)
(1.06666666667 0.187142857143 0)
(1.07333333333 0.187142857143 0)
(1.08 0.187142857143 0)
(1.08666666667 0.187142857143 0)
(1.09333333333 0.187142857143 0)
(1.1 0.187142857143 0)
(1.10666666667 0.187142857143 0)
(1.11333333333 0.187142857143 0)
(1.12 0.187142857143 0)
(1.12666666667 0.187142857143 0)
(1.13333333333 0.187142857143 0)
(1.14 0.187142857143 0)
(1.14666666667 0.187142857143 0)
(1.15333333333 0.187142857143 0)
(1.16 0.187142857143 0)
(1.16666666667 0.187142857143 0)
(1.17333333333 0.187142857143 0)
(1.18 0.187142857143 0)
(1.18666666667 0.187142857143 0)
(1.19333333333 0.187142857143 0)
(1.2 0.187142857143 0)
(1.04 0.192857142857 0)
(1.04666666667 0.192857142857 0)
(1.05333333333 0.192857142857 0)
(1.06 0.192857142857 0)
(1.06666666667 0.192857142857 0)
(1.07333333333 0.192857142857 0)
(1.08 0.192857142857 0)
(1.08666666667 0.192857142857 0)
(1.09333333333 0.192857142857 0)
(1.1 0.192857142857 0)
(1.10666666667 0.192857142857 0)
(1.11333333333 0.192857142857 0)
(1.12 0.192857142857 0)
(1.12666666667 0.192857142857 0)
(1.13333333333 0.192857142857 0)
(1.14 0.192857142857 0)
(1.14666666667 0.192857142857 0)
(1.15333333333 0.192857142857 0)
(1.16 0.192857142857 0)
(1.16666666667 0.192857142857 0)
(1.17333333333 0.192857142857 0)
(1.18 0.192857142857 0)
(1.18666666667 0.192857142857 0)
(1.19333333333 0.192857142857 0)
(1.2 0.192857142857 0)
(1.04 0.198571428571 0)
(1.04666666667 0.198571428571 0)
(1.05333333333 0.198571428571 0)
(1.06 0.198571428571 0)
(1.06666666667 0.198571428571 0)
(1.07333333333 0.198571428571 0)
(1.08 0.198571428571 0)
(1.08666666667 0.198571428571 0)
(1.09333333333 0.198571428571 0)
(1.1 0.198571428571 0)
(1.10666666667 0.198571428571 0)
(1.11333333333 0.198571428571 0)
(1.12 0.198571428571 0)
(1.12666666667 0.198571428571 0)
(1.13333333333 0.198571428571 0)
(1.14 0.198571428571 0)
(1.14666666667 0.198571428571 0)
(1.15333333333 0.198571428571 0)
(1.16 0.198571428571 0)
(1.16666666667 0.198571428571 0)
(1.17333333333 0.198571428571 0)
(1.18 0.198571428571 0)
(1.18666666667 0.198571428571 0)
(1.19333333333 0.198571428571 0)
(1.2 0.198571428571 0)
(1.04 0.204285714286 0)
(1.04666666667 0.204285714286 0)
(1.05333333333 0.204285714286 0)
(1.06 0.204285714286 0)
(1.06666666667 0.204285714286 0)
(1.07333333333 0.204285714286 0)
(1.08 0.204285714286 0)
(1.08666666667 0.204285714286 0)
(1.09333333333 0.204285714286 0)
(1.1 0.204285714286 0)
(1.10666666667 0.204285714286 0)
(1.11333333333 0.204285714286 0)
(1.12 0.204285714286 0)
(1.12666666667 0.204285714286 0)
(1.13333333333 0.204285714286 0)
(1.14 0.204285714286 0)
(1.14666666667 0.204285714286 0)
(1.15333333333 0.204285714286 0)
(1.16 0.204285714286 0)
(1.16666666667 0.204285714286 0)
(1.17333333333 0.204285714286 0)
(1.18 0.204285714286 0)
(1.18666666667 0.204285714286 0)
(1.19333333333 0.204285714286 0)
(1.2 0.204285714286 0)
(1.04 0.21 0)
(1.04666666667 0.21 0)
(1.05333333333 0.21 0)
(1.06 0.21 0)
(1.06666666667 0.21 0)
(1.07333333333 0.21 0)
(1.08 0.21 0)
(1.08666666667 0.21 0)
(1.09333333333 0.21 0)
(1.1 0.21 0)
(1.10666666667 0.21 0)
(1.11333333333 0.21 0)
(1.12 0.21 0)
(1.12666666667 0.21 0)
(1.13333333333 0.21 0)
(1.14 0.21 0)
(1.14666666667 0.21 0)
(1.15333333333 0.21 0)
(1.16 0.21 0)
(1.16666666667 0.21 0)
(1.17333333333 0.21 0)
(1.18 0.21 0)
(1.18666666667 0.21 0)
(1.19333333333 0.21 0)
(1.2 0.21 0)
(1.04 0.215714285714 0)
(1.04666666667 0.215714285714 0)
(1.05333333333 0.215714285714 0)
(1.06 0.215714285714 0)
(1.06666666667 0.215714285714 0)
(1.07333333333 0.215714285714 0)
(1.08 0.215714285714 0)
(1.08666666667 0.215714285714 0)
(1.09333333333 0.215714285714 0)
(1.1 0.215714285714 0)
(1.10666666667 0.215714285714 0)
(1.11333333333 0.215714285714 0)
(1.12 0.215714285714 0)
(1.12666666667 0.215714285714 0)
(1.13333333333 0.215714285714 0)
(1.14 0.215714285714 0)
(1.14666666667 0.215714285714 0)
(1.15333333333 0.215714285714 0)
(1.16 0.215714285714 0)
(1.16666666667 0.215714285714 0)
(1.17333333333 0.215714285714 0)
(1.18 0.215714285714 0)
(1.18666666667 0.215714285714 0)
(1.19333333333 0.215714285714 0)
(1.2 0.215714285714 0)
(1.04 0.221428571429 0)
(1.04666666667 0.221428571429 0)
(1.05333333333 0.221428571429 0)
(1.06 0.221428571429 0)
(1.06666666667 0.221428571429 0)
(1.07333333333 0.221428571429 0)
(1.08 0.221428571429 0)
(1.08666666667 0.221428571429 0)
(1.09333333333 0.221428571429 0)
(1.1 0.221428571429 0)
(1.10666666667 0.221428571429 0)
(1.11333333333 0.221428571429 0)
(1.12 0.221428571429 0)
(1.12666666667 0.221428571429 0)
(1.13333333333 0.221428571429 0)
(1.14 0.221428571429 0)
(1.14666666667 0.221428571429 0)
(1.15333333333 0.221428571429 0)
(1.16 0.221428571429 0)
(1.16666666667 0.221428571429 0)
(1.17333333333 0.221428571429 0)
(1.18 0.221428571429 0)
(1.18666666667 0.221428571429 0)
(1.19333333333 0.221428571429 0)
(1.2 0.221428571429 0)
(1.04 0.227142857143 0)
(1.04666666667 0.227142857143 0)
(1.05333333333 0.227142857143 0)
(1.06 0.227142857143 0)
(1.06666666667 0.227142857143 0)
(1.07333333333 0.227142857143 0)
(1.08 0.227142857143 0)
(1.08666666667 0.227142857143 0)
(1.09333333333 0.227142857143 0)
(1.1 0.227142857143 0)
(1.10666666667 0.227142857143 0)
(1.11333333333 0.227142857143 0)
(1.12 0.227142857143 0)
(1.12666666667 0.227142857143 0)
(1.13333333333 0.227142857143 0)
(1.14 0.227142857143 0)
(1.14666666667 0.227142857143 0)
(1.15333333333 0.227142857143 0)
(1.16 0.227142857143 0)
(1.16666666667 0.227142857143 0)
(1.17333333333 0.227142857143 0)
(1.18 0.227142857143 0)
(1.18666666667 0.227142857143 0)
(1.19333333333 0.227142857143 0)
(1.2 0.227142857143 0)
(1.04 0.232857142857 0)
(1.04666666667 0.232857142857 0)
(1.05333333333 0.232857142857 0)
(1.06 0.232857142857 0)
(1.06666666667 0.232857142857 0)
(1.07333333333 0.232857142857 0)
(1.08 0.232857142857 0)
(1.08666666667 0.232857142857 0)
(1.09333333333 0.232857142857 0)
(1.1 0.232857142857 0)
(1.10666666667 0.232857142857 0)
(1.11333333333 0.232857142857 0)
(1.12 0.232857142857 0)
(1.12666666667 0.232857142857 0)
(1.13333333333 0.232857142857 0)
(1.14 0.232857142857 0)
(1.14666666667 0.232857142857 0)
(1.15333333333 0.232857142857 0)
(1.16 0.232857142857 0)
(1.16666666667 0.232857142857 0)
(1.17333333333 0.232857142857 0)
(1.18 0.232857142857 0)
(1.18666666667 0.232857142857 0)
(1.19333333333 0.232857142857 0)
(1.2 0.232857142857 0)
(1.04 0.238571428571 0)
(1.04666666667 0.238571428571 0)
(1.05333333333 0.238571428571 0)
(1.06 0.238571428571 0)
(1.06666666667 0.238571428571 0)
(1.07333333333 0.238571428571 0)
(1.08 0.238571428571 0)
(1.08666666667 0.238571428571 0)
(1.09333333333 0.238571428571 0)
(1.1 0.238571428571 0)
(1.10666666667 0.238571428571 0)
(1.11333333333 0.238571428571 0)
(1.12 0.238571428571 0)
(1.12666666667 0.238571428571 0)
(1.13333333333 0.238571428571 0)
(1.14 0.238571428571 0)
(1.14666666667 0.238571428571 0)
(1.15333333333 0.238571428571 0)
(1.16 0.238571428571 0)
(1.16666666667 0.238571428571 0)
(1.17333333333 0.238571428571 0)
(1.18 0.238571428571 0)
(1.18666666667 0.238571428571 0)
(1.19333333333 0.238571428571 0)
(1.2 0.238571428571 0)
(1.04 0.244285714286 0)
(1.04666666667 0.244285714286 0)
(1.05333333333 0.244285714286 0)
(1.06 0.244285714286 0)
(1.06666666667 0.244285714286 0)
(1.07333333333 0.244285714286 0)
(1.08 0.244285714286 0)
(1.08666666667 0.244285714286 0)
(1.09333333333 0.244285714286 0)
(1.1 0.244285714286 0)
(1.10666666667 0.244285714286 0)
(1.11333333333 0.244285714286 0)
(1.12 0.244285714286 0)
(1.12666666667 0.244285714286 0)
(1.13333333333 0.244285714286 0)
(1.14 0.244285714286 0)
(1.14666666667 0.244285714286 0)
(1.15333333333 0.244285714286 0)
(1.16 0.244285714286 0)
(1.16666666667 0.244285714286 0)
(1.17333333333 0.244285714286 0)
(1.18 0.244285714286 0)
(1.18666666667 0.244285714286 0)
(1.19333333333 0.244285714286 0)
(1.2 0.244285714286 0)
(1.04 0.25 0)
(1.04666666667 0.25 0)
(1.05333333333 0.25 0)
(1.06 0.25 0)
(1.06666666667 0.25 0)
(1.07333333333 0.25 0)
(1.08 0.25 0)
(1.08666666667 0.25 0)
(1.09333333333 0.25 0)
(1.1 0.25 0)
(1.10666666667 0.25 0)
(1.11333333333 0.25 0)
(1.12 0.25 0)
(1.12666666667 0.25 0)
(1.13333333333 0.25 0)
(1.14 0.25 0)
(1.14666666667 0.25 0)
(1.15333333333 0.25 0)
(1.16 0.25 0)
(1.16666666667 0.25 0)
(1.17333333333 0.25 0)
(1.18 0.25 0)
(1.18666666667 0.25 0)
(1.19333333333 0.25 0)
(1.2 0.25 0)
(1.04 0.255714285714 0)
(1.04666666667 0.255714285714 0)
(1.05333333333 0.255714285714 0)
(1.06 0.255714285714 0)
(1.06666666667 0.255714285714 0)
(1.07333333333 0.255714285714 0)
(1.08 0.255714285714 0)
(1.08666666667 0.255714285714 0)
(1.09333333333 0.255714285714 0)
(1.1 0.255714285714 0)
(1.10666666667 0.255714285714 0)
(1.11333333333 0.255714285714 0)
(1.12 0.255714285714 0)
(1.12666666667 0.255714285714 0)
(1.13333333333 0.255714285714 0)
(1.14 0.255714285714 0)
(1.14666666667 0.255714285714 0)
(1.15333333333 0.255714285714 0)
(1.16 0.255714285714 0)
(1.16666666667 0.255714285714 0)
(1.17333333333 0.255714285714 0)
(1.18 0.255714285714 0)
(1.18666666667 0.255714285714 0)
(1.19333333333 0.255714285714 0)
(1.2 0.255714285714 0)
(1.04 0.261428571429 0)
(1.04666666667 0.261428571429 0)
(1.05333333333 0.261428571429 0)
(1.06 0.261428571429 0)
(1.06666666667 0.261428571429 0)
(1.07333333333 0.261428571429 0)
(1.08 0.261428571429 0)
(1.08666666667 0.261428571429 0)
(1.09333333333 0.261428571429 0)
(1.1 0.261428571429 0)
(1.10666666667 0.261428571429 0)
(1.11333333333 0.261428571429 0)
(1.12 0.261428571429 0)
(1.12666666667 0.261428571429 0)
(1.13333333333 0.261428571429 0)
(1.14 0.261428571429 0)
(1.14666666667 0.261428571429 0)
(1.15333333333 0.261428571429 0)
(1.16 0.261428571429 0)
(1.16666666667 0.261428571429 0)
(1.17333333333 0.261428571429 0)
(1.18 0.261428571429 0)
(1.18666666667 0.261428571429 0)
(1.19333333333 0.261428571429 0)
(1.2 0.261428571429 0)
(1.04 0.267142857143 0)
(1.04666666667 0.267142857143 0)
(1.05333333333 0.267142857143 0)
(1.06 0.267142857143 0)
(1.06666666667 0.267142857143 0)
(1.07333333333 0.267142857143 0)
(1.08 0.267142857143 0)
(1.08666666667 0.267142857143 0)
(1.09333333333 0.267142857143 0)
(1.1 0.267142857143 0)
(1.10666666667 0.267142857143 0)
(1.11333333333 0.267142857143 0)
(1.12 0.267142857143 0)
(1.12666666667 0.267142857143 0)
(1.13333333333 0.267142857143 0)
(1.14 0.267142857143 0)
(1.14666666667 0.267142857143 0)
(1.15333333333 0.267142857143 0)
(1.16 0.267142857143 0)
(1.16666666667 0.267142857143 0)
(1.17333333333 0.267142857143 0)
(1.18 0.267142857143 0)
(1.18666666667 0.267142857143 0)
(1.19333333333 0.267142857143 0)
(1.2 0.267142857143 0)
(1.04 0.272857142857 0)
(1.04666666667 0.272857142857 0)
(1.05333333333 0.272857142857 0)
(1.06 0.272857142857 0)
(1.06666666667 0.272857142857 0)
(1.07333333333 0.272857142857 0)
(1.08 0.272857142857 0)
(1.08666666667 0.272857142857 0)
(1.09333333333 0.272857142857 0)
(1.1 0.272857142857 0)
(1.10666666667 0.272857142857 0)
(1.11333333333 0.272857142857 0)
(1.12 0.272857142857 0)
(1.12666666667 0.272857142857 0)
(1.13333333333 0.272857142857 0)
(1.14 0.272857142857 0)
(1.14666666667 0.272857142857 0)
(1.15333333333 0.272857142857 0)
(1.16 0.272857142857 0)
(1.16666666667 0.272857142857 0)
(1.17333333333 0.272857142857 0)
(1.18 0.272857142857 0)
(1.18666666667 0.272857142857 0)
(1.19333333333 0.272857142857 0)
(1.2 0.272857142857 0)
(1.04 0.278571428571 0)
(1.04666666667 0.278571428571 0)
(1.05333333333 0.278571428571 0)
(1.06 0.278571428571 0)
(1.06666666667 0.278571428571 0)
(1.07333333333 0.278571428571 0)
(1.08 0.278571428571 0)
(1.08666666667 0.278571428571 0)
(1.09333333333 0.278571428571 0)
(1.1 0.278571428571 0)
(1.10666666667 0.278571428571 0)
(1.11333333333 0.278571428571 0)
(1.12 0.278571428571 0)
(1.12666666667 0.278571428571 0)
(1.13333333333 0.278571428571 0)
(1.14 0.278571428571 0)
(1.14666666667 0.278571428571 0)
(1.15333333333 0.278571428571 0)
(1.16 0.278571428571 0)
(1.16666666667 0.278571428571 0)
(1.17333333333 0.278571428571 0)
(1.18 0.278571428571 0)
(1.18666666667 0.278571428571 0)
(1.19333333333 0.278571428571 0)
(1.2 0.278571428571 0)
(1.04 0.284285714286 0)
(1.04666666667 0.284285714286 0)
(1.05333333333 0.284285714286 0)
(1.06 0.284285714286 0)
(1.06666666667 0.284285714286 0)
(1.07333333333 0.284285714286 0)
(1.08 0.284285714286 0)
(1.08666666667 0.284285714286 0)
(1.09333333333 0.284285714286 0)
(1.1 0.284285714286 0)
(1.10666666667 0.284285714286 0)
(1.11333333333 0.284285714286 0)
(1.12 0.284285714286 0)
(1.12666666667 0.284285714286 0)
(1.13333333333 0.284285714286 0)
(1.14 0.284285714286 0)
(1.14666666667 0.284285714286 0)
(1.15333333333 0.284285714286 0)
(1.16 0.284285714286 0)
(1.16666666667 0.284285714286 0)
(1.17333333333 0.284285714286 0)
(1.18 0.284285714286 0)
(1.18666666667 0.284285714286 0)
(1.19333333333 0.284285714286 0)
(1.2 0.284285714286 0)
(1.04 0.29 0)
(1.04666666667 0.29 0)
(1.05333333333 0.29 0)
(1.06 0.29 0)
(1.06666666667 0.29 0)
(1.07333333333 0.29 0)
(1.08 0.29 0)
(1.08666666667 0.29 0)
(1.09333333333 0.29 0)
(1.1 0.29 0)
(1.10666666667 0.29 0)
(1.11333333333 0.29 0)
(1.12 0.29 0)
(1.12666666667 0.29 0)
(1.13333333333 0.29 0)
(1.14 0.29 0)
(1.14666666667 0.29 0)
(1.15333333333 0.29 0)
(1.16 0.29 0)
(1.16666666667 0.29 0)
(1.17333333333 0.29 0)
(1.18 0.29 0)
(1.18666666667 0.29 0)
(1.19333333333 0.29 0)
(1.2 0.29 0)
(1.04 0.295714285714 0)
(1.04666666667 0.295714285714 0)
(1.05333333333 0.295714285714 0)
(1.06 0.295714285714 0)
(1.06666666667 0.295714285714 0)
(1.07333333333 0.295714285714 0)
(1.08 0.295714285714 0)
(1.08666666667 0.295714285714 0)
(1.09333333333 0.295714285714 0)
(1.1 0.295714285714 0)
(1.10666666667 0.295714285714 0)
(1.11333333333 0.295714285714 0)
(1.12 0.295714285714 0)
(1.12666666667 0.295714285714 0)
(1.13333333333 0.295714285714 0)
(1.14 0.295714285714 0)
(1.14666666667 0.295714285714 0)
(1.15333333333 0.295714285714 0)
(1.16 0.295714285714 0)
(1.16666666667 0.295714285714 0)
(1.17333333333 0.295714285714 0)
(1.18 0.295714285714 0)
(1.18666666667 0.295714285714 0)
(1.19333333333 0.295714285714 0)
(1.2 0.295714285714 0)
(1.04 0.301428571429 0)
(1.04666666667 0.301428571429 0)
(1.05333333333 0.301428571429 0)
(1.06 0.301428571429 0)
(1.06666666667 0.301428571429 0)
(1.07333333333 0.301428571429 0)
(1.08 0.301428571429 0)
(1.08666666667 0.301428571429 0)
(1.09333333333 0.301428571429 0)
(1.1 0.301428571429 0)
(1.10666666667 0.301428571429 0)
(1.11333333333 0.301428571429 0)
(1.12 0.301428571429 0)
(1.12666666667 0.301428571429 0)
(1.13333333333 0.301428571429 0)
(1.14 0.301428571429 0)
(1.14666666667 0.301428571429 0)
(1.15333333333 0.301428571429 0)
(1.16 0.301428571429 0)
(1.16666666667 0.301428571429 0)
(1.17333333333 0.301428571429 0)
(1.18 0.301428571429 0)
(1.18666666667 0.301428571429 0)
(1.19333333333 0.301428571429 0)
(1.2 0.301428571429 0)
(1.04 0.307142857143 0)
(1.04666666667 0.307142857143 0)
(1.05333333333 0.307142857143 0)
(1.06 0.307142857143 0)
(1.06666666667 0.307142857143 0)
(1.07333333333 0.307142857143 0)
(1.08 0.307142857143 0)
(1.08666666667 0.307142857143 0)
(1.09333333333 0.307142857143 0)
(1.1 0.307142857143 0)
(1.10666666667 0.307142857143 0)
(1.11333333333 0.307142857143 0)
(1.12 0.307142857143 0)
(1.12666666667 0.307142857143 0)
(1.13333333333 0.307142857143 0)
(1.14 0.307142857143 0)
(1.14666666667 0.307142857143 0)
(1.15333333333 0.307142857143 0)
(1.16 0.307142857143 0)
(1.16666666667 0.307142857143 0)
(1.17333333333 0.307142857143 0)
(1.18 0.307142857143 0)
(1.18666666667 0.307142857143 0)
(1.19333333333 0.307142857143 0)
(1.2 0.307142857143 0)
(1.04 0.312857142857 0)
(1.04666666667 0.312857142857 0)
(1.05333333333 0.312857142857 0)
(1.06 0.312857142857 0)
(1.06666666667 0.312857142857 0)
(1.07333333333 0.312857142857 0)
(1.08 0.312857142857 0)
(1.08666666667 0.312857142857 0)
(1.09333333333 0.312857142857 0)
(1.1 0.312857142857 0)
(1.10666666667 0.312857142857 0)
(1.11333333333 0.312857142857 0)
(1.12 0.312857142857 0)
(1.12666666667 0.312857142857 0)
(1.13333333333 0.312857142857 0)
(1.14 0.312857142857 0)
(1.14666666667 0.312857142857 0)
(1.15333333333 0.312857142857 0)
(1.16 0.312857142857 0)
(1.16666666667 0.312857142857 0)
(1.17333333333 0.312857142857 0)
(1.18 0.312857142857 0)
(1.18666666667 0.312857142857 0)
(1.19333333333 0.312857142857 0)
(1.2 0.312857142857 0)
(1.04 0.318571428571 0)
(1.04666666667 0.318571428571 0)
(1.05333333333 0.318571428571 0)
(1.06 0.318571428571 0)
(1.06666666667 0.318571428571 0)
(1.07333333333 0.318571428571 0)
(1.08 0.318571428571 0)
(1.08666666667 0.318571428571 0)
(1.09333333333 0.318571428571 0)
(1.1 0.318571428571 0)
(1.10666666667 0.318571428571 0)
(1.11333333333 0.318571428571 0)
(1.12 0.318571428571 0)
(1.12666666667 0.318571428571 0)
(1.13333333333 0.318571428571 0)
(1.14 0.318571428571 0)
(1.14666666667 0.318571428571 0)
(1.15333333333 0.318571428571 0)
(1.16 0.318571428571 0)
(1.16666666667 0.318571428571 0)
(1.17333333333 0.318571428571 0)
(1.18 0.318571428571 0)
(1.18666666667 0.318571428571 0)
(1.19333333333 0.318571428571 0)
(1.2 0.318571428571 0)
(1.04 0.324285714286 0)
(1.04666666667 0.324285714286 0)
(1.05333333333 0.324285714286 0)
(1.06 0.324285714286 0)
(1.06666666667 0.324285714286 0)
(1.07333333333 0.324285714286 0)
(1.08 0.324285714286 0)
(1.08666666667 0.324285714286 0)
(1.09333333333 0.324285714286 0)
(1.1 0.324285714286 0)
(1.10666666667 0.324285714286 0)
(1.11333333333 0.324285714286 0)
(1.12 0.324285714286 0)
(1.12666666667 0.324285714286 0)
(1.13333333333 0.324285714286 0)
(1.14 0.324285714286 0)
(1.14666666667 0.324285714286 0)
(1.15333333333 0.324285714286 0)
(1.16 0.324285714286 0)
(1.16666666667 0.324285714286 0)
(1.17333333333 0.324285714286 0)
(1.18 0.324285714286 0)
(1.18666666667 0.324285714286 0)
(1.19333333333 0.324285714286 0)
(1.2 0.324285714286 0)
(1.04 0.33 0)
(1.04666666667 0.33 0)
(1.05333333333 0.33 0)
(1.06 0.33 0)
(1.06666666667 0.33 0)
(1.07333333333 0.33 0)
(1.08 0.33 0)
(1.08666666667 0.33 0)
(1.09333333333 0.33 0)
(1.1 0.33 0)
(1.10666666667 0.33 0)
(1.11333333333 0.33 0)
(1.12 0.33 0)
(1.12666666667 0.33 0)
(1.13333333333 0.33 0)
(1.14 0.33 0)
(1.14666666667 0.33 0)
(1.15333333333 0.33 0)
(1.16 0.33 0)
(1.16666666667 0.33 0)
(1.17333333333 0.33 0)
(1.18 0.33 0)
(1.18666666667 0.33 0)
(1.19333333333 0.33 0)
(1.2 0.33 0)
(1.04 0.335714285714 0)
(1.04666666667 0.335714285714 0)
(1.05333333333 0.335714285714 0)
(1.06 0.335714285714 0)
(1.06666666667 0.335714285714 0)
(1.07333333333 0.335714285714 0)
(1.08 0.335714285714 0)
(1.08666666667 0.335714285714 0)
(1.09333333333 0.335714285714 0)
(1.1 0.335714285714 0)
(1.10666666667 0.335714285714 0)
(1.11333333333 0.335714285714 0)
(1.12 0.335714285714 0)
(1.12666666667 0.335714285714 0)
(1.13333333333 0.335714285714 0)
(1.14 0.335714285714 0)
(1.14666666667 0.335714285714 0)
(1.15333333333 0.335714285714 0)
(1.16 0.335714285714 0)
(1.16666666667 0.335714285714 0)
(1.17333333333 0.335714285714 0)
(1.18 0.335714285714 0)
(1.18666666667 0.335714285714 0)
(1.19333333333 0.335714285714 0)
(1.2 0.335714285714 0)
(1.04 0.341428571429 0)
(1.04666666667 0.341428571429 0)
(1.05333333333 0.341428571429 0)
(1.06 0.341428571429 0)
(1.06666666667 0.341428571429 0)
(1.07333333333 0.341428571429 0)
(1.08 0.341428571429 0)
(1.08666666667 0.341428571429 0)
(1.09333333333 0.341428571429 0)
(1.1 0.341428571429 0)
(1.10666666667 0.341428571429 0)
(1.11333333333 0.341428571429 0)
(1.12 0.341428571429 0)
(1.12666666667 0.341428571429 0)
(1.13333333333 0.341428571429 0)
(1.14 0.341428571429 0)
(1.14666666667 0.341428571429 0)
(1.15333333333 0.341428571429 0)
(1.16 0.341428571429 0)
(1.16666666667 0.341428571429 0)
(1.17333333333 0.341428571429 0)
(1.18 0.341428571429 0)
(1.18666666667 0.341428571429 0)
(1.19333333333 0.341428571429 0)
(1.2 0.341428571429 0)
(1.04 0.347142857143 0)
(1.04666666667 0.347142857143 0)
(1.05333333333 0.347142857143 0)
(1.06 0.347142857143 0)
(1.06666666667 0.347142857143 0)
(1.07333333333 0.347142857143 0)
(1.08 0.347142857143 0)
(1.08666666667 0.347142857143 0)
(1.09333333333 0.347142857143 0)
(1.1 0.347142857143 0)
(1.10666666667 0.347142857143 0)
(1.11333333333 0.347142857143 0)
(1.12 0.347142857143 0)
(1.12666666667 0.347142857143 0)
(1.13333333333 0.347142857143 0)
(1.14 0.347142857143 0)
(1.14666666667 0.347142857143 0)
(1.15333333333 0.347142857143 0)
(1.16 0.347142857143 0)
(1.16666666667 0.347142857143 0)
(1.17333333333 0.347142857143 0)
(1.18 0.347142857143 0)
(1.18666666667 0.347142857143 0)
(1.19333333333 0.347142857143 0)
(1.2 0.347142857143 0)
(1.04 0.352857142857 0)
(1.04666666667 0.352857142857 0)
(1.05333333333 0.352857142857 0)
(1.06 0.352857142857 0)
(1.06666666667 0.352857142857 0)
(1.07333333333 0.352857142857 0)
(1.08 0.352857142857 0)
(1.08666666667 0.352857142857 0)
(1.09333333333 0.352857142857 0)
(1.1 0.352857142857 0)
(1.10666666667 0.352857142857 0)
(1.11333333333 0.352857142857 0)
(1.12 0.352857142857 0)
(1.12666666667 0.352857142857 0)
(1.13333333333 0.352857142857 0)
(1.14 0.352857142857 0)
(1.14666666667 0.352857142857 0)
(1.15333333333 0.352857142857 0)
(1.16 0.352857142857 0)
(1.16666666667 0.352857142857 0)
(1.17333333333 0.352857142857 0)
(1.18 0.352857142857 0)
(1.18666666667 0.352857142857 0)
(1.19333333333 0.352857142857 0)
(1.2 0.352857142857 0)
(1.04 0.358571428571 0)
(1.04666666667 0.358571428571 0)
(1.05333333333 0.358571428571 0)
(1.06 0.358571428571 0)
(1.06666666667 0.358571428571 0)
(1.07333333333 0.358571428571 0)
(1.08 0.358571428571 0)
(1.08666666667 0.358571428571 0)
(1.09333333333 0.358571428571 0)
(1.1 0.358571428571 0)
(1.10666666667 0.358571428571 0)
(1.11333333333 0.358571428571 0)
(1.12 0.358571428571 0)
(1.12666666667 0.358571428571 0)
(1.13333333333 0.358571428571 0)
(1.14 0.358571428571 0)
(1.14666666667 0.358571428571 0)
(1.15333333333 0.358571428571 0)
(1.16 0.358571428571 0)
(1.16666666667 0.358571428571 0)
(1.17333333333 0.358571428571 0)
(1.18 0.358571428571 0)
(1.18666666667 0.358571428571 0)
(1.19333333333 0.358571428571 0)
(1.2 0.358571428571 0)
(1.04 0.364285714286 0)
(1.04666666667 0.364285714286 0)
(1.05333333333 0.364285714286 0)
(1.06 0.364285714286 0)
(1.06666666667 0.364285714286 0)
(1.07333333333 0.364285714286 0)
(1.08 0.364285714286 0)
(1.08666666667 0.364285714286 0)
(1.09333333333 0.364285714286 0)
(1.1 0.364285714286 0)
(1.10666666667 0.364285714286 0)
(1.11333333333 0.364285714286 0)
(1.12 0.364285714286 0)
(1.12666666667 0.364285714286 0)
(1.13333333333 0.364285714286 0)
(1.14 0.364285714286 0)
(1.14666666667 0.364285714286 0)
(1.15333333333 0.364285714286 0)
(1.16 0.364285714286 0)
(1.16666666667 0.364285714286 0)
(1.17333333333 0.364285714286 0)
(1.18 0.364285714286 0)
(1.18666666667 0.364285714286 0)
(1.19333333333 0.364285714286 0)
(1.2 0.364285714286 0)
(1.04 0.37 0)
(1.04666666667 0.37 0)
(1.05333333333 0.37 0)
(1.06 0.37 0)
(1.06666666667 0.37 0)
(1.07333333333 0.37 0)
(1.08 0.37 0)
(1.08666666667 0.37 0)
(1.09333333333 0.37 0)
(1.1 0.37 0)
(1.10666666667 0.37 0)
(1.11333333333 0.37 0)
(1.12 0.37 0)
(1.12666666667 0.37 0)
(1.13333333333 0.37 0)
(1.14 0.37 0)
(1.14666666667 0.37 0)
(1.15333333333 0.37 0)
(1.16 0.37 0)
(1.16666666667 0.37 0)
(1.17333333333 0.37 0)
(1.18 0.37 0)
(1.18666666667 0.37 0)
(1.19333333333 0.37 0)
(1.2 0.37 0)
(1.04 0.375714285714 0)
(1.04666666667 0.375714285714 0)
(1.05333333333 0.375714285714 0)
(1.06 0.375714285714 0)
(1.06666666667 0.375714285714 0)
(1.07333333333 0.375714285714 0)
(1.08 0.375714285714 0)
(1.08666666667 0.375714285714 0)
(1.09333333333 0.375714285714 0)
(1.1 0.375714285714 0)
(1.10666666667 0.375714285714 0)
(1.11333333333 0.375714285714 0)
(1.12 0.375714285714 0)
(1.12666666667 0.375714285714 0)
(1.13333333333 0.375714285714 0)
(1.14 0.375714285714 0)
(1.14666666667 0.375714285714 0)
(1.15333333333 0.375714285714 0)
(1.16 0.375714285714 0)
(1.16666666667 0.375714285714 0)
(1.17333333333 0.375714285714 0)
(1.18 0.375714285714 0)
(1.18666666667 0.375714285714 0)
(1.19333333333 0.375714285714 0)
(1.2 0.375714285714 0)
(1.04 0.381428571429 0)
(1.04666666667 0.381428571429 0)
(1.05333333333 0.381428571429 0)
(1.06 0.381428571429 0)
(1.06666666667 0.381428571429 0)
(1.07333333333 0.381428571429 0)
(1.08 0.381428571429 0)
(1.08666666667 0.381428571429 0)
(1.09333333333 0.381428571429 0)
(1.1 0.381428571429 0)
(1.10666666667 0.381428571429 0)
(1.11333333333 0.381428571429 0)
(1.12 0.381428571429 0)
(1.12666666667 0.381428571429 0)
(1.13333333333 0.381428571429 0)
(1.14 0.381428571429 0)
(1.14666666667 0.381428571429 0)
(1.15333333333 0.381428571429 0)
(1.16 0.381428571429 0)
(1.16666666667 0.381428571429 0)
(1.17333333333 0.381428571429 0)
(1.18 0.381428571429 0)
(1.18666666667 0.381428571429 0)
(1.19333333333 0.381428571429 0)
(1.2 0.381428571429 0)
(1.04 0.387142857143 0)
(1.04666666667 0.387142857143 0)
(1.05333333333 0.387142857143 0)
(1.06 0.387142857143 0)
(1.06666666667 0.387142857143 0)
(1.07333333333 0.387142857143 0)
(1.08 0.387142857143 0)
(1.08666666667 0.387142857143 0)
(1.09333333333 0.387142857143 0)
(1.1 0.387142857143 0)
(1.10666666667 0.387142857143 0)
(1.11333333333 0.387142857143 0)
(1.12 0.387142857143 0)
(1.12666666667 0.387142857143 0)
(1.13333333333 0.387142857143 0)
(1.14 0.387142857143 0)
(1.14666666667 0.387142857143 0)
(1.15333333333 0.387142857143 0)
(1.16 0.387142857143 0)
(1.16666666667 0.387142857143 0)
(1.17333333333 0.387142857143 0)
(1.18 0.387142857143 0)
(1.18666666667 0.387142857143 0)
(1.19333333333 0.387142857143 0)
(1.2 0.387142857143 0)
(1.04 0.392857142857 0)
(1.04666666667 0.392857142857 0)
(1.05333333333 0.392857142857 0)
(1.06 0.392857142857 0)
(1.06666666667 0.392857142857 0)
(1.07333333333 0.392857142857 0)
(1.08 0.392857142857 0)
(1.08666666667 0.392857142857 0)
(1.09333333333 0.392857142857 0)
(1.1 0.392857142857 0)
(1.10666666667 0.392857142857 0)
(1.11333333333 0.392857142857 0)
(1.12 0.392857142857 0)
(1.12666666667 0.392857142857 0)
(1.13333333333 0.392857142857 0)
(1.14 0.392857142857 0)
(1.14666666667 0.392857142857 0)
(1.15333333333 0.392857142857 0)
(1.16 0.392857142857 0)
(1.16666666667 0.392857142857 0)
(1.17333333333 0.392857142857 0)
(1.18 0.392857142857 0)
(1.18666666667 0.392857142857 0)
(1.19333333333 0.392857142857 0)
(1.2 0.392857142857 0)
(1.04 0.398571428571 0)
(1.04666666667 0.398571428571 0)
(1.05333333333 0.398571428571 0)
(1.06 0.398571428571 0)
(1.06666666667 0.398571428571 0)
(1.07333333333 0.398571428571 0)
(1.08 0.398571428571 0)
(1.08666666667 0.398571428571 0)
(1.09333333333 0.398571428571 0)
(1.1 0.398571428571 0)
(1.10666666667 0.398571428571 0)
(1.11333333333 0.398571428571 0)
(1.12 0.398571428571 0)
(1.12666666667 0.398571428571 0)
(1.13333333333 0.398571428571 0)
(1.14 0.398571428571 0)
(1.14666666667 0.398571428571 0)
(1.15333333333 0.398571428571 0)
(1.16 0.398571428571 0)
(1.16666666667 0.398571428571 0)
(1.17333333333 0.398571428571 0)
(1.18 0.398571428571 0)
(1.18666666667 0.398571428571 0)
(1.19333333333 0.398571428571 0)
(1.2 0.398571428571 0)
(1.04 0.404285714286 0)
(1.04666666667 0.404285714286 0)
(1.05333333333 0.404285714286 0)
(1.06 0.404285714286 0)
(1.06666666667 0.404285714286 0)
(1.07333333333 0.404285714286 0)
(1.08 0.404285714286 0)
(1.08666666667 0.404285714286 0)
(1.09333333333 0.404285714286 0)
(1.1 0.404285714286 0)
(1.10666666667 0.404285714286 0)
(1.11333333333 0.404285714286 0)
(1.12 0.404285714286 0)
(1.12666666667 0.404285714286 0)
(1.13333333333 0.404285714286 0)
(1.14 0.404285714286 0)
(1.14666666667 0.404285714286 0)
(1.15333333333 0.404285714286 0)
(1.16 0.404285714286 0)
(1.16666666667 0.404285714286 0)
(1.17333333333 0.404285714286 0)
(1.18 0.404285714286 0)
(1.18666666667 0.404285714286 0)
(1.19333333333 0.404285714286 0)
(1.2 0.404285714286 0)
(1.04 0.41 0)
(1.04666666667 0.41 0)
(1.05333333333 0.41 0)
(1.06 0.41 0)
(1.06666666667 0.41 0)
(1.07333333333 0.41 0)
(1.08 0.41 0)
(1.08666666667 0.41 0)
(1.09333333333 0.41 0)
(1.1 0.41 0)
(1.10666666667 0.41 0)
(1.11333333333 0.41 0)
(1.12 0.41 0)
(1.12666666667 0.41 0)
(1.13333333333 0.41 0)
(1.14 0.41 0)
(1.14666666667 0.41 0)
(1.15333333333 0.41 0)
(1.16 0.41 0)
(1.16666666667 0.41 0)
(1.17333333333 0.41 0)
(1.18 0.41 0)
(1.18666666667 0.41 0)
(1.19333333333 0.41 0)
(1.2 0.41 0)
(1.04 0.0157142857143 0.01)
(1.04666666667 0.0157142857143 0.01)
(1.05333333333 0.0157142857143 0.01)
(1.06 0.0157142857143 0.01)
(1.06666666667 0.0157142857143 0.01)
(1.07333333333 0.0157142857143 0.01)
(1.08 0.0157142857143 0.01)
(1.08666666667 0.0157142857143 0.01)
(1.09333333333 0.0157142857143 0.01)
(1.1 0.0157142857143 0.01)
(1.10666666667 0.0157142857143 0.01)
(1.11333333333 0.0157142857143 0.01)
(1.12 0.0157142857143 0.01)
(1.12666666667 0.0157142857143 0.01)
(1.13333333333 0.0157142857143 0.01)
(1.14 0.0157142857143 0.01)
(1.14666666667 0.0157142857143 0.01)
(1.15333333333 0.0157142857143 0.01)
(1.16 0.0157142857143 0.01)
(1.16666666667 0.0157142857143 0.01)
(1.17333333333 0.0157142857143 0.01)
(1.18 0.0157142857143 0.01)
(1.18666666667 0.0157142857143 0.01)
(1.19333333333 0.0157142857143 0.01)
(1.2 0.0157142857143 0.01)
(1.04 0.0214285714286 0.01)
(1.04666666667 0.0214285714286 0.01)
(1.05333333333 0.0214285714286 0.01)
(1.06 0.0214285714286 0.01)
(1.06666666667 0.0214285714286 0.01)
(1.07333333333 0.0214285714286 0.01)
(1.08 0.0214285714286 0.01)
(1.08666666667 0.0214285714286 0.01)
(1.09333333333 0.0214285714286 0.01)
(1.1 0.0214285714286 0.01)
(1.10666666667 0.0214285714286 0.01)
(1.11333333333 0.0214285714286 0.01)
(1.12 0.0214285714286 0.01)
(1.12666666667 0.0214285714286 0.01)
(1.13333333333 0.0214285714286 0.01)
(1.14 0.0214285714286 0.01)
(1.14666666667 0.0214285714286 0.01)
(1.15333333333 0.0214285714286 0.01)
(1.16 0.0214285714286 0.01)
(1.16666666667 0.0214285714286 0.01)
(1.17333333333 0.0214285714286 0.01)
(1.18 0.0214285714286 0.01)
(1.18666666667 0.0214285714286 0.01)
(1.19333333333 0.0214285714286 0.01)
(1.2 0.0214285714286 0.01)
(1.04 0.0271428571429 0.01)
(1.04666666667 0.0271428571429 0.01)
(1.05333333333 0.0271428571429 0.01)
(1.06 0.0271428571429 0.01)
(1.06666666667 0.0271428571429 0.01)
(1.07333333333 0.0271428571429 0.01)
(1.08 0.0271428571429 0.01)
(1.08666666667 0.0271428571429 0.01)
(1.09333333333 0.0271428571429 0.01)
(1.1 0.0271428571429 0.01)
(1.10666666667 0.0271428571429 0.01)
(1.11333333333 0.0271428571429 0.01)
(1.12 0.0271428571429 0.01)
(1.12666666667 0.0271428571429 0.01)
(1.13333333333 0.0271428571429 0.01)
(1.14 0.0271428571429 0.01)
(1.14666666667 0.0271428571429 0.01)
(1.15333333333 0.0271428571429 0.01)
(1.16 0.0271428571429 0.01)
(1.16666666667 0.0271428571429 0.01)
(1.17333333333 0.0271428571429 0.01)
(1.18 0.0271428571429 0.01)
(1.18666666667 0.0271428571429 0.01)
(1.19333333333 0.0271428571429 0.01)
(1.2 0.0271428571429 0.01)
(1.04 0.0328571428571 0.01)
(1.04666666667 0.0328571428571 0.01)
(1.05333333333 0.0328571428571 0.01)
(1.06 0.0328571428571 0.01)
(1.06666666667 0.0328571428571 0.01)
(1.07333333333 0.0328571428571 0.01)
(1.08 0.0328571428571 0.01)
(1.08666666667 0.0328571428571 0.01)
(1.09333333333 0.0328571428571 0.01)
(1.1 0.0328571428571 0.01)
(1.10666666667 0.0328571428571 0.01)
(1.11333333333 0.0328571428571 0.01)
(1.12 0.0328571428571 0.01)
(1.12666666667 0.0328571428571 0.01)
(1.13333333333 0.0328571428571 0.01)
(1.14 0.0328571428571 0.01)
(1.14666666667 0.0328571428571 0.01)
(1.15333333333 0.0328571428571 0.01)
(1.16 0.0328571428571 0.01)
(1.16666666667 0.0328571428571 0.01)
(1.17333333333 0.0328571428571 0.01)
(1.18 0.0328571428571 0.01)
(1.18666666667 0.0328571428571 0.01)
(1.19333333333 0.0328571428571 0.01)
(1.2 0.0328571428571 0.01)
(1.04 0.0385714285714 0.01)
(1.04666666667 0.0385714285714 0.01)
(1.05333333333 0.0385714285714 0.01)
(1.06 0.0385714285714 0.01)
(1.06666666667 0.0385714285714 0.01)
(1.07333333333 0.0385714285714 0.01)
(1.08 0.0385714285714 0.01)
(1.08666666667 0.0385714285714 0.01)
(1.09333333333 0.0385714285714 0.01)
(1.1 0.0385714285714 0.01)
(1.10666666667 0.0385714285714 0.01)
(1.11333333333 0.0385714285714 0.01)
(1.12 0.0385714285714 0.01)
(1.12666666667 0.0385714285714 0.01)
(1.13333333333 0.0385714285714 0.01)
(1.14 0.0385714285714 0.01)
(1.14666666667 0.0385714285714 0.01)
(1.15333333333 0.0385714285714 0.01)
(1.16 0.0385714285714 0.01)
(1.16666666667 0.0385714285714 0.01)
(1.17333333333 0.0385714285714 0.01)
(1.18 0.0385714285714 0.01)
(1.18666666667 0.0385714285714 0.01)
(1.19333333333 0.0385714285714 0.01)
(1.2 0.0385714285714 0.01)
(1.04 0.0442857142857 0.01)
(1.04666666667 0.0442857142857 0.01)
(1.05333333333 0.0442857142857 0.01)
(1.06 0.0442857142857 0.01)
(1.06666666667 0.0442857142857 0.01)
(1.07333333333 0.0442857142857 0.01)
(1.08 0.0442857142857 0.01)
(1.08666666667 0.0442857142857 0.01)
(1.09333333333 0.0442857142857 0.01)
(1.1 0.0442857142857 0.01)
(1.10666666667 0.0442857142857 0.01)
(1.11333333333 0.0442857142857 0.01)
(1.12 0.0442857142857 0.01)
(1.12666666667 0.0442857142857 0.01)
(1.13333333333 0.0442857142857 0.01)
(1.14 0.0442857142857 0.01)
(1.14666666667 0.0442857142857 0.01)
(1.15333333333 0.0442857142857 0.01)
(1.16 0.0442857142857 0.01)
(1.16666666667 0.0442857142857 0.01)
(1.17333333333 0.0442857142857 0.01)
(1.18 0.0442857142857 0.01)
(1.18666666667 0.0442857142857 0.01)
(1.19333333333 0.0442857142857 0.01)
(1.2 0.0442857142857 0.01)
(1.04 0.05 0.01)
(1.04666666667 0.05 0.01)
(1.05333333333 0.05 0.01)
(1.06 0.05 0.01)
(1.06666666667 0.05 0.01)
(1.07333333333 0.05 0.01)
(1.08 0.05 0.01)
(1.08666666667 0.05 0.01)
(1.09333333333 0.05 0.01)
(1.1 0.05 0.01)
(1.10666666667 0.05 0.01)
(1.11333333333 0.05 0.01)
(1.12 0.05 0.01)
(1.12666666667 0.05 0.01)
(1.13333333333 0.05 0.01)
(1.14 0.05 0.01)
(1.14666666667 0.05 0.01)
(1.15333333333 0.05 0.01)
(1.16 0.05 0.01)
(1.16666666667 0.05 0.01)
(1.17333333333 0.05 0.01)
(1.18 0.05 0.01)
(1.18666666667 0.05 0.01)
(1.19333333333 0.05 0.01)
(1.2 0.05 0.01)
(1.04 0.0557142857143 0.01)
(1.04666666667 0.0557142857143 0.01)
(1.05333333333 0.0557142857143 0.01)
(1.06 0.0557142857143 0.01)
(1.06666666667 0.0557142857143 0.01)
(1.07333333333 0.0557142857143 0.01)
(1.08 0.0557142857143 0.01)
(1.08666666667 0.0557142857143 0.01)
(1.09333333333 0.0557142857143 0.01)
(1.1 0.0557142857143 0.01)
(1.10666666667 0.0557142857143 0.01)
(1.11333333333 0.0557142857143 0.01)
(1.12 0.0557142857143 0.01)
(1.12666666667 0.0557142857143 0.01)
(1.13333333333 0.0557142857143 0.01)
(1.14 0.0557142857143 0.01)
(1.14666666667 0.0557142857143 0.01)
(1.15333333333 0.0557142857143 0.01)
(1.16 0.0557142857143 0.01)
(1.16666666667 0.0557142857143 0.01)
(1.17333333333 0.0557142857143 0.01)
(1.18 0.0557142857143 0.01)
(1.18666666667 0.0557142857143 0.01)
(1.19333333333 0.0557142857143 0.01)
(1.2 0.0557142857143 0.01)
(1.04 0.0614285714286 0.01)
(1.04666666667 0.0614285714286 0.01)
(1.05333333333 0.0614285714286 0.01)
(1.06 0.0614285714286 0.01)
(1.06666666667 0.0614285714286 0.01)
(1.07333333333 0.0614285714286 0.01)
(1.08 0.0614285714286 0.01)
(1.08666666667 0.0614285714286 0.01)
(1.09333333333 0.0614285714286 0.01)
(1.1 0.0614285714286 0.01)
(1.10666666667 0.0614285714286 0.01)
(1.11333333333 0.0614285714286 0.01)
(1.12 0.0614285714286 0.01)
(1.12666666667 0.0614285714286 0.01)
(1.13333333333 0.0614285714286 0.01)
(1.14 0.0614285714286 0.01)
(1.14666666667 0.0614285714286 0.01)
(1.15333333333 0.0614285714286 0.01)
(1.16 0.0614285714286 0.01)
(1.16666666667 0.0614285714286 0.01)
(1.17333333333 0.0614285714286 0.01)
(1.18 0.0614285714286 0.01)
(1.18666666667 0.0614285714286 0.01)
(1.19333333333 0.0614285714286 0.01)
(1.2 0.0614285714286 0.01)
(1.04 0.0671428571429 0.01)
(1.04666666667 0.0671428571429 0.01)
(1.05333333333 0.0671428571429 0.01)
(1.06 0.0671428571429 0.01)
(1.06666666667 0.0671428571429 0.01)
(1.07333333333 0.0671428571429 0.01)
(1.08 0.0671428571429 0.01)
(1.08666666667 0.0671428571429 0.01)
(1.09333333333 0.0671428571429 0.01)
(1.1 0.0671428571429 0.01)
(1.10666666667 0.0671428571429 0.01)
(1.11333333333 0.0671428571429 0.01)
(1.12 0.0671428571429 0.01)
(1.12666666667 0.0671428571429 0.01)
(1.13333333333 0.0671428571429 0.01)
(1.14 0.0671428571429 0.01)
(1.14666666667 0.0671428571429 0.01)
(1.15333333333 0.0671428571429 0.01)
(1.16 0.0671428571429 0.01)
(1.16666666667 0.0671428571429 0.01)
(1.17333333333 0.0671428571429 0.01)
(1.18 0.0671428571429 0.01)
(1.18666666667 0.0671428571429 0.01)
(1.19333333333 0.0671428571429 0.01)
(1.2 0.0671428571429 0.01)
(1.04 0.0728571428571 0.01)
(1.04666666667 0.0728571428571 0.01)
(1.05333333333 0.0728571428571 0.01)
(1.06 0.0728571428571 0.01)
(1.06666666667 0.0728571428571 0.01)
(1.07333333333 0.0728571428571 0.01)
(1.08 0.0728571428571 0.01)
(1.08666666667 0.0728571428571 0.01)
(1.09333333333 0.0728571428571 0.01)
(1.1 0.0728571428571 0.01)
(1.10666666667 0.0728571428571 0.01)
(1.11333333333 0.0728571428571 0.01)
(1.12 0.0728571428571 0.01)
(1.12666666667 0.0728571428571 0.01)
(1.13333333333 0.0728571428571 0.01)
(1.14 0.0728571428571 0.01)
(1.14666666667 0.0728571428571 0.01)
(1.15333333333 0.0728571428571 0.01)
(1.16 0.0728571428571 0.01)
(1.16666666667 0.0728571428571 0.01)
(1.17333333333 0.0728571428571 0.01)
(1.18 0.0728571428571 0.01)
(1.18666666667 0.0728571428571 0.01)
(1.19333333333 0.0728571428571 0.01)
(1.2 0.0728571428571 0.01)
(1.04 0.0785714285714 0.01)
(1.04666666667 0.0785714285714 0.01)
(1.05333333333 0.0785714285714 0.01)
(1.06 0.0785714285714 0.01)
(1.06666666667 0.0785714285714 0.01)
(1.07333333333 0.0785714285714 0.01)
(1.08 0.0785714285714 0.01)
(1.08666666667 0.0785714285714 0.01)
(1.09333333333 0.0785714285714 0.01)
(1.1 0.0785714285714 0.01)
(1.10666666667 0.0785714285714 0.01)
(1.11333333333 0.0785714285714 0.01)
(1.12 0.0785714285714 0.01)
(1.12666666667 0.0785714285714 0.01)
(1.13333333333 0.0785714285714 0.01)
(1.14 0.0785714285714 0.01)
(1.14666666667 0.0785714285714 0.01)
(1.15333333333 0.0785714285714 0.01)
(1.16 0.0785714285714 0.01)
(1.16666666667 0.0785714285714 0.01)
(1.17333333333 0.0785714285714 0.01)
(1.18 0.0785714285714 0.01)
(1.18666666667 0.0785714285714 0.01)
(1.19333333333 0.0785714285714 0.01)
(1.2 0.0785714285714 0.01)
(1.04 0.0842857142857 0.01)
(1.04666666667 0.0842857142857 0.01)
(1.05333333333 0.0842857142857 0.01)
(1.06 0.0842857142857 0.01)
(1.06666666667 0.0842857142857 0.01)
(1.07333333333 0.0842857142857 0.01)
(1.08 0.0842857142857 0.01)
(1.08666666667 0.0842857142857 0.01)
(1.09333333333 0.0842857142857 0.01)
(1.1 0.0842857142857 0.01)
(1.10666666667 0.0842857142857 0.01)
(1.11333333333 0.0842857142857 0.01)
(1.12 0.0842857142857 0.01)
(1.12666666667 0.0842857142857 0.01)
(1.13333333333 0.0842857142857 0.01)
(1.14 0.0842857142857 0.01)
(1.14666666667 0.0842857142857 0.01)
(1.15333333333 0.0842857142857 0.01)
(1.16 0.0842857142857 0.01)
(1.16666666667 0.0842857142857 0.01)
(1.17333333333 0.0842857142857 0.01)
(1.18 0.0842857142857 0.01)
(1.18666666667 0.0842857142857 0.01)
(1.19333333333 0.0842857142857 0.01)
(1.2 0.0842857142857 0.01)
(1.04 0.09 0.01)
(1.04666666667 0.09 0.01)
(1.05333333333 0.09 0.01)
(1.06 0.09 0.01)
(1.06666666667 0.09 0.01)
(1.07333333333 0.09 0.01)
(1.08 0.09 0.01)
(1.08666666667 0.09 0.01)
(1.09333333333 0.09 0.01)
(1.1 0.09 0.01)
(1.10666666667 0.09 0.01)
(1.11333333333 0.09 0.01)
(1.12 0.09 0.01)
(1.12666666667 0.09 0.01)
(1.13333333333 0.09 0.01)
(1.14 0.09 0.01)
(1.14666666667 0.09 0.01)
(1.15333333333 0.09 0.01)
(1.16 0.09 0.01)
(1.16666666667 0.09 0.01)
(1.17333333333 0.09 0.01)
(1.18 0.09 0.01)
(1.18666666667 0.09 0.01)
(1.19333333333 0.09 0.01)
(1.2 0.09 0.01)
(1.04 0.0957142857143 0.01)
(1.04666666667 0.0957142857143 0.01)
(1.05333333333 0.0957142857143 0.01)
(1.06 0.0957142857143 0.01)
(1.06666666667 0.0957142857143 0.01)
(1.07333333333 0.0957142857143 0.01)
(1.08 0.0957142857143 0.01)
(1.08666666667 0.0957142857143 0.01)
(1.09333333333 0.0957142857143 0.01)
(1.1 0.0957142857143 0.01)
(1.10666666667 0.0957142857143 0.01)
(1.11333333333 0.0957142857143 0.01)
(1.12 0.0957142857143 0.01)
(1.12666666667 0.0957142857143 0.01)
(1.13333333333 0.0957142857143 0.01)
(1.14 0.0957142857143 0.01)
(1.14666666667 0.0957142857143 0.01)
(1.15333333333 0.0957142857143 0.01)
(1.16 0.0957142857143 0.01)
(1.16666666667 0.0957142857143 0.01)
(1.17333333333 0.0957142857143 0.01)
(1.18 0.0957142857143 0.01)
(1.18666666667 0.0957142857143 0.01)
(1.19333333333 0.0957142857143 0.01)
(1.2 0.0957142857143 0.01)
(1.04 0.101428571429 0.01)
(1.04666666667 0.101428571429 0.01)
(1.05333333333 0.101428571429 0.01)
(1.06 0.101428571429 0.01)
(1.06666666667 0.101428571429 0.01)
(1.07333333333 0.101428571429 0.01)
(1.08 0.101428571429 0.01)
(1.08666666667 0.101428571429 0.01)
(1.09333333333 0.101428571429 0.01)
(1.1 0.101428571429 0.01)
(1.10666666667 0.101428571429 0.01)
(1.11333333333 0.101428571429 0.01)
(1.12 0.101428571429 0.01)
(1.12666666667 0.101428571429 0.01)
(1.13333333333 0.101428571429 0.01)
(1.14 0.101428571429 0.01)
(1.14666666667 0.101428571429 0.01)
(1.15333333333 0.101428571429 0.01)
(1.16 0.101428571429 0.01)
(1.16666666667 0.101428571429 0.01)
(1.17333333333 0.101428571429 0.01)
(1.18 0.101428571429 0.01)
(1.18666666667 0.101428571429 0.01)
(1.19333333333 0.101428571429 0.01)
(1.2 0.101428571429 0.01)
(1.04 0.107142857143 0.01)
(1.04666666667 0.107142857143 0.01)
(1.05333333333 0.107142857143 0.01)
(1.06 0.107142857143 0.01)
(1.06666666667 0.107142857143 0.01)
(1.07333333333 0.107142857143 0.01)
(1.08 0.107142857143 0.01)
(1.08666666667 0.107142857143 0.01)
(1.09333333333 0.107142857143 0.01)
(1.1 0.107142857143 0.01)
(1.10666666667 0.107142857143 0.01)
(1.11333333333 0.107142857143 0.01)
(1.12 0.107142857143 0.01)
(1.12666666667 0.107142857143 0.01)
(1.13333333333 0.107142857143 0.01)
(1.14 0.107142857143 0.01)
(1.14666666667 0.107142857143 0.01)
(1.15333333333 0.107142857143 0.01)
(1.16 0.107142857143 0.01)
(1.16666666667 0.107142857143 0.01)
(1.17333333333 0.107142857143 0.01)
(1.18 0.107142857143 0.01)
(1.18666666667 0.107142857143 0.01)
(1.19333333333 0.107142857143 0.01)
(1.2 0.107142857143 0.01)
(1.04 0.112857142857 0.01)
(1.04666666667 0.112857142857 0.01)
(1.05333333333 0.112857142857 0.01)
(1.06 0.112857142857 0.01)
(1.06666666667 0.112857142857 0.01)
(1.07333333333 0.112857142857 0.01)
(1.08 0.112857142857 0.01)
(1.08666666667 0.112857142857 0.01)
(1.09333333333 0.112857142857 0.01)
(1.1 0.112857142857 0.01)
(1.10666666667 0.112857142857 0.01)
(1.11333333333 0.112857142857 0.01)
(1.12 0.112857142857 0.01)
(1.12666666667 0.112857142857 0.01)
(1.13333333333 0.112857142857 0.01)
(1.14 0.112857142857 0.01)
(1.14666666667 0.112857142857 0.01)
(1.15333333333 0.112857142857 0.01)
(1.16 0.112857142857 0.01)
(1.16666666667 0.112857142857 0.01)
(1.17333333333 0.112857142857 0.01)
(1.18 0.112857142857 0.01)
(1.18666666667 0.112857142857 0.01)
(1.19333333333 0.112857142857 0.01)
(1.2 0.112857142857 0.01)
(1.04 0.118571428571 0.01)
(1.04666666667 0.118571428571 0.01)
(1.05333333333 0.118571428571 0.01)
(1.06 0.118571428571 0.01)
(1.06666666667 0.118571428571 0.01)
(1.07333333333 0.118571428571 0.01)
(1.08 0.118571428571 0.01)
(1.08666666667 0.118571428571 0.01)
(1.09333333333 0.118571428571 0.01)
(1.1 0.118571428571 0.01)
(1.10666666667 0.118571428571 0.01)
(1.11333333333 0.118571428571 0.01)
(1.12 0.118571428571 0.01)
(1.12666666667 0.118571428571 0.01)
(1.13333333333 0.118571428571 0.01)
(1.14 0.118571428571 0.01)
(1.14666666667 0.118571428571 0.01)
(1.15333333333 0.118571428571 0.01)
(1.16 0.118571428571 0.01)
(1.16666666667 0.118571428571 0.01)
(1.17333333333 0.118571428571 0.01)
(1.18 0.118571428571 0.01)
(1.18666666667 0.118571428571 0.01)
(1.19333333333 0.118571428571 0.01)
(1.2 0.118571428571 0.01)
(1.04 0.124285714286 0.01)
(1.04666666667 0.124285714286 0.01)
(1.05333333333 0.124285714286 0.01)
(1.06 0.124285714286 0.01)
(1.06666666667 0.124285714286 0.01)
(1.07333333333 0.124285714286 0.01)
(1.08 0.124285714286 0.01)
(1.08666666667 0.124285714286 0.01)
(1.09333333333 0.124285714286 0.01)
(1.1 0.124285714286 0.01)
(1.10666666667 0.124285714286 0.01)
(1.11333333333 0.124285714286 0.01)
(1.12 0.124285714286 0.01)
(1.12666666667 0.124285714286 0.01)
(1.13333333333 0.124285714286 0.01)
(1.14 0.124285714286 0.01)
(1.14666666667 0.124285714286 0.01)
(1.15333333333 0.124285714286 0.01)
(1.16 0.124285714286 0.01)
(1.16666666667 0.124285714286 0.01)
(1.17333333333 0.124285714286 0.01)
(1.18 0.124285714286 0.01)
(1.18666666667 0.124285714286 0.01)
(1.19333333333 0.124285714286 0.01)
(1.2 0.124285714286 0.01)
(1.04 0.13 0.01)
(1.04666666667 0.13 0.01)
(1.05333333333 0.13 0.01)
(1.06 0.13 0.01)
(1.06666666667 0.13 0.01)
(1.07333333333 0.13 0.01)
(1.08 0.13 0.01)
(1.08666666667 0.13 0.01)
(1.09333333333 0.13 0.01)
(1.1 0.13 0.01)
(1.10666666667 0.13 0.01)
(1.11333333333 0.13 0.01)
(1.12 0.13 0.01)
(1.12666666667 0.13 0.01)
(1.13333333333 0.13 0.01)
(1.14 0.13 0.01)
(1.14666666667 0.13 0.01)
(1.15333333333 0.13 0.01)
(1.16 0.13 0.01)
(1.16666666667 0.13 0.01)
(1.17333333333 0.13 0.01)
(1.18 0.13 0.01)
(1.18666666667 0.13 0.01)
(1.19333333333 0.13 0.01)
(1.2 0.13 0.01)
(1.04 0.135714285714 0.01)
(1.04666666667 0.135714285714 0.01)
(1.05333333333 0.135714285714 0.01)
(1.06 0.135714285714 0.01)
(1.06666666667 0.135714285714 0.01)
(1.07333333333 0.135714285714 0.01)
(1.08 0.135714285714 0.01)
(1.08666666667 0.135714285714 0.01)
(1.09333333333 0.135714285714 0.01)
(1.1 0.135714285714 0.01)
(1.10666666667 0.135714285714 0.01)
(1.11333333333 0.135714285714 0.01)
(1.12 0.135714285714 0.01)
(1.12666666667 0.135714285714 0.01)
(1.13333333333 0.135714285714 0.01)
(1.14 0.135714285714 0.01)
(1.14666666667 0.135714285714 0.01)
(1.15333333333 0.135714285714 0.01)
(1.16 0.135714285714 0.01)
(1.16666666667 0.135714285714 0.01)
(1.17333333333 0.135714285714 0.01)
(1.18 0.135714285714 0.01)
(1.18666666667 0.135714285714 0.01)
(1.19333333333 0.135714285714 0.01)
(1.2 0.135714285714 0.01)
(1.04 0.141428571429 0.01)
(1.04666666667 0.141428571429 0.01)
(1.05333333333 0.141428571429 0.01)
(1.06 0.141428571429 0.01)
(1.06666666667 0.141428571429 0.01)
(1.07333333333 0.141428571429 0.01)
(1.08 0.141428571429 0.01)
(1.08666666667 0.141428571429 0.01)
(1.09333333333 0.141428571429 0.01)
(1.1 0.141428571429 0.01)
(1.10666666667 0.141428571429 0.01)
(1.11333333333 0.141428571429 0.01)
(1.12 0.141428571429 0.01)
(1.12666666667 0.141428571429 0.01)
(1.13333333333 0.141428571429 0.01)
(1.14 0.141428571429 0.01)
(1.14666666667 0.141428571429 0.01)
(1.15333333333 0.141428571429 0.01)
(1.16 0.141428571429 0.01)
(1.16666666667 0.141428571429 0.01)
(1.17333333333 0.141428571429 0.01)
(1.18 0.141428571429 0.01)
(1.18666666667 0.141428571429 0.01)
(1.19333333333 0.141428571429 0.01)
(1.2 0.141428571429 0.01)
(1.04 0.147142857143 0.01)
(1.04666666667 0.147142857143 0.01)
(1.05333333333 0.147142857143 0.01)
(1.06 0.147142857143 0.01)
(1.06666666667 0.147142857143 0.01)
(1.07333333333 0.147142857143 0.01)
(1.08 0.147142857143 0.01)
(1.08666666667 0.147142857143 0.01)
(1.09333333333 0.147142857143 0.01)
(1.1 0.147142857143 0.01)
(1.10666666667 0.147142857143 0.01)
(1.11333333333 0.147142857143 0.01)
(1.12 0.147142857143 0.01)
(1.12666666667 0.147142857143 0.01)
(1.13333333333 0.147142857143 0.01)
(1.14 0.147142857143 0.01)
(1.14666666667 0.147142857143 0.01)
(1.15333333333 0.147142857143 0.01)
(1.16 0.147142857143 0.01)
(1.16666666667 0.147142857143 0.01)
(1.17333333333 0.147142857143 0.01)
(1.18 0.147142857143 0.01)
(1.18666666667 0.147142857143 0.01)
(1.19333333333 0.147142857143 0.01)
(1.2 0.147142857143 0.01)
(1.04 0.152857142857 0.01)
(1.04666666667 0.152857142857 0.01)
(1.05333333333 0.152857142857 0.01)
(1.06 0.152857142857 0.01)
(1.06666666667 0.152857142857 0.01)
(1.07333333333 0.152857142857 0.01)
(1.08 0.152857142857 0.01)
(1.08666666667 0.152857142857 0.01)
(1.09333333333 0.152857142857 0.01)
(1.1 0.152857142857 0.01)
(1.10666666667 0.152857142857 0.01)
(1.11333333333 0.152857142857 0.01)
(1.12 0.152857142857 0.01)
(1.12666666667 0.152857142857 0.01)
(1.13333333333 0.152857142857 0.01)
(1.14 0.152857142857 0.01)
(1.14666666667 0.152857142857 0.01)
(1.15333333333 0.152857142857 0.01)
(1.16 0.152857142857 0.01)
(1.16666666667 0.152857142857 0.01)
(1.17333333333 0.152857142857 0.01)
(1.18 0.152857142857 0.01)
(1.18666666667 0.152857142857 0.01)
(1.19333333333 0.152857142857 0.01)
(1.2 0.152857142857 0.01)
(1.04 0.158571428571 0.01)
(1.04666666667 0.158571428571 0.01)
(1.05333333333 0.158571428571 0.01)
(1.06 0.158571428571 0.01)
(1.06666666667 0.158571428571 0.01)
(1.07333333333 0.158571428571 0.01)
(1.08 0.158571428571 0.01)
(1.08666666667 0.158571428571 0.01)
(1.09333333333 0.158571428571 0.01)
(1.1 0.158571428571 0.01)
(1.10666666667 0.158571428571 0.01)
(1.11333333333 0.158571428571 0.01)
(1.12 0.158571428571 0.01)
(1.12666666667 0.158571428571 0.01)
(1.13333333333 0.158571428571 0.01)
(1.14 0.158571428571 0.01)
(1.14666666667 0.158571428571 0.01)
(1.15333333333 0.158571428571 0.01)
(1.16 0.158571428571 0.01)
(1.16666666667 0.158571428571 0.01)
(1.17333333333 0.158571428571 0.01)
(1.18 0.158571428571 0.01)
(1.18666666667 0.158571428571 0.01)
(1.19333333333 0.158571428571 0.01)
(1.2 0.158571428571 0.01)
(1.04 0.164285714286 0.01)
(1.04666666667 0.164285714286 0.01)
(1.05333333333 0.164285714286 0.01)
(1.06 0.164285714286 0.01)
(1.06666666667 0.164285714286 0.01)
(1.07333333333 0.164285714286 0.01)
(1.08 0.164285714286 0.01)
(1.08666666667 0.164285714286 0.01)
(1.09333333333 0.164285714286 0.01)
(1.1 0.164285714286 0.01)
(1.10666666667 0.164285714286 0.01)
(1.11333333333 0.164285714286 0.01)
(1.12 0.164285714286 0.01)
(1.12666666667 0.164285714286 0.01)
(1.13333333333 0.164285714286 0.01)
(1.14 0.164285714286 0.01)
(1.14666666667 0.164285714286 0.01)
(1.15333333333 0.164285714286 0.01)
(1.16 0.164285714286 0.01)
(1.16666666667 0.164285714286 0.01)
(1.17333333333 0.164285714286 0.01)
(1.18 0.164285714286 0.01)
(1.18666666667 0.164285714286 0.01)
(1.19333333333 0.164285714286 0.01)
(1.2 0.164285714286 0.01)
(1.04 0.17 0.01)
(1.04666666667 0.17 0.01)
(1.05333333333 0.17 0.01)
(1.06 0.17 0.01)
(1.06666666667 0.17 0.01)
(1.07333333333 0.17 0.01)
(1.08 0.17 0.01)
(1.08666666667 0.17 0.01)
(1.09333333333 0.17 0.01)
(1.1 0.17 0.01)
(1.10666666667 0.17 0.01)
(1.11333333333 0.17 0.01)
(1.12 0.17 0.01)
(1.12666666667 0.17 0.01)
(1.13333333333 0.17 0.01)
(1.14 0.17 0.01)
(1.14666666667 0.17 0.01)
(1.15333333333 0.17 0.01)
(1.16 0.17 0.01)
(1.16666666667 0.17 0.01)
(1.17333333333 0.17 0.01)
(1.18 0.17 0.01)
(1.18666666667 0.17 0.01)
(1.19333333333 0.17 0.01)
(1.2 0.17 0.01)
(1.04 0.175714285714 0.01)
(1.04666666667 0.175714285714 0.01)
(1.05333333333 0.175714285714 0.01)
(1.06 0.175714285714 0.01)
(1.06666666667 0.175714285714 0.01)
(1.07333333333 0.175714285714 0.01)
(1.08 0.175714285714 0.01)
(1.08666666667 0.175714285714 0.01)
(1.09333333333 0.175714285714 0.01)
(1.1 0.175714285714 0.01)
(1.10666666667 0.175714285714 0.01)
(1.11333333333 0.175714285714 0.01)
(1.12 0.175714285714 0.01)
(1.12666666667 0.175714285714 0.01)
(1.13333333333 0.175714285714 0.01)
(1.14 0.175714285714 0.01)
(1.14666666667 0.175714285714 0.01)
(1.15333333333 0.175714285714 0.01)
(1.16 0.175714285714 0.01)
(1.16666666667 0.175714285714 0.01)
(1.17333333333 0.175714285714 0.01)
(1.18 0.175714285714 0.01)
(1.18666666667 0.175714285714 0.01)
(1.19333333333 0.175714285714 0.01)
(1.2 0.175714285714 0.01)
(1.04 0.181428571429 0.01)
(1.04666666667 0.181428571429 0.01)
(1.05333333333 0.181428571429 0.01)
(1.06 0.181428571429 0.01)
(1.06666666667 0.181428571429 0.01)
(1.07333333333 0.181428571429 0.01)
(1.08 0.181428571429 0.01)
(1.08666666667 0.181428571429 0.01)
(1.09333333333 0.181428571429 0.01)
(1.1 0.181428571429 0.01)
(1.10666666667 0.181428571429 0.01)
(1.11333333333 0.181428571429 0.01)
(1.12 0.181428571429 0.01)
(1.12666666667 0.181428571429 0.01)
(1.13333333333 0.181428571429 0.01)
(1.14 0.181428571429 0.01)
(1.14666666667 0.181428571429 0.01)
(1.15333333333 0.181428571429 0.01)
(1.16 0.181428571429 0.01)
(1.16666666667 0.181428571429 0.01)
(1.17333333333 0.181428571429 0.01)
(1.18 0.181428571429 0.01)
(1.18666666667 0.181428571429 0.01)
(1.19333333333 0.181428571429 0.01)
(1.2 0.181428571429 0.01)
(1.04 0.187142857143 0.01)
(1.04666666667 0.187142857143 0.01)
(1.05333333333 0.187142857143 0.01)
(1.06 0.187142857143 0.01)
(1.06666666667 0.187142857143 0.01)
(1.07333333333 0.187142857143 0.01)
(1.08 0.187142857143 0.01)
(1.08666666667 0.187142857143 0.01)
(1.09333333333 0.187142857143 0.01)
(1.1 0.187142857143 0.01)
(1.10666666667 0.187142857143 0.01)
(1.11333333333 0.187142857143 0.01)
(1.12 0.187142857143 0.01)
(1.12666666667 0.187142857143 0.01)
(1.13333333333 0.187142857143 0.01)
(1.14 0.187142857143 0.01)
(1.14666666667 0.187142857143 0.01)
(1.15333333333 0.187142857143 0.01)
(1.16 0.187142857143 0.01)
(1.16666666667 0.187142857143 0.01)
(1.17333333333 0.187142857143 0.01)
(1.18 0.187142857143 0.01)
(1.18666666667 0.187142857143 0.01)
(1.19333333333 0.187142857143 0.01)
(1.2 0.187142857143 0.01)
(1.04 0.192857142857 0.01)
(1.04666666667 0.192857142857 0.01)
(1.05333333333 0.192857142857 0.01)
(1.06 0.192857142857 0.01)
(1.06666666667 0.192857142857 0.01)
(1.07333333333 0.192857142857 0.01)
(1.08 0.192857142857 0.01)
(1.08666666667 0.192857142857 0.01)
(1.09333333333 0.192857142857 0.01)
(1.1 0.192857142857 0.01)
(1.10666666667 0.192857142857 0.01)
(1.11333333333 0.192857142857 0.01)
(1.12 0.192857142857 0.01)
(1.12666666667 0.192857142857 0.01)
(1.13333333333 0.192857142857 0.01)
(1.14 0.192857142857 0.01)
(1.14666666667 0.192857142857 0.01)
(1.15333333333 0.192857142857 0.01)
(1.16 0.192857142857 0.01)
(1.16666666667 0.192857142857 0.01)
(1.17333333333 0.192857142857 0.01)
(1.18 0.192857142857 0.01)
(1.18666666667 0.192857142857 0.01)
(1.19333333333 0.192857142857 0.01)
(1.2 0.192857142857 0.01)
(1.04 0.198571428571 0.01)
(1.04666666667 0.198571428571 0.01)
(1.05333333333 0.198571428571 0.01)
(1.06 0.198571428571 0.01)
(1.06666666667 0.198571428571 0.01)
(1.07333333333 0.198571428571 0.01)
(1.08 0.198571428571 0.01)
(1.08666666667 0.198571428571 0.01)
(1.09333333333 0.198571428571 0.01)
(1.1 0.198571428571 0.01)
(1.10666666667 0.198571428571 0.01)
(1.11333333333 0.198571428571 0.01)
(1.12 0.198571428571 0.01)
(1.12666666667 0.198571428571 0.01)
(1.13333333333 0.198571428571 0.01)
(1.14 0.198571428571 0.01)
(1.14666666667 0.198571428571 0.01)
(1.15333333333 0.198571428571 0.01)
(1.16 0.198571428571 0.01)
(1.16666666667 0.198571428571 0.01)
(1.17333333333 0.198571428571 0.01)
(1.18 0.198571428571 0.01)
(1.18666666667 0.198571428571 0.01)
(1.19333333333 0.198571428571 0.01)
(1.2 0.198571428571 0.01)
(1.04 0.204285714286 0.01)
(1.04666666667 0.204285714286 0.01)
(1.05333333333 0.204285714286 0.01)
(1.06 0.204285714286 0.01)
(1.06666666667 0.204285714286 0.01)
(1.07333333333 0.204285714286 0.01)
(1.08 0.204285714286 0.01)
(1.08666666667 0.204285714286 0.01)
(1.09333333333 0.204285714286 0.01)
(1.1 0.204285714286 0.01)
(1.10666666667 0.204285714286 0.01)
(1.11333333333 0.204285714286 0.01)
(1.12 0.204285714286 0.01)
(1.12666666667 0.204285714286 0.01)
(1.13333333333 0.204285714286 0.01)
(1.14 0.204285714286 0.01)
(1.14666666667 0.204285714286 0.01)
(1.15333333333 0.204285714286 0.01)
(1.16 0.204285714286 0.01)
(1.16666666667 0.204285714286 0.01)
(1.17333333333 0.204285714286 0.01)
(1.18 0.204285714286 0.01)
(1.18666666667 0.204285714286 0.01)
(1.19333333333 0.204285714286 0.01)
(1.2 0.204285714286 0.01)
(1.04 0.21 0.01)
(1.04666666667 0.21 0.01)
(1.05333333333 0.21 0.01)
(1.06 0.21 0.01)
(1.06666666667 0.21 0.01)
(1.07333333333 0.21 0.01)
(1.08 0.21 0.01)
(1.08666666667 0.21 0.01)
(1.09333333333 0.21 0.01)
(1.1 0.21 0.01)
(1.10666666667 0.21 0.01)
(1.11333333333 0.21 0.01)
(1.12 0.21 0.01)
(1.12666666667 0.21 0.01)
(1.13333333333 0.21 0.01)
(1.14 0.21 0.01)
(1.14666666667 0.21 0.01)
(1.15333333333 0.21 0.01)
(1.16 0.21 0.01)
(1.16666666667 0.21 0.01)
(1.17333333333 0.21 0.01)
(1.18 0.21 0.01)
(1.18666666667 0.21 0.01)
(1.19333333333 0.21 0.01)
(1.2 0.21 0.01)
(1.04 0.215714285714 0.01)
(1.04666666667 0.215714285714 0.01)
(1.05333333333 0.215714285714 0.01)
(1.06 0.215714285714 0.01)
(1.06666666667 0.215714285714 0.01)
(1.07333333333 0.215714285714 0.01)
(1.08 0.215714285714 0.01)
(1.08666666667 0.215714285714 0.01)
(1.09333333333 0.215714285714 0.01)
(1.1 0.215714285714 0.01)
(1.10666666667 0.215714285714 0.01)
(1.11333333333 0.215714285714 0.01)
(1.12 0.215714285714 0.01)
(1.12666666667 0.215714285714 0.01)
(1.13333333333 0.215714285714 0.01)
(1.14 0.215714285714 0.01)
(1.14666666667 0.215714285714 0.01)
(1.15333333333 0.215714285714 0.01)
(1.16 0.215714285714 0.01)
(1.16666666667 0.215714285714 0.01)
(1.17333333333 0.215714285714 0.01)
(1.18 0.215714285714 0.01)
(1.18666666667 0.215714285714 0.01)
(1.19333333333 0.215714285714 0.01)
(1.2 0.215714285714 0.01)
(1.04 0.221428571429 0.01)
(1.04666666667 0.221428571429 0.01)
(1.05333333333 0.221428571429 0.01)
(1.06 0.221428571429 0.01)
(1.06666666667 0.221428571429 0.01)
(1.07333333333 0.221428571429 0.01)
(1.08 0.221428571429 0.01)
(1.08666666667 0.221428571429 0.01)
(1.09333333333 0.221428571429 0.01)
(1.1 0.221428571429 0.01)
(1.10666666667 0.221428571429 0.01)
(1.11333333333 0.221428571429 0.01)
(1.12 0.221428571429 0.01)
(1.12666666667 0.221428571429 0.01)
(1.13333333333 0.221428571429 0.01)
(1.14 0.221428571429 0.01)
(1.14666666667 0.221428571429 0.01)
(1.15333333333 0.221428571429 0.01)
(1.16 0.221428571429 0.01)
(1.16666666667 0.221428571429 0.01)
(1.17333333333 0.221428571429 0.01)
(1.18 0.221428571429 0.01)
(1.18666666667 0.221428571429 0.01)
(1.19333333333 0.221428571429 0.01)
(1.2 0.221428571429 0.01)
(1.04 0.227142857143 0.01)
(1.04666666667 0.227142857143 0.01)
(1.05333333333 0.227142857143 0.01)
(1.06 0.227142857143 0.01)
(1.06666666667 0.227142857143 0.01)
(1.07333333333 0.227142857143 0.01)
(1.08 0.227142857143 0.01)
(1.08666666667 0.227142857143 0.01)
(1.09333333333 0.227142857143 0.01)
(1.1 0.227142857143 0.01)
(1.10666666667 0.227142857143 0.01)
(1.11333333333 0.227142857143 0.01)
(1.12 0.227142857143 0.01)
(1.12666666667 0.227142857143 0.01)
(1.13333333333 0.227142857143 0.01)
(1.14 0.227142857143 0.01)
(1.14666666667 0.227142857143 0.01)
(1.15333333333 0.227142857143 0.01)
(1.16 0.227142857143 0.01)
(1.16666666667 0.227142857143 0.01)
(1.17333333333 0.227142857143 0.01)
(1.18 0.227142857143 0.01)
(1.18666666667 0.227142857143 0.01)
(1.19333333333 0.227142857143 0.01)
(1.2 0.227142857143 0.01)
(1.04 0.232857142857 0.01)
(1.04666666667 0.232857142857 0.01)
(1.05333333333 0.232857142857 0.01)
(1.06 0.232857142857 0.01)
(1.06666666667 0.232857142857 0.01)
(1.07333333333 0.232857142857 0.01)
(1.08 0.232857142857 0.01)
(1.08666666667 0.232857142857 0.01)
(1.09333333333 0.232857142857 0.01)
(1.1 0.232857142857 0.01)
(1.10666666667 0.232857142857 0.01)
(1.11333333333 0.232857142857 0.01)
(1.12 0.232857142857 0.01)
(1.12666666667 0.232857142857 0.01)
(1.13333333333 0.232857142857 0.01)
(1.14 0.232857142857 0.01)
(1.14666666667 0.232857142857 0.01)
(1.15333333333 0.232857142857 0.01)
(1.16 0.232857142857 0.01)
(1.16666666667 0.232857142857 0.01)
(1.17333333333 0.232857142857 0.01)
(1.18 0.232857142857 0.01)
(1.18666666667 0.232857142857 0.01)
(1.19333333333 0.232857142857 0.01)
(1.2 0.232857142857 0.01)
(1.04 0.238571428571 0.01)
(1.04666666667 0.238571428571 0.01)
(1.05333333333 0.238571428571 0.01)
(1.06 0.238571428571 0.01)
(1.06666666667 0.238571428571 0.01)
(1.07333333333 0.238571428571 0.01)
(1.08 0.238571428571 0.01)
(1.08666666667 0.238571428571 0.01)
(1.09333333333 0.238571428571 0.01)
(1.1 0.238571428571 0.01)
(1.10666666667 0.238571428571 0.01)
(1.11333333333 0.238571428571 0.01)
(1.12 0.238571428571 0.01)
(1.12666666667 0.238571428571 0.01)
(1.13333333333 0.238571428571 0.01)
(1.14 0.238571428571 0.01)
(1.14666666667 0.238571428571 0.01)
(1.15333333333 0.238571428571 0.01)
(1.16 0.238571428571 0.01)
(1.16666666667 0.238571428571 0.01)
(1.17333333333 0.238571428571 0.01)
(1.18 0.238571428571 0.01)
(1.18666666667 0.238571428571 0.01)
(1.19333333333 0.238571428571 0.01)
(1.2 0.238571428571 0.01)
(1.04 0.244285714286 0.01)
(1.04666666667 0.244285714286 0.01)
(1.05333333333 0.244285714286 0.01)
(1.06 0.244285714286 0.01)
(1.06666666667 0.244285714286 0.01)
(1.07333333333 0.244285714286 0.01)
(1.08 0.244285714286 0.01)
(1.08666666667 0.244285714286 0.01)
(1.09333333333 0.244285714286 0.01)
(1.1 0.244285714286 0.01)
(1.10666666667 0.244285714286 0.01)
(1.11333333333 0.244285714286 0.01)
(1.12 0.244285714286 0.01)
(1.12666666667 0.244285714286 0.01)
(1.13333333333 0.244285714286 0.01)
(1.14 0.244285714286 0.01)
(1.14666666667 0.244285714286 0.01)
(1.15333333333 0.244285714286 0.01)
(1.16 0.244285714286 0.01)
(1.16666666667 0.244285714286 0.01)
(1.17333333333 0.244285714286 0.01)
(1.18 0.244285714286 0.01)
(1.18666666667 0.244285714286 0.01)
(1.19333333333 0.244285714286 0.01)
(1.2 0.244285714286 0.01)
(1.04 0.25 0.01)
(1.04666666667 0.25 0.01)
(1.05333333333 0.25 0.01)
(1.06 0.25 0.01)
(1.06666666667 0.25 0.01)
(1.07333333333 0.25 0.01)
(1.08 0.25 0.01)
(1.08666666667 0.25 0.01)
(1.09333333333 0.25 0.01)
(1.1 0.25 0.01)
(1.10666666667 0.25 0.01)
(1.11333333333 0.25 0.01)
(1.12 0.25 0.01)
(1.12666666667 0.25 0.01)
(1.13333333333 0.25 0.01)
(1.14 0.25 0.01)
(1.14666666667 0.25 0.01)
(1.15333333333 0.25 0.01)
(1.16 0.25 0.01)
(1.16666666667 0.25 0.01)
(1.17333333333 0.25 0.01)
(1.18 0.25 0.01)
(1.18666666667 0.25 0.01)
(1.19333333333 0.25 0.01)
(1.2 0.25 0.01)
(1.04 0.255714285714 0.01)
(1.04666666667 0.255714285714 0.01)
(1.05333333333 0.255714285714 0.01)
(1.06 0.255714285714 0.01)
(1.06666666667 0.255714285714 0.01)
(1.07333333333 0.255714285714 0.01)
(1.08 0.255714285714 0.01)
(1.08666666667 0.255714285714 0.01)
(1.09333333333 0.255714285714 0.01)
(1.1 0.255714285714 0.01)
(1.10666666667 0.255714285714 0.01)
(1.11333333333 0.255714285714 0.01)
(1.12 0.255714285714 0.01)
(1.12666666667 0.255714285714 0.01)
(1.13333333333 0.255714285714 0.01)
(1.14 0.255714285714 0.01)
(1.14666666667 0.255714285714 0.01)
(1.15333333333 0.255714285714 0.01)
(1.16 0.255714285714 0.01)
(1.16666666667 0.255714285714 0.01)
(1.17333333333 0.255714285714 0.01)
(1.18 0.255714285714 0.01)
(1.18666666667 0.255714285714 0.01)
(1.19333333333 0.255714285714 0.01)
(1.2 0.255714285714 0.01)
(1.04 0.261428571429 0.01)
(1.04666666667 0.261428571429 0.01)
(1.05333333333 0.261428571429 0.01)
(1.06 0.261428571429 0.01)
(1.06666666667 0.261428571429 0.01)
(1.07333333333 0.261428571429 0.01)
(1.08 0.261428571429 0.01)
(1.08666666667 0.261428571429 0.01)
(1.09333333333 0.261428571429 0.01)
(1.1 0.261428571429 0.01)
(1.10666666667 0.261428571429 0.01)
(1.11333333333 0.261428571429 0.01)
(1.12 0.261428571429 0.01)
(1.12666666667 0.261428571429 0.01)
(1.13333333333 0.261428571429 0.01)
(1.14 0.261428571429 0.01)
(1.14666666667 0.261428571429 0.01)
(1.15333333333 0.261428571429 0.01)
(1.16 0.261428571429 0.01)
(1.16666666667 0.261428571429 0.01)
(1.17333333333 0.261428571429 0.01)
(1.18 0.261428571429 0.01)
(1.18666666667 0.261428571429 0.01)
(1.19333333333 0.261428571429 0.01)
(1.2 0.261428571429 0.01)
(1.04 0.267142857143 0.01)
(1.04666666667 0.267142857143 0.01)
(1.05333333333 0.267142857143 0.01)
(1.06 0.267142857143 0.01)
(1.06666666667 0.267142857143 0.01)
(1.07333333333 0.267142857143 0.01)
(1.08 0.267142857143 0.01)
(1.08666666667 0.267142857143 0.01)
(1.09333333333 0.267142857143 0.01)
(1.1 0.267142857143 0.01)
(1.10666666667 0.267142857143 0.01)
(1.11333333333 0.267142857143 0.01)
(1.12 0.267142857143 0.01)
(1.12666666667 0.267142857143 0.01)
(1.13333333333 0.267142857143 0.01)
(1.14 0.267142857143 0.01)
(1.14666666667 0.267142857143 0.01)
(1.15333333333 0.267142857143 0.01)
(1.16 0.267142857143 0.01)
(1.16666666667 0.267142857143 0.01)
(1.17333333333 0.267142857143 0.01)
(1.18 0.267142857143 0.01)
(1.18666666667 0.267142857143 0.01)
(1.19333333333 0.267142857143 0.01)
(1.2 0.267142857143 0.01)
(1.04 0.272857142857 0.01)
(1.04666666667 0.272857142857 0.01)
(1.05333333333 0.272857142857 0.01)
(1.06 0.272857142857 0.01)
(1.06666666667 0.272857142857 0.01)
(1.07333333333 0.272857142857 0.01)
(1.08 0.272857142857 0.01)
(1.08666666667 0.272857142857 0.01)
(1.09333333333 0.272857142857 0.01)
(1.1 0.272857142857 0.01)
(1.10666666667 0.272857142857 0.01)
(1.11333333333 0.272857142857 0.01)
(1.12 0.272857142857 0.01)
(1.12666666667 0.272857142857 0.01)
(1.13333333333 0.272857142857 0.01)
(1.14 0.272857142857 0.01)
(1.14666666667 0.272857142857 0.01)
(1.15333333333 0.272857142857 0.01)
(1.16 0.272857142857 0.01)
(1.16666666667 0.272857142857 0.01)
(1.17333333333 0.272857142857 0.01)
(1.18 0.272857142857 0.01)
(1.18666666667 0.272857142857 0.01)
(1.19333333333 0.272857142857 0.01)
(1.2 0.272857142857 0.01)
(1.04 0.278571428571 0.01)
(1.04666666667 0.278571428571 0.01)
(1.05333333333 0.278571428571 0.01)
(1.06 0.278571428571 0.01)
(1.06666666667 0.278571428571 0.01)
(1.07333333333 0.278571428571 0.01)
(1.08 0.278571428571 0.01)
(1.08666666667 0.278571428571 0.01)
(1.09333333333 0.278571428571 0.01)
(1.1 0.278571428571 0.01)
(1.10666666667 0.278571428571 0.01)
(1.11333333333 0.278571428571 0.01)
(1.12 0.278571428571 0.01)
(1.12666666667 0.278571428571 0.01)
(1.13333333333 0.278571428571 0.01)
(1.14 0.278571428571 0.01)
(1.14666666667 0.278571428571 0.01)
(1.15333333333 0.278571428571 0.01)
(1.16 0.278571428571 0.01)
(1.16666666667 0.278571428571 0.01)
(1.17333333333 0.278571428571 0.01)
(1.18 0.278571428571 0.01)
(1.18666666667 0.278571428571 0.01)
(1.19333333333 0.278571428571 0.01)
(1.2 0.278571428571 0.01)
(1.04 0.284285714286 0.01)
(1.04666666667 0.284285714286 0.01)
(1.05333333333 0.284285714286 0.01)
(1.06 0.284285714286 0.01)
(1.06666666667 0.284285714286 0.01)
(1.07333333333 0.284285714286 0.01)
(1.08 0.284285714286 0.01)
(1.08666666667 0.284285714286 0.01)
(1.09333333333 0.284285714286 0.01)
(1.1 0.284285714286 0.01)
(1.10666666667 0.284285714286 0.01)
(1.11333333333 0.284285714286 0.01)
(1.12 0.284285714286 0.01)
(1.12666666667 0.284285714286 0.01)
(1.13333333333 0.284285714286 0.01)
(1.14 0.284285714286 0.01)
(1.14666666667 0.284285714286 0.01)
(1.15333333333 0.284285714286 0.01)
(1.16 0.284285714286 0.01)
(1.16666666667 0.284285714286 0.01)
(1.17333333333 0.284285714286 0.01)
(1.18 0.284285714286 0.01)
(1.18666666667 0.284285714286 0.01)
(1.19333333333 0.284285714286 0.01)
(1.2 0.284285714286 0.01)
(1.04 0.29 0.01)
(1.04666666667 0.29 0.01)
(1.05333333333 0.29 0.01)
(1.06 0.29 0.01)
(1.06666666667 0.29 0.01)
(1.07333333333 0.29 0.01)
(1.08 0.29 0.01)
(1.08666666667 0.29 0.01)
(1.09333333333 0.29 0.01)
(1.1 0.29 0.01)
(1.10666666667 0.29 0.01)
(1.11333333333 0.29 0.01)
(1.12 0.29 0.01)
(1.12666666667 0.29 0.01)
(1.13333333333 0.29 0.01)
(1.14 0.29 0.01)
(1.14666666667 0.29 0.01)
(1.15333333333 0.29 0.01)
(1.16 0.29 0.01)
(1.16666666667 0.29 0.01)
(1.17333333333 0.29 0.01)
(1.18 0.29 0.01)
(1.18666666667 0.29 0.01)
(1.19333333333 0.29 0.01)
(1.2 0.29 0.01)
(1.04 0.295714285714 0.01)
(1.04666666667 0.295714285714 0.01)
(1.05333333333 0.295714285714 0.01)
(1.06 0.295714285714 0.01)
(1.06666666667 0.295714285714 0.01)
(1.07333333333 0.295714285714 0.01)
(1.08 0.295714285714 0.01)
(1.08666666667 0.295714285714 0.01)
(1.09333333333 0.295714285714 0.01)
(1.1 0.295714285714 0.01)
(1.10666666667 0.295714285714 0.01)
(1.11333333333 0.295714285714 0.01)
(1.12 0.295714285714 0.01)
(1.12666666667 0.295714285714 0.01)
(1.13333333333 0.295714285714 0.01)
(1.14 0.295714285714 0.01)
(1.14666666667 0.295714285714 0.01)
(1.15333333333 0.295714285714 0.01)
(1.16 0.295714285714 0.01)
(1.16666666667 0.295714285714 0.01)
(1.17333333333 0.295714285714 0.01)
(1.18 0.295714285714 0.01)
(1.18666666667 0.295714285714 0.01)
(1.19333333333 0.295714285714 0.01)
(1.2 0.295714285714 0.01)
(1.04 0.301428571429 0.01)
(1.04666666667 0.301428571429 0.01)
(1.05333333333 0.301428571429 0.01)
(1.06 0.301428571429 0.01)
(1.06666666667 0.301428571429 0.01)
(1.07333333333 0.301428571429 0.01)
(1.08 0.301428571429 0.01)
(1.08666666667 0.301428571429 0.01)
(1.09333333333 0.301428571429 0.01)
(1.1 0.301428571429 0.01)
(1.10666666667 0.301428571429 0.01)
(1.11333333333 0.301428571429 0.01)
(1.12 0.301428571429 0.01)
(1.12666666667 0.301428571429 0.01)
(1.13333333333 0.301428571429 0.01)
(1.14 0.301428571429 0.01)
(1.14666666667 0.301428571429 0.01)
(1.15333333333 0.301428571429 0.01)
(1.16 0.301428571429 0.01)
(1.16666666667 0.301428571429 0.01)
(1.17333333333 0.301428571429 0.01)
(1.18 0.301428571429 0.01)
(1.18666666667 0.301428571429 0.01)
(1.19333333333 0.301428571429 0.01)
(1.2 0.301428571429 0.01)
(1.04 0.307142857143 0.01)
(1.04666666667 0.307142857143 0.01)
(1.05333333333 0.307142857143 0.01)
(1.06 0.307142857143 0.01)
(1.06666666667 0.307142857143 0.01)
(1.07333333333 0.307142857143 0.01)
(1.08 0.307142857143 0.01)
(1.08666666667 0.307142857143 0.01)
(1.09333333333 0.307142857143 0.01)
(1.1 0.307142857143 0.01)
(1.10666666667 0.307142857143 0.01)
(1.11333333333 0.307142857143 0.01)
(1.12 0.307142857143 0.01)
(1.12666666667 0.307142857143 0.01)
(1.13333333333 0.307142857143 0.01)
(1.14 0.307142857143 0.01)
(1.14666666667 0.307142857143 0.01)
(1.15333333333 0.307142857143 0.01)
(1.16 0.307142857143 0.01)
(1.16666666667 0.307142857143 0.01)
(1.17333333333 0.307142857143 0.01)
(1.18 0.307142857143 0.01)
(1.18666666667 0.307142857143 0.01)
(1.19333333333 0.307142857143 0.01)
(1.2 0.307142857143 0.01)
(1.04 0.312857142857 0.01)
(1.04666666667 0.312857142857 0.01)
(1.05333333333 0.312857142857 0.01)
(1.06 0.312857142857 0.01)
(1.06666666667 0.312857142857 0.01)
(1.07333333333 0.312857142857 0.01)
(1.08 0.312857142857 0.01)
(1.08666666667 0.312857142857 0.01)
(1.09333333333 0.312857142857 0.01)
(1.1 0.312857142857 0.01)
(1.10666666667 0.312857142857 0.01)
(1.11333333333 0.312857142857 0.01)
(1.12 0.312857142857 0.01)
(1.12666666667 0.312857142857 0.01)
(1.13333333333 0.312857142857 0.01)
(1.14 0.312857142857 0.01)
(1.14666666667 0.312857142857 0.01)
(1.15333333333 0.312857142857 0.01)
(1.16 0.312857142857 0.01)
(1.16666666667 0.312857142857 0.01)
(1.17333333333 0.312857142857 0.01)
(1.18 0.312857142857 0.01)
(1.18666666667 0.312857142857 0.01)
(1.19333333333 0.312857142857 0.01)
(1.2 0.312857142857 0.01)
(1.04 0.318571428571 0.01)
(1.04666666667 0.318571428571 0.01)
(1.05333333333 0.318571428571 0.01)
(1.06 0.318571428571 0.01)
(1.06666666667 0.318571428571 0.01)
(1.07333333333 0.318571428571 0.01)
(1.08 0.318571428571 0.01)
(1.08666666667 0.318571428571 0.01)
(1.09333333333 0.318571428571 0.01)
(1.1 0.318571428571 0.01)
(1.10666666667 0.318571428571 0.01)
(1.11333333333 0.318571428571 0.01)
(1.12 0.318571428571 0.01)
(1.12666666667 0.318571428571 0.01)
(1.13333333333 0.318571428571 0.01)
(1.14 0.318571428571 0.01)
(1.14666666667 0.318571428571 0.01)
(1.15333333333 0.318571428571 0.01)
(1.16 0.318571428571 0.01)
(1.16666666667 0.318571428571 0.01)
(1.17333333333 0.318571428571 0.01)
(1.18 0.318571428571 0.01)
(1.18666666667 0.318571428571 0.01)
(1.19333333333 0.318571428571 0.01)
(1.2 0.318571428571 0.01)
(1.04 0.324285714286 0.01)
(1.04666666667 0.324285714286 0.01)
(1.05333333333 0.324285714286 0.01)
(1.06 0.324285714286 0.01)
(1.06666666667 0.324285714286 0.01)
(1.07333333333 0.324285714286 0.01)
(1.08 0.324285714286 0.01)
(1.08666666667 0.324285714286 0.01)
(1.09333333333 0.324285714286 0.01)
(1.1 0.324285714286 0.01)
(1.10666666667 0.324285714286 0.01)
(1.11333333333 0.324285714286 0.01)
(1.12 0.324285714286 0.01)
(1.12666666667 0.324285714286 0.01)
(1.13333333333 0.324285714286 0.01)
(1.14 0.324285714286 0.01)
(1.14666666667 0.324285714286 0.01)
(1.15333333333 0.324285714286 0.01)
(1.16 0.324285714286 0.01)
(1.16666666667 0.324285714286 0.01)
(1.17333333333 0.324285714286 0.01)
(1.18 0.324285714286 0.01)
(1.18666666667 0.324285714286 0.01)
(1.19333333333 0.324285714286 0.01)
(1.2 0.324285714286 0.01)
(1.04 0.33 0.01)
(1.04666666667 0.33 0.01)
(1.05333333333 0.33 0.01)
(1.06 0.33 0.01)
(1.06666666667 0.33 0.01)
(1.07333333333 0.33 0.01)
(1.08 0.33 0.01)
(1.08666666667 0.33 0.01)
(1.09333333333 0.33 0.01)
(1.1 0.33 0.01)
(1.10666666667 0.33 0.01)
(1.11333333333 0.33 0.01)
(1.12 0.33 0.01)
(1.12666666667 0.33 0.01)
(1.13333333333 0.33 0.01)
(1.14 0.33 0.01)
(1.14666666667 0.33 0.01)
(1.15333333333 0.33 0.01)
(1.16 0.33 0.01)
(1.16666666667 0.33 0.01)
(1.17333333333 0.33 0.01)
(1.18 0.33 0.01)
(1.18666666667 0.33 0.01)
(1.19333333333 0.33 0.01)
(1.2 0.33 0.01)
(1.04 0.335714285714 0.01)
(1.04666666667 0.335714285714 0.01)
(1.05333333333 0.335714285714 0.01)
(1.06 0.335714285714 0.01)
(1.06666666667 0.335714285714 0.01)
(1.07333333333 0.335714285714 0.01)
(1.08 0.335714285714 0.01)
(1.08666666667 0.335714285714 0.01)
(1.09333333333 0.335714285714 0.01)
(1.1 0.335714285714 0.01)
(1.10666666667 0.335714285714 0.01)
(1.11333333333 0.335714285714 0.01)
(1.12 0.335714285714 0.01)
(1.12666666667 0.335714285714 0.01)
(1.13333333333 0.335714285714 0.01)
(1.14 0.335714285714 0.01)
(1.14666666667 0.335714285714 0.01)
(1.15333333333 0.335714285714 0.01)
(1.16 0.335714285714 0.01)
(1.16666666667 0.335714285714 0.01)
(1.17333333333 0.335714285714 0.01)
(1.18 0.335714285714 0.01)
(1.18666666667 0.335714285714 0.01)
(1.19333333333 0.335714285714 0.01)
(1.2 0.335714285714 0.01)
(1.04 0.341428571429 0.01)
(1.04666666667 0.341428571429 0.01)
(1.05333333333 0.341428571429 0.01)
(1.06 0.341428571429 0.01)
(1.06666666667 0.341428571429 0.01)
(1.07333333333 0.341428571429 0.01)
(1.08 0.341428571429 0.01)
(1.08666666667 0.341428571429 0.01)
(1.09333333333 0.341428571429 0.01)
(1.1 0.341428571429 0.01)
(1.10666666667 0.341428571429 0.01)
(1.11333333333 0.341428571429 0.01)
(1.12 0.341428571429 0.01)
(1.12666666667 0.341428571429 0.01)
(1.13333333333 0.341428571429 0.01)
(1.14 0.341428571429 0.01)
(1.14666666667 0.341428571429 0.01)
(1.15333333333 0.341428571429 0.01)
(1.16 0.341428571429 0.01)
(1.16666666667 0.341428571429 0.01)
(1.17333333333 0.341428571429 0.01)
(1.18 0.341428571429 0.01)
(1.18666666667 0.341428571429 0.01)
(1.19333333333 0.341428571429 0.01)
(1.2 0.341428571429 0.01)
(1.04 0.347142857143 0.01)
(1.04666666667 0.347142857143 0.01)
(1.05333333333 0.347142857143 0.01)
(1.06 0.347142857143 0.01)
(1.06666666667 0.347142857143 0.01)
(1.07333333333 0.347142857143 0.01)
(1.08 0.347142857143 0.01)
(1.08666666667 0.347142857143 0.01)
(1.09333333333 0.347142857143 0.01)
(1.1 0.347142857143 0.01)
(1.10666666667 0.347142857143 0.01)
(1.11333333333 0.347142857143 0.01)
(1.12 0.347142857143 0.01)
(1.12666666667 0.347142857143 0.01)
(1.13333333333 0.347142857143 0.01)
(1.14 0.347142857143 0.01)
(1.14666666667 0.347142857143 0.01)
(1.15333333333 0.347142857143 0.01)
(1.16 0.347142857143 0.01)
(1.16666666667 0.347142857143 0.01)
(1.17333333333 0.347142857143 0.01)
(1.18 0.347142857143 0.01)
(1.18666666667 0.347142857143 0.01)
(1.19333333333 0.347142857143 0.01)
(1.2 0.347142857143 0.01)
(1.04 0.352857142857 0.01)
(1.04666666667 0.352857142857 0.01)
(1.05333333333 0.352857142857 0.01)
(1.06 0.352857142857 0.01)
(1.06666666667 0.352857142857 0.01)
(1.07333333333 0.352857142857 0.01)
(1.08 0.352857142857 0.01)
(1.08666666667 0.352857142857 0.01)
(1.09333333333 0.352857142857 0.01)
(1.1 0.352857142857 0.01)
(1.10666666667 0.352857142857 0.01)
(1.11333333333 0.352857142857 0.01)
(1.12 0.352857142857 0.01)
(1.12666666667 0.352857142857 0.01)
(1.13333333333 0.352857142857 0.01)
(1.14 0.352857142857 0.01)
(1.14666666667 0.352857142857 0.01)
(1.15333333333 0.352857142857 0.01)
(1.16 0.352857142857 0.01)
(1.16666666667 0.352857142857 0.01)
(1.17333333333 0.352857142857 0.01)
(1.18 0.352857142857 0.01)
(1.18666666667 0.352857142857 0.01)
(1.19333333333 0.352857142857 0.01)
(1.2 0.352857142857 0.01)
(1.04 0.358571428571 0.01)
(1.04666666667 0.358571428571 0.01)
(1.05333333333 0.358571428571 0.01)
(1.06 0.358571428571 0.01)
(1.06666666667 0.358571428571 0.01)
(1.07333333333 0.358571428571 0.01)
(1.08 0.358571428571 0.01)
(1.08666666667 0.358571428571 0.01)
(1.09333333333 0.358571428571 0.01)
(1.1 0.358571428571 0.01)
(1.10666666667 0.358571428571 0.01)
(1.11333333333 0.358571428571 0.01)
(1.12 0.358571428571 0.01)
(1.12666666667 0.358571428571 0.01)
(1.13333333333 0.358571428571 0.01)
(1.14 0.358571428571 0.01)
(1.14666666667 0.358571428571 0.01)
(1.15333333333 0.358571428571 0.01)
(1.16 0.358571428571 0.01)
(1.16666666667 0.358571428571 0.01)
(1.17333333333 0.358571428571 0.01)
(1.18 0.358571428571 0.01)
(1.18666666667 0.358571428571 0.01)
(1.19333333333 0.358571428571 0.01)
(1.2 0.358571428571 0.01)
(1.04 0.364285714286 0.01)
(1.04666666667 0.364285714286 0.01)
(1.05333333333 0.364285714286 0.01)
(1.06 0.364285714286 0.01)
(1.06666666667 0.364285714286 0.01)
(1.07333333333 0.364285714286 0.01)
(1.08 0.364285714286 0.01)
(1.08666666667 0.364285714286 0.01)
(1.09333333333 0.364285714286 0.01)
(1.1 0.364285714286 0.01)
(1.10666666667 0.364285714286 0.01)
(1.11333333333 0.364285714286 0.01)
(1.12 0.364285714286 0.01)
(1.12666666667 0.364285714286 0.01)
(1.13333333333 0.364285714286 0.01)
(1.14 0.364285714286 0.01)
(1.14666666667 0.364285714286 0.01)
(1.15333333333 0.364285714286 0.01)
(1.16 0.364285714286 0.01)
(1.16666666667 0.364285714286 0.01)
(1.17333333333 0.364285714286 0.01)
(1.18 0.364285714286 0.01)
(1.18666666667 0.364285714286 0.01)
(1.19333333333 0.364285714286 0.01)
(1.2 0.364285714286 0.01)
(1.04 0.37 0.01)
(1.04666666667 0.37 0.01)
(1.05333333333 0.37 0.01)
(1.06 0.37 0.01)
(1.06666666667 0.37 0.01)
(1.07333333333 0.37 0.01)
(1.08 0.37 0.01)
(1.08666666667 0.37 0.01)
(1.09333333333 0.37 0.01)
(1.1 0.37 0.01)
(1.10666666667 0.37 0.01)
(1.11333333333 0.37 0.01)
(1.12 0.37 0.01)
(1.12666666667 0.37 0.01)
(1.13333333333 0.37 0.01)
(1.14 0.37 0.01)
(1.14666666667 0.37 0.01)
(1.15333333333 0.37 0.01)
(1.16 0.37 0.01)
(1.16666666667 0.37 0.01)
(1.17333333333 0.37 0.01)
(1.18 0.37 0.01)
(1.18666666667 0.37 0.01)
(1.19333333333 0.37 0.01)
(1.2 0.37 0.01)
(1.04 0.375714285714 0.01)
(1.04666666667 0.375714285714 0.01)
(1.05333333333 0.375714285714 0.01)
(1.06 0.375714285714 0.01)
(1.06666666667 0.375714285714 0.01)
(1.07333333333 0.375714285714 0.01)
(1.08 0.375714285714 0.01)
(1.08666666667 0.375714285714 0.01)
(1.09333333333 0.375714285714 0.01)
(1.1 0.375714285714 0.01)
(1.10666666667 0.375714285714 0.01)
(1.11333333333 0.375714285714 0.01)
(1.12 0.375714285714 0.01)
(1.12666666667 0.375714285714 0.01)
(1.13333333333 0.375714285714 0.01)
(1.14 0.375714285714 0.01)
(1.14666666667 0.375714285714 0.01)
(1.15333333333 0.375714285714 0.01)
(1.16 0.375714285714 0.01)
(1.16666666667 0.375714285714 0.01)
(1.17333333333 0.375714285714 0.01)
(1.18 0.375714285714 0.01)
(1.18666666667 0.375714285714 0.01)
(1.19333333333 0.375714285714 0.01)
(1.2 0.375714285714 0.01)
(1.04 0.381428571429 0.01)
(1.04666666667 0.381428571429 0.01)
(1.05333333333 0.381428571429 0.01)
(1.06 0.381428571429 0.01)
(1.06666666667 0.381428571429 0.01)
(1.07333333333 0.381428571429 0.01)
(1.08 0.381428571429 0.01)
(1.08666666667 0.381428571429 0.01)
(1.09333333333 0.381428571429 0.01)
(1.1 0.381428571429 0.01)
(1.10666666667 0.381428571429 0.01)
(1.11333333333 0.381428571429 0.01)
(1.12 0.381428571429 0.01)
(1.12666666667 0.381428571429 0.01)
(1.13333333333 0.381428571429 0.01)
(1.14 0.381428571429 0.01)
(1.14666666667 0.381428571429 0.01)
(1.15333333333 0.381428571429 0.01)
(1.16 0.381428571429 0.01)
(1.16666666667 0.381428571429 0.01)
(1.17333333333 0.381428571429 0.01)
(1.18 0.381428571429 0.01)
(1.18666666667 0.381428571429 0.01)
(1.19333333333 0.381428571429 0.01)
(1.2 0.381428571429 0.01)
(1.04 0.387142857143 0.01)
(1.04666666667 0.387142857143 0.01)
(1.05333333333 0.387142857143 0.01)
(1.06 0.387142857143 0.01)
(1.06666666667 0.387142857143 0.01)
(1.07333333333 0.387142857143 0.01)
(1.08 0.387142857143 0.01)
(1.08666666667 0.387142857143 0.01)
(1.09333333333 0.387142857143 0.01)
(1.1 0.387142857143 0.01)
(1.10666666667 0.387142857143 0.01)
(1.11333333333 0.387142857143 0.01)
(1.12 0.387142857143 0.01)
(1.12666666667 0.387142857143 0.01)
(1.13333333333 0.387142857143 0.01)
(1.14 0.387142857143 0.01)
(1.14666666667 0.387142857143 0.01)
(1.15333333333 0.387142857143 0.01)
(1.16 0.387142857143 0.01)
(1.16666666667 0.387142857143 0.01)
(1.17333333333 0.387142857143 0.01)
(1.18 0.387142857143 0.01)
(1.18666666667 0.387142857143 0.01)
(1.19333333333 0.387142857143 0.01)
(1.2 0.387142857143 0.01)
(1.04 0.392857142857 0.01)
(1.04666666667 0.392857142857 0.01)
(1.05333333333 0.392857142857 0.01)
(1.06 0.392857142857 0.01)
(1.06666666667 0.392857142857 0.01)
(1.07333333333 0.392857142857 0.01)
(1.08 0.392857142857 0.01)
(1.08666666667 0.392857142857 0.01)
(1.09333333333 0.392857142857 0.01)
(1.1 0.392857142857 0.01)
(1.10666666667 0.392857142857 0.01)
(1.11333333333 0.392857142857 0.01)
(1.12 0.392857142857 0.01)
(1.12666666667 0.392857142857 0.01)
(1.13333333333 0.392857142857 0.01)
(1.14 0.392857142857 0.01)
(1.14666666667 0.392857142857 0.01)
(1.15333333333 0.392857142857 0.01)
(1.16 0.392857142857 0.01)
(1.16666666667 0.392857142857 0.01)
(1.17333333333 0.392857142857 0.01)
(1.18 0.392857142857 0.01)
(1.18666666667 0.392857142857 0.01)
(1.19333333333 0.392857142857 0.01)
(1.2 0.392857142857 0.01)
(1.04 0.398571428571 0.01)
(1.04666666667 0.398571428571 0.01)
(1.05333333333 0.398571428571 0.01)
(1.06 0.398571428571 0.01)
(1.06666666667 0.398571428571 0.01)
(1.07333333333 0.398571428571 0.01)
(1.08 0.398571428571 0.01)
(1.08666666667 0.398571428571 0.01)
(1.09333333333 0.398571428571 0.01)
(1.1 0.398571428571 0.01)
(1.10666666667 0.398571428571 0.01)
(1.11333333333 0.398571428571 0.01)
(1.12 0.398571428571 0.01)
(1.12666666667 0.398571428571 0.01)
(1.13333333333 0.398571428571 0.01)
(1.14 0.398571428571 0.01)
(1.14666666667 0.398571428571 0.01)
(1.15333333333 0.398571428571 0.01)
(1.16 0.398571428571 0.01)
(1.16666666667 0.398571428571 0.01)
(1.17333333333 0.398571428571 0.01)
(1.18 0.398571428571 0.01)
(1.18666666667 0.398571428571 0.01)
(1.19333333333 0.398571428571 0.01)
(1.2 0.398571428571 0.01)
(1.04 0.404285714286 0.01)
(1.04666666667 0.404285714286 0.01)
(1.05333333333 0.404285714286 0.01)
(1.06 0.404285714286 0.01)
(1.06666666667 0.404285714286 0.01)
(1.07333333333 0.404285714286 0.01)
(1.08 0.404285714286 0.01)
(1.08666666667 0.404285714286 0.01)
(1.09333333333 0.404285714286 0.01)
(1.1 0.404285714286 0.01)
(1.10666666667 0.404285714286 0.01)
(1.11333333333 0.404285714286 0.01)
(1.12 0.404285714286 0.01)
(1.12666666667 0.404285714286 0.01)
(1.13333333333 0.404285714286 0.01)
(1.14 0.404285714286 0.01)
(1.14666666667 0.404285714286 0.01)
(1.15333333333 0.404285714286 0.01)
(1.16 0.404285714286 0.01)
(1.16666666667 0.404285714286 0.01)
(1.17333333333 0.404285714286 0.01)
(1.18 0.404285714286 0.01)
(1.18666666667 0.404285714286 0.01)
(1.19333333333 0.404285714286 0.01)
(1.2 0.404285714286 0.01)
(1.04 0.41 0.01)
(1.04666666667 0.41 0.01)
(1.05333333333 0.41 0.01)
(1.06 0.41 0.01)
(1.06666666667 0.41 0.01)
(1.07333333333 0.41 0.01)
(1.08 0.41 0.01)
(1.08666666667 0.41 0.01)
(1.09333333333 0.41 0.01)
(1.1 0.41 0.01)
(1.10666666667 0.41 0.01)
(1.11333333333 0.41 0.01)
(1.12 0.41 0.01)
(1.12666666667 0.41 0.01)
(1.13333333333 0.41 0.01)
(1.14 0.41 0.01)
(1.14666666667 0.41 0.01)
(1.15333333333 0.41 0.01)
(1.16 0.41 0.01)
(1.16666666667 0.41 0.01)
(1.17333333333 0.41 0.01)
(1.18 0.41 0.01)
(1.18666666667 0.41 0.01)
(1.19333333333 0.41 0.01)
(1.2 0.41 0.01)
(1.24 0.0157142857143 0)
(1.24642857143 0.0157142857143 0)
(1.25285714286 0.0157142857143 0)
(1.25928571429 0.0157142857143 0)
(1.26571428571 0.0157142857143 0)
(1.27214285714 0.0157142857143 0)
(1.27857142857 0.0157142857143 0)
(1.285 0.0157142857143 0)
(1.29142857143 0.0157142857143 0)
(1.29785714286 0.0157142857143 0)
(1.30428571429 0.0157142857143 0)
(1.31071428571 0.0157142857143 0)
(1.31714285714 0.0157142857143 0)
(1.32357142857 0.0157142857143 0)
(1.33 0.0157142857143 0)
(1.33642857143 0.0157142857143 0)
(1.34285714286 0.0157142857143 0)
(1.34928571429 0.0157142857143 0)
(1.35571428571 0.0157142857143 0)
(1.36214285714 0.0157142857143 0)
(1.36857142857 0.0157142857143 0)
(1.375 0.0157142857143 0)
(1.38142857143 0.0157142857143 0)
(1.38785714286 0.0157142857143 0)
(1.39428571429 0.0157142857143 0)
(1.40071428571 0.0157142857143 0)
(1.40714285714 0.0157142857143 0)
(1.41357142857 0.0157142857143 0)
(1.42 0.0157142857143 0)
(1.24 0.0214285714286 0)
(1.24642857143 0.0214285714286 0)
(1.25285714286 0.0214285714286 0)
(1.25928571429 0.0214285714286 0)
(1.26571428571 0.0214285714286 0)
(1.27214285714 0.0214285714286 0)
(1.27857142857 0.0214285714286 0)
(1.285 0.0214285714286 0)
(1.29142857143 0.0214285714286 0)
(1.29785714286 0.0214285714286 0)
(1.30428571429 0.0214285714286 0)
(1.31071428571 0.0214285714286 0)
(1.31714285714 0.0214285714286 0)
(1.32357142857 0.0214285714286 0)
(1.33 0.0214285714286 0)
(1.33642857143 0.0214285714286 0)
(1.34285714286 0.0214285714286 0)
(1.34928571429 0.0214285714286 0)
(1.35571428571 0.0214285714286 0)
(1.36214285714 0.0214285714286 0)
(1.36857142857 0.0214285714286 0)
(1.375 0.0214285714286 0)
(1.38142857143 0.0214285714286 0)
(1.38785714286 0.0214285714286 0)
(1.39428571429 0.0214285714286 0)
(1.40071428571 0.0214285714286 0)
(1.40714285714 0.0214285714286 0)
(1.41357142857 0.0214285714286 0)
(1.42 0.0214285714286 0)
(1.24 0.0271428571429 0)
(1.24642857143 0.0271428571429 0)
(1.25285714286 0.0271428571429 0)
(1.25928571429 0.0271428571429 0)
(1.26571428571 0.0271428571429 0)
(1.27214285714 0.0271428571429 0)
(1.27857142857 0.0271428571429 0)
(1.285 0.0271428571429 0)
(1.29142857143 0.0271428571429 0)
(1.29785714286 0.0271428571429 0)
(1.30428571429 0.0271428571429 0)
(1.31071428571 0.0271428571429 0)
(1.31714285714 0.0271428571429 0)
(1.32357142857 0.0271428571429 0)
(1.33 0.0271428571429 0)
(1.33642857143 0.0271428571429 0)
(1.34285714286 0.0271428571429 0)
(1.34928571429 0.0271428571429 0)
(1.35571428571 0.0271428571429 0)
(1.36214285714 0.0271428571429 0)
(1.36857142857 0.0271428571429 0)
(1.375 0.0271428571429 0)
(1.38142857143 0.0271428571429 0)
(1.38785714286 0.0271428571429 0)
(1.39428571429 0.0271428571429 0)
(1.40071428571 0.0271428571429 0)
(1.40714285714 0.0271428571429 0)
(1.41357142857 0.0271428571429 0)
(1.42 0.0271428571429 0)
(1.24 0.0328571428571 0)
(1.24642857143 0.0328571428571 0)
(1.25285714286 0.0328571428571 0)
(1.25928571429 0.0328571428571 0)
(1.26571428571 0.0328571428571 0)
(1.27214285714 0.0328571428571 0)
(1.27857142857 0.0328571428571 0)
(1.285 0.0328571428571 0)
(1.29142857143 0.0328571428571 0)
(1.29785714286 0.0328571428571 0)
(1.30428571429 0.0328571428571 0)
(1.31071428571 0.0328571428571 0)
(1.31714285714 0.0328571428571 0)
(1.32357142857 0.0328571428571 0)
(1.33 0.0328571428571 0)
(1.33642857143 0.0328571428571 0)
(1.34285714286 0.0328571428571 0)
(1.34928571429 0.0328571428571 0)
(1.35571428571 0.0328571428571 0)
(1.36214285714 0.0328571428571 0)
(1.36857142857 0.0328571428571 0)
(1.375 0.0328571428571 0)
(1.38142857143 0.0328571428571 0)
(1.38785714286 0.0328571428571 0)
(1.39428571429 0.0328571428571 0)
(1.40071428571 0.0328571428571 0)
(1.40714285714 0.0328571428571 0)
(1.41357142857 0.0328571428571 0)
(1.42 0.0328571428571 0)
(1.24 0.0385714285714 0)
(1.24642857143 0.0385714285714 0)
(1.25285714286 0.0385714285714 0)
(1.25928571429 0.0385714285714 0)
(1.26571428571 0.0385714285714 0)
(1.27214285714 0.0385714285714 0)
(1.27857142857 0.0385714285714 0)
(1.285 0.0385714285714 0)
(1.29142857143 0.0385714285714 0)
(1.29785714286 0.0385714285714 0)
(1.30428571429 0.0385714285714 0)
(1.31071428571 0.0385714285714 0)
(1.31714285714 0.0385714285714 0)
(1.32357142857 0.0385714285714 0)
(1.33 0.0385714285714 0)
(1.33642857143 0.0385714285714 0)
(1.34285714286 0.0385714285714 0)
(1.34928571429 0.0385714285714 0)
(1.35571428571 0.0385714285714 0)
(1.36214285714 0.0385714285714 0)
(1.36857142857 0.0385714285714 0)
(1.375 0.0385714285714 0)
(1.38142857143 0.0385714285714 0)
(1.38785714286 0.0385714285714 0)
(1.39428571429 0.0385714285714 0)
(1.40071428571 0.0385714285714 0)
(1.40714285714 0.0385714285714 0)
(1.41357142857 0.0385714285714 0)
(1.42 0.0385714285714 0)
(1.24 0.0442857142857 0)
(1.24642857143 0.0442857142857 0)
(1.25285714286 0.0442857142857 0)
(1.25928571429 0.0442857142857 0)
(1.26571428571 0.0442857142857 0)
(1.27214285714 0.0442857142857 0)
(1.27857142857 0.0442857142857 0)
(1.285 0.0442857142857 0)
(1.29142857143 0.0442857142857 0)
(1.29785714286 0.0442857142857 0)
(1.30428571429 0.0442857142857 0)
(1.31071428571 0.0442857142857 0)
(1.31714285714 0.0442857142857 0)
(1.32357142857 0.0442857142857 0)
(1.33 0.0442857142857 0)
(1.33642857143 0.0442857142857 0)
(1.34285714286 0.0442857142857 0)
(1.34928571429 0.0442857142857 0)
(1.35571428571 0.0442857142857 0)
(1.36214285714 0.0442857142857 0)
(1.36857142857 0.0442857142857 0)
(1.375 0.0442857142857 0)
(1.38142857143 0.0442857142857 0)
(1.38785714286 0.0442857142857 0)
(1.39428571429 0.0442857142857 0)
(1.40071428571 0.0442857142857 0)
(1.40714285714 0.0442857142857 0)
(1.41357142857 0.0442857142857 0)
(1.42 0.0442857142857 0)
(1.24 0.05 0)
(1.24642857143 0.05 0)
(1.25285714286 0.05 0)
(1.25928571429 0.05 0)
(1.26571428571 0.05 0)
(1.27214285714 0.05 0)
(1.27857142857 0.05 0)
(1.285 0.05 0)
(1.29142857143 0.05 0)
(1.29785714286 0.05 0)
(1.30428571429 0.05 0)
(1.31071428571 0.05 0)
(1.31714285714 0.05 0)
(1.32357142857 0.05 0)
(1.33 0.05 0)
(1.33642857143 0.05 0)
(1.34285714286 0.05 0)
(1.34928571429 0.05 0)
(1.35571428571 0.05 0)
(1.36214285714 0.05 0)
(1.36857142857 0.05 0)
(1.375 0.05 0)
(1.38142857143 0.05 0)
(1.38785714286 0.05 0)
(1.39428571429 0.05 0)
(1.40071428571 0.05 0)
(1.40714285714 0.05 0)
(1.41357142857 0.05 0)
(1.42 0.05 0)
(1.24 0.0557142857143 0)
(1.24642857143 0.0557142857143 0)
(1.25285714286 0.0557142857143 0)
(1.25928571429 0.0557142857143 0)
(1.26571428571 0.0557142857143 0)
(1.27214285714 0.0557142857143 0)
(1.27857142857 0.0557142857143 0)
(1.285 0.0557142857143 0)
(1.29142857143 0.0557142857143 0)
(1.29785714286 0.0557142857143 0)
(1.30428571429 0.0557142857143 0)
(1.31071428571 0.0557142857143 0)
(1.31714285714 0.0557142857143 0)
(1.32357142857 0.0557142857143 0)
(1.33 0.0557142857143 0)
(1.33642857143 0.0557142857143 0)
(1.34285714286 0.0557142857143 0)
(1.34928571429 0.0557142857143 0)
(1.35571428571 0.0557142857143 0)
(1.36214285714 0.0557142857143 0)
(1.36857142857 0.0557142857143 0)
(1.375 0.0557142857143 0)
(1.38142857143 0.0557142857143 0)
(1.38785714286 0.0557142857143 0)
(1.39428571429 0.0557142857143 0)
(1.40071428571 0.0557142857143 0)
(1.40714285714 0.0557142857143 0)
(1.41357142857 0.0557142857143 0)
(1.42 0.0557142857143 0)
(1.24 0.0614285714286 0)
(1.24642857143 0.0614285714286 0)
(1.25285714286 0.0614285714286 0)
(1.25928571429 0.0614285714286 0)
(1.26571428571 0.0614285714286 0)
(1.27214285714 0.0614285714286 0)
(1.27857142857 0.0614285714286 0)
(1.285 0.0614285714286 0)
(1.29142857143 0.0614285714286 0)
(1.29785714286 0.0614285714286 0)
(1.30428571429 0.0614285714286 0)
(1.31071428571 0.0614285714286 0)
(1.31714285714 0.0614285714286 0)
(1.32357142857 0.0614285714286 0)
(1.33 0.0614285714286 0)
(1.33642857143 0.0614285714286 0)
(1.34285714286 0.0614285714286 0)
(1.34928571429 0.0614285714286 0)
(1.35571428571 0.0614285714286 0)
(1.36214285714 0.0614285714286 0)
(1.36857142857 0.0614285714286 0)
(1.375 0.0614285714286 0)
(1.38142857143 0.0614285714286 0)
(1.38785714286 0.0614285714286 0)
(1.39428571429 0.0614285714286 0)
(1.40071428571 0.0614285714286 0)
(1.40714285714 0.0614285714286 0)
(1.41357142857 0.0614285714286 0)
(1.42 0.0614285714286 0)
(1.24 0.0671428571429 0)
(1.24642857143 0.0671428571429 0)
(1.25285714286 0.0671428571429 0)
(1.25928571429 0.0671428571429 0)
(1.26571428571 0.0671428571429 0)
(1.27214285714 0.0671428571429 0)
(1.27857142857 0.0671428571429 0)
(1.285 0.0671428571429 0)
(1.29142857143 0.0671428571429 0)
(1.29785714286 0.0671428571429 0)
(1.30428571429 0.0671428571429 0)
(1.31071428571 0.0671428571429 0)
(1.31714285714 0.0671428571429 0)
(1.32357142857 0.0671428571429 0)
(1.33 0.0671428571429 0)
(1.33642857143 0.0671428571429 0)
(1.34285714286 0.0671428571429 0)
(1.34928571429 0.0671428571429 0)
(1.35571428571 0.0671428571429 0)
(1.36214285714 0.0671428571429 0)
(1.36857142857 0.0671428571429 0)
(1.375 0.0671428571429 0)
(1.38142857143 0.0671428571429 0)
(1.38785714286 0.0671428571429 0)
(1.39428571429 0.0671428571429 0)
(1.40071428571 0.0671428571429 0)
(1.40714285714 0.0671428571429 0)
(1.41357142857 0.0671428571429 0)
(1.42 0.0671428571429 0)
(1.24 0.0728571428571 0)
(1.24642857143 0.0728571428571 0)
(1.25285714286 0.0728571428571 0)
(1.25928571429 0.0728571428571 0)
(1.26571428571 0.0728571428571 0)
(1.27214285714 0.0728571428571 0)
(1.27857142857 0.0728571428571 0)
(1.285 0.0728571428571 0)
(1.29142857143 0.0728571428571 0)
(1.29785714286 0.0728571428571 0)
(1.30428571429 0.0728571428571 0)
(1.31071428571 0.0728571428571 0)
(1.31714285714 0.0728571428571 0)
(1.32357142857 0.0728571428571 0)
(1.33 0.0728571428571 0)
(1.33642857143 0.0728571428571 0)
(1.34285714286 0.0728571428571 0)
(1.34928571429 0.0728571428571 0)
(1.35571428571 0.0728571428571 0)
(1.36214285714 0.0728571428571 0)
(1.36857142857 0.0728571428571 0)
(1.375 0.0728571428571 0)
(1.38142857143 0.0728571428571 0)
(1.38785714286 0.0728571428571 0)
(1.39428571429 0.0728571428571 0)
(1.40071428571 0.0728571428571 0)
(1.40714285714 0.0728571428571 0)
(1.41357142857 0.0728571428571 0)
(1.42 0.0728571428571 0)
(1.24 0.0785714285714 0)
(1.24642857143 0.0785714285714 0)
(1.25285714286 0.0785714285714 0)
(1.25928571429 0.0785714285714 0)
(1.26571428571 0.0785714285714 0)
(1.27214285714 0.0785714285714 0)
(1.27857142857 0.0785714285714 0)
(1.285 0.0785714285714 0)
(1.29142857143 0.0785714285714 0)
(1.29785714286 0.0785714285714 0)
(1.30428571429 0.0785714285714 0)
(1.31071428571 0.0785714285714 0)
(1.31714285714 0.0785714285714 0)
(1.32357142857 0.0785714285714 0)
(1.33 0.0785714285714 0)
(1.33642857143 0.0785714285714 0)
(1.34285714286 0.0785714285714 0)
(1.34928571429 0.0785714285714 0)
(1.35571428571 0.0785714285714 0)
(1.36214285714 0.0785714285714 0)
(1.36857142857 0.0785714285714 0)
(1.375 0.0785714285714 0)
(1.38142857143 0.0785714285714 0)
(1.38785714286 0.0785714285714 0)
(1.39428571429 0.0785714285714 0)
(1.40071428571 0.0785714285714 0)
(1.40714285714 0.0785714285714 0)
(1.41357142857 0.0785714285714 0)
(1.42 0.0785714285714 0)
(1.24 0.0842857142857 0)
(1.24642857143 0.0842857142857 0)
(1.25285714286 0.0842857142857 0)
(1.25928571429 0.0842857142857 0)
(1.26571428571 0.0842857142857 0)
(1.27214285714 0.0842857142857 0)
(1.27857142857 0.0842857142857 0)
(1.285 0.0842857142857 0)
(1.29142857143 0.0842857142857 0)
(1.29785714286 0.0842857142857 0)
(1.30428571429 0.0842857142857 0)
(1.31071428571 0.0842857142857 0)
(1.31714285714 0.0842857142857 0)
(1.32357142857 0.0842857142857 0)
(1.33 0.0842857142857 0)
(1.33642857143 0.0842857142857 0)
(1.34285714286 0.0842857142857 0)
(1.34928571429 0.0842857142857 0)
(1.35571428571 0.0842857142857 0)
(1.36214285714 0.0842857142857 0)
(1.36857142857 0.0842857142857 0)
(1.375 0.0842857142857 0)
(1.38142857143 0.0842857142857 0)
(1.38785714286 0.0842857142857 0)
(1.39428571429 0.0842857142857 0)
(1.40071428571 0.0842857142857 0)
(1.40714285714 0.0842857142857 0)
(1.41357142857 0.0842857142857 0)
(1.42 0.0842857142857 0)
(1.24 0.09 0)
(1.24642857143 0.09 0)
(1.25285714286 0.09 0)
(1.25928571429 0.09 0)
(1.26571428571 0.09 0)
(1.27214285714 0.09 0)
(1.27857142857 0.09 0)
(1.285 0.09 0)
(1.29142857143 0.09 0)
(1.29785714286 0.09 0)
(1.30428571429 0.09 0)
(1.31071428571 0.09 0)
(1.31714285714 0.09 0)
(1.32357142857 0.09 0)
(1.33 0.09 0)
(1.33642857143 0.09 0)
(1.34285714286 0.09 0)
(1.34928571429 0.09 0)
(1.35571428571 0.09 0)
(1.36214285714 0.09 0)
(1.36857142857 0.09 0)
(1.375 0.09 0)
(1.38142857143 0.09 0)
(1.38785714286 0.09 0)
(1.39428571429 0.09 0)
(1.40071428571 0.09 0)
(1.40714285714 0.09 0)
(1.41357142857 0.09 0)
(1.42 0.09 0)
(1.24 0.0957142857143 0)
(1.24642857143 0.0957142857143 0)
(1.25285714286 0.0957142857143 0)
(1.25928571429 0.0957142857143 0)
(1.26571428571 0.0957142857143 0)
(1.27214285714 0.0957142857143 0)
(1.27857142857 0.0957142857143 0)
(1.285 0.0957142857143 0)
(1.29142857143 0.0957142857143 0)
(1.29785714286 0.0957142857143 0)
(1.30428571429 0.0957142857143 0)
(1.31071428571 0.0957142857143 0)
(1.31714285714 0.0957142857143 0)
(1.32357142857 0.0957142857143 0)
(1.33 0.0957142857143 0)
(1.33642857143 0.0957142857143 0)
(1.34285714286 0.0957142857143 0)
(1.34928571429 0.0957142857143 0)
(1.35571428571 0.0957142857143 0)
(1.36214285714 0.0957142857143 0)
(1.36857142857 0.0957142857143 0)
(1.375 0.0957142857143 0)
(1.38142857143 0.0957142857143 0)
(1.38785714286 0.0957142857143 0)
(1.39428571429 0.0957142857143 0)
(1.40071428571 0.0957142857143 0)
(1.40714285714 0.0957142857143 0)
(1.41357142857 0.0957142857143 0)
(1.42 0.0957142857143 0)
(1.24 0.101428571429 0)
(1.24642857143 0.101428571429 0)
(1.25285714286 0.101428571429 0)
(1.25928571429 0.101428571429 0)
(1.26571428571 0.101428571429 0)
(1.27214285714 0.101428571429 0)
(1.27857142857 0.101428571429 0)
(1.285 0.101428571429 0)
(1.29142857143 0.101428571429 0)
(1.29785714286 0.101428571429 0)
(1.30428571429 0.101428571429 0)
(1.31071428571 0.101428571429 0)
(1.31714285714 0.101428571429 0)
(1.32357142857 0.101428571429 0)
(1.33 0.101428571429 0)
(1.33642857143 0.101428571429 0)
(1.34285714286 0.101428571429 0)
(1.34928571429 0.101428571429 0)
(1.35571428571 0.101428571429 0)
(1.36214285714 0.101428571429 0)
(1.36857142857 0.101428571429 0)
(1.375 0.101428571429 0)
(1.38142857143 0.101428571429 0)
(1.38785714286 0.101428571429 0)
(1.39428571429 0.101428571429 0)
(1.40071428571 0.101428571429 0)
(1.40714285714 0.101428571429 0)
(1.41357142857 0.101428571429 0)
(1.42 0.101428571429 0)
(1.24 0.107142857143 0)
(1.24642857143 0.107142857143 0)
(1.25285714286 0.107142857143 0)
(1.25928571429 0.107142857143 0)
(1.26571428571 0.107142857143 0)
(1.27214285714 0.107142857143 0)
(1.27857142857 0.107142857143 0)
(1.285 0.107142857143 0)
(1.29142857143 0.107142857143 0)
(1.29785714286 0.107142857143 0)
(1.30428571429 0.107142857143 0)
(1.31071428571 0.107142857143 0)
(1.31714285714 0.107142857143 0)
(1.32357142857 0.107142857143 0)
(1.33 0.107142857143 0)
(1.33642857143 0.107142857143 0)
(1.34285714286 0.107142857143 0)
(1.34928571429 0.107142857143 0)
(1.35571428571 0.107142857143 0)
(1.36214285714 0.107142857143 0)
(1.36857142857 0.107142857143 0)
(1.375 0.107142857143 0)
(1.38142857143 0.107142857143 0)
(1.38785714286 0.107142857143 0)
(1.39428571429 0.107142857143 0)
(1.40071428571 0.107142857143 0)
(1.40714285714 0.107142857143 0)
(1.41357142857 0.107142857143 0)
(1.42 0.107142857143 0)
(1.24 0.112857142857 0)
(1.24642857143 0.112857142857 0)
(1.25285714286 0.112857142857 0)
(1.25928571429 0.112857142857 0)
(1.26571428571 0.112857142857 0)
(1.27214285714 0.112857142857 0)
(1.27857142857 0.112857142857 0)
(1.285 0.112857142857 0)
(1.29142857143 0.112857142857 0)
(1.29785714286 0.112857142857 0)
(1.30428571429 0.112857142857 0)
(1.31071428571 0.112857142857 0)
(1.31714285714 0.112857142857 0)
(1.32357142857 0.112857142857 0)
(1.33 0.112857142857 0)
(1.33642857143 0.112857142857 0)
(1.34285714286 0.112857142857 0)
(1.34928571429 0.112857142857 0)
(1.35571428571 0.112857142857 0)
(1.36214285714 0.112857142857 0)
(1.36857142857 0.112857142857 0)
(1.375 0.112857142857 0)
(1.38142857143 0.112857142857 0)
(1.38785714286 0.112857142857 0)
(1.39428571429 0.112857142857 0)
(1.40071428571 0.112857142857 0)
(1.40714285714 0.112857142857 0)
(1.41357142857 0.112857142857 0)
(1.42 0.112857142857 0)
(1.24 0.118571428571 0)
(1.24642857143 0.118571428571 0)
(1.25285714286 0.118571428571 0)
(1.25928571429 0.118571428571 0)
(1.26571428571 0.118571428571 0)
(1.27214285714 0.118571428571 0)
(1.27857142857 0.118571428571 0)
(1.285 0.118571428571 0)
(1.29142857143 0.118571428571 0)
(1.29785714286 0.118571428571 0)
(1.30428571429 0.118571428571 0)
(1.31071428571 0.118571428571 0)
(1.31714285714 0.118571428571 0)
(1.32357142857 0.118571428571 0)
(1.33 0.118571428571 0)
(1.33642857143 0.118571428571 0)
(1.34285714286 0.118571428571 0)
(1.34928571429 0.118571428571 0)
(1.35571428571 0.118571428571 0)
(1.36214285714 0.118571428571 0)
(1.36857142857 0.118571428571 0)
(1.375 0.118571428571 0)
(1.38142857143 0.118571428571 0)
(1.38785714286 0.118571428571 0)
(1.39428571429 0.118571428571 0)
(1.40071428571 0.118571428571 0)
(1.40714285714 0.118571428571 0)
(1.41357142857 0.118571428571 0)
(1.42 0.118571428571 0)
(1.24 0.124285714286 0)
(1.24642857143 0.124285714286 0)
(1.25285714286 0.124285714286 0)
(1.25928571429 0.124285714286 0)
(1.26571428571 0.124285714286 0)
(1.27214285714 0.124285714286 0)
(1.27857142857 0.124285714286 0)
(1.285 0.124285714286 0)
(1.29142857143 0.124285714286 0)
(1.29785714286 0.124285714286 0)
(1.30428571429 0.124285714286 0)
(1.31071428571 0.124285714286 0)
(1.31714285714 0.124285714286 0)
(1.32357142857 0.124285714286 0)
(1.33 0.124285714286 0)
(1.33642857143 0.124285714286 0)
(1.34285714286 0.124285714286 0)
(1.34928571429 0.124285714286 0)
(1.35571428571 0.124285714286 0)
(1.36214285714 0.124285714286 0)
(1.36857142857 0.124285714286 0)
(1.375 0.124285714286 0)
(1.38142857143 0.124285714286 0)
(1.38785714286 0.124285714286 0)
(1.39428571429 0.124285714286 0)
(1.40071428571 0.124285714286 0)
(1.40714285714 0.124285714286 0)
(1.41357142857 0.124285714286 0)
(1.42 0.124285714286 0)
(1.24 0.13 0)
(1.24642857143 0.13 0)
(1.25285714286 0.13 0)
(1.25928571429 0.13 0)
(1.26571428571 0.13 0)
(1.27214285714 0.13 0)
(1.27857142857 0.13 0)
(1.285 0.13 0)
(1.29142857143 0.13 0)
(1.29785714286 0.13 0)
(1.30428571429 0.13 0)
(1.31071428571 0.13 0)
(1.31714285714 0.13 0)
(1.32357142857 0.13 0)
(1.33 0.13 0)
(1.33642857143 0.13 0)
(1.34285714286 0.13 0)
(1.34928571429 0.13 0)
(1.35571428571 0.13 0)
(1.36214285714 0.13 0)
(1.36857142857 0.13 0)
(1.375 0.13 0)
(1.38142857143 0.13 0)
(1.38785714286 0.13 0)
(1.39428571429 0.13 0)
(1.40071428571 0.13 0)
(1.40714285714 0.13 0)
(1.41357142857 0.13 0)
(1.42 0.13 0)
(1.24 0.135714285714 0)
(1.24642857143 0.135714285714 0)
(1.25285714286 0.135714285714 0)
(1.25928571429 0.135714285714 0)
(1.26571428571 0.135714285714 0)
(1.27214285714 0.135714285714 0)
(1.27857142857 0.135714285714 0)
(1.285 0.135714285714 0)
(1.29142857143 0.135714285714 0)
(1.29785714286 0.135714285714 0)
(1.30428571429 0.135714285714 0)
(1.31071428571 0.135714285714 0)
(1.31714285714 0.135714285714 0)
(1.32357142857 0.135714285714 0)
(1.33 0.135714285714 0)
(1.33642857143 0.135714285714 0)
(1.34285714286 0.135714285714 0)
(1.34928571429 0.135714285714 0)
(1.35571428571 0.135714285714 0)
(1.36214285714 0.135714285714 0)
(1.36857142857 0.135714285714 0)
(1.375 0.135714285714 0)
(1.38142857143 0.135714285714 0)
(1.38785714286 0.135714285714 0)
(1.39428571429 0.135714285714 0)
(1.40071428571 0.135714285714 0)
(1.40714285714 0.135714285714 0)
(1.41357142857 0.135714285714 0)
(1.42 0.135714285714 0)
(1.24 0.141428571429 0)
(1.24642857143 0.141428571429 0)
(1.25285714286 0.141428571429 0)
(1.25928571429 0.141428571429 0)
(1.26571428571 0.141428571429 0)
(1.27214285714 0.141428571429 0)
(1.27857142857 0.141428571429 0)
(1.285 0.141428571429 0)
(1.29142857143 0.141428571429 0)
(1.29785714286 0.141428571429 0)
(1.30428571429 0.141428571429 0)
(1.31071428571 0.141428571429 0)
(1.31714285714 0.141428571429 0)
(1.32357142857 0.141428571429 0)
(1.33 0.141428571429 0)
(1.33642857143 0.141428571429 0)
(1.34285714286 0.141428571429 0)
(1.34928571429 0.141428571429 0)
(1.35571428571 0.141428571429 0)
(1.36214285714 0.141428571429 0)
(1.36857142857 0.141428571429 0)
(1.375 0.141428571429 0)
(1.38142857143 0.141428571429 0)
(1.38785714286 0.141428571429 0)
(1.39428571429 0.141428571429 0)
(1.40071428571 0.141428571429 0)
(1.40714285714 0.141428571429 0)
(1.41357142857 0.141428571429 0)
(1.42 0.141428571429 0)
(1.24 0.147142857143 0)
(1.24642857143 0.147142857143 0)
(1.25285714286 0.147142857143 0)
(1.25928571429 0.147142857143 0)
(1.26571428571 0.147142857143 0)
(1.27214285714 0.147142857143 0)
(1.27857142857 0.147142857143 0)
(1.285 0.147142857143 0)
(1.29142857143 0.147142857143 0)
(1.29785714286 0.147142857143 0)
(1.30428571429 0.147142857143 0)
(1.31071428571 0.147142857143 0)
(1.31714285714 0.147142857143 0)
(1.32357142857 0.147142857143 0)
(1.33 0.147142857143 0)
(1.33642857143 0.147142857143 0)
(1.34285714286 0.147142857143 0)
(1.34928571429 0.147142857143 0)
(1.35571428571 0.147142857143 0)
(1.36214285714 0.147142857143 0)
(1.36857142857 0.147142857143 0)
(1.375 0.147142857143 0)
(1.38142857143 0.147142857143 0)
(1.38785714286 0.147142857143 0)
(1.39428571429 0.147142857143 0)
(1.40071428571 0.147142857143 0)
(1.40714285714 0.147142857143 0)
(1.41357142857 0.147142857143 0)
(1.42 0.147142857143 0)
(1.24 0.152857142857 0)
(1.24642857143 0.152857142857 0)
(1.25285714286 0.152857142857 0)
(1.25928571429 0.152857142857 0)
(1.26571428571 0.152857142857 0)
(1.27214285714 0.152857142857 0)
(1.27857142857 0.152857142857 0)
(1.285 0.152857142857 0)
(1.29142857143 0.152857142857 0)
(1.29785714286 0.152857142857 0)
(1.30428571429 0.152857142857 0)
(1.31071428571 0.152857142857 0)
(1.31714285714 0.152857142857 0)
(1.32357142857 0.152857142857 0)
(1.33 0.152857142857 0)
(1.33642857143 0.152857142857 0)
(1.34285714286 0.152857142857 0)
(1.34928571429 0.152857142857 0)
(1.35571428571 0.152857142857 0)
(1.36214285714 0.152857142857 0)
(1.36857142857 0.152857142857 0)
(1.375 0.152857142857 0)
(1.38142857143 0.152857142857 0)
(1.38785714286 0.152857142857 0)
(1.39428571429 0.152857142857 0)
(1.40071428571 0.152857142857 0)
(1.40714285714 0.152857142857 0)
(1.41357142857 0.152857142857 0)
(1.42 0.152857142857 0)
(1.24 0.158571428571 0)
(1.24642857143 0.158571428571 0)
(1.25285714286 0.158571428571 0)
(1.25928571429 0.158571428571 0)
(1.26571428571 0.158571428571 0)
(1.27214285714 0.158571428571 0)
(1.27857142857 0.158571428571 0)
(1.285 0.158571428571 0)
(1.29142857143 0.158571428571 0)
(1.29785714286 0.158571428571 0)
(1.30428571429 0.158571428571 0)
(1.31071428571 0.158571428571 0)
(1.31714285714 0.158571428571 0)
(1.32357142857 0.158571428571 0)
(1.33 0.158571428571 0)
(1.33642857143 0.158571428571 0)
(1.34285714286 0.158571428571 0)
(1.34928571429 0.158571428571 0)
(1.35571428571 0.158571428571 0)
(1.36214285714 0.158571428571 0)
(1.36857142857 0.158571428571 0)
(1.375 0.158571428571 0)
(1.38142857143 0.158571428571 0)
(1.38785714286 0.158571428571 0)
(1.39428571429 0.158571428571 0)
(1.40071428571 0.158571428571 0)
(1.40714285714 0.158571428571 0)
(1.41357142857 0.158571428571 0)
(1.42 0.158571428571 0)
(1.24 0.164285714286 0)
(1.24642857143 0.164285714286 0)
(1.25285714286 0.164285714286 0)
(1.25928571429 0.164285714286 0)
(1.26571428571 0.164285714286 0)
(1.27214285714 0.164285714286 0)
(1.27857142857 0.164285714286 0)
(1.285 0.164285714286 0)
(1.29142857143 0.164285714286 0)
(1.29785714286 0.164285714286 0)
(1.30428571429 0.164285714286 0)
(1.31071428571 0.164285714286 0)
(1.31714285714 0.164285714286 0)
(1.32357142857 0.164285714286 0)
(1.33 0.164285714286 0)
(1.33642857143 0.164285714286 0)
(1.34285714286 0.164285714286 0)
(1.34928571429 0.164285714286 0)
(1.35571428571 0.164285714286 0)
(1.36214285714 0.164285714286 0)
(1.36857142857 0.164285714286 0)
(1.375 0.164285714286 0)
(1.38142857143 0.164285714286 0)
(1.38785714286 0.164285714286 0)
(1.39428571429 0.164285714286 0)
(1.40071428571 0.164285714286 0)
(1.40714285714 0.164285714286 0)
(1.41357142857 0.164285714286 0)
(1.42 0.164285714286 0)
(1.24 0.17 0)
(1.24642857143 0.17 0)
(1.25285714286 0.17 0)
(1.25928571429 0.17 0)
(1.26571428571 0.17 0)
(1.27214285714 0.17 0)
(1.27857142857 0.17 0)
(1.285 0.17 0)
(1.29142857143 0.17 0)
(1.29785714286 0.17 0)
(1.30428571429 0.17 0)
(1.31071428571 0.17 0)
(1.31714285714 0.17 0)
(1.32357142857 0.17 0)
(1.33 0.17 0)
(1.33642857143 0.17 0)
(1.34285714286 0.17 0)
(1.34928571429 0.17 0)
(1.35571428571 0.17 0)
(1.36214285714 0.17 0)
(1.36857142857 0.17 0)
(1.375 0.17 0)
(1.38142857143 0.17 0)
(1.38785714286 0.17 0)
(1.39428571429 0.17 0)
(1.40071428571 0.17 0)
(1.40714285714 0.17 0)
(1.41357142857 0.17 0)
(1.42 0.17 0)
(1.24 0.175714285714 0)
(1.24642857143 0.175714285714 0)
(1.25285714286 0.175714285714 0)
(1.25928571429 0.175714285714 0)
(1.26571428571 0.175714285714 0)
(1.27214285714 0.175714285714 0)
(1.27857142857 0.175714285714 0)
(1.285 0.175714285714 0)
(1.29142857143 0.175714285714 0)
(1.29785714286 0.175714285714 0)
(1.30428571429 0.175714285714 0)
(1.31071428571 0.175714285714 0)
(1.31714285714 0.175714285714 0)
(1.32357142857 0.175714285714 0)
(1.33 0.175714285714 0)
(1.33642857143 0.175714285714 0)
(1.34285714286 0.175714285714 0)
(1.34928571429 0.175714285714 0)
(1.35571428571 0.175714285714 0)
(1.36214285714 0.175714285714 0)
(1.36857142857 0.175714285714 0)
(1.375 0.175714285714 0)
(1.38142857143 0.175714285714 0)
(1.38785714286 0.175714285714 0)
(1.39428571429 0.175714285714 0)
(1.40071428571 0.175714285714 0)
(1.40714285714 0.175714285714 0)
(1.41357142857 0.175714285714 0)
(1.42 0.175714285714 0)
(1.24 0.181428571429 0)
(1.24642857143 0.181428571429 0)
(1.25285714286 0.181428571429 0)
(1.25928571429 0.181428571429 0)
(1.26571428571 0.181428571429 0)
(1.27214285714 0.181428571429 0)
(1.27857142857 0.181428571429 0)
(1.285 0.181428571429 0)
(1.29142857143 0.181428571429 0)
(1.29785714286 0.181428571429 0)
(1.30428571429 0.181428571429 0)
(1.31071428571 0.181428571429 0)
(1.31714285714 0.181428571429 0)
(1.32357142857 0.181428571429 0)
(1.33 0.181428571429 0)
(1.33642857143 0.181428571429 0)
(1.34285714286 0.181428571429 0)
(1.34928571429 0.181428571429 0)
(1.35571428571 0.181428571429 0)
(1.36214285714 0.181428571429 0)
(1.36857142857 0.181428571429 0)
(1.375 0.181428571429 0)
(1.38142857143 0.181428571429 0)
(1.38785714286 0.181428571429 0)
(1.39428571429 0.181428571429 0)
(1.40071428571 0.181428571429 0)
(1.40714285714 0.181428571429 0)
(1.41357142857 0.181428571429 0)
(1.42 0.181428571429 0)
(1.24 0.187142857143 0)
(1.24642857143 0.187142857143 0)
(1.25285714286 0.187142857143 0)
(1.25928571429 0.187142857143 0)
(1.26571428571 0.187142857143 0)
(1.27214285714 0.187142857143 0)
(1.27857142857 0.187142857143 0)
(1.285 0.187142857143 0)
(1.29142857143 0.187142857143 0)
(1.29785714286 0.187142857143 0)
(1.30428571429 0.187142857143 0)
(1.31071428571 0.187142857143 0)
(1.31714285714 0.187142857143 0)
(1.32357142857 0.187142857143 0)
(1.33 0.187142857143 0)
(1.33642857143 0.187142857143 0)
(1.34285714286 0.187142857143 0)
(1.34928571429 0.187142857143 0)
(1.35571428571 0.187142857143 0)
(1.36214285714 0.187142857143 0)
(1.36857142857 0.187142857143 0)
(1.375 0.187142857143 0)
(1.38142857143 0.187142857143 0)
(1.38785714286 0.187142857143 0)
(1.39428571429 0.187142857143 0)
(1.40071428571 0.187142857143 0)
(1.40714285714 0.187142857143 0)
(1.41357142857 0.187142857143 0)
(1.42 0.187142857143 0)
(1.24 0.192857142857 0)
(1.24642857143 0.192857142857 0)
(1.25285714286 0.192857142857 0)
(1.25928571429 0.192857142857 0)
(1.26571428571 0.192857142857 0)
(1.27214285714 0.192857142857 0)
(1.27857142857 0.192857142857 0)
(1.285 0.192857142857 0)
(1.29142857143 0.192857142857 0)
(1.29785714286 0.192857142857 0)
(1.30428571429 0.192857142857 0)
(1.31071428571 0.192857142857 0)
(1.31714285714 0.192857142857 0)
(1.32357142857 0.192857142857 0)
(1.33 0.192857142857 0)
(1.33642857143 0.192857142857 0)
(1.34285714286 0.192857142857 0)
(1.34928571429 0.192857142857 0)
(1.35571428571 0.192857142857 0)
(1.36214285714 0.192857142857 0)
(1.36857142857 0.192857142857 0)
(1.375 0.192857142857 0)
(1.38142857143 0.192857142857 0)
(1.38785714286 0.192857142857 0)
(1.39428571429 0.192857142857 0)
(1.40071428571 0.192857142857 0)
(1.40714285714 0.192857142857 0)
(1.41357142857 0.192857142857 0)
(1.42 0.192857142857 0)
(1.24 0.198571428571 0)
(1.24642857143 0.198571428571 0)
(1.25285714286 0.198571428571 0)
(1.25928571429 0.198571428571 0)
(1.26571428571 0.198571428571 0)
(1.27214285714 0.198571428571 0)
(1.27857142857 0.198571428571 0)
(1.285 0.198571428571 0)
(1.29142857143 0.198571428571 0)
(1.29785714286 0.198571428571 0)
(1.30428571429 0.198571428571 0)
(1.31071428571 0.198571428571 0)
(1.31714285714 0.198571428571 0)
(1.32357142857 0.198571428571 0)
(1.33 0.198571428571 0)
(1.33642857143 0.198571428571 0)
(1.34285714286 0.198571428571 0)
(1.34928571429 0.198571428571 0)
(1.35571428571 0.198571428571 0)
(1.36214285714 0.198571428571 0)
(1.36857142857 0.198571428571 0)
(1.375 0.198571428571 0)
(1.38142857143 0.198571428571 0)
(1.38785714286 0.198571428571 0)
(1.39428571429 0.198571428571 0)
(1.40071428571 0.198571428571 0)
(1.40714285714 0.198571428571 0)
(1.41357142857 0.198571428571 0)
(1.42 0.198571428571 0)
(1.24 0.204285714286 0)
(1.24642857143 0.204285714286 0)
(1.25285714286 0.204285714286 0)
(1.25928571429 0.204285714286 0)
(1.26571428571 0.204285714286 0)
(1.27214285714 0.204285714286 0)
(1.27857142857 0.204285714286 0)
(1.285 0.204285714286 0)
(1.29142857143 0.204285714286 0)
(1.29785714286 0.204285714286 0)
(1.30428571429 0.204285714286 0)
(1.31071428571 0.204285714286 0)
(1.31714285714 0.204285714286 0)
(1.32357142857 0.204285714286 0)
(1.33 0.204285714286 0)
(1.33642857143 0.204285714286 0)
(1.34285714286 0.204285714286 0)
(1.34928571429 0.204285714286 0)
(1.35571428571 0.204285714286 0)
(1.36214285714 0.204285714286 0)
(1.36857142857 0.204285714286 0)
(1.375 0.204285714286 0)
(1.38142857143 0.204285714286 0)
(1.38785714286 0.204285714286 0)
(1.39428571429 0.204285714286 0)
(1.40071428571 0.204285714286 0)
(1.40714285714 0.204285714286 0)
(1.41357142857 0.204285714286 0)
(1.42 0.204285714286 0)
(1.24 0.21 0)
(1.24642857143 0.21 0)
(1.25285714286 0.21 0)
(1.25928571429 0.21 0)
(1.26571428571 0.21 0)
(1.27214285714 0.21 0)
(1.27857142857 0.21 0)
(1.285 0.21 0)
(1.29142857143 0.21 0)
(1.29785714286 0.21 0)
(1.30428571429 0.21 0)
(1.31071428571 0.21 0)
(1.31714285714 0.21 0)
(1.32357142857 0.21 0)
(1.33 0.21 0)
(1.33642857143 0.21 0)
(1.34285714286 0.21 0)
(1.34928571429 0.21 0)
(1.35571428571 0.21 0)
(1.36214285714 0.21 0)
(1.36857142857 0.21 0)
(1.375 0.21 0)
(1.38142857143 0.21 0)
(1.38785714286 0.21 0)
(1.39428571429 0.21 0)
(1.40071428571 0.21 0)
(1.40714285714 0.21 0)
(1.41357142857 0.21 0)
(1.42 0.21 0)
(1.24 0.215714285714 0)
(1.24642857143 0.215714285714 0)
(1.25285714286 0.215714285714 0)
(1.25928571429 0.215714285714 0)
(1.26571428571 0.215714285714 0)
(1.27214285714 0.215714285714 0)
(1.27857142857 0.215714285714 0)
(1.285 0.215714285714 0)
(1.29142857143 0.215714285714 0)
(1.29785714286 0.215714285714 0)
(1.30428571429 0.215714285714 0)
(1.31071428571 0.215714285714 0)
(1.31714285714 0.215714285714 0)
(1.32357142857 0.215714285714 0)
(1.33 0.215714285714 0)
(1.33642857143 0.215714285714 0)
(1.34285714286 0.215714285714 0)
(1.34928571429 0.215714285714 0)
(1.35571428571 0.215714285714 0)
(1.36214285714 0.215714285714 0)
(1.36857142857 0.215714285714 0)
(1.375 0.215714285714 0)
(1.38142857143 0.215714285714 0)
(1.38785714286 0.215714285714 0)
(1.39428571429 0.215714285714 0)
(1.40071428571 0.215714285714 0)
(1.40714285714 0.215714285714 0)
(1.41357142857 0.215714285714 0)
(1.42 0.215714285714 0)
(1.24 0.221428571429 0)
(1.24642857143 0.221428571429 0)
(1.25285714286 0.221428571429 0)
(1.25928571429 0.221428571429 0)
(1.26571428571 0.221428571429 0)
(1.27214285714 0.221428571429 0)
(1.27857142857 0.221428571429 0)
(1.285 0.221428571429 0)
(1.29142857143 0.221428571429 0)
(1.29785714286 0.221428571429 0)
(1.30428571429 0.221428571429 0)
(1.31071428571 0.221428571429 0)
(1.31714285714 0.221428571429 0)
(1.32357142857 0.221428571429 0)
(1.33 0.221428571429 0)
(1.33642857143 0.221428571429 0)
(1.34285714286 0.221428571429 0)
(1.34928571429 0.221428571429 0)
(1.35571428571 0.221428571429 0)
(1.36214285714 0.221428571429 0)
(1.36857142857 0.221428571429 0)
(1.375 0.221428571429 0)
(1.38142857143 0.221428571429 0)
(1.38785714286 0.221428571429 0)
(1.39428571429 0.221428571429 0)
(1.40071428571 0.221428571429 0)
(1.40714285714 0.221428571429 0)
(1.41357142857 0.221428571429 0)
(1.42 0.221428571429 0)
(1.24 0.227142857143 0)
(1.24642857143 0.227142857143 0)
(1.25285714286 0.227142857143 0)
(1.25928571429 0.227142857143 0)
(1.26571428571 0.227142857143 0)
(1.27214285714 0.227142857143 0)
(1.27857142857 0.227142857143 0)
(1.285 0.227142857143 0)
(1.29142857143 0.227142857143 0)
(1.29785714286 0.227142857143 0)
(1.30428571429 0.227142857143 0)
(1.31071428571 0.227142857143 0)
(1.31714285714 0.227142857143 0)
(1.32357142857 0.227142857143 0)
(1.33 0.227142857143 0)
(1.33642857143 0.227142857143 0)
(1.34285714286 0.227142857143 0)
(1.34928571429 0.227142857143 0)
(1.35571428571 0.227142857143 0)
(1.36214285714 0.227142857143 0)
(1.36857142857 0.227142857143 0)
(1.375 0.227142857143 0)
(1.38142857143 0.227142857143 0)
(1.38785714286 0.227142857143 0)
(1.39428571429 0.227142857143 0)
(1.40071428571 0.227142857143 0)
(1.40714285714 0.227142857143 0)
(1.41357142857 0.227142857143 0)
(1.42 0.227142857143 0)
(1.24 0.232857142857 0)
(1.24642857143 0.232857142857 0)
(1.25285714286 0.232857142857 0)
(1.25928571429 0.232857142857 0)
(1.26571428571 0.232857142857 0)
(1.27214285714 0.232857142857 0)
(1.27857142857 0.232857142857 0)
(1.285 0.232857142857 0)
(1.29142857143 0.232857142857 0)
(1.29785714286 0.232857142857 0)
(1.30428571429 0.232857142857 0)
(1.31071428571 0.232857142857 0)
(1.31714285714 0.232857142857 0)
(1.32357142857 0.232857142857 0)
(1.33 0.232857142857 0)
(1.33642857143 0.232857142857 0)
(1.34285714286 0.232857142857 0)
(1.34928571429 0.232857142857 0)
(1.35571428571 0.232857142857 0)
(1.36214285714 0.232857142857 0)
(1.36857142857 0.232857142857 0)
(1.375 0.232857142857 0)
(1.38142857143 0.232857142857 0)
(1.38785714286 0.232857142857 0)
(1.39428571429 0.232857142857 0)
(1.40071428571 0.232857142857 0)
(1.40714285714 0.232857142857 0)
(1.41357142857 0.232857142857 0)
(1.42 0.232857142857 0)
(1.24 0.238571428571 0)
(1.24642857143 0.238571428571 0)
(1.25285714286 0.238571428571 0)
(1.25928571429 0.238571428571 0)
(1.26571428571 0.238571428571 0)
(1.27214285714 0.238571428571 0)
(1.27857142857 0.238571428571 0)
(1.285 0.238571428571 0)
(1.29142857143 0.238571428571 0)
(1.29785714286 0.238571428571 0)
(1.30428571429 0.238571428571 0)
(1.31071428571 0.238571428571 0)
(1.31714285714 0.238571428571 0)
(1.32357142857 0.238571428571 0)
(1.33 0.238571428571 0)
(1.33642857143 0.238571428571 0)
(1.34285714286 0.238571428571 0)
(1.34928571429 0.238571428571 0)
(1.35571428571 0.238571428571 0)
(1.36214285714 0.238571428571 0)
(1.36857142857 0.238571428571 0)
(1.375 0.238571428571 0)
(1.38142857143 0.238571428571 0)
(1.38785714286 0.238571428571 0)
(1.39428571429 0.238571428571 0)
(1.40071428571 0.238571428571 0)
(1.40714285714 0.238571428571 0)
(1.41357142857 0.238571428571 0)
(1.42 0.238571428571 0)
(1.24 0.244285714286 0)
(1.24642857143 0.244285714286 0)
(1.25285714286 0.244285714286 0)
(1.25928571429 0.244285714286 0)
(1.26571428571 0.244285714286 0)
(1.27214285714 0.244285714286 0)
(1.27857142857 0.244285714286 0)
(1.285 0.244285714286 0)
(1.29142857143 0.244285714286 0)
(1.29785714286 0.244285714286 0)
(1.30428571429 0.244285714286 0)
(1.31071428571 0.244285714286 0)
(1.31714285714 0.244285714286 0)
(1.32357142857 0.244285714286 0)
(1.33 0.244285714286 0)
(1.33642857143 0.244285714286 0)
(1.34285714286 0.244285714286 0)
(1.34928571429 0.244285714286 0)
(1.35571428571 0.244285714286 0)
(1.36214285714 0.244285714286 0)
(1.36857142857 0.244285714286 0)
(1.375 0.244285714286 0)
(1.38142857143 0.244285714286 0)
(1.38785714286 0.244285714286 0)
(1.39428571429 0.244285714286 0)
(1.40071428571 0.244285714286 0)
(1.40714285714 0.244285714286 0)
(1.41357142857 0.244285714286 0)
(1.42 0.244285714286 0)
(1.24 0.25 0)
(1.24642857143 0.25 0)
(1.25285714286 0.25 0)
(1.25928571429 0.25 0)
(1.26571428571 0.25 0)
(1.27214285714 0.25 0)
(1.27857142857 0.25 0)
(1.285 0.25 0)
(1.29142857143 0.25 0)
(1.29785714286 0.25 0)
(1.30428571429 0.25 0)
(1.31071428571 0.25 0)
(1.31714285714 0.25 0)
(1.32357142857 0.25 0)
(1.33 0.25 0)
(1.33642857143 0.25 0)
(1.34285714286 0.25 0)
(1.34928571429 0.25 0)
(1.35571428571 0.25 0)
(1.36214285714 0.25 0)
(1.36857142857 0.25 0)
(1.375 0.25 0)
(1.38142857143 0.25 0)
(1.38785714286 0.25 0)
(1.39428571429 0.25 0)
(1.40071428571 0.25 0)
(1.40714285714 0.25 0)
(1.41357142857 0.25 0)
(1.42 0.25 0)
(1.24 0.255714285714 0)
(1.24642857143 0.255714285714 0)
(1.25285714286 0.255714285714 0)
(1.25928571429 0.255714285714 0)
(1.26571428571 0.255714285714 0)
(1.27214285714 0.255714285714 0)
(1.27857142857 0.255714285714 0)
(1.285 0.255714285714 0)
(1.29142857143 0.255714285714 0)
(1.29785714286 0.255714285714 0)
(1.30428571429 0.255714285714 0)
(1.31071428571 0.255714285714 0)
(1.31714285714 0.255714285714 0)
(1.32357142857 0.255714285714 0)
(1.33 0.255714285714 0)
(1.33642857143 0.255714285714 0)
(1.34285714286 0.255714285714 0)
(1.34928571429 0.255714285714 0)
(1.35571428571 0.255714285714 0)
(1.36214285714 0.255714285714 0)
(1.36857142857 0.255714285714 0)
(1.375 0.255714285714 0)
(1.38142857143 0.255714285714 0)
(1.38785714286 0.255714285714 0)
(1.39428571429 0.255714285714 0)
(1.40071428571 0.255714285714 0)
(1.40714285714 0.255714285714 0)
(1.41357142857 0.255714285714 0)
(1.42 0.255714285714 0)
(1.24 0.261428571429 0)
(1.24642857143 0.261428571429 0)
(1.25285714286 0.261428571429 0)
(1.25928571429 0.261428571429 0)
(1.26571428571 0.261428571429 0)
(1.27214285714 0.261428571429 0)
(1.27857142857 0.261428571429 0)
(1.285 0.261428571429 0)
(1.29142857143 0.261428571429 0)
(1.29785714286 0.261428571429 0)
(1.30428571429 0.261428571429 0)
(1.31071428571 0.261428571429 0)
(1.31714285714 0.261428571429 0)
(1.32357142857 0.261428571429 0)
(1.33 0.261428571429 0)
(1.33642857143 0.261428571429 0)
(1.34285714286 0.261428571429 0)
(1.34928571429 0.261428571429 0)
(1.35571428571 0.261428571429 0)
(1.36214285714 0.261428571429 0)
(1.36857142857 0.261428571429 0)
(1.375 0.261428571429 0)
(1.38142857143 0.261428571429 0)
(1.38785714286 0.261428571429 0)
(1.39428571429 0.261428571429 0)
(1.40071428571 0.261428571429 0)
(1.40714285714 0.261428571429 0)
(1.41357142857 0.261428571429 0)
(1.42 0.261428571429 0)
(1.24 0.267142857143 0)
(1.24642857143 0.267142857143 0)
(1.25285714286 0.267142857143 0)
(1.25928571429 0.267142857143 0)
(1.26571428571 0.267142857143 0)
(1.27214285714 0.267142857143 0)
(1.27857142857 0.267142857143 0)
(1.285 0.267142857143 0)
(1.29142857143 0.267142857143 0)
(1.29785714286 0.267142857143 0)
(1.30428571429 0.267142857143 0)
(1.31071428571 0.267142857143 0)
(1.31714285714 0.267142857143 0)
(1.32357142857 0.267142857143 0)
(1.33 0.267142857143 0)
(1.33642857143 0.267142857143 0)
(1.34285714286 0.267142857143 0)
(1.34928571429 0.267142857143 0)
(1.35571428571 0.267142857143 0)
(1.36214285714 0.267142857143 0)
(1.36857142857 0.267142857143 0)
(1.375 0.267142857143 0)
(1.38142857143 0.267142857143 0)
(1.38785714286 0.267142857143 0)
(1.39428571429 0.267142857143 0)
(1.40071428571 0.267142857143 0)
(1.40714285714 0.267142857143 0)
(1.41357142857 0.267142857143 0)
(1.42 0.267142857143 0)
(1.24 0.272857142857 0)
(1.24642857143 0.272857142857 0)
(1.25285714286 0.272857142857 0)
(1.25928571429 0.272857142857 0)
(1.26571428571 0.272857142857 0)
(1.27214285714 0.272857142857 0)
(1.27857142857 0.272857142857 0)
(1.285 0.272857142857 0)
(1.29142857143 0.272857142857 0)
(1.29785714286 0.272857142857 0)
(1.30428571429 0.272857142857 0)
(1.31071428571 0.272857142857 0)
(1.31714285714 0.272857142857 0)
(1.32357142857 0.272857142857 0)
(1.33 0.272857142857 0)
(1.33642857143 0.272857142857 0)
(1.34285714286 0.272857142857 0)
(1.34928571429 0.272857142857 0)
(1.35571428571 0.272857142857 0)
(1.36214285714 0.272857142857 0)
(1.36857142857 0.272857142857 0)
(1.375 0.272857142857 0)
(1.38142857143 0.272857142857 0)
(1.38785714286 0.272857142857 0)
(1.39428571429 0.272857142857 0)
(1.40071428571 0.272857142857 0)
(1.40714285714 0.272857142857 0)
(1.41357142857 0.272857142857 0)
(1.42 0.272857142857 0)
(1.24 0.278571428571 0)
(1.24642857143 0.278571428571 0)
(1.25285714286 0.278571428571 0)
(1.25928571429 0.278571428571 0)
(1.26571428571 0.278571428571 0)
(1.27214285714 0.278571428571 0)
(1.27857142857 0.278571428571 0)
(1.285 0.278571428571 0)
(1.29142857143 0.278571428571 0)
(1.29785714286 0.278571428571 0)
(1.30428571429 0.278571428571 0)
(1.31071428571 0.278571428571 0)
(1.31714285714 0.278571428571 0)
(1.32357142857 0.278571428571 0)
(1.33 0.278571428571 0)
(1.33642857143 0.278571428571 0)
(1.34285714286 0.278571428571 0)
(1.34928571429 0.278571428571 0)
(1.35571428571 0.278571428571 0)
(1.36214285714 0.278571428571 0)
(1.36857142857 0.278571428571 0)
(1.375 0.278571428571 0)
(1.38142857143 0.278571428571 0)
(1.38785714286 0.278571428571 0)
(1.39428571429 0.278571428571 0)
(1.40071428571 0.278571428571 0)
(1.40714285714 0.278571428571 0)
(1.41357142857 0.278571428571 0)
(1.42 0.278571428571 0)
(1.24 0.284285714286 0)
(1.24642857143 0.284285714286 0)
(1.25285714286 0.284285714286 0)
(1.25928571429 0.284285714286 0)
(1.26571428571 0.284285714286 0)
(1.27214285714 0.284285714286 0)
(1.27857142857 0.284285714286 0)
(1.285 0.284285714286 0)
(1.29142857143 0.284285714286 0)
(1.29785714286 0.284285714286 0)
(1.30428571429 0.284285714286 0)
(1.31071428571 0.284285714286 0)
(1.31714285714 0.284285714286 0)
(1.32357142857 0.284285714286 0)
(1.33 0.284285714286 0)
(1.33642857143 0.284285714286 0)
(1.34285714286 0.284285714286 0)
(1.34928571429 0.284285714286 0)
(1.35571428571 0.284285714286 0)
(1.36214285714 0.284285714286 0)
(1.36857142857 0.284285714286 0)
(1.375 0.284285714286 0)
(1.38142857143 0.284285714286 0)
(1.38785714286 0.284285714286 0)
(1.39428571429 0.284285714286 0)
(1.40071428571 0.284285714286 0)
(1.40714285714 0.284285714286 0)
(1.41357142857 0.284285714286 0)
(1.42 0.284285714286 0)
(1.24 0.29 0)
(1.24642857143 0.29 0)
(1.25285714286 0.29 0)
(1.25928571429 0.29 0)
(1.26571428571 0.29 0)
(1.27214285714 0.29 0)
(1.27857142857 0.29 0)
(1.285 0.29 0)
(1.29142857143 0.29 0)
(1.29785714286 0.29 0)
(1.30428571429 0.29 0)
(1.31071428571 0.29 0)
(1.31714285714 0.29 0)
(1.32357142857 0.29 0)
(1.33 0.29 0)
(1.33642857143 0.29 0)
(1.34285714286 0.29 0)
(1.34928571429 0.29 0)
(1.35571428571 0.29 0)
(1.36214285714 0.29 0)
(1.36857142857 0.29 0)
(1.375 0.29 0)
(1.38142857143 0.29 0)
(1.38785714286 0.29 0)
(1.39428571429 0.29 0)
(1.40071428571 0.29 0)
(1.40714285714 0.29 0)
(1.41357142857 0.29 0)
(1.42 0.29 0)
(1.24 0.295714285714 0)
(1.24642857143 0.295714285714 0)
(1.25285714286 0.295714285714 0)
(1.25928571429 0.295714285714 0)
(1.26571428571 0.295714285714 0)
(1.27214285714 0.295714285714 0)
(1.27857142857 0.295714285714 0)
(1.285 0.295714285714 0)
(1.29142857143 0.295714285714 0)
(1.29785714286 0.295714285714 0)
(1.30428571429 0.295714285714 0)
(1.31071428571 0.295714285714 0)
(1.31714285714 0.295714285714 0)
(1.32357142857 0.295714285714 0)
(1.33 0.295714285714 0)
(1.33642857143 0.295714285714 0)
(1.34285714286 0.295714285714 0)
(1.34928571429 0.295714285714 0)
(1.35571428571 0.295714285714 0)
(1.36214285714 0.295714285714 0)
(1.36857142857 0.295714285714 0)
(1.375 0.295714285714 0)
(1.38142857143 0.295714285714 0)
(1.38785714286 0.295714285714 0)
(1.39428571429 0.295714285714 0)
(1.40071428571 0.295714285714 0)
(1.40714285714 0.295714285714 0)
(1.41357142857 0.295714285714 0)
(1.42 0.295714285714 0)
(1.24 0.301428571429 0)
(1.24642857143 0.301428571429 0)
(1.25285714286 0.301428571429 0)
(1.25928571429 0.301428571429 0)
(1.26571428571 0.301428571429 0)
(1.27214285714 0.301428571429 0)
(1.27857142857 0.301428571429 0)
(1.285 0.301428571429 0)
(1.29142857143 0.301428571429 0)
(1.29785714286 0.301428571429 0)
(1.30428571429 0.301428571429 0)
(1.31071428571 0.301428571429 0)
(1.31714285714 0.301428571429 0)
(1.32357142857 0.301428571429 0)
(1.33 0.301428571429 0)
(1.33642857143 0.301428571429 0)
(1.34285714286 0.301428571429 0)
(1.34928571429 0.301428571429 0)
(1.35571428571 0.301428571429 0)
(1.36214285714 0.301428571429 0)
(1.36857142857 0.301428571429 0)
(1.375 0.301428571429 0)
(1.38142857143 0.301428571429 0)
(1.38785714286 0.301428571429 0)
(1.39428571429 0.301428571429 0)
(1.40071428571 0.301428571429 0)
(1.40714285714 0.301428571429 0)
(1.41357142857 0.301428571429 0)
(1.42 0.301428571429 0)
(1.24 0.307142857143 0)
(1.24642857143 0.307142857143 0)
(1.25285714286 0.307142857143 0)
(1.25928571429 0.307142857143 0)
(1.26571428571 0.307142857143 0)
(1.27214285714 0.307142857143 0)
(1.27857142857 0.307142857143 0)
(1.285 0.307142857143 0)
(1.29142857143 0.307142857143 0)
(1.29785714286 0.307142857143 0)
(1.30428571429 0.307142857143 0)
(1.31071428571 0.307142857143 0)
(1.31714285714 0.307142857143 0)
(1.32357142857 0.307142857143 0)
(1.33 0.307142857143 0)
(1.33642857143 0.307142857143 0)
(1.34285714286 0.307142857143 0)
(1.34928571429 0.307142857143 0)
(1.35571428571 0.307142857143 0)
(1.36214285714 0.307142857143 0)
(1.36857142857 0.307142857143 0)
(1.375 0.307142857143 0)
(1.38142857143 0.307142857143 0)
(1.38785714286 0.307142857143 0)
(1.39428571429 0.307142857143 0)
(1.40071428571 0.307142857143 0)
(1.40714285714 0.307142857143 0)
(1.41357142857 0.307142857143 0)
(1.42 0.307142857143 0)
(1.24 0.312857142857 0)
(1.24642857143 0.312857142857 0)
(1.25285714286 0.312857142857 0)
(1.25928571429 0.312857142857 0)
(1.26571428571 0.312857142857 0)
(1.27214285714 0.312857142857 0)
(1.27857142857 0.312857142857 0)
(1.285 0.312857142857 0)
(1.29142857143 0.312857142857 0)
(1.29785714286 0.312857142857 0)
(1.30428571429 0.312857142857 0)
(1.31071428571 0.312857142857 0)
(1.31714285714 0.312857142857 0)
(1.32357142857 0.312857142857 0)
(1.33 0.312857142857 0)
(1.33642857143 0.312857142857 0)
(1.34285714286 0.312857142857 0)
(1.34928571429 0.312857142857 0)
(1.35571428571 0.312857142857 0)
(1.36214285714 0.312857142857 0)
(1.36857142857 0.312857142857 0)
(1.375 0.312857142857 0)
(1.38142857143 0.312857142857 0)
(1.38785714286 0.312857142857 0)
(1.39428571429 0.312857142857 0)
(1.40071428571 0.312857142857 0)
(1.40714285714 0.312857142857 0)
(1.41357142857 0.312857142857 0)
(1.42 0.312857142857 0)
(1.24 0.318571428571 0)
(1.24642857143 0.318571428571 0)
(1.25285714286 0.318571428571 0)
(1.25928571429 0.318571428571 0)
(1.26571428571 0.318571428571 0)
(1.27214285714 0.318571428571 0)
(1.27857142857 0.318571428571 0)
(1.285 0.318571428571 0)
(1.29142857143 0.318571428571 0)
(1.29785714286 0.318571428571 0)
(1.30428571429 0.318571428571 0)
(1.31071428571 0.318571428571 0)
(1.31714285714 0.318571428571 0)
(1.32357142857 0.318571428571 0)
(1.33 0.318571428571 0)
(1.33642857143 0.318571428571 0)
(1.34285714286 0.318571428571 0)
(1.34928571429 0.318571428571 0)
(1.35571428571 0.318571428571 0)
(1.36214285714 0.318571428571 0)
(1.36857142857 0.318571428571 0)
(1.375 0.318571428571 0)
(1.38142857143 0.318571428571 0)
(1.38785714286 0.318571428571 0)
(1.39428571429 0.318571428571 0)
(1.40071428571 0.318571428571 0)
(1.40714285714 0.318571428571 0)
(1.41357142857 0.318571428571 0)
(1.42 0.318571428571 0)
(1.24 0.324285714286 0)
(1.24642857143 0.324285714286 0)
(1.25285714286 0.324285714286 0)
(1.25928571429 0.324285714286 0)
(1.26571428571 0.324285714286 0)
(1.27214285714 0.324285714286 0)
(1.27857142857 0.324285714286 0)
(1.285 0.324285714286 0)
(1.29142857143 0.324285714286 0)
(1.29785714286 0.324285714286 0)
(1.30428571429 0.324285714286 0)
(1.31071428571 0.324285714286 0)
(1.31714285714 0.324285714286 0)
(1.32357142857 0.324285714286 0)
(1.33 0.324285714286 0)
(1.33642857143 0.324285714286 0)
(1.34285714286 0.324285714286 0)
(1.34928571429 0.324285714286 0)
(1.35571428571 0.324285714286 0)
(1.36214285714 0.324285714286 0)
(1.36857142857 0.324285714286 0)
(1.375 0.324285714286 0)
(1.38142857143 0.324285714286 0)
(1.38785714286 0.324285714286 0)
(1.39428571429 0.324285714286 0)
(1.40071428571 0.324285714286 0)
(1.40714285714 0.324285714286 0)
(1.41357142857 0.324285714286 0)
(1.42 0.324285714286 0)
(1.24 0.33 0)
(1.24642857143 0.33 0)
(1.25285714286 0.33 0)
(1.25928571429 0.33 0)
(1.26571428571 0.33 0)
(1.27214285714 0.33 0)
(1.27857142857 0.33 0)
(1.285 0.33 0)
(1.29142857143 0.33 0)
(1.29785714286 0.33 0)
(1.30428571429 0.33 0)
(1.31071428571 0.33 0)
(1.31714285714 0.33 0)
(1.32357142857 0.33 0)
(1.33 0.33 0)
(1.33642857143 0.33 0)
(1.34285714286 0.33 0)
(1.34928571429 0.33 0)
(1.35571428571 0.33 0)
(1.36214285714 0.33 0)
(1.36857142857 0.33 0)
(1.375 0.33 0)
(1.38142857143 0.33 0)
(1.38785714286 0.33 0)
(1.39428571429 0.33 0)
(1.40071428571 0.33 0)
(1.40714285714 0.33 0)
(1.41357142857 0.33 0)
(1.42 0.33 0)
(1.24 0.335714285714 0)
(1.24642857143 0.335714285714 0)
(1.25285714286 0.335714285714 0)
(1.25928571429 0.335714285714 0)
(1.26571428571 0.335714285714 0)
(1.27214285714 0.335714285714 0)
(1.27857142857 0.335714285714 0)
(1.285 0.335714285714 0)
(1.29142857143 0.335714285714 0)
(1.29785714286 0.335714285714 0)
(1.30428571429 0.335714285714 0)
(1.31071428571 0.335714285714 0)
(1.31714285714 0.335714285714 0)
(1.32357142857 0.335714285714 0)
(1.33 0.335714285714 0)
(1.33642857143 0.335714285714 0)
(1.34285714286 0.335714285714 0)
(1.34928571429 0.335714285714 0)
(1.35571428571 0.335714285714 0)
(1.36214285714 0.335714285714 0)
(1.36857142857 0.335714285714 0)
(1.375 0.335714285714 0)
(1.38142857143 0.335714285714 0)
(1.38785714286 0.335714285714 0)
(1.39428571429 0.335714285714 0)
(1.40071428571 0.335714285714 0)
(1.40714285714 0.335714285714 0)
(1.41357142857 0.335714285714 0)
(1.42 0.335714285714 0)
(1.24 0.341428571429 0)
(1.24642857143 0.341428571429 0)
(1.25285714286 0.341428571429 0)
(1.25928571429 0.341428571429 0)
(1.26571428571 0.341428571429 0)
(1.27214285714 0.341428571429 0)
(1.27857142857 0.341428571429 0)
(1.285 0.341428571429 0)
(1.29142857143 0.341428571429 0)
(1.29785714286 0.341428571429 0)
(1.30428571429 0.341428571429 0)
(1.31071428571 0.341428571429 0)
(1.31714285714 0.341428571429 0)
(1.32357142857 0.341428571429 0)
(1.33 0.341428571429 0)
(1.33642857143 0.341428571429 0)
(1.34285714286 0.341428571429 0)
(1.34928571429 0.341428571429 0)
(1.35571428571 0.341428571429 0)
(1.36214285714 0.341428571429 0)
(1.36857142857 0.341428571429 0)
(1.375 0.341428571429 0)
(1.38142857143 0.341428571429 0)
(1.38785714286 0.341428571429 0)
(1.39428571429 0.341428571429 0)
(1.40071428571 0.341428571429 0)
(1.40714285714 0.341428571429 0)
(1.41357142857 0.341428571429 0)
(1.42 0.341428571429 0)
(1.24 0.347142857143 0)
(1.24642857143 0.347142857143 0)
(1.25285714286 0.347142857143 0)
(1.25928571429 0.347142857143 0)
(1.26571428571 0.347142857143 0)
(1.27214285714 0.347142857143 0)
(1.27857142857 0.347142857143 0)
(1.285 0.347142857143 0)
(1.29142857143 0.347142857143 0)
(1.29785714286 0.347142857143 0)
(1.30428571429 0.347142857143 0)
(1.31071428571 0.347142857143 0)
(1.31714285714 0.347142857143 0)
(1.32357142857 0.347142857143 0)
(1.33 0.347142857143 0)
(1.33642857143 0.347142857143 0)
(1.34285714286 0.347142857143 0)
(1.34928571429 0.347142857143 0)
(1.35571428571 0.347142857143 0)
(1.36214285714 0.347142857143 0)
(1.36857142857 0.347142857143 0)
(1.375 0.347142857143 0)
(1.38142857143 0.347142857143 0)
(1.38785714286 0.347142857143 0)
(1.39428571429 0.347142857143 0)
(1.40071428571 0.347142857143 0)
(1.40714285714 0.347142857143 0)
(1.41357142857 0.347142857143 0)
(1.42 0.347142857143 0)
(1.24 0.352857142857 0)
(1.24642857143 0.352857142857 0)
(1.25285714286 0.352857142857 0)
(1.25928571429 0.352857142857 0)
(1.26571428571 0.352857142857 0)
(1.27214285714 0.352857142857 0)
(1.27857142857 0.352857142857 0)
(1.285 0.352857142857 0)
(1.29142857143 0.352857142857 0)
(1.29785714286 0.352857142857 0)
(1.30428571429 0.352857142857 0)
(1.31071428571 0.352857142857 0)
(1.31714285714 0.352857142857 0)
(1.32357142857 0.352857142857 0)
(1.33 0.352857142857 0)
(1.33642857143 0.352857142857 0)
(1.34285714286 0.352857142857 0)
(1.34928571429 0.352857142857 0)
(1.35571428571 0.352857142857 0)
(1.36214285714 0.352857142857 0)
(1.36857142857 0.352857142857 0)
(1.375 0.352857142857 0)
(1.38142857143 0.352857142857 0)
(1.38785714286 0.352857142857 0)
(1.39428571429 0.352857142857 0)
(1.40071428571 0.352857142857 0)
(1.40714285714 0.352857142857 0)
(1.41357142857 0.352857142857 0)
(1.42 0.352857142857 0)
(1.24 0.358571428571 0)
(1.24642857143 0.358571428571 0)
(1.25285714286 0.358571428571 0)
(1.25928571429 0.358571428571 0)
(1.26571428571 0.358571428571 0)
(1.27214285714 0.358571428571 0)
(1.27857142857 0.358571428571 0)
(1.285 0.358571428571 0)
(1.29142857143 0.358571428571 0)
(1.29785714286 0.358571428571 0)
(1.30428571429 0.358571428571 0)
(1.31071428571 0.358571428571 0)
(1.31714285714 0.358571428571 0)
(1.32357142857 0.358571428571 0)
(1.33 0.358571428571 0)
(1.33642857143 0.358571428571 0)
(1.34285714286 0.358571428571 0)
(1.34928571429 0.358571428571 0)
(1.35571428571 0.358571428571 0)
(1.36214285714 0.358571428571 0)
(1.36857142857 0.358571428571 0)
(1.375 0.358571428571 0)
(1.38142857143 0.358571428571 0)
(1.38785714286 0.358571428571 0)
(1.39428571429 0.358571428571 0)
(1.40071428571 0.358571428571 0)
(1.40714285714 0.358571428571 0)
(1.41357142857 0.358571428571 0)
(1.42 0.358571428571 0)
(1.24 0.364285714286 0)
(1.24642857143 0.364285714286 0)
(1.25285714286 0.364285714286 0)
(1.25928571429 0.364285714286 0)
(1.26571428571 0.364285714286 0)
(1.27214285714 0.364285714286 0)
(1.27857142857 0.364285714286 0)
(1.285 0.364285714286 0)
(1.29142857143 0.364285714286 0)
(1.29785714286 0.364285714286 0)
(1.30428571429 0.364285714286 0)
(1.31071428571 0.364285714286 0)
(1.31714285714 0.364285714286 0)
(1.32357142857 0.364285714286 0)
(1.33 0.364285714286 0)
(1.33642857143 0.364285714286 0)
(1.34285714286 0.364285714286 0)
(1.34928571429 0.364285714286 0)
(1.35571428571 0.364285714286 0)
(1.36214285714 0.364285714286 0)
(1.36857142857 0.364285714286 0)
(1.375 0.364285714286 0)
(1.38142857143 0.364285714286 0)
(1.38785714286 0.364285714286 0)
(1.39428571429 0.364285714286 0)
(1.40071428571 0.364285714286 0)
(1.40714285714 0.364285714286 0)
(1.41357142857 0.364285714286 0)
(1.42 0.364285714286 0)
(1.24 0.37 0)
(1.24642857143 0.37 0)
(1.25285714286 0.37 0)
(1.25928571429 0.37 0)
(1.26571428571 0.37 0)
(1.27214285714 0.37 0)
(1.27857142857 0.37 0)
(1.285 0.37 0)
(1.29142857143 0.37 0)
(1.29785714286 0.37 0)
(1.30428571429 0.37 0)
(1.31071428571 0.37 0)
(1.31714285714 0.37 0)
(1.32357142857 0.37 0)
(1.33 0.37 0)
(1.33642857143 0.37 0)
(1.34285714286 0.37 0)
(1.34928571429 0.37 0)
(1.35571428571 0.37 0)
(1.36214285714 0.37 0)
(1.36857142857 0.37 0)
(1.375 0.37 0)
(1.38142857143 0.37 0)
(1.38785714286 0.37 0)
(1.39428571429 0.37 0)
(1.40071428571 0.37 0)
(1.40714285714 0.37 0)
(1.41357142857 0.37 0)
(1.42 0.37 0)
(1.24 0.375714285714 0)
(1.24642857143 0.375714285714 0)
(1.25285714286 0.375714285714 0)
(1.25928571429 0.375714285714 0)
(1.26571428571 0.375714285714 0)
(1.27214285714 0.375714285714 0)
(1.27857142857 0.375714285714 0)
(1.285 0.375714285714 0)
(1.29142857143 0.375714285714 0)
(1.29785714286 0.375714285714 0)
(1.30428571429 0.375714285714 0)
(1.31071428571 0.375714285714 0)
(1.31714285714 0.375714285714 0)
(1.32357142857 0.375714285714 0)
(1.33 0.375714285714 0)
(1.33642857143 0.375714285714 0)
(1.34285714286 0.375714285714 0)
(1.34928571429 0.375714285714 0)
(1.35571428571 0.375714285714 0)
(1.36214285714 0.375714285714 0)
(1.36857142857 0.375714285714 0)
(1.375 0.375714285714 0)
(1.38142857143 0.375714285714 0)
(1.38785714286 0.375714285714 0)
(1.39428571429 0.375714285714 0)
(1.40071428571 0.375714285714 0)
(1.40714285714 0.375714285714 0)
(1.41357142857 0.375714285714 0)
(1.42 0.375714285714 0)
(1.24 0.381428571429 0)
(1.24642857143 0.381428571429 0)
(1.25285714286 0.381428571429 0)
(1.25928571429 0.381428571429 0)
(1.26571428571 0.381428571429 0)
(1.27214285714 0.381428571429 0)
(1.27857142857 0.381428571429 0)
(1.285 0.381428571429 0)
(1.29142857143 0.381428571429 0)
(1.29785714286 0.381428571429 0)
(1.30428571429 0.381428571429 0)
(1.31071428571 0.381428571429 0)
(1.31714285714 0.381428571429 0)
(1.32357142857 0.381428571429 0)
(1.33 0.381428571429 0)
(1.33642857143 0.381428571429 0)
(1.34285714286 0.381428571429 0)
(1.34928571429 0.381428571429 0)
(1.35571428571 0.381428571429 0)
(1.36214285714 0.381428571429 0)
(1.36857142857 0.381428571429 0)
(1.375 0.381428571429 0)
(1.38142857143 0.381428571429 0)
(1.38785714286 0.381428571429 0)
(1.39428571429 0.381428571429 0)
(1.40071428571 0.381428571429 0)
(1.40714285714 0.381428571429 0)
(1.41357142857 0.381428571429 0)
(1.42 0.381428571429 0)
(1.24 0.387142857143 0)
(1.24642857143 0.387142857143 0)
(1.25285714286 0.387142857143 0)
(1.25928571429 0.387142857143 0)
(1.26571428571 0.387142857143 0)
(1.27214285714 0.387142857143 0)
(1.27857142857 0.387142857143 0)
(1.285 0.387142857143 0)
(1.29142857143 0.387142857143 0)
(1.29785714286 0.387142857143 0)
(1.30428571429 0.387142857143 0)
(1.31071428571 0.387142857143 0)
(1.31714285714 0.387142857143 0)
(1.32357142857 0.387142857143 0)
(1.33 0.387142857143 0)
(1.33642857143 0.387142857143 0)
(1.34285714286 0.387142857143 0)
(1.34928571429 0.387142857143 0)
(1.35571428571 0.387142857143 0)
(1.36214285714 0.387142857143 0)
(1.36857142857 0.387142857143 0)
(1.375 0.387142857143 0)
(1.38142857143 0.387142857143 0)
(1.38785714286 0.387142857143 0)
(1.39428571429 0.387142857143 0)
(1.40071428571 0.387142857143 0)
(1.40714285714 0.387142857143 0)
(1.41357142857 0.387142857143 0)
(1.42 0.387142857143 0)
(1.24 0.392857142857 0)
(1.24642857143 0.392857142857 0)
(1.25285714286 0.392857142857 0)
(1.25928571429 0.392857142857 0)
(1.26571428571 0.392857142857 0)
(1.27214285714 0.392857142857 0)
(1.27857142857 0.392857142857 0)
(1.285 0.392857142857 0)
(1.29142857143 0.392857142857 0)
(1.29785714286 0.392857142857 0)
(1.30428571429 0.392857142857 0)
(1.31071428571 0.392857142857 0)
(1.31714285714 0.392857142857 0)
(1.32357142857 0.392857142857 0)
(1.33 0.392857142857 0)
(1.33642857143 0.392857142857 0)
(1.34285714286 0.392857142857 0)
(1.34928571429 0.392857142857 0)
(1.35571428571 0.392857142857 0)
(1.36214285714 0.392857142857 0)
(1.36857142857 0.392857142857 0)
(1.375 0.392857142857 0)
(1.38142857143 0.392857142857 0)
(1.38785714286 0.392857142857 0)
(1.39428571429 0.392857142857 0)
(1.40071428571 0.392857142857 0)
(1.40714285714 0.392857142857 0)
(1.41357142857 0.392857142857 0)
(1.42 0.392857142857 0)
(1.24 0.398571428571 0)
(1.24642857143 0.398571428571 0)
(1.25285714286 0.398571428571 0)
(1.25928571429 0.398571428571 0)
(1.26571428571 0.398571428571 0)
(1.27214285714 0.398571428571 0)
(1.27857142857 0.398571428571 0)
(1.285 0.398571428571 0)
(1.29142857143 0.398571428571 0)
(1.29785714286 0.398571428571 0)
(1.30428571429 0.398571428571 0)
(1.31071428571 0.398571428571 0)
(1.31714285714 0.398571428571 0)
(1.32357142857 0.398571428571 0)
(1.33 0.398571428571 0)
(1.33642857143 0.398571428571 0)
(1.34285714286 0.398571428571 0)
(1.34928571429 0.398571428571 0)
(1.35571428571 0.398571428571 0)
(1.36214285714 0.398571428571 0)
(1.36857142857 0.398571428571 0)
(1.375 0.398571428571 0)
(1.38142857143 0.398571428571 0)
(1.38785714286 0.398571428571 0)
(1.39428571429 0.398571428571 0)
(1.40071428571 0.398571428571 0)
(1.40714285714 0.398571428571 0)
(1.41357142857 0.398571428571 0)
(1.42 0.398571428571 0)
(1.24 0.404285714286 0)
(1.24642857143 0.404285714286 0)
(1.25285714286 0.404285714286 0)
(1.25928571429 0.404285714286 0)
(1.26571428571 0.404285714286 0)
(1.27214285714 0.404285714286 0)
(1.27857142857 0.404285714286 0)
(1.285 0.404285714286 0)
(1.29142857143 0.404285714286 0)
(1.29785714286 0.404285714286 0)
(1.30428571429 0.404285714286 0)
(1.31071428571 0.404285714286 0)
(1.31714285714 0.404285714286 0)
(1.32357142857 0.404285714286 0)
(1.33 0.404285714286 0)
(1.33642857143 0.404285714286 0)
(1.34285714286 0.404285714286 0)
(1.34928571429 0.404285714286 0)
(1.35571428571 0.404285714286 0)
(1.36214285714 0.404285714286 0)
(1.36857142857 0.404285714286 0)
(1.375 0.404285714286 0)
(1.38142857143 0.404285714286 0)
(1.38785714286 0.404285714286 0)
(1.39428571429 0.404285714286 0)
(1.40071428571 0.404285714286 0)
(1.40714285714 0.404285714286 0)
(1.41357142857 0.404285714286 0)
(1.42 0.404285714286 0)
(1.24 0.41 0)
(1.24642857143 0.41 0)
(1.25285714286 0.41 0)
(1.25928571429 0.41 0)
(1.26571428571 0.41 0)
(1.27214285714 0.41 0)
(1.27857142857 0.41 0)
(1.285 0.41 0)
(1.29142857143 0.41 0)
(1.29785714286 0.41 0)
(1.30428571429 0.41 0)
(1.31071428571 0.41 0)
(1.31714285714 0.41 0)
(1.32357142857 0.41 0)
(1.33 0.41 0)
(1.33642857143 0.41 0)
(1.34285714286 0.41 0)
(1.34928571429 0.41 0)
(1.35571428571 0.41 0)
(1.36214285714 0.41 0)
(1.36857142857 0.41 0)
(1.375 0.41 0)
(1.38142857143 0.41 0)
(1.38785714286 0.41 0)
(1.39428571429 0.41 0)
(1.40071428571 0.41 0)
(1.40714285714 0.41 0)
(1.41357142857 0.41 0)
(1.42 0.41 0)
(1.24 0.0157142857143 0.01)
(1.24642857143 0.0157142857143 0.01)
(1.25285714286 0.0157142857143 0.01)
(1.25928571429 0.0157142857143 0.01)
(1.26571428571 0.0157142857143 0.01)
(1.27214285714 0.0157142857143 0.01)
(1.27857142857 0.0157142857143 0.01)
(1.285 0.0157142857143 0.01)
(1.29142857143 0.0157142857143 0.01)
(1.29785714286 0.0157142857143 0.01)
(1.30428571429 0.0157142857143 0.01)
(1.31071428571 0.0157142857143 0.01)
(1.31714285714 0.0157142857143 0.01)
(1.32357142857 0.0157142857143 0.01)
(1.33 0.0157142857143 0.01)
(1.33642857143 0.0157142857143 0.01)
(1.34285714286 0.0157142857143 0.01)
(1.34928571429 0.0157142857143 0.01)
(1.35571428571 0.0157142857143 0.01)
(1.36214285714 0.0157142857143 0.01)
(1.36857142857 0.0157142857143 0.01)
(1.375 0.0157142857143 0.01)
(1.38142857143 0.0157142857143 0.01)
(1.38785714286 0.0157142857143 0.01)
(1.39428571429 0.0157142857143 0.01)
(1.40071428571 0.0157142857143 0.01)
(1.40714285714 0.0157142857143 0.01)
(1.41357142857 0.0157142857143 0.01)
(1.42 0.0157142857143 0.01)
(1.24 0.0214285714286 0.01)
(1.24642857143 0.0214285714286 0.01)
(1.25285714286 0.0214285714286 0.01)
(1.25928571429 0.0214285714286 0.01)
(1.26571428571 0.0214285714286 0.01)
(1.27214285714 0.0214285714286 0.01)
(1.27857142857 0.0214285714286 0.01)
(1.285 0.0214285714286 0.01)
(1.29142857143 0.0214285714286 0.01)
(1.29785714286 0.0214285714286 0.01)
(1.30428571429 0.0214285714286 0.01)
(1.31071428571 0.0214285714286 0.01)
(1.31714285714 0.0214285714286 0.01)
(1.32357142857 0.0214285714286 0.01)
(1.33 0.0214285714286 0.01)
(1.33642857143 0.0214285714286 0.01)
(1.34285714286 0.0214285714286 0.01)
(1.34928571429 0.0214285714286 0.01)
(1.35571428571 0.0214285714286 0.01)
(1.36214285714 0.0214285714286 0.01)
(1.36857142857 0.0214285714286 0.01)
(1.375 0.0214285714286 0.01)
(1.38142857143 0.0214285714286 0.01)
(1.38785714286 0.0214285714286 0.01)
(1.39428571429 0.0214285714286 0.01)
(1.40071428571 0.0214285714286 0.01)
(1.40714285714 0.0214285714286 0.01)
(1.41357142857 0.0214285714286 0.01)
(1.42 0.0214285714286 0.01)
(1.24 0.0271428571429 0.01)
(1.24642857143 0.0271428571429 0.01)
(1.25285714286 0.0271428571429 0.01)
(1.25928571429 0.0271428571429 0.01)
(1.26571428571 0.0271428571429 0.01)
(1.27214285714 0.0271428571429 0.01)
(1.27857142857 0.0271428571429 0.01)
(1.285 0.0271428571429 0.01)
(1.29142857143 0.0271428571429 0.01)
(1.29785714286 0.0271428571429 0.01)
(1.30428571429 0.0271428571429 0.01)
(1.31071428571 0.0271428571429 0.01)
(1.31714285714 0.0271428571429 0.01)
(1.32357142857 0.0271428571429 0.01)
(1.33 0.0271428571429 0.01)
(1.33642857143 0.0271428571429 0.01)
(1.34285714286 0.0271428571429 0.01)
(1.34928571429 0.0271428571429 0.01)
(1.35571428571 0.0271428571429 0.01)
(1.36214285714 0.0271428571429 0.01)
(1.36857142857 0.0271428571429 0.01)
(1.375 0.0271428571429 0.01)
(1.38142857143 0.0271428571429 0.01)
(1.38785714286 0.0271428571429 0.01)
(1.39428571429 0.0271428571429 0.01)
(1.40071428571 0.0271428571429 0.01)
(1.40714285714 0.0271428571429 0.01)
(1.41357142857 0.0271428571429 0.01)
(1.42 0.0271428571429 0.01)
(1.24 0.0328571428571 0.01)
(1.24642857143 0.0328571428571 0.01)
(1.25285714286 0.0328571428571 0.01)
(1.25928571429 0.0328571428571 0.01)
(1.26571428571 0.0328571428571 0.01)
(1.27214285714 0.0328571428571 0.01)
(1.27857142857 0.0328571428571 0.01)
(1.285 0.0328571428571 0.01)
(1.29142857143 0.0328571428571 0.01)
(1.29785714286 0.0328571428571 0.01)
(1.30428571429 0.0328571428571 0.01)
(1.31071428571 0.0328571428571 0.01)
(1.31714285714 0.0328571428571 0.01)
(1.32357142857 0.0328571428571 0.01)
(1.33 0.0328571428571 0.01)
(1.33642857143 0.0328571428571 0.01)
(1.34285714286 0.0328571428571 0.01)
(1.34928571429 0.0328571428571 0.01)
(1.35571428571 0.0328571428571 0.01)
(1.36214285714 0.0328571428571 0.01)
(1.36857142857 0.0328571428571 0.01)
(1.375 0.0328571428571 0.01)
(1.38142857143 0.0328571428571 0.01)
(1.38785714286 0.0328571428571 0.01)
(1.39428571429 0.0328571428571 0.01)
(1.40071428571 0.0328571428571 0.01)
(1.40714285714 0.0328571428571 0.01)
(1.41357142857 0.0328571428571 0.01)
(1.42 0.0328571428571 0.01)
(1.24 0.0385714285714 0.01)
(1.24642857143 0.0385714285714 0.01)
(1.25285714286 0.0385714285714 0.01)
(1.25928571429 0.0385714285714 0.01)
(1.26571428571 0.0385714285714 0.01)
(1.27214285714 0.0385714285714 0.01)
(1.27857142857 0.0385714285714 0.01)
(1.285 0.0385714285714 0.01)
(1.29142857143 0.0385714285714 0.01)
(1.29785714286 0.0385714285714 0.01)
(1.30428571429 0.0385714285714 0.01)
(1.31071428571 0.0385714285714 0.01)
(1.31714285714 0.0385714285714 0.01)
(1.32357142857 0.0385714285714 0.01)
(1.33 0.0385714285714 0.01)
(1.33642857143 0.0385714285714 0.01)
(1.34285714286 0.0385714285714 0.01)
(1.34928571429 0.0385714285714 0.01)
(1.35571428571 0.0385714285714 0.01)
(1.36214285714 0.0385714285714 0.01)
(1.36857142857 0.0385714285714 0.01)
(1.375 0.0385714285714 0.01)
(1.38142857143 0.0385714285714 0.01)
(1.38785714286 0.0385714285714 0.01)
(1.39428571429 0.0385714285714 0.01)
(1.40071428571 0.0385714285714 0.01)
(1.40714285714 0.0385714285714 0.01)
(1.41357142857 0.0385714285714 0.01)
(1.42 0.0385714285714 0.01)
(1.24 0.0442857142857 0.01)
(1.24642857143 0.0442857142857 0.01)
(1.25285714286 0.0442857142857 0.01)
(1.25928571429 0.0442857142857 0.01)
(1.26571428571 0.0442857142857 0.01)
(1.27214285714 0.0442857142857 0.01)
(1.27857142857 0.0442857142857 0.01)
(1.285 0.0442857142857 0.01)
(1.29142857143 0.0442857142857 0.01)
(1.29785714286 0.0442857142857 0.01)
(1.30428571429 0.0442857142857 0.01)
(1.31071428571 0.0442857142857 0.01)
(1.31714285714 0.0442857142857 0.01)
(1.32357142857 0.0442857142857 0.01)
(1.33 0.0442857142857 0.01)
(1.33642857143 0.0442857142857 0.01)
(1.34285714286 0.0442857142857 0.01)
(1.34928571429 0.0442857142857 0.01)
(1.35571428571 0.0442857142857 0.01)
(1.36214285714 0.0442857142857 0.01)
(1.36857142857 0.0442857142857 0.01)
(1.375 0.0442857142857 0.01)
(1.38142857143 0.0442857142857 0.01)
(1.38785714286 0.0442857142857 0.01)
(1.39428571429 0.0442857142857 0.01)
(1.40071428571 0.0442857142857 0.01)
(1.40714285714 0.0442857142857 0.01)
(1.41357142857 0.0442857142857 0.01)
(1.42 0.0442857142857 0.01)
(1.24 0.05 0.01)
(1.24642857143 0.05 0.01)
(1.25285714286 0.05 0.01)
(1.25928571429 0.05 0.01)
(1.26571428571 0.05 0.01)
(1.27214285714 0.05 0.01)
(1.27857142857 0.05 0.01)
(1.285 0.05 0.01)
(1.29142857143 0.05 0.01)
(1.29785714286 0.05 0.01)
(1.30428571429 0.05 0.01)
(1.31071428571 0.05 0.01)
(1.31714285714 0.05 0.01)
(1.32357142857 0.05 0.01)
(1.33 0.05 0.01)
(1.33642857143 0.05 0.01)
(1.34285714286 0.05 0.01)
(1.34928571429 0.05 0.01)
(1.35571428571 0.05 0.01)
(1.36214285714 0.05 0.01)
(1.36857142857 0.05 0.01)
(1.375 0.05 0.01)
(1.38142857143 0.05 0.01)
(1.38785714286 0.05 0.01)
(1.39428571429 0.05 0.01)
(1.40071428571 0.05 0.01)
(1.40714285714 0.05 0.01)
(1.41357142857 0.05 0.01)
(1.42 0.05 0.01)
(1.24 0.0557142857143 0.01)
(1.24642857143 0.0557142857143 0.01)
(1.25285714286 0.0557142857143 0.01)
(1.25928571429 0.0557142857143 0.01)
(1.26571428571 0.0557142857143 0.01)
(1.27214285714 0.0557142857143 0.01)
(1.27857142857 0.0557142857143 0.01)
(1.285 0.0557142857143 0.01)
(1.29142857143 0.0557142857143 0.01)
(1.29785714286 0.0557142857143 0.01)
(1.30428571429 0.0557142857143 0.01)
(1.31071428571 0.0557142857143 0.01)
(1.31714285714 0.0557142857143 0.01)
(1.32357142857 0.0557142857143 0.01)
(1.33 0.0557142857143 0.01)
(1.33642857143 0.0557142857143 0.01)
(1.34285714286 0.0557142857143 0.01)
(1.34928571429 0.0557142857143 0.01)
(1.35571428571 0.0557142857143 0.01)
(1.36214285714 0.0557142857143 0.01)
(1.36857142857 0.0557142857143 0.01)
(1.375 0.0557142857143 0.01)
(1.38142857143 0.0557142857143 0.01)
(1.38785714286 0.0557142857143 0.01)
(1.39428571429 0.0557142857143 0.01)
(1.40071428571 0.0557142857143 0.01)
(1.40714285714 0.0557142857143 0.01)
(1.41357142857 0.0557142857143 0.01)
(1.42 0.0557142857143 0.01)
(1.24 0.0614285714286 0.01)
(1.24642857143 0.0614285714286 0.01)
(1.25285714286 0.0614285714286 0.01)
(1.25928571429 0.0614285714286 0.01)
(1.26571428571 0.0614285714286 0.01)
(1.27214285714 0.0614285714286 0.01)
(1.27857142857 0.0614285714286 0.01)
(1.285 0.0614285714286 0.01)
(1.29142857143 0.0614285714286 0.01)
(1.29785714286 0.0614285714286 0.01)
(1.30428571429 0.0614285714286 0.01)
(1.31071428571 0.0614285714286 0.01)
(1.31714285714 0.0614285714286 0.01)
(1.32357142857 0.0614285714286 0.01)
(1.33 0.0614285714286 0.01)
(1.33642857143 0.0614285714286 0.01)
(1.34285714286 0.0614285714286 0.01)
(1.34928571429 0.0614285714286 0.01)
(1.35571428571 0.0614285714286 0.01)
(1.36214285714 0.0614285714286 0.01)
(1.36857142857 0.0614285714286 0.01)
(1.375 0.0614285714286 0.01)
(1.38142857143 0.0614285714286 0.01)
(1.38785714286 0.0614285714286 0.01)
(1.39428571429 0.0614285714286 0.01)
(1.40071428571 0.0614285714286 0.01)
(1.40714285714 0.0614285714286 0.01)
(1.41357142857 0.0614285714286 0.01)
(1.42 0.0614285714286 0.01)
(1.24 0.0671428571429 0.01)
(1.24642857143 0.0671428571429 0.01)
(1.25285714286 0.0671428571429 0.01)
(1.25928571429 0.0671428571429 0.01)
(1.26571428571 0.0671428571429 0.01)
(1.27214285714 0.0671428571429 0.01)
(1.27857142857 0.0671428571429 0.01)
(1.285 0.0671428571429 0.01)
(1.29142857143 0.0671428571429 0.01)
(1.29785714286 0.0671428571429 0.01)
(1.30428571429 0.0671428571429 0.01)
(1.31071428571 0.0671428571429 0.01)
(1.31714285714 0.0671428571429 0.01)
(1.32357142857 0.0671428571429 0.01)
(1.33 0.0671428571429 0.01)
(1.33642857143 0.0671428571429 0.01)
(1.34285714286 0.0671428571429 0.01)
(1.34928571429 0.0671428571429 0.01)
(1.35571428571 0.0671428571429 0.01)
(1.36214285714 0.0671428571429 0.01)
(1.36857142857 0.0671428571429 0.01)
(1.375 0.0671428571429 0.01)
(1.38142857143 0.0671428571429 0.01)
(1.38785714286 0.0671428571429 0.01)
(1.39428571429 0.0671428571429 0.01)
(1.40071428571 0.0671428571429 0.01)
(1.40714285714 0.0671428571429 0.01)
(1.41357142857 0.0671428571429 0.01)
(1.42 0.0671428571429 0.01)
(1.24 0.0728571428571 0.01)
(1.24642857143 0.0728571428571 0.01)
(1.25285714286 0.0728571428571 0.01)
(1.25928571429 0.0728571428571 0.01)
(1.26571428571 0.0728571428571 0.01)
(1.27214285714 0.0728571428571 0.01)
(1.27857142857 0.0728571428571 0.01)
(1.285 0.0728571428571 0.01)
(1.29142857143 0.0728571428571 0.01)
(1.29785714286 0.0728571428571 0.01)
(1.30428571429 0.0728571428571 0.01)
(1.31071428571 0.0728571428571 0.01)
(1.31714285714 0.0728571428571 0.01)
(1.32357142857 0.0728571428571 0.01)
(1.33 0.0728571428571 0.01)
(1.33642857143 0.0728571428571 0.01)
(1.34285714286 0.0728571428571 0.01)
(1.34928571429 0.0728571428571 0.01)
(1.35571428571 0.0728571428571 0.01)
(1.36214285714 0.0728571428571 0.01)
(1.36857142857 0.0728571428571 0.01)
(1.375 0.0728571428571 0.01)
(1.38142857143 0.0728571428571 0.01)
(1.38785714286 0.0728571428571 0.01)
(1.39428571429 0.0728571428571 0.01)
(1.40071428571 0.0728571428571 0.01)
(1.40714285714 0.0728571428571 0.01)
(1.41357142857 0.0728571428571 0.01)
(1.42 0.0728571428571 0.01)
(1.24 0.0785714285714 0.01)
(1.24642857143 0.0785714285714 0.01)
(1.25285714286 0.0785714285714 0.01)
(1.25928571429 0.0785714285714 0.01)
(1.26571428571 0.0785714285714 0.01)
(1.27214285714 0.0785714285714 0.01)
(1.27857142857 0.0785714285714 0.01)
(1.285 0.0785714285714 0.01)
(1.29142857143 0.0785714285714 0.01)
(1.29785714286 0.0785714285714 0.01)
(1.30428571429 0.0785714285714 0.01)
(1.31071428571 0.0785714285714 0.01)
(1.31714285714 0.0785714285714 0.01)
(1.32357142857 0.0785714285714 0.01)
(1.33 0.0785714285714 0.01)
(1.33642857143 0.0785714285714 0.01)
(1.34285714286 0.0785714285714 0.01)
(1.34928571429 0.0785714285714 0.01)
(1.35571428571 0.0785714285714 0.01)
(1.36214285714 0.0785714285714 0.01)
(1.36857142857 0.0785714285714 0.01)
(1.375 0.0785714285714 0.01)
(1.38142857143 0.0785714285714 0.01)
(1.38785714286 0.0785714285714 0.01)
(1.39428571429 0.0785714285714 0.01)
(1.40071428571 0.0785714285714 0.01)
(1.40714285714 0.0785714285714 0.01)
(1.41357142857 0.0785714285714 0.01)
(1.42 0.0785714285714 0.01)
(1.24 0.0842857142857 0.01)
(1.24642857143 0.0842857142857 0.01)
(1.25285714286 0.0842857142857 0.01)
(1.25928571429 0.0842857142857 0.01)
(1.26571428571 0.0842857142857 0.01)
(1.27214285714 0.0842857142857 0.01)
(1.27857142857 0.0842857142857 0.01)
(1.285 0.0842857142857 0.01)
(1.29142857143 0.0842857142857 0.01)
(1.29785714286 0.0842857142857 0.01)
(1.30428571429 0.0842857142857 0.01)
(1.31071428571 0.0842857142857 0.01)
(1.31714285714 0.0842857142857 0.01)
(1.32357142857 0.0842857142857 0.01)
(1.33 0.0842857142857 0.01)
(1.33642857143 0.0842857142857 0.01)
(1.34285714286 0.0842857142857 0.01)
(1.34928571429 0.0842857142857 0.01)
(1.35571428571 0.0842857142857 0.01)
(1.36214285714 0.0842857142857 0.01)
(1.36857142857 0.0842857142857 0.01)
(1.375 0.0842857142857 0.01)
(1.38142857143 0.0842857142857 0.01)
(1.38785714286 0.0842857142857 0.01)
(1.39428571429 0.0842857142857 0.01)
(1.40071428571 0.0842857142857 0.01)
(1.40714285714 0.0842857142857 0.01)
(1.41357142857 0.0842857142857 0.01)
(1.42 0.0842857142857 0.01)
(1.24 0.09 0.01)
(1.24642857143 0.09 0.01)
(1.25285714286 0.09 0.01)
(1.25928571429 0.09 0.01)
(1.26571428571 0.09 0.01)
(1.27214285714 0.09 0.01)
(1.27857142857 0.09 0.01)
(1.285 0.09 0.01)
(1.29142857143 0.09 0.01)
(1.29785714286 0.09 0.01)
(1.30428571429 0.09 0.01)
(1.31071428571 0.09 0.01)
(1.31714285714 0.09 0.01)
(1.32357142857 0.09 0.01)
(1.33 0.09 0.01)
(1.33642857143 0.09 0.01)
(1.34285714286 0.09 0.01)
(1.34928571429 0.09 0.01)
(1.35571428571 0.09 0.01)
(1.36214285714 0.09 0.01)
(1.36857142857 0.09 0.01)
(1.375 0.09 0.01)
(1.38142857143 0.09 0.01)
(1.38785714286 0.09 0.01)
(1.39428571429 0.09 0.01)
(1.40071428571 0.09 0.01)
(1.40714285714 0.09 0.01)
(1.41357142857 0.09 0.01)
(1.42 0.09 0.01)
(1.24 0.0957142857143 0.01)
(1.24642857143 0.0957142857143 0.01)
(1.25285714286 0.0957142857143 0.01)
(1.25928571429 0.0957142857143 0.01)
(1.26571428571 0.0957142857143 0.01)
(1.27214285714 0.0957142857143 0.01)
(1.27857142857 0.0957142857143 0.01)
(1.285 0.0957142857143 0.01)
(1.29142857143 0.0957142857143 0.01)
(1.29785714286 0.0957142857143 0.01)
(1.30428571429 0.0957142857143 0.01)
(1.31071428571 0.0957142857143 0.01)
(1.31714285714 0.0957142857143 0.01)
(1.32357142857 0.0957142857143 0.01)
(1.33 0.0957142857143 0.01)
(1.33642857143 0.0957142857143 0.01)
(1.34285714286 0.0957142857143 0.01)
(1.34928571429 0.0957142857143 0.01)
(1.35571428571 0.0957142857143 0.01)
(1.36214285714 0.0957142857143 0.01)
(1.36857142857 0.0957142857143 0.01)
(1.375 0.0957142857143 0.01)
(1.38142857143 0.0957142857143 0.01)
(1.38785714286 0.0957142857143 0.01)
(1.39428571429 0.0957142857143 0.01)
(1.40071428571 0.0957142857143 0.01)
(1.40714285714 0.0957142857143 0.01)
(1.41357142857 0.0957142857143 0.01)
(1.42 0.0957142857143 0.01)
(1.24 0.101428571429 0.01)
(1.24642857143 0.101428571429 0.01)
(1.25285714286 0.101428571429 0.01)
(1.25928571429 0.101428571429 0.01)
(1.26571428571 0.101428571429 0.01)
(1.27214285714 0.101428571429 0.01)
(1.27857142857 0.101428571429 0.01)
(1.285 0.101428571429 0.01)
(1.29142857143 0.101428571429 0.01)
(1.29785714286 0.101428571429 0.01)
(1.30428571429 0.101428571429 0.01)
(1.31071428571 0.101428571429 0.01)
(1.31714285714 0.101428571429 0.01)
(1.32357142857 0.101428571429 0.01)
(1.33 0.101428571429 0.01)
(1.33642857143 0.101428571429 0.01)
(1.34285714286 0.101428571429 0.01)
(1.34928571429 0.101428571429 0.01)
(1.35571428571 0.101428571429 0.01)
(1.36214285714 0.101428571429 0.01)
(1.36857142857 0.101428571429 0.01)
(1.375 0.101428571429 0.01)
(1.38142857143 0.101428571429 0.01)
(1.38785714286 0.101428571429 0.01)
(1.39428571429 0.101428571429 0.01)
(1.40071428571 0.101428571429 0.01)
(1.40714285714 0.101428571429 0.01)
(1.41357142857 0.101428571429 0.01)
(1.42 0.101428571429 0.01)
(1.24 0.107142857143 0.01)
(1.24642857143 0.107142857143 0.01)
(1.25285714286 0.107142857143 0.01)
(1.25928571429 0.107142857143 0.01)
(1.26571428571 0.107142857143 0.01)
(1.27214285714 0.107142857143 0.01)
(1.27857142857 0.107142857143 0.01)
(1.285 0.107142857143 0.01)
(1.29142857143 0.107142857143 0.01)
(1.29785714286 0.107142857143 0.01)
(1.30428571429 0.107142857143 0.01)
(1.31071428571 0.107142857143 0.01)
(1.31714285714 0.107142857143 0.01)
(1.32357142857 0.107142857143 0.01)
(1.33 0.107142857143 0.01)
(1.33642857143 0.107142857143 0.01)
(1.34285714286 0.107142857143 0.01)
(1.34928571429 0.107142857143 0.01)
(1.35571428571 0.107142857143 0.01)
(1.36214285714 0.107142857143 0.01)
(1.36857142857 0.107142857143 0.01)
(1.375 0.107142857143 0.01)
(1.38142857143 0.107142857143 0.01)
(1.38785714286 0.107142857143 0.01)
(1.39428571429 0.107142857143 0.01)
(1.40071428571 0.107142857143 0.01)
(1.40714285714 0.107142857143 0.01)
(1.41357142857 0.107142857143 0.01)
(1.42 0.107142857143 0.01)
(1.24 0.112857142857 0.01)
(1.24642857143 0.112857142857 0.01)
(1.25285714286 0.112857142857 0.01)
(1.25928571429 0.112857142857 0.01)
(1.26571428571 0.112857142857 0.01)
(1.27214285714 0.112857142857 0.01)
(1.27857142857 0.112857142857 0.01)
(1.285 0.112857142857 0.01)
(1.29142857143 0.112857142857 0.01)
(1.29785714286 0.112857142857 0.01)
(1.30428571429 0.112857142857 0.01)
(1.31071428571 0.112857142857 0.01)
(1.31714285714 0.112857142857 0.01)
(1.32357142857 0.112857142857 0.01)
(1.33 0.112857142857 0.01)
(1.33642857143 0.112857142857 0.01)
(1.34285714286 0.112857142857 0.01)
(1.34928571429 0.112857142857 0.01)
(1.35571428571 0.112857142857 0.01)
(1.36214285714 0.112857142857 0.01)
(1.36857142857 0.112857142857 0.01)
(1.375 0.112857142857 0.01)
(1.38142857143 0.112857142857 0.01)
(1.38785714286 0.112857142857 0.01)
(1.39428571429 0.112857142857 0.01)
(1.40071428571 0.112857142857 0.01)
(1.40714285714 0.112857142857 0.01)
(1.41357142857 0.112857142857 0.01)
(1.42 0.112857142857 0.01)
(1.24 0.118571428571 0.01)
(1.24642857143 0.118571428571 0.01)
(1.25285714286 0.118571428571 0.01)
(1.25928571429 0.118571428571 0.01)
(1.26571428571 0.118571428571 0.01)
(1.27214285714 0.118571428571 0.01)
(1.27857142857 0.118571428571 0.01)
(1.285 0.118571428571 0.01)
(1.29142857143 0.118571428571 0.01)
(1.29785714286 0.118571428571 0.01)
(1.30428571429 0.118571428571 0.01)
(1.31071428571 0.118571428571 0.01)
(1.31714285714 0.118571428571 0.01)
(1.32357142857 0.118571428571 0.01)
(1.33 0.118571428571 0.01)
(1.33642857143 0.118571428571 0.01)
(1.34285714286 0.118571428571 0.01)
(1.34928571429 0.118571428571 0.01)
(1.35571428571 0.118571428571 0.01)
(1.36214285714 0.118571428571 0.01)
(1.36857142857 0.118571428571 0.01)
(1.375 0.118571428571 0.01)
(1.38142857143 0.118571428571 0.01)
(1.38785714286 0.118571428571 0.01)
(1.39428571429 0.118571428571 0.01)
(1.40071428571 0.118571428571 0.01)
(1.40714285714 0.118571428571 0.01)
(1.41357142857 0.118571428571 0.01)
(1.42 0.118571428571 0.01)
(1.24 0.124285714286 0.01)
(1.24642857143 0.124285714286 0.01)
(1.25285714286 0.124285714286 0.01)
(1.25928571429 0.124285714286 0.01)
(1.26571428571 0.124285714286 0.01)
(1.27214285714 0.124285714286 0.01)
(1.27857142857 0.124285714286 0.01)
(1.285 0.124285714286 0.01)
(1.29142857143 0.124285714286 0.01)
(1.29785714286 0.124285714286 0.01)
(1.30428571429 0.124285714286 0.01)
(1.31071428571 0.124285714286 0.01)
(1.31714285714 0.124285714286 0.01)
(1.32357142857 0.124285714286 0.01)
(1.33 0.124285714286 0.01)
(1.33642857143 0.124285714286 0.01)
(1.34285714286 0.124285714286 0.01)
(1.34928571429 0.124285714286 0.01)
(1.35571428571 0.124285714286 0.01)
(1.36214285714 0.124285714286 0.01)
(1.36857142857 0.124285714286 0.01)
(1.375 0.124285714286 0.01)
(1.38142857143 0.124285714286 0.01)
(1.38785714286 0.124285714286 0.01)
(1.39428571429 0.124285714286 0.01)
(1.40071428571 0.124285714286 0.01)
(1.40714285714 0.124285714286 0.01)
(1.41357142857 0.124285714286 0.01)
(1.42 0.124285714286 0.01)
(1.24 0.13 0.01)
(1.24642857143 0.13 0.01)
(1.25285714286 0.13 0.01)
(1.25928571429 0.13 0.01)
(1.26571428571 0.13 0.01)
(1.27214285714 0.13 0.01)
(1.27857142857 0.13 0.01)
(1.285 0.13 0.01)
(1.29142857143 0.13 0.01)
(1.29785714286 0.13 0.01)
(1.30428571429 0.13 0.01)
(1.31071428571 0.13 0.01)
(1.31714285714 0.13 0.01)
(1.32357142857 0.13 0.01)
(1.33 0.13 0.01)
(1.33642857143 0.13 0.01)
(1.34285714286 0.13 0.01)
(1.34928571429 0.13 0.01)
(1.35571428571 0.13 0.01)
(1.36214285714 0.13 0.01)
(1.36857142857 0.13 0.01)
(1.375 0.13 0.01)
(1.38142857143 0.13 0.01)
(1.38785714286 0.13 0.01)
(1.39428571429 0.13 0.01)
(1.40071428571 0.13 0.01)
(1.40714285714 0.13 0.01)
(1.41357142857 0.13 0.01)
(1.42 0.13 0.01)
(1.24 0.135714285714 0.01)
(1.24642857143 0.135714285714 0.01)
(1.25285714286 0.135714285714 0.01)
(1.25928571429 0.135714285714 0.01)
(1.26571428571 0.135714285714 0.01)
(1.27214285714 0.135714285714 0.01)
(1.27857142857 0.135714285714 0.01)
(1.285 0.135714285714 0.01)
(1.29142857143 0.135714285714 0.01)
(1.29785714286 0.135714285714 0.01)
(1.30428571429 0.135714285714 0.01)
(1.31071428571 0.135714285714 0.01)
(1.31714285714 0.135714285714 0.01)
(1.32357142857 0.135714285714 0.01)
(1.33 0.135714285714 0.01)
(1.33642857143 0.135714285714 0.01)
(1.34285714286 0.135714285714 0.01)
(1.34928571429 0.135714285714 0.01)
(1.35571428571 0.135714285714 0.01)
(1.36214285714 0.135714285714 0.01)
(1.36857142857 0.135714285714 0.01)
(1.375 0.135714285714 0.01)
(1.38142857143 0.135714285714 0.01)
(1.38785714286 0.135714285714 0.01)
(1.39428571429 0.135714285714 0.01)
(1.40071428571 0.135714285714 0.01)
(1.40714285714 0.135714285714 0.01)
(1.41357142857 0.135714285714 0.01)
(1.42 0.135714285714 0.01)
(1.24 0.141428571429 0.01)
(1.24642857143 0.141428571429 0.01)
(1.25285714286 0.141428571429 0.01)
(1.25928571429 0.141428571429 0.01)
(1.26571428571 0.141428571429 0.01)
(1.27214285714 0.141428571429 0.01)
(1.27857142857 0.141428571429 0.01)
(1.285 0.141428571429 0.01)
(1.29142857143 0.141428571429 0.01)
(1.29785714286 0.141428571429 0.01)
(1.30428571429 0.141428571429 0.01)
(1.31071428571 0.141428571429 0.01)
(1.31714285714 0.141428571429 0.01)
(1.32357142857 0.141428571429 0.01)
(1.33 0.141428571429 0.01)
(1.33642857143 0.141428571429 0.01)
(1.34285714286 0.141428571429 0.01)
(1.34928571429 0.141428571429 0.01)
(1.35571428571 0.141428571429 0.01)
(1.36214285714 0.141428571429 0.01)
(1.36857142857 0.141428571429 0.01)
(1.375 0.141428571429 0.01)
(1.38142857143 0.141428571429 0.01)
(1.38785714286 0.141428571429 0.01)
(1.39428571429 0.141428571429 0.01)
(1.40071428571 0.141428571429 0.01)
(1.40714285714 0.141428571429 0.01)
(1.41357142857 0.141428571429 0.01)
(1.42 0.141428571429 0.01)
(1.24 0.147142857143 0.01)
(1.24642857143 0.147142857143 0.01)
(1.25285714286 0.147142857143 0.01)
(1.25928571429 0.147142857143 0.01)
(1.26571428571 0.147142857143 0.01)
(1.27214285714 0.147142857143 0.01)
(1.27857142857 0.147142857143 0.01)
(1.285 0.147142857143 0.01)
(1.29142857143 0.147142857143 0.01)
(1.29785714286 0.147142857143 0.01)
(1.30428571429 0.147142857143 0.01)
(1.31071428571 0.147142857143 0.01)
(1.31714285714 0.147142857143 0.01)
(1.32357142857 0.147142857143 0.01)
(1.33 0.147142857143 0.01)
(1.33642857143 0.147142857143 0.01)
(1.34285714286 0.147142857143 0.01)
(1.34928571429 0.147142857143 0.01)
(1.35571428571 0.147142857143 0.01)
(1.36214285714 0.147142857143 0.01)
(1.36857142857 0.147142857143 0.01)
(1.375 0.147142857143 0.01)
(1.38142857143 0.147142857143 0.01)
(1.38785714286 0.147142857143 0.01)
(1.39428571429 0.147142857143 0.01)
(1.40071428571 0.147142857143 0.01)
(1.40714285714 0.147142857143 0.01)
(1.41357142857 0.147142857143 0.01)
(1.42 0.147142857143 0.01)
(1.24 0.152857142857 0.01)
(1.24642857143 0.152857142857 0.01)
(1.25285714286 0.152857142857 0.01)
(1.25928571429 0.152857142857 0.01)
(1.26571428571 0.152857142857 0.01)
(1.27214285714 0.152857142857 0.01)
(1.27857142857 0.152857142857 0.01)
(1.285 0.152857142857 0.01)
(1.29142857143 0.152857142857 0.01)
(1.29785714286 0.152857142857 0.01)
(1.30428571429 0.152857142857 0.01)
(1.31071428571 0.152857142857 0.01)
(1.31714285714 0.152857142857 0.01)
(1.32357142857 0.152857142857 0.01)
(1.33 0.152857142857 0.01)
(1.33642857143 0.152857142857 0.01)
(1.34285714286 0.152857142857 0.01)
(1.34928571429 0.152857142857 0.01)
(1.35571428571 0.152857142857 0.01)
(1.36214285714 0.152857142857 0.01)
(1.36857142857 0.152857142857 0.01)
(1.375 0.152857142857 0.01)
(1.38142857143 0.152857142857 0.01)
(1.38785714286 0.152857142857 0.01)
(1.39428571429 0.152857142857 0.01)
(1.40071428571 0.152857142857 0.01)
(1.40714285714 0.152857142857 0.01)
(1.41357142857 0.152857142857 0.01)
(1.42 0.152857142857 0.01)
(1.24 0.158571428571 0.01)
(1.24642857143 0.158571428571 0.01)
(1.25285714286 0.158571428571 0.01)
(1.25928571429 0.158571428571 0.01)
(1.26571428571 0.158571428571 0.01)
(1.27214285714 0.158571428571 0.01)
(1.27857142857 0.158571428571 0.01)
(1.285 0.158571428571 0.01)
(1.29142857143 0.158571428571 0.01)
(1.29785714286 0.158571428571 0.01)
(1.30428571429 0.158571428571 0.01)
(1.31071428571 0.158571428571 0.01)
(1.31714285714 0.158571428571 0.01)
(1.32357142857 0.158571428571 0.01)
(1.33 0.158571428571 0.01)
(1.33642857143 0.158571428571 0.01)
(1.34285714286 0.158571428571 0.01)
(1.34928571429 0.158571428571 0.01)
(1.35571428571 0.158571428571 0.01)
(1.36214285714 0.158571428571 0.01)
(1.36857142857 0.158571428571 0.01)
(1.375 0.158571428571 0.01)
(1.38142857143 0.158571428571 0.01)
(1.38785714286 0.158571428571 0.01)
(1.39428571429 0.158571428571 0.01)
(1.40071428571 0.158571428571 0.01)
(1.40714285714 0.158571428571 0.01)
(1.41357142857 0.158571428571 0.01)
(1.42 0.158571428571 0.01)
(1.24 0.164285714286 0.01)
(1.24642857143 0.164285714286 0.01)
(1.25285714286 0.164285714286 0.01)
(1.25928571429 0.164285714286 0.01)
(1.26571428571 0.164285714286 0.01)
(1.27214285714 0.164285714286 0.01)
(1.27857142857 0.164285714286 0.01)
(1.285 0.164285714286 0.01)
(1.29142857143 0.164285714286 0.01)
(1.29785714286 0.164285714286 0.01)
(1.30428571429 0.164285714286 0.01)
(1.31071428571 0.164285714286 0.01)
(1.31714285714 0.164285714286 0.01)
(1.32357142857 0.164285714286 0.01)
(1.33 0.164285714286 0.01)
(1.33642857143 0.164285714286 0.01)
(1.34285714286 0.164285714286 0.01)
(1.34928571429 0.164285714286 0.01)
(1.35571428571 0.164285714286 0.01)
(1.36214285714 0.164285714286 0.01)
(1.36857142857 0.164285714286 0.01)
(1.375 0.164285714286 0.01)
(1.38142857143 0.164285714286 0.01)
(1.38785714286 0.164285714286 0.01)
(1.39428571429 0.164285714286 0.01)
(1.40071428571 0.164285714286 0.01)
(1.40714285714 0.164285714286 0.01)
(1.41357142857 0.164285714286 0.01)
(1.42 0.164285714286 0.01)
(1.24 0.17 0.01)
(1.24642857143 0.17 0.01)
(1.25285714286 0.17 0.01)
(1.25928571429 0.17 0.01)
(1.26571428571 0.17 0.01)
(1.27214285714 0.17 0.01)
(1.27857142857 0.17 0.01)
(1.285 0.17 0.01)
(1.29142857143 0.17 0.01)
(1.29785714286 0.17 0.01)
(1.30428571429 0.17 0.01)
(1.31071428571 0.17 0.01)
(1.31714285714 0.17 0.01)
(1.32357142857 0.17 0.01)
(1.33 0.17 0.01)
(1.33642857143 0.17 0.01)
(1.34285714286 0.17 0.01)
(1.34928571429 0.17 0.01)
(1.35571428571 0.17 0.01)
(1.36214285714 0.17 0.01)
(1.36857142857 0.17 0.01)
(1.375 0.17 0.01)
(1.38142857143 0.17 0.01)
(1.38785714286 0.17 0.01)
(1.39428571429 0.17 0.01)
(1.40071428571 0.17 0.01)
(1.40714285714 0.17 0.01)
(1.41357142857 0.17 0.01)
(1.42 0.17 0.01)
(1.24 0.175714285714 0.01)
(1.24642857143 0.175714285714 0.01)
(1.25285714286 0.175714285714 0.01)
(1.25928571429 0.175714285714 0.01)
(1.26571428571 0.175714285714 0.01)
(1.27214285714 0.175714285714 0.01)
(1.27857142857 0.175714285714 0.01)
(1.285 0.175714285714 0.01)
(1.29142857143 0.175714285714 0.01)
(1.29785714286 0.175714285714 0.01)
(1.30428571429 0.175714285714 0.01)
(1.31071428571 0.175714285714 0.01)
(1.31714285714 0.175714285714 0.01)
(1.32357142857 0.175714285714 0.01)
(1.33 0.175714285714 0.01)
(1.33642857143 0.175714285714 0.01)
(1.34285714286 0.175714285714 0.01)
(1.34928571429 0.175714285714 0.01)
(1.35571428571 0.175714285714 0.01)
(1.36214285714 0.175714285714 0.01)
(1.36857142857 0.175714285714 0.01)
(1.375 0.175714285714 0.01)
(1.38142857143 0.175714285714 0.01)
(1.38785714286 0.175714285714 0.01)
(1.39428571429 0.175714285714 0.01)
(1.40071428571 0.175714285714 0.01)
(1.40714285714 0.175714285714 0.01)
(1.41357142857 0.175714285714 0.01)
(1.42 0.175714285714 0.01)
(1.24 0.181428571429 0.01)
(1.24642857143 0.181428571429 0.01)
(1.25285714286 0.181428571429 0.01)
(1.25928571429 0.181428571429 0.01)
(1.26571428571 0.181428571429 0.01)
(1.27214285714 0.181428571429 0.01)
(1.27857142857 0.181428571429 0.01)
(1.285 0.181428571429 0.01)
(1.29142857143 0.181428571429 0.01)
(1.29785714286 0.181428571429 0.01)
(1.30428571429 0.181428571429 0.01)
(1.31071428571 0.181428571429 0.01)
(1.31714285714 0.181428571429 0.01)
(1.32357142857 0.181428571429 0.01)
(1.33 0.181428571429 0.01)
(1.33642857143 0.181428571429 0.01)
(1.34285714286 0.181428571429 0.01)
(1.34928571429 0.181428571429 0.01)
(1.35571428571 0.181428571429 0.01)
(1.36214285714 0.181428571429 0.01)
(1.36857142857 0.181428571429 0.01)
(1.375 0.181428571429 0.01)
(1.38142857143 0.181428571429 0.01)
(1.38785714286 0.181428571429 0.01)
(1.39428571429 0.181428571429 0.01)
(1.40071428571 0.181428571429 0.01)
(1.40714285714 0.181428571429 0.01)
(1.41357142857 0.181428571429 0.01)
(1.42 0.181428571429 0.01)
(1.24 0.187142857143 0.01)
(1.24642857143 0.187142857143 0.01)
(1.25285714286 0.187142857143 0.01)
(1.25928571429 0.187142857143 0.01)
(1.26571428571 0.187142857143 0.01)
(1.27214285714 0.187142857143 0.01)
(1.27857142857 0.187142857143 0.01)
(1.285 0.187142857143 0.01)
(1.29142857143 0.187142857143 0.01)
(1.29785714286 0.187142857143 0.01)
(1.30428571429 0.187142857143 0.01)
(1.31071428571 0.187142857143 0.01)
(1.31714285714 0.187142857143 0.01)
(1.32357142857 0.187142857143 0.01)
(1.33 0.187142857143 0.01)
(1.33642857143 0.187142857143 0.01)
(1.34285714286 0.187142857143 0.01)
(1.34928571429 0.187142857143 0.01)
(1.35571428571 0.187142857143 0.01)
(1.36214285714 0.187142857143 0.01)
(1.36857142857 0.187142857143 0.01)
(1.375 0.187142857143 0.01)
(1.38142857143 0.187142857143 0.01)
(1.38785714286 0.187142857143 0.01)
(1.39428571429 0.187142857143 0.01)
(1.40071428571 0.187142857143 0.01)
(1.40714285714 0.187142857143 0.01)
(1.41357142857 0.187142857143 0.01)
(1.42 0.187142857143 0.01)
(1.24 0.192857142857 0.01)
(1.24642857143 0.192857142857 0.01)
(1.25285714286 0.192857142857 0.01)
(1.25928571429 0.192857142857 0.01)
(1.26571428571 0.192857142857 0.01)
(1.27214285714 0.192857142857 0.01)
(1.27857142857 0.192857142857 0.01)
(1.285 0.192857142857 0.01)
(1.29142857143 0.192857142857 0.01)
(1.29785714286 0.192857142857 0.01)
(1.30428571429 0.192857142857 0.01)
(1.31071428571 0.192857142857 0.01)
(1.31714285714 0.192857142857 0.01)
(1.32357142857 0.192857142857 0.01)
(1.33 0.192857142857 0.01)
(1.33642857143 0.192857142857 0.01)
(1.34285714286 0.192857142857 0.01)
(1.34928571429 0.192857142857 0.01)
(1.35571428571 0.192857142857 0.01)
(1.36214285714 0.192857142857 0.01)
(1.36857142857 0.192857142857 0.01)
(1.375 0.192857142857 0.01)
(1.38142857143 0.192857142857 0.01)
(1.38785714286 0.192857142857 0.01)
(1.39428571429 0.192857142857 0.01)
(1.40071428571 0.192857142857 0.01)
(1.40714285714 0.192857142857 0.01)
(1.41357142857 0.192857142857 0.01)
(1.42 0.192857142857 0.01)
(1.24 0.198571428571 0.01)
(1.24642857143 0.198571428571 0.01)
(1.25285714286 0.198571428571 0.01)
(1.25928571429 0.198571428571 0.01)
(1.26571428571 0.198571428571 0.01)
(1.27214285714 0.198571428571 0.01)
(1.27857142857 0.198571428571 0.01)
(1.285 0.198571428571 0.01)
(1.29142857143 0.198571428571 0.01)
(1.29785714286 0.198571428571 0.01)
(1.30428571429 0.198571428571 0.01)
(1.31071428571 0.198571428571 0.01)
(1.31714285714 0.198571428571 0.01)
(1.32357142857 0.198571428571 0.01)
(1.33 0.198571428571 0.01)
(1.33642857143 0.198571428571 0.01)
(1.34285714286 0.198571428571 0.01)
(1.34928571429 0.198571428571 0.01)
(1.35571428571 0.198571428571 0.01)
(1.36214285714 0.198571428571 0.01)
(1.36857142857 0.198571428571 0.01)
(1.375 0.198571428571 0.01)
(1.38142857143 0.198571428571 0.01)
(1.38785714286 0.198571428571 0.01)
(1.39428571429 0.198571428571 0.01)
(1.40071428571 0.198571428571 0.01)
(1.40714285714 0.198571428571 0.01)
(1.41357142857 0.198571428571 0.01)
(1.42 0.198571428571 0.01)
(1.24 0.204285714286 0.01)
(1.24642857143 0.204285714286 0.01)
(1.25285714286 0.204285714286 0.01)
(1.25928571429 0.204285714286 0.01)
(1.26571428571 0.204285714286 0.01)
(1.27214285714 0.204285714286 0.01)
(1.27857142857 0.204285714286 0.01)
(1.285 0.204285714286 0.01)
(1.29142857143 0.204285714286 0.01)
(1.29785714286 0.204285714286 0.01)
(1.30428571429 0.204285714286 0.01)
(1.31071428571 0.204285714286 0.01)
(1.31714285714 0.204285714286 0.01)
(1.32357142857 0.204285714286 0.01)
(1.33 0.204285714286 0.01)
(1.33642857143 0.204285714286 0.01)
(1.34285714286 0.204285714286 0.01)
(1.34928571429 0.204285714286 0.01)
(1.35571428571 0.204285714286 0.01)
(1.36214285714 0.204285714286 0.01)
(1.36857142857 0.204285714286 0.01)
(1.375 0.204285714286 0.01)
(1.38142857143 0.204285714286 0.01)
(1.38785714286 0.204285714286 0.01)
(1.39428571429 0.204285714286 0.01)
(1.40071428571 0.204285714286 0.01)
(1.40714285714 0.204285714286 0.01)
(1.41357142857 0.204285714286 0.01)
(1.42 0.204285714286 0.01)
(1.24 0.21 0.01)
(1.24642857143 0.21 0.01)
(1.25285714286 0.21 0.01)
(1.25928571429 0.21 0.01)
(1.26571428571 0.21 0.01)
(1.27214285714 0.21 0.01)
(1.27857142857 0.21 0.01)
(1.285 0.21 0.01)
(1.29142857143 0.21 0.01)
(1.29785714286 0.21 0.01)
(1.30428571429 0.21 0.01)
(1.31071428571 0.21 0.01)
(1.31714285714 0.21 0.01)
(1.32357142857 0.21 0.01)
(1.33 0.21 0.01)
(1.33642857143 0.21 0.01)
(1.34285714286 0.21 0.01)
(1.34928571429 0.21 0.01)
(1.35571428571 0.21 0.01)
(1.36214285714 0.21 0.01)
(1.36857142857 0.21 0.01)
(1.375 0.21 0.01)
(1.38142857143 0.21 0.01)
(1.38785714286 0.21 0.01)
(1.39428571429 0.21 0.01)
(1.40071428571 0.21 0.01)
(1.40714285714 0.21 0.01)
(1.41357142857 0.21 0.01)
(1.42 0.21 0.01)
(1.24 0.215714285714 0.01)
(1.24642857143 0.215714285714 0.01)
(1.25285714286 0.215714285714 0.01)
(1.25928571429 0.215714285714 0.01)
(1.26571428571 0.215714285714 0.01)
(1.27214285714 0.215714285714 0.01)
(1.27857142857 0.215714285714 0.01)
(1.285 0.215714285714 0.01)
(1.29142857143 0.215714285714 0.01)
(1.29785714286 0.215714285714 0.01)
(1.30428571429 0.215714285714 0.01)
(1.31071428571 0.215714285714 0.01)
(1.31714285714 0.215714285714 0.01)
(1.32357142857 0.215714285714 0.01)
(1.33 0.215714285714 0.01)
(1.33642857143 0.215714285714 0.01)
(1.34285714286 0.215714285714 0.01)
(1.34928571429 0.215714285714 0.01)
(1.35571428571 0.215714285714 0.01)
(1.36214285714 0.215714285714 0.01)
(1.36857142857 0.215714285714 0.01)
(1.375 0.215714285714 0.01)
(1.38142857143 0.215714285714 0.01)
(1.38785714286 0.215714285714 0.01)
(1.39428571429 0.215714285714 0.01)
(1.40071428571 0.215714285714 0.01)
(1.40714285714 0.215714285714 0.01)
(1.41357142857 0.215714285714 0.01)
(1.42 0.215714285714 0.01)
(1.24 0.221428571429 0.01)
(1.24642857143 0.221428571429 0.01)
(1.25285714286 0.221428571429 0.01)
(1.25928571429 0.221428571429 0.01)
(1.26571428571 0.221428571429 0.01)
(1.27214285714 0.221428571429 0.01)
(1.27857142857 0.221428571429 0.01)
(1.285 0.221428571429 0.01)
(1.29142857143 0.221428571429 0.01)
(1.29785714286 0.221428571429 0.01)
(1.30428571429 0.221428571429 0.01)
(1.31071428571 0.221428571429 0.01)
(1.31714285714 0.221428571429 0.01)
(1.32357142857 0.221428571429 0.01)
(1.33 0.221428571429 0.01)
(1.33642857143 0.221428571429 0.01)
(1.34285714286 0.221428571429 0.01)
(1.34928571429 0.221428571429 0.01)
(1.35571428571 0.221428571429 0.01)
(1.36214285714 0.221428571429 0.01)
(1.36857142857 0.221428571429 0.01)
(1.375 0.221428571429 0.01)
(1.38142857143 0.221428571429 0.01)
(1.38785714286 0.221428571429 0.01)
(1.39428571429 0.221428571429 0.01)
(1.40071428571 0.221428571429 0.01)
(1.40714285714 0.221428571429 0.01)
(1.41357142857 0.221428571429 0.01)
(1.42 0.221428571429 0.01)
(1.24 0.227142857143 0.01)
(1.24642857143 0.227142857143 0.01)
(1.25285714286 0.227142857143 0.01)
(1.25928571429 0.227142857143 0.01)
(1.26571428571 0.227142857143 0.01)
(1.27214285714 0.227142857143 0.01)
(1.27857142857 0.227142857143 0.01)
(1.285 0.227142857143 0.01)
(1.29142857143 0.227142857143 0.01)
(1.29785714286 0.227142857143 0.01)
(1.30428571429 0.227142857143 0.01)
(1.31071428571 0.227142857143 0.01)
(1.31714285714 0.227142857143 0.01)
(1.32357142857 0.227142857143 0.01)
(1.33 0.227142857143 0.01)
(1.33642857143 0.227142857143 0.01)
(1.34285714286 0.227142857143 0.01)
(1.34928571429 0.227142857143 0.01)
(1.35571428571 0.227142857143 0.01)
(1.36214285714 0.227142857143 0.01)
(1.36857142857 0.227142857143 0.01)
(1.375 0.227142857143 0.01)
(1.38142857143 0.227142857143 0.01)
(1.38785714286 0.227142857143 0.01)
(1.39428571429 0.227142857143 0.01)
(1.40071428571 0.227142857143 0.01)
(1.40714285714 0.227142857143 0.01)
(1.41357142857 0.227142857143 0.01)
(1.42 0.227142857143 0.01)
(1.24 0.232857142857 0.01)
(1.24642857143 0.232857142857 0.01)
(1.25285714286 0.232857142857 0.01)
(1.25928571429 0.232857142857 0.01)
(1.26571428571 0.232857142857 0.01)
(1.27214285714 0.232857142857 0.01)
(1.27857142857 0.232857142857 0.01)
(1.285 0.232857142857 0.01)
(1.29142857143 0.232857142857 0.01)
(1.29785714286 0.232857142857 0.01)
(1.30428571429 0.232857142857 0.01)
(1.31071428571 0.232857142857 0.01)
(1.31714285714 0.232857142857 0.01)
(1.32357142857 0.232857142857 0.01)
(1.33 0.232857142857 0.01)
(1.33642857143 0.232857142857 0.01)
(1.34285714286 0.232857142857 0.01)
(1.34928571429 0.232857142857 0.01)
(1.35571428571 0.232857142857 0.01)
(1.36214285714 0.232857142857 0.01)
(1.36857142857 0.232857142857 0.01)
(1.375 0.232857142857 0.01)
(1.38142857143 0.232857142857 0.01)
(1.38785714286 0.232857142857 0.01)
(1.39428571429 0.232857142857 0.01)
(1.40071428571 0.232857142857 0.01)
(1.40714285714 0.232857142857 0.01)
(1.41357142857 0.232857142857 0.01)
(1.42 0.232857142857 0.01)
(1.24 0.238571428571 0.01)
(1.24642857143 0.238571428571 0.01)
(1.25285714286 0.238571428571 0.01)
(1.25928571429 0.238571428571 0.01)
(1.26571428571 0.238571428571 0.01)
(1.27214285714 0.238571428571 0.01)
(1.27857142857 0.238571428571 0.01)
(1.285 0.238571428571 0.01)
(1.29142857143 0.238571428571 0.01)
(1.29785714286 0.238571428571 0.01)
(1.30428571429 0.238571428571 0.01)
(1.31071428571 0.238571428571 0.01)
(1.31714285714 0.238571428571 0.01)
(1.32357142857 0.238571428571 0.01)
(1.33 0.238571428571 0.01)
(1.33642857143 0.238571428571 0.01)
(1.34285714286 0.238571428571 0.01)
(1.34928571429 0.238571428571 0.01)
(1.35571428571 0.238571428571 0.01)
(1.36214285714 0.238571428571 0.01)
(1.36857142857 0.238571428571 0.01)
(1.375 0.238571428571 0.01)
(1.38142857143 0.238571428571 0.01)
(1.38785714286 0.238571428571 0.01)
(1.39428571429 0.238571428571 0.01)
(1.40071428571 0.238571428571 0.01)
(1.40714285714 0.238571428571 0.01)
(1.41357142857 0.238571428571 0.01)
(1.42 0.238571428571 0.01)
(1.24 0.244285714286 0.01)
(1.24642857143 0.244285714286 0.01)
(1.25285714286 0.244285714286 0.01)
(1.25928571429 0.244285714286 0.01)
(1.26571428571 0.244285714286 0.01)
(1.27214285714 0.244285714286 0.01)
(1.27857142857 0.244285714286 0.01)
(1.285 0.244285714286 0.01)
(1.29142857143 0.244285714286 0.01)
(1.29785714286 0.244285714286 0.01)
(1.30428571429 0.244285714286 0.01)
(1.31071428571 0.244285714286 0.01)
(1.31714285714 0.244285714286 0.01)
(1.32357142857 0.244285714286 0.01)
(1.33 0.244285714286 0.01)
(1.33642857143 0.244285714286 0.01)
(1.34285714286 0.244285714286 0.01)
(1.34928571429 0.244285714286 0.01)
(1.35571428571 0.244285714286 0.01)
(1.36214285714 0.244285714286 0.01)
(1.36857142857 0.244285714286 0.01)
(1.375 0.244285714286 0.01)
(1.38142857143 0.244285714286 0.01)
(1.38785714286 0.244285714286 0.01)
(1.39428571429 0.244285714286 0.01)
(1.40071428571 0.244285714286 0.01)
(1.40714285714 0.244285714286 0.01)
(1.41357142857 0.244285714286 0.01)
(1.42 0.244285714286 0.01)
(1.24 0.25 0.01)
(1.24642857143 0.25 0.01)
(1.25285714286 0.25 0.01)
(1.25928571429 0.25 0.01)
(1.26571428571 0.25 0.01)
(1.27214285714 0.25 0.01)
(1.27857142857 0.25 0.01)
(1.285 0.25 0.01)
(1.29142857143 0.25 0.01)
(1.29785714286 0.25 0.01)
(1.30428571429 0.25 0.01)
(1.31071428571 0.25 0.01)
(1.31714285714 0.25 0.01)
(1.32357142857 0.25 0.01)
(1.33 0.25 0.01)
(1.33642857143 0.25 0.01)
(1.34285714286 0.25 0.01)
(1.34928571429 0.25 0.01)
(1.35571428571 0.25 0.01)
(1.36214285714 0.25 0.01)
(1.36857142857 0.25 0.01)
(1.375 0.25 0.01)
(1.38142857143 0.25 0.01)
(1.38785714286 0.25 0.01)
(1.39428571429 0.25 0.01)
(1.40071428571 0.25 0.01)
(1.40714285714 0.25 0.01)
(1.41357142857 0.25 0.01)
(1.42 0.25 0.01)
(1.24 0.255714285714 0.01)
(1.24642857143 0.255714285714 0.01)
(1.25285714286 0.255714285714 0.01)
(1.25928571429 0.255714285714 0.01)
(1.26571428571 0.255714285714 0.01)
(1.27214285714 0.255714285714 0.01)
(1.27857142857 0.255714285714 0.01)
(1.285 0.255714285714 0.01)
(1.29142857143 0.255714285714 0.01)
(1.29785714286 0.255714285714 0.01)
(1.30428571429 0.255714285714 0.01)
(1.31071428571 0.255714285714 0.01)
(1.31714285714 0.255714285714 0.01)
(1.32357142857 0.255714285714 0.01)
(1.33 0.255714285714 0.01)
(1.33642857143 0.255714285714 0.01)
(1.34285714286 0.255714285714 0.01)
(1.34928571429 0.255714285714 0.01)
(1.35571428571 0.255714285714 0.01)
(1.36214285714 0.255714285714 0.01)
(1.36857142857 0.255714285714 0.01)
(1.375 0.255714285714 0.01)
(1.38142857143 0.255714285714 0.01)
(1.38785714286 0.255714285714 0.01)
(1.39428571429 0.255714285714 0.01)
(1.40071428571 0.255714285714 0.01)
(1.40714285714 0.255714285714 0.01)
(1.41357142857 0.255714285714 0.01)
(1.42 0.255714285714 0.01)
(1.24 0.261428571429 0.01)
(1.24642857143 0.261428571429 0.01)
(1.25285714286 0.261428571429 0.01)
(1.25928571429 0.261428571429 0.01)
(1.26571428571 0.261428571429 0.01)
(1.27214285714 0.261428571429 0.01)
(1.27857142857 0.261428571429 0.01)
(1.285 0.261428571429 0.01)
(1.29142857143 0.261428571429 0.01)
(1.29785714286 0.261428571429 0.01)
(1.30428571429 0.261428571429 0.01)
(1.31071428571 0.261428571429 0.01)
(1.31714285714 0.261428571429 0.01)
(1.32357142857 0.261428571429 0.01)
(1.33 0.261428571429 0.01)
(1.33642857143 0.261428571429 0.01)
(1.34285714286 0.261428571429 0.01)
(1.34928571429 0.261428571429 0.01)
(1.35571428571 0.261428571429 0.01)
(1.36214285714 0.261428571429 0.01)
(1.36857142857 0.261428571429 0.01)
(1.375 0.261428571429 0.01)
(1.38142857143 0.261428571429 0.01)
(1.38785714286 0.261428571429 0.01)
(1.39428571429 0.261428571429 0.01)
(1.40071428571 0.261428571429 0.01)
(1.40714285714 0.261428571429 0.01)
(1.41357142857 0.261428571429 0.01)
(1.42 0.261428571429 0.01)
(1.24 0.267142857143 0.01)
(1.24642857143 0.267142857143 0.01)
(1.25285714286 0.267142857143 0.01)
(1.25928571429 0.267142857143 0.01)
(1.26571428571 0.267142857143 0.01)
(1.27214285714 0.267142857143 0.01)
(1.27857142857 0.267142857143 0.01)
(1.285 0.267142857143 0.01)
(1.29142857143 0.267142857143 0.01)
(1.29785714286 0.267142857143 0.01)
(1.30428571429 0.267142857143 0.01)
(1.31071428571 0.267142857143 0.01)
(1.31714285714 0.267142857143 0.01)
(1.32357142857 0.267142857143 0.01)
(1.33 0.267142857143 0.01)
(1.33642857143 0.267142857143 0.01)
(1.34285714286 0.267142857143 0.01)
(1.34928571429 0.267142857143 0.01)
(1.35571428571 0.267142857143 0.01)
(1.36214285714 0.267142857143 0.01)
(1.36857142857 0.267142857143 0.01)
(1.375 0.267142857143 0.01)
(1.38142857143 0.267142857143 0.01)
(1.38785714286 0.267142857143 0.01)
(1.39428571429 0.267142857143 0.01)
(1.40071428571 0.267142857143 0.01)
(1.40714285714 0.267142857143 0.01)
(1.41357142857 0.267142857143 0.01)
(1.42 0.267142857143 0.01)
(1.24 0.272857142857 0.01)
(1.24642857143 0.272857142857 0.01)
(1.25285714286 0.272857142857 0.01)
(1.25928571429 0.272857142857 0.01)
(1.26571428571 0.272857142857 0.01)
(1.27214285714 0.272857142857 0.01)
(1.27857142857 0.272857142857 0.01)
(1.285 0.272857142857 0.01)
(1.29142857143 0.272857142857 0.01)
(1.29785714286 0.272857142857 0.01)
(1.30428571429 0.272857142857 0.01)
(1.31071428571 0.272857142857 0.01)
(1.31714285714 0.272857142857 0.01)
(1.32357142857 0.272857142857 0.01)
(1.33 0.272857142857 0.01)
(1.33642857143 0.272857142857 0.01)
(1.34285714286 0.272857142857 0.01)
(1.34928571429 0.272857142857 0.01)
(1.35571428571 0.272857142857 0.01)
(1.36214285714 0.272857142857 0.01)
(1.36857142857 0.272857142857 0.01)
(1.375 0.272857142857 0.01)
(1.38142857143 0.272857142857 0.01)
(1.38785714286 0.272857142857 0.01)
(1.39428571429 0.272857142857 0.01)
(1.40071428571 0.272857142857 0.01)
(1.40714285714 0.272857142857 0.01)
(1.41357142857 0.272857142857 0.01)
(1.42 0.272857142857 0.01)
(1.24 0.278571428571 0.01)
(1.24642857143 0.278571428571 0.01)
(1.25285714286 0.278571428571 0.01)
(1.25928571429 0.278571428571 0.01)
(1.26571428571 0.278571428571 0.01)
(1.27214285714 0.278571428571 0.01)
(1.27857142857 0.278571428571 0.01)
(1.285 0.278571428571 0.01)
(1.29142857143 0.278571428571 0.01)
(1.29785714286 0.278571428571 0.01)
(1.30428571429 0.278571428571 0.01)
(1.31071428571 0.278571428571 0.01)
(1.31714285714 0.278571428571 0.01)
(1.32357142857 0.278571428571 0.01)
(1.33 0.278571428571 0.01)
(1.33642857143 0.278571428571 0.01)
(1.34285714286 0.278571428571 0.01)
(1.34928571429 0.278571428571 0.01)
(1.35571428571 0.278571428571 0.01)
(1.36214285714 0.278571428571 0.01)
(1.36857142857 0.278571428571 0.01)
(1.375 0.278571428571 0.01)
(1.38142857143 0.278571428571 0.01)
(1.38785714286 0.278571428571 0.01)
(1.39428571429 0.278571428571 0.01)
(1.40071428571 0.278571428571 0.01)
(1.40714285714 0.278571428571 0.01)
(1.41357142857 0.278571428571 0.01)
(1.42 0.278571428571 0.01)
(1.24 0.284285714286 0.01)
(1.24642857143 0.284285714286 0.01)
(1.25285714286 0.284285714286 0.01)
(1.25928571429 0.284285714286 0.01)
(1.26571428571 0.284285714286 0.01)
(1.27214285714 0.284285714286 0.01)
(1.27857142857 0.284285714286 0.01)
(1.285 0.284285714286 0.01)
(1.29142857143 0.284285714286 0.01)
(1.29785714286 0.284285714286 0.01)
(1.30428571429 0.284285714286 0.01)
(1.31071428571 0.284285714286 0.01)
(1.31714285714 0.284285714286 0.01)
(1.32357142857 0.284285714286 0.01)
(1.33 0.284285714286 0.01)
(1.33642857143 0.284285714286 0.01)
(1.34285714286 0.284285714286 0.01)
(1.34928571429 0.284285714286 0.01)
(1.35571428571 0.284285714286 0.01)
(1.36214285714 0.284285714286 0.01)
(1.36857142857 0.284285714286 0.01)
(1.375 0.284285714286 0.01)
(1.38142857143 0.284285714286 0.01)
(1.38785714286 0.284285714286 0.01)
(1.39428571429 0.284285714286 0.01)
(1.40071428571 0.284285714286 0.01)
(1.40714285714 0.284285714286 0.01)
(1.41357142857 0.284285714286 0.01)
(1.42 0.284285714286 0.01)
(1.24 0.29 0.01)
(1.24642857143 0.29 0.01)
(1.25285714286 0.29 0.01)
(1.25928571429 0.29 0.01)
(1.26571428571 0.29 0.01)
(1.27214285714 0.29 0.01)
(1.27857142857 0.29 0.01)
(1.285 0.29 0.01)
(1.29142857143 0.29 0.01)
(1.29785714286 0.29 0.01)
(1.30428571429 0.29 0.01)
(1.31071428571 0.29 0.01)
(1.31714285714 0.29 0.01)
(1.32357142857 0.29 0.01)
(1.33 0.29 0.01)
(1.33642857143 0.29 0.01)
(1.34285714286 0.29 0.01)
(1.34928571429 0.29 0.01)
(1.35571428571 0.29 0.01)
(1.36214285714 0.29 0.01)
(1.36857142857 0.29 0.01)
(1.375 0.29 0.01)
(1.38142857143 0.29 0.01)
(1.38785714286 0.29 0.01)
(1.39428571429 0.29 0.01)
(1.40071428571 0.29 0.01)
(1.40714285714 0.29 0.01)
(1.41357142857 0.29 0.01)
(1.42 0.29 0.01)
(1.24 0.295714285714 0.01)
(1.24642857143 0.295714285714 0.01)
(1.25285714286 0.295714285714 0.01)
(1.25928571429 0.295714285714 0.01)
(1.26571428571 0.295714285714 0.01)
(1.27214285714 0.295714285714 0.01)
(1.27857142857 0.295714285714 0.01)
(1.285 0.295714285714 0.01)
(1.29142857143 0.295714285714 0.01)
(1.29785714286 0.295714285714 0.01)
(1.30428571429 0.295714285714 0.01)
(1.31071428571 0.295714285714 0.01)
(1.31714285714 0.295714285714 0.01)
(1.32357142857 0.295714285714 0.01)
(1.33 0.295714285714 0.01)
(1.33642857143 0.295714285714 0.01)
(1.34285714286 0.295714285714 0.01)
(1.34928571429 0.295714285714 0.01)
(1.35571428571 0.295714285714 0.01)
(1.36214285714 0.295714285714 0.01)
(1.36857142857 0.295714285714 0.01)
(1.375 0.295714285714 0.01)
(1.38142857143 0.295714285714 0.01)
(1.38785714286 0.295714285714 0.01)
(1.39428571429 0.295714285714 0.01)
(1.40071428571 0.295714285714 0.01)
(1.40714285714 0.295714285714 0.01)
(1.41357142857 0.295714285714 0.01)
(1.42 0.295714285714 0.01)
(1.24 0.301428571429 0.01)
(1.24642857143 0.301428571429 0.01)
(1.25285714286 0.301428571429 0.01)
(1.25928571429 0.301428571429 0.01)
(1.26571428571 0.301428571429 0.01)
(1.27214285714 0.301428571429 0.01)
(1.27857142857 0.301428571429 0.01)
(1.285 0.301428571429 0.01)
(1.29142857143 0.301428571429 0.01)
(1.29785714286 0.301428571429 0.01)
(1.30428571429 0.301428571429 0.01)
(1.31071428571 0.301428571429 0.01)
(1.31714285714 0.301428571429 0.01)
(1.32357142857 0.301428571429 0.01)
(1.33 0.301428571429 0.01)
(1.33642857143 0.301428571429 0.01)
(1.34285714286 0.301428571429 0.01)
(1.34928571429 0.301428571429 0.01)
(1.35571428571 0.301428571429 0.01)
(1.36214285714 0.301428571429 0.01)
(1.36857142857 0.301428571429 0.01)
(1.375 0.301428571429 0.01)
(1.38142857143 0.301428571429 0.01)
(1.38785714286 0.301428571429 0.01)
(1.39428571429 0.301428571429 0.01)
(1.40071428571 0.301428571429 0.01)
(1.40714285714 0.301428571429 0.01)
(1.41357142857 0.301428571429 0.01)
(1.42 0.301428571429 0.01)
(1.24 0.307142857143 0.01)
(1.24642857143 0.307142857143 0.01)
(1.25285714286 0.307142857143 0.01)
(1.25928571429 0.307142857143 0.01)
(1.26571428571 0.307142857143 0.01)
(1.27214285714 0.307142857143 0.01)
(1.27857142857 0.307142857143 0.01)
(1.285 0.307142857143 0.01)
(1.29142857143 0.307142857143 0.01)
(1.29785714286 0.307142857143 0.01)
(1.30428571429 0.307142857143 0.01)
(1.31071428571 0.307142857143 0.01)
(1.31714285714 0.307142857143 0.01)
(1.32357142857 0.307142857143 0.01)
(1.33 0.307142857143 0.01)
(1.33642857143 0.307142857143 0.01)
(1.34285714286 0.307142857143 0.01)
(1.34928571429 0.307142857143 0.01)
(1.35571428571 0.307142857143 0.01)
(1.36214285714 0.307142857143 0.01)
(1.36857142857 0.307142857143 0.01)
(1.375 0.307142857143 0.01)
(1.38142857143 0.307142857143 0.01)
(1.38785714286 0.307142857143 0.01)
(1.39428571429 0.307142857143 0.01)
(1.40071428571 0.307142857143 0.01)
(1.40714285714 0.307142857143 0.01)
(1.41357142857 0.307142857143 0.01)
(1.42 0.307142857143 0.01)
(1.24 0.312857142857 0.01)
(1.24642857143 0.312857142857 0.01)
(1.25285714286 0.312857142857 0.01)
(1.25928571429 0.312857142857 0.01)
(1.26571428571 0.312857142857 0.01)
(1.27214285714 0.312857142857 0.01)
(1.27857142857 0.312857142857 0.01)
(1.285 0.312857142857 0.01)
(1.29142857143 0.312857142857 0.01)
(1.29785714286 0.312857142857 0.01)
(1.30428571429 0.312857142857 0.01)
(1.31071428571 0.312857142857 0.01)
(1.31714285714 0.312857142857 0.01)
(1.32357142857 0.312857142857 0.01)
(1.33 0.312857142857 0.01)
(1.33642857143 0.312857142857 0.01)
(1.34285714286 0.312857142857 0.01)
(1.34928571429 0.312857142857 0.01)
(1.35571428571 0.312857142857 0.01)
(1.36214285714 0.312857142857 0.01)
(1.36857142857 0.312857142857 0.01)
(1.375 0.312857142857 0.01)
(1.38142857143 0.312857142857 0.01)
(1.38785714286 0.312857142857 0.01)
(1.39428571429 0.312857142857 0.01)
(1.40071428571 0.312857142857 0.01)
(1.40714285714 0.312857142857 0.01)
(1.41357142857 0.312857142857 0.01)
(1.42 0.312857142857 0.01)
(1.24 0.318571428571 0.01)
(1.24642857143 0.318571428571 0.01)
(1.25285714286 0.318571428571 0.01)
(1.25928571429 0.318571428571 0.01)
(1.26571428571 0.318571428571 0.01)
(1.27214285714 0.318571428571 0.01)
(1.27857142857 0.318571428571 0.01)
(1.285 0.318571428571 0.01)
(1.29142857143 0.318571428571 0.01)
(1.29785714286 0.318571428571 0.01)
(1.30428571429 0.318571428571 0.01)
(1.31071428571 0.318571428571 0.01)
(1.31714285714 0.318571428571 0.01)
(1.32357142857 0.318571428571 0.01)
(1.33 0.318571428571 0.01)
(1.33642857143 0.318571428571 0.01)
(1.34285714286 0.318571428571 0.01)
(1.34928571429 0.318571428571 0.01)
(1.35571428571 0.318571428571 0.01)
(1.36214285714 0.318571428571 0.01)
(1.36857142857 0.318571428571 0.01)
(1.375 0.318571428571 0.01)
(1.38142857143 0.318571428571 0.01)
(1.38785714286 0.318571428571 0.01)
(1.39428571429 0.318571428571 0.01)
(1.40071428571 0.318571428571 0.01)
(1.40714285714 0.318571428571 0.01)
(1.41357142857 0.318571428571 0.01)
(1.42 0.318571428571 0.01)
(1.24 0.324285714286 0.01)
(1.24642857143 0.324285714286 0.01)
(1.25285714286 0.324285714286 0.01)
(1.25928571429 0.324285714286 0.01)
(1.26571428571 0.324285714286 0.01)
(1.27214285714 0.324285714286 0.01)
(1.27857142857 0.324285714286 0.01)
(1.285 0.324285714286 0.01)
(1.29142857143 0.324285714286 0.01)
(1.29785714286 0.324285714286 0.01)
(1.30428571429 0.324285714286 0.01)
(1.31071428571 0.324285714286 0.01)
(1.31714285714 0.324285714286 0.01)
(1.32357142857 0.324285714286 0.01)
(1.33 0.324285714286 0.01)
(1.33642857143 0.324285714286 0.01)
(1.34285714286 0.324285714286 0.01)
(1.34928571429 0.324285714286 0.01)
(1.35571428571 0.324285714286 0.01)
(1.36214285714 0.324285714286 0.01)
(1.36857142857 0.324285714286 0.01)
(1.375 0.324285714286 0.01)
(1.38142857143 0.324285714286 0.01)
(1.38785714286 0.324285714286 0.01)
(1.39428571429 0.324285714286 0.01)
(1.40071428571 0.324285714286 0.01)
(1.40714285714 0.324285714286 0.01)
(1.41357142857 0.324285714286 0.01)
(1.42 0.324285714286 0.01)
(1.24 0.33 0.01)
(1.24642857143 0.33 0.01)
(1.25285714286 0.33 0.01)
(1.25928571429 0.33 0.01)
(1.26571428571 0.33 0.01)
(1.27214285714 0.33 0.01)
(1.27857142857 0.33 0.01)
(1.285 0.33 0.01)
(1.29142857143 0.33 0.01)
(1.29785714286 0.33 0.01)
(1.30428571429 0.33 0.01)
(1.31071428571 0.33 0.01)
(1.31714285714 0.33 0.01)
(1.32357142857 0.33 0.01)
(1.33 0.33 0.01)
(1.33642857143 0.33 0.01)
(1.34285714286 0.33 0.01)
(1.34928571429 0.33 0.01)
(1.35571428571 0.33 0.01)
(1.36214285714 0.33 0.01)
(1.36857142857 0.33 0.01)
(1.375 0.33 0.01)
(1.38142857143 0.33 0.01)
(1.38785714286 0.33 0.01)
(1.39428571429 0.33 0.01)
(1.40071428571 0.33 0.01)
(1.40714285714 0.33 0.01)
(1.41357142857 0.33 0.01)
(1.42 0.33 0.01)
(1.24 0.335714285714 0.01)
(1.24642857143 0.335714285714 0.01)
(1.25285714286 0.335714285714 0.01)
(1.25928571429 0.335714285714 0.01)
(1.26571428571 0.335714285714 0.01)
(1.27214285714 0.335714285714 0.01)
(1.27857142857 0.335714285714 0.01)
(1.285 0.335714285714 0.01)
(1.29142857143 0.335714285714 0.01)
(1.29785714286 0.335714285714 0.01)
(1.30428571429 0.335714285714 0.01)
(1.31071428571 0.335714285714 0.01)
(1.31714285714 0.335714285714 0.01)
(1.32357142857 0.335714285714 0.01)
(1.33 0.335714285714 0.01)
(1.33642857143 0.335714285714 0.01)
(1.34285714286 0.335714285714 0.01)
(1.34928571429 0.335714285714 0.01)
(1.35571428571 0.335714285714 0.01)
(1.36214285714 0.335714285714 0.01)
(1.36857142857 0.335714285714 0.01)
(1.375 0.335714285714 0.01)
(1.38142857143 0.335714285714 0.01)
(1.38785714286 0.335714285714 0.01)
(1.39428571429 0.335714285714 0.01)
(1.40071428571 0.335714285714 0.01)
(1.40714285714 0.335714285714 0.01)
(1.41357142857 0.335714285714 0.01)
(1.42 0.335714285714 0.01)
(1.24 0.341428571429 0.01)
(1.24642857143 0.341428571429 0.01)
(1.25285714286 0.341428571429 0.01)
(1.25928571429 0.341428571429 0.01)
(1.26571428571 0.341428571429 0.01)
(1.27214285714 0.341428571429 0.01)
(1.27857142857 0.341428571429 0.01)
(1.285 0.341428571429 0.01)
(1.29142857143 0.341428571429 0.01)
(1.29785714286 0.341428571429 0.01)
(1.30428571429 0.341428571429 0.01)
(1.31071428571 0.341428571429 0.01)
(1.31714285714 0.341428571429 0.01)
(1.32357142857 0.341428571429 0.01)
(1.33 0.341428571429 0.01)
(1.33642857143 0.341428571429 0.01)
(1.34285714286 0.341428571429 0.01)
(1.34928571429 0.341428571429 0.01)
(1.35571428571 0.341428571429 0.01)
(1.36214285714 0.341428571429 0.01)
(1.36857142857 0.341428571429 0.01)
(1.375 0.341428571429 0.01)
(1.38142857143 0.341428571429 0.01)
(1.38785714286 0.341428571429 0.01)
(1.39428571429 0.341428571429 0.01)
(1.40071428571 0.341428571429 0.01)
(1.40714285714 0.341428571429 0.01)
(1.41357142857 0.341428571429 0.01)
(1.42 0.341428571429 0.01)
(1.24 0.347142857143 0.01)
(1.24642857143 0.347142857143 0.01)
(1.25285714286 0.347142857143 0.01)
(1.25928571429 0.347142857143 0.01)
(1.26571428571 0.347142857143 0.01)
(1.27214285714 0.347142857143 0.01)
(1.27857142857 0.347142857143 0.01)
(1.285 0.347142857143 0.01)
(1.29142857143 0.347142857143 0.01)
(1.29785714286 0.347142857143 0.01)
(1.30428571429 0.347142857143 0.01)
(1.31071428571 0.347142857143 0.01)
(1.31714285714 0.347142857143 0.01)
(1.32357142857 0.347142857143 0.01)
(1.33 0.347142857143 0.01)
(1.33642857143 0.347142857143 0.01)
(1.34285714286 0.347142857143 0.01)
(1.34928571429 0.347142857143 0.01)
(1.35571428571 0.347142857143 0.01)
(1.36214285714 0.347142857143 0.01)
(1.36857142857 0.347142857143 0.01)
(1.375 0.347142857143 0.01)
(1.38142857143 0.347142857143 0.01)
(1.38785714286 0.347142857143 0.01)
(1.39428571429 0.347142857143 0.01)
(1.40071428571 0.347142857143 0.01)
(1.40714285714 0.347142857143 0.01)
(1.41357142857 0.347142857143 0.01)
(1.42 0.347142857143 0.01)
(1.24 0.352857142857 0.01)
(1.24642857143 0.352857142857 0.01)
(1.25285714286 0.352857142857 0.01)
(1.25928571429 0.352857142857 0.01)
(1.26571428571 0.352857142857 0.01)
(1.27214285714 0.352857142857 0.01)
(1.27857142857 0.352857142857 0.01)
(1.285 0.352857142857 0.01)
(1.29142857143 0.352857142857 0.01)
(1.29785714286 0.352857142857 0.01)
(1.30428571429 0.352857142857 0.01)
(1.31071428571 0.352857142857 0.01)
(1.31714285714 0.352857142857 0.01)
(1.32357142857 0.352857142857 0.01)
(1.33 0.352857142857 0.01)
(1.33642857143 0.352857142857 0.01)
(1.34285714286 0.352857142857 0.01)
(1.34928571429 0.352857142857 0.01)
(1.35571428571 0.352857142857 0.01)
(1.36214285714 0.352857142857 0.01)
(1.36857142857 0.352857142857 0.01)
(1.375 0.352857142857 0.01)
(1.38142857143 0.352857142857 0.01)
(1.38785714286 0.352857142857 0.01)
(1.39428571429 0.352857142857 0.01)
(1.40071428571 0.352857142857 0.01)
(1.40714285714 0.352857142857 0.01)
(1.41357142857 0.352857142857 0.01)
(1.42 0.352857142857 0.01)
(1.24 0.358571428571 0.01)
(1.24642857143 0.358571428571 0.01)
(1.25285714286 0.358571428571 0.01)
(1.25928571429 0.358571428571 0.01)
(1.26571428571 0.358571428571 0.01)
(1.27214285714 0.358571428571 0.01)
(1.27857142857 0.358571428571 0.01)
(1.285 0.358571428571 0.01)
(1.29142857143 0.358571428571 0.01)
(1.29785714286 0.358571428571 0.01)
(1.30428571429 0.358571428571 0.01)
(1.31071428571 0.358571428571 0.01)
(1.31714285714 0.358571428571 0.01)
(1.32357142857 0.358571428571 0.01)
(1.33 0.358571428571 0.01)
(1.33642857143 0.358571428571 0.01)
(1.34285714286 0.358571428571 0.01)
(1.34928571429 0.358571428571 0.01)
(1.35571428571 0.358571428571 0.01)
(1.36214285714 0.358571428571 0.01)
(1.36857142857 0.358571428571 0.01)
(1.375 0.358571428571 0.01)
(1.38142857143 0.358571428571 0.01)
(1.38785714286 0.358571428571 0.01)
(1.39428571429 0.358571428571 0.01)
(1.40071428571 0.358571428571 0.01)
(1.40714285714 0.358571428571 0.01)
(1.41357142857 0.358571428571 0.01)
(1.42 0.358571428571 0.01)
(1.24 0.364285714286 0.01)
(1.24642857143 0.364285714286 0.01)
(1.25285714286 0.364285714286 0.01)
(1.25928571429 0.364285714286 0.01)
(1.26571428571 0.364285714286 0.01)
(1.27214285714 0.364285714286 0.01)
(1.27857142857 0.364285714286 0.01)
(1.285 0.364285714286 0.01)
(1.29142857143 0.364285714286 0.01)
(1.29785714286 0.364285714286 0.01)
(1.30428571429 0.364285714286 0.01)
(1.31071428571 0.364285714286 0.01)
(1.31714285714 0.364285714286 0.01)
(1.32357142857 0.364285714286 0.01)
(1.33 0.364285714286 0.01)
(1.33642857143 0.364285714286 0.01)
(1.34285714286 0.364285714286 0.01)
(1.34928571429 0.364285714286 0.01)
(1.35571428571 0.364285714286 0.01)
(1.36214285714 0.364285714286 0.01)
(1.36857142857 0.364285714286 0.01)
(1.375 0.364285714286 0.01)
(1.38142857143 0.364285714286 0.01)
(1.38785714286 0.364285714286 0.01)
(1.39428571429 0.364285714286 0.01)
(1.40071428571 0.364285714286 0.01)
(1.40714285714 0.364285714286 0.01)
(1.41357142857 0.364285714286 0.01)
(1.42 0.364285714286 0.01)
(1.24 0.37 0.01)
(1.24642857143 0.37 0.01)
(1.25285714286 0.37 0.01)
(1.25928571429 0.37 0.01)
(1.26571428571 0.37 0.01)
(1.27214285714 0.37 0.01)
(1.27857142857 0.37 0.01)
(1.285 0.37 0.01)
(1.29142857143 0.37 0.01)
(1.29785714286 0.37 0.01)
(1.30428571429 0.37 0.01)
(1.31071428571 0.37 0.01)
(1.31714285714 0.37 0.01)
(1.32357142857 0.37 0.01)
(1.33 0.37 0.01)
(1.33642857143 0.37 0.01)
(1.34285714286 0.37 0.01)
(1.34928571429 0.37 0.01)
(1.35571428571 0.37 0.01)
(1.36214285714 0.37 0.01)
(1.36857142857 0.37 0.01)
(1.375 0.37 0.01)
(1.38142857143 0.37 0.01)
(1.38785714286 0.37 0.01)
(1.39428571429 0.37 0.01)
(1.40071428571 0.37 0.01)
(1.40714285714 0.37 0.01)
(1.41357142857 0.37 0.01)
(1.42 0.37 0.01)
(1.24 0.375714285714 0.01)
(1.24642857143 0.375714285714 0.01)
(1.25285714286 0.375714285714 0.01)
(1.25928571429 0.375714285714 0.01)
(1.26571428571 0.375714285714 0.01)
(1.27214285714 0.375714285714 0.01)
(1.27857142857 0.375714285714 0.01)
(1.285 0.375714285714 0.01)
(1.29142857143 0.375714285714 0.01)
(1.29785714286 0.375714285714 0.01)
(1.30428571429 0.375714285714 0.01)
(1.31071428571 0.375714285714 0.01)
(1.31714285714 0.375714285714 0.01)
(1.32357142857 0.375714285714 0.01)
(1.33 0.375714285714 0.01)
(1.33642857143 0.375714285714 0.01)
(1.34285714286 0.375714285714 0.01)
(1.34928571429 0.375714285714 0.01)
(1.35571428571 0.375714285714 0.01)
(1.36214285714 0.375714285714 0.01)
(1.36857142857 0.375714285714 0.01)
(1.375 0.375714285714 0.01)
(1.38142857143 0.375714285714 0.01)
(1.38785714286 0.375714285714 0.01)
(1.39428571429 0.375714285714 0.01)
(1.40071428571 0.375714285714 0.01)
(1.40714285714 0.375714285714 0.01)
(1.41357142857 0.375714285714 0.01)
(1.42 0.375714285714 0.01)
(1.24 0.381428571429 0.01)
(1.24642857143 0.381428571429 0.01)
(1.25285714286 0.381428571429 0.01)
(1.25928571429 0.381428571429 0.01)
(1.26571428571 0.381428571429 0.01)
(1.27214285714 0.381428571429 0.01)
(1.27857142857 0.381428571429 0.01)
(1.285 0.381428571429 0.01)
(1.29142857143 0.381428571429 0.01)
(1.29785714286 0.381428571429 0.01)
(1.30428571429 0.381428571429 0.01)
(1.31071428571 0.381428571429 0.01)
(1.31714285714 0.381428571429 0.01)
(1.32357142857 0.381428571429 0.01)
(1.33 0.381428571429 0.01)
(1.33642857143 0.381428571429 0.01)
(1.34285714286 0.381428571429 0.01)
(1.34928571429 0.381428571429 0.01)
(1.35571428571 0.381428571429 0.01)
(1.36214285714 0.381428571429 0.01)
(1.36857142857 0.381428571429 0.01)
(1.375 0.381428571429 0.01)
(1.38142857143 0.381428571429 0.01)
(1.38785714286 0.381428571429 0.01)
(1.39428571429 0.381428571429 0.01)
(1.40071428571 0.381428571429 0.01)
(1.40714285714 0.381428571429 0.01)
(1.41357142857 0.381428571429 0.01)
(1.42 0.381428571429 0.01)
(1.24 0.387142857143 0.01)
(1.24642857143 0.387142857143 0.01)
(1.25285714286 0.387142857143 0.01)
(1.25928571429 0.387142857143 0.01)
(1.26571428571 0.387142857143 0.01)
(1.27214285714 0.387142857143 0.01)
(1.27857142857 0.387142857143 0.01)
(1.285 0.387142857143 0.01)
(1.29142857143 0.387142857143 0.01)
(1.29785714286 0.387142857143 0.01)
(1.30428571429 0.387142857143 0.01)
(1.31071428571 0.387142857143 0.01)
(1.31714285714 0.387142857143 0.01)
(1.32357142857 0.387142857143 0.01)
(1.33 0.387142857143 0.01)
(1.33642857143 0.387142857143 0.01)
(1.34285714286 0.387142857143 0.01)
(1.34928571429 0.387142857143 0.01)
(1.35571428571 0.387142857143 0.01)
(1.36214285714 0.387142857143 0.01)
(1.36857142857 0.387142857143 0.01)
(1.375 0.387142857143 0.01)
(1.38142857143 0.387142857143 0.01)
(1.38785714286 0.387142857143 0.01)
(1.39428571429 0.387142857143 0.01)
(1.40071428571 0.387142857143 0.01)
(1.40714285714 0.387142857143 0.01)
(1.41357142857 0.387142857143 0.01)
(1.42 0.387142857143 0.01)
(1.24 0.392857142857 0.01)
(1.24642857143 0.392857142857 0.01)
(1.25285714286 0.392857142857 0.01)
(1.25928571429 0.392857142857 0.01)
(1.26571428571 0.392857142857 0.01)
(1.27214285714 0.392857142857 0.01)
(1.27857142857 0.392857142857 0.01)
(1.285 0.392857142857 0.01)
(1.29142857143 0.392857142857 0.01)
(1.29785714286 0.392857142857 0.01)
(1.30428571429 0.392857142857 0.01)
(1.31071428571 0.392857142857 0.01)
(1.31714285714 0.392857142857 0.01)
(1.32357142857 0.392857142857 0.01)
(1.33 0.392857142857 0.01)
(1.33642857143 0.392857142857 0.01)
(1.34285714286 0.392857142857 0.01)
(1.34928571429 0.392857142857 0.01)
(1.35571428571 0.392857142857 0.01)
(1.36214285714 0.392857142857 0.01)
(1.36857142857 0.392857142857 0.01)
(1.375 0.392857142857 0.01)
(1.38142857143 0.392857142857 0.01)
(1.38785714286 0.392857142857 0.01)
(1.39428571429 0.392857142857 0.01)
(1.40071428571 0.392857142857 0.01)
(1.40714285714 0.392857142857 0.01)
(1.41357142857 0.392857142857 0.01)
(1.42 0.392857142857 0.01)
(1.24 0.398571428571 0.01)
(1.24642857143 0.398571428571 0.01)
(1.25285714286 0.398571428571 0.01)
(1.25928571429 0.398571428571 0.01)
(1.26571428571 0.398571428571 0.01)
(1.27214285714 0.398571428571 0.01)
(1.27857142857 0.398571428571 0.01)
(1.285 0.398571428571 0.01)
(1.29142857143 0.398571428571 0.01)
(1.29785714286 0.398571428571 0.01)
(1.30428571429 0.398571428571 0.01)
(1.31071428571 0.398571428571 0.01)
(1.31714285714 0.398571428571 0.01)
(1.32357142857 0.398571428571 0.01)
(1.33 0.398571428571 0.01)
(1.33642857143 0.398571428571 0.01)
(1.34285714286 0.398571428571 0.01)
(1.34928571429 0.398571428571 0.01)
(1.35571428571 0.398571428571 0.01)
(1.36214285714 0.398571428571 0.01)
(1.36857142857 0.398571428571 0.01)
(1.375 0.398571428571 0.01)
(1.38142857143 0.398571428571 0.01)
(1.38785714286 0.398571428571 0.01)
(1.39428571429 0.398571428571 0.01)
(1.40071428571 0.398571428571 0.01)
(1.40714285714 0.398571428571 0.01)
(1.41357142857 0.398571428571 0.01)
(1.42 0.398571428571 0.01)
(1.24 0.404285714286 0.01)
(1.24642857143 0.404285714286 0.01)
(1.25285714286 0.404285714286 0.01)
(1.25928571429 0.404285714286 0.01)
(1.26571428571 0.404285714286 0.01)
(1.27214285714 0.404285714286 0.01)
(1.27857142857 0.404285714286 0.01)
(1.285 0.404285714286 0.01)
(1.29142857143 0.404285714286 0.01)
(1.29785714286 0.404285714286 0.01)
(1.30428571429 0.404285714286 0.01)
(1.31071428571 0.404285714286 0.01)
(1.31714285714 0.404285714286 0.01)
(1.32357142857 0.404285714286 0.01)
(1.33 0.404285714286 0.01)
(1.33642857143 0.404285714286 0.01)
(1.34285714286 0.404285714286 0.01)
(1.34928571429 0.404285714286 0.01)
(1.35571428571 0.404285714286 0.01)
(1.36214285714 0.404285714286 0.01)
(1.36857142857 0.404285714286 0.01)
(1.375 0.404285714286 0.01)
(1.38142857143 0.404285714286 0.01)
(1.38785714286 0.404285714286 0.01)
(1.39428571429 0.404285714286 0.01)
(1.40071428571 0.404285714286 0.01)
(1.40714285714 0.404285714286 0.01)
(1.41357142857 0.404285714286 0.01)
(1.42 0.404285714286 0.01)
(1.24 0.41 0.01)
(1.24642857143 0.41 0.01)
(1.25285714286 0.41 0.01)
(1.25928571429 0.41 0.01)
(1.26571428571 0.41 0.01)
(1.27214285714 0.41 0.01)
(1.27857142857 0.41 0.01)
(1.285 0.41 0.01)
(1.29142857143 0.41 0.01)
(1.29785714286 0.41 0.01)
(1.30428571429 0.41 0.01)
(1.31071428571 0.41 0.01)
(1.31714285714 0.41 0.01)
(1.32357142857 0.41 0.01)
(1.33 0.41 0.01)
(1.33642857143 0.41 0.01)
(1.34285714286 0.41 0.01)
(1.34928571429 0.41 0.01)
(1.35571428571 0.41 0.01)
(1.36214285714 0.41 0.01)
(1.36857142857 0.41 0.01)
(1.375 0.41 0.01)
(1.38142857143 0.41 0.01)
(1.38785714286 0.41 0.01)
(1.39428571429 0.41 0.01)
(1.40071428571 0.41 0.01)
(1.40714285714 0.41 0.01)
(1.41357142857 0.41 0.01)
(1.42 0.41 0.01)
(1.04 0.417678571429 0)
(1.04666666667 0.417678571429 0)
(1.05333333333 0.417678571429 0)
(1.06 0.417678571429 0)
(1.06666666667 0.417678571429 0)
(1.07333333333 0.417678571429 0)
(1.08 0.417678571429 0)
(1.08666666667 0.417678571429 0)
(1.09333333333 0.417678571429 0)
(1.1 0.417678571429 0)
(1.10666666667 0.417678571429 0)
(1.11333333333 0.417678571429 0)
(1.12 0.417678571429 0)
(1.12666666667 0.417678571429 0)
(1.13333333333 0.417678571429 0)
(1.14 0.417678571429 0)
(1.14666666667 0.417678571429 0)
(1.15333333333 0.417678571429 0)
(1.16 0.417678571429 0)
(1.16666666667 0.417678571429 0)
(1.17333333333 0.417678571429 0)
(1.18 0.417678571429 0)
(1.18666666667 0.417678571429 0)
(1.19333333333 0.417678571429 0)
(1.2 0.417678571429 0)
(1.04 0.425357142857 0)
(1.04666666667 0.425357142857 0)
(1.05333333333 0.425357142857 0)
(1.06 0.425357142857 0)
(1.06666666667 0.425357142857 0)
(1.07333333333 0.425357142857 0)
(1.08 0.425357142857 0)
(1.08666666667 0.425357142857 0)
(1.09333333333 0.425357142857 0)
(1.1 0.425357142857 0)
(1.10666666667 0.425357142857 0)
(1.11333333333 0.425357142857 0)
(1.12 0.425357142857 0)
(1.12666666667 0.425357142857 0)
(1.13333333333 0.425357142857 0)
(1.14 0.425357142857 0)
(1.14666666667 0.425357142857 0)
(1.15333333333 0.425357142857 0)
(1.16 0.425357142857 0)
(1.16666666667 0.425357142857 0)
(1.17333333333 0.425357142857 0)
(1.18 0.425357142857 0)
(1.18666666667 0.425357142857 0)
(1.19333333333 0.425357142857 0)
(1.2 0.425357142857 0)
(1.04 0.433035714286 0)
(1.04666666667 0.433035714286 0)
(1.05333333333 0.433035714286 0)
(1.06 0.433035714286 0)
(1.06666666667 0.433035714286 0)
(1.07333333333 0.433035714286 0)
(1.08 0.433035714286 0)
(1.08666666667 0.433035714286 0)
(1.09333333333 0.433035714286 0)
(1.1 0.433035714286 0)
(1.10666666667 0.433035714286 0)
(1.11333333333 0.433035714286 0)
(1.12 0.433035714286 0)
(1.12666666667 0.433035714286 0)
(1.13333333333 0.433035714286 0)
(1.14 0.433035714286 0)
(1.14666666667 0.433035714286 0)
(1.15333333333 0.433035714286 0)
(1.16 0.433035714286 0)
(1.16666666667 0.433035714286 0)
(1.17333333333 0.433035714286 0)
(1.18 0.433035714286 0)
(1.18666666667 0.433035714286 0)
(1.19333333333 0.433035714286 0)
(1.2 0.433035714286 0)
(1.04 0.440714285714 0)
(1.04666666667 0.440714285714 0)
(1.05333333333 0.440714285714 0)
(1.06 0.440714285714 0)
(1.06666666667 0.440714285714 0)
(1.07333333333 0.440714285714 0)
(1.08 0.440714285714 0)
(1.08666666667 0.440714285714 0)
(1.09333333333 0.440714285714 0)
(1.1 0.440714285714 0)
(1.10666666667 0.440714285714 0)
(1.11333333333 0.440714285714 0)
(1.12 0.440714285714 0)
(1.12666666667 0.440714285714 0)
(1.13333333333 0.440714285714 0)
(1.14 0.440714285714 0)
(1.14666666667 0.440714285714 0)
(1.15333333333 0.440714285714 0)
(1.16 0.440714285714 0)
(1.16666666667 0.440714285714 0)
(1.17333333333 0.440714285714 0)
(1.18 0.440714285714 0)
(1.18666666667 0.440714285714 0)
(1.19333333333 0.440714285714 0)
(1.2 0.440714285714 0)
(1.04 0.448392857143 0)
(1.04666666667 0.448392857143 0)
(1.05333333333 0.448392857143 0)
(1.06 0.448392857143 0)
(1.06666666667 0.448392857143 0)
(1.07333333333 0.448392857143 0)
(1.08 0.448392857143 0)
(1.08666666667 0.448392857143 0)
(1.09333333333 0.448392857143 0)
(1.1 0.448392857143 0)
(1.10666666667 0.448392857143 0)
(1.11333333333 0.448392857143 0)
(1.12 0.448392857143 0)
(1.12666666667 0.448392857143 0)
(1.13333333333 0.448392857143 0)
(1.14 0.448392857143 0)
(1.14666666667 0.448392857143 0)
(1.15333333333 0.448392857143 0)
(1.16 0.448392857143 0)
(1.16666666667 0.448392857143 0)
(1.17333333333 0.448392857143 0)
(1.18 0.448392857143 0)
(1.18666666667 0.448392857143 0)
(1.19333333333 0.448392857143 0)
(1.2 0.448392857143 0)
(1.04 0.456071428571 0)
(1.04666666667 0.456071428571 0)
(1.05333333333 0.456071428571 0)
(1.06 0.456071428571 0)
(1.06666666667 0.456071428571 0)
(1.07333333333 0.456071428571 0)
(1.08 0.456071428571 0)
(1.08666666667 0.456071428571 0)
(1.09333333333 0.456071428571 0)
(1.1 0.456071428571 0)
(1.10666666667 0.456071428571 0)
(1.11333333333 0.456071428571 0)
(1.12 0.456071428571 0)
(1.12666666667 0.456071428571 0)
(1.13333333333 0.456071428571 0)
(1.14 0.456071428571 0)
(1.14666666667 0.456071428571 0)
(1.15333333333 0.456071428571 0)
(1.16 0.456071428571 0)
(1.16666666667 0.456071428571 0)
(1.17333333333 0.456071428571 0)
(1.18 0.456071428571 0)
(1.18666666667 0.456071428571 0)
(1.19333333333 0.456071428571 0)
(1.2 0.456071428571 0)
(1.04 0.46375 0)
(1.04666666667 0.46375 0)
(1.05333333333 0.46375 0)
(1.06 0.46375 0)
(1.06666666667 0.46375 0)
(1.07333333333 0.46375 0)
(1.08 0.46375 0)
(1.08666666667 0.46375 0)
(1.09333333333 0.46375 0)
(1.1 0.46375 0)
(1.10666666667 0.46375 0)
(1.11333333333 0.46375 0)
(1.12 0.46375 0)
(1.12666666667 0.46375 0)
(1.13333333333 0.46375 0)
(1.14 0.46375 0)
(1.14666666667 0.46375 0)
(1.15333333333 0.46375 0)
(1.16 0.46375 0)
(1.16666666667 0.46375 0)
(1.17333333333 0.46375 0)
(1.18 0.46375 0)
(1.18666666667 0.46375 0)
(1.19333333333 0.46375 0)
(1.2 0.46375 0)
(1.04 0.471428571429 0)
(1.04666666667 0.471428571429 0)
(1.05333333333 0.471428571429 0)
(1.06 0.471428571429 0)
(1.06666666667 0.471428571429 0)
(1.07333333333 0.471428571429 0)
(1.08 0.471428571429 0)
(1.08666666667 0.471428571429 0)
(1.09333333333 0.471428571429 0)
(1.1 0.471428571429 0)
(1.10666666667 0.471428571429 0)
(1.11333333333 0.471428571429 0)
(1.12 0.471428571429 0)
(1.12666666667 0.471428571429 0)
(1.13333333333 0.471428571429 0)
(1.14 0.471428571429 0)
(1.14666666667 0.471428571429 0)
(1.15333333333 0.471428571429 0)
(1.16 0.471428571429 0)
(1.16666666667 0.471428571429 0)
(1.17333333333 0.471428571429 0)
(1.18 0.471428571429 0)
(1.18666666667 0.471428571429 0)
(1.19333333333 0.471428571429 0)
(1.2 0.471428571429 0)
(1.04 0.479107142857 0)
(1.04666666667 0.479107142857 0)
(1.05333333333 0.479107142857 0)
(1.06 0.479107142857 0)
(1.06666666667 0.479107142857 0)
(1.07333333333 0.479107142857 0)
(1.08 0.479107142857 0)
(1.08666666667 0.479107142857 0)
(1.09333333333 0.479107142857 0)
(1.1 0.479107142857 0)
(1.10666666667 0.479107142857 0)
(1.11333333333 0.479107142857 0)
(1.12 0.479107142857 0)
(1.12666666667 0.479107142857 0)
(1.13333333333 0.479107142857 0)
(1.14 0.479107142857 0)
(1.14666666667 0.479107142857 0)
(1.15333333333 0.479107142857 0)
(1.16 0.479107142857 0)
(1.16666666667 0.479107142857 0)
(1.17333333333 0.479107142857 0)
(1.18 0.479107142857 0)
(1.18666666667 0.479107142857 0)
(1.19333333333 0.479107142857 0)
(1.2 0.479107142857 0)
(1.04 0.486785714286 0)
(1.04666666667 0.486785714286 0)
(1.05333333333 0.486785714286 0)
(1.06 0.486785714286 0)
(1.06666666667 0.486785714286 0)
(1.07333333333 0.486785714286 0)
(1.08 0.486785714286 0)
(1.08666666667 0.486785714286 0)
(1.09333333333 0.486785714286 0)
(1.1 0.486785714286 0)
(1.10666666667 0.486785714286 0)
(1.11333333333 0.486785714286 0)
(1.12 0.486785714286 0)
(1.12666666667 0.486785714286 0)
(1.13333333333 0.486785714286 0)
(1.14 0.486785714286 0)
(1.14666666667 0.486785714286 0)
(1.15333333333 0.486785714286 0)
(1.16 0.486785714286 0)
(1.16666666667 0.486785714286 0)
(1.17333333333 0.486785714286 0)
(1.18 0.486785714286 0)
(1.18666666667 0.486785714286 0)
(1.19333333333 0.486785714286 0)
(1.2 0.486785714286 0)
(1.04 0.494464285714 0)
(1.04666666667 0.494464285714 0)
(1.05333333333 0.494464285714 0)
(1.06 0.494464285714 0)
(1.06666666667 0.494464285714 0)
(1.07333333333 0.494464285714 0)
(1.08 0.494464285714 0)
(1.08666666667 0.494464285714 0)
(1.09333333333 0.494464285714 0)
(1.1 0.494464285714 0)
(1.10666666667 0.494464285714 0)
(1.11333333333 0.494464285714 0)
(1.12 0.494464285714 0)
(1.12666666667 0.494464285714 0)
(1.13333333333 0.494464285714 0)
(1.14 0.494464285714 0)
(1.14666666667 0.494464285714 0)
(1.15333333333 0.494464285714 0)
(1.16 0.494464285714 0)
(1.16666666667 0.494464285714 0)
(1.17333333333 0.494464285714 0)
(1.18 0.494464285714 0)
(1.18666666667 0.494464285714 0)
(1.19333333333 0.494464285714 0)
(1.2 0.494464285714 0)
(1.04 0.502142857143 0)
(1.04666666667 0.502142857143 0)
(1.05333333333 0.502142857143 0)
(1.06 0.502142857143 0)
(1.06666666667 0.502142857143 0)
(1.07333333333 0.502142857143 0)
(1.08 0.502142857143 0)
(1.08666666667 0.502142857143 0)
(1.09333333333 0.502142857143 0)
(1.1 0.502142857143 0)
(1.10666666667 0.502142857143 0)
(1.11333333333 0.502142857143 0)
(1.12 0.502142857143 0)
(1.12666666667 0.502142857143 0)
(1.13333333333 0.502142857143 0)
(1.14 0.502142857143 0)
(1.14666666667 0.502142857143 0)
(1.15333333333 0.502142857143 0)
(1.16 0.502142857143 0)
(1.16666666667 0.502142857143 0)
(1.17333333333 0.502142857143 0)
(1.18 0.502142857143 0)
(1.18666666667 0.502142857143 0)
(1.19333333333 0.502142857143 0)
(1.2 0.502142857143 0)
(1.04 0.509821428571 0)
(1.04666666667 0.509821428571 0)
(1.05333333333 0.509821428571 0)
(1.06 0.509821428571 0)
(1.06666666667 0.509821428571 0)
(1.07333333333 0.509821428571 0)
(1.08 0.509821428571 0)
(1.08666666667 0.509821428571 0)
(1.09333333333 0.509821428571 0)
(1.1 0.509821428571 0)
(1.10666666667 0.509821428571 0)
(1.11333333333 0.509821428571 0)
(1.12 0.509821428571 0)
(1.12666666667 0.509821428571 0)
(1.13333333333 0.509821428571 0)
(1.14 0.509821428571 0)
(1.14666666667 0.509821428571 0)
(1.15333333333 0.509821428571 0)
(1.16 0.509821428571 0)
(1.16666666667 0.509821428571 0)
(1.17333333333 0.509821428571 0)
(1.18 0.509821428571 0)
(1.18666666667 0.509821428571 0)
(1.19333333333 0.509821428571 0)
(1.2 0.509821428571 0)
(1.04 0.5175 0)
(1.04666666667 0.5175 0)
(1.05333333333 0.5175 0)
(1.06 0.5175 0)
(1.06666666667 0.5175 0)
(1.07333333333 0.5175 0)
(1.08 0.5175 0)
(1.08666666667 0.5175 0)
(1.09333333333 0.5175 0)
(1.1 0.5175 0)
(1.10666666667 0.5175 0)
(1.11333333333 0.5175 0)
(1.12 0.5175 0)
(1.12666666667 0.5175 0)
(1.13333333333 0.5175 0)
(1.14 0.5175 0)
(1.14666666667 0.5175 0)
(1.15333333333 0.5175 0)
(1.16 0.5175 0)
(1.16666666667 0.5175 0)
(1.17333333333 0.5175 0)
(1.18 0.5175 0)
(1.18666666667 0.5175 0)
(1.19333333333 0.5175 0)
(1.2 0.5175 0)
(1.04 0.525178571429 0)
(1.04666666667 0.525178571429 0)
(1.05333333333 0.525178571429 0)
(1.06 0.525178571429 0)
(1.06666666667 0.525178571429 0)
(1.07333333333 0.525178571429 0)
(1.08 0.525178571429 0)
(1.08666666667 0.525178571429 0)
(1.09333333333 0.525178571429 0)
(1.1 0.525178571429 0)
(1.10666666667 0.525178571429 0)
(1.11333333333 0.525178571429 0)
(1.12 0.525178571429 0)
(1.12666666667 0.525178571429 0)
(1.13333333333 0.525178571429 0)
(1.14 0.525178571429 0)
(1.14666666667 0.525178571429 0)
(1.15333333333 0.525178571429 0)
(1.16 0.525178571429 0)
(1.16666666667 0.525178571429 0)
(1.17333333333 0.525178571429 0)
(1.18 0.525178571429 0)
(1.18666666667 0.525178571429 0)
(1.19333333333 0.525178571429 0)
(1.2 0.525178571429 0)
(1.04 0.532857142857 0)
(1.04666666667 0.532857142857 0)
(1.05333333333 0.532857142857 0)
(1.06 0.532857142857 0)
(1.06666666667 0.532857142857 0)
(1.07333333333 0.532857142857 0)
(1.08 0.532857142857 0)
(1.08666666667 0.532857142857 0)
(1.09333333333 0.532857142857 0)
(1.1 0.532857142857 0)
(1.10666666667 0.532857142857 0)
(1.11333333333 0.532857142857 0)
(1.12 0.532857142857 0)
(1.12666666667 0.532857142857 0)
(1.13333333333 0.532857142857 0)
(1.14 0.532857142857 0)
(1.14666666667 0.532857142857 0)
(1.15333333333 0.532857142857 0)
(1.16 0.532857142857 0)
(1.16666666667 0.532857142857 0)
(1.17333333333 0.532857142857 0)
(1.18 0.532857142857 0)
(1.18666666667 0.532857142857 0)
(1.19333333333 0.532857142857 0)
(1.2 0.532857142857 0)
(1.04 0.540535714286 0)
(1.04666666667 0.540535714286 0)
(1.05333333333 0.540535714286 0)
(1.06 0.540535714286 0)
(1.06666666667 0.540535714286 0)
(1.07333333333 0.540535714286 0)
(1.08 0.540535714286 0)
(1.08666666667 0.540535714286 0)
(1.09333333333 0.540535714286 0)
(1.1 0.540535714286 0)
(1.10666666667 0.540535714286 0)
(1.11333333333 0.540535714286 0)
(1.12 0.540535714286 0)
(1.12666666667 0.540535714286 0)
(1.13333333333 0.540535714286 0)
(1.14 0.540535714286 0)
(1.14666666667 0.540535714286 0)
(1.15333333333 0.540535714286 0)
(1.16 0.540535714286 0)
(1.16666666667 0.540535714286 0)
(1.17333333333 0.540535714286 0)
(1.18 0.540535714286 0)
(1.18666666667 0.540535714286 0)
(1.19333333333 0.540535714286 0)
(1.2 0.540535714286 0)
(1.04 0.548214285714 0)
(1.04666666667 0.548214285714 0)
(1.05333333333 0.548214285714 0)
(1.06 0.548214285714 0)
(1.06666666667 0.548214285714 0)
(1.07333333333 0.548214285714 0)
(1.08 0.548214285714 0)
(1.08666666667 0.548214285714 0)
(1.09333333333 0.548214285714 0)
(1.1 0.548214285714 0)
(1.10666666667 0.548214285714 0)
(1.11333333333 0.548214285714 0)
(1.12 0.548214285714 0)
(1.12666666667 0.548214285714 0)
(1.13333333333 0.548214285714 0)
(1.14 0.548214285714 0)
(1.14666666667 0.548214285714 0)
(1.15333333333 0.548214285714 0)
(1.16 0.548214285714 0)
(1.16666666667 0.548214285714 0)
(1.17333333333 0.548214285714 0)
(1.18 0.548214285714 0)
(1.18666666667 0.548214285714 0)
(1.19333333333 0.548214285714 0)
(1.2 0.548214285714 0)
(1.04 0.555892857143 0)
(1.04666666667 0.555892857143 0)
(1.05333333333 0.555892857143 0)
(1.06 0.555892857143 0)
(1.06666666667 0.555892857143 0)
(1.07333333333 0.555892857143 0)
(1.08 0.555892857143 0)
(1.08666666667 0.555892857143 0)
(1.09333333333 0.555892857143 0)
(1.1 0.555892857143 0)
(1.10666666667 0.555892857143 0)
(1.11333333333 0.555892857143 0)
(1.12 0.555892857143 0)
(1.12666666667 0.555892857143 0)
(1.13333333333 0.555892857143 0)
(1.14 0.555892857143 0)
(1.14666666667 0.555892857143 0)
(1.15333333333 0.555892857143 0)
(1.16 0.555892857143 0)
(1.16666666667 0.555892857143 0)
(1.17333333333 0.555892857143 0)
(1.18 0.555892857143 0)
(1.18666666667 0.555892857143 0)
(1.19333333333 0.555892857143 0)
(1.2 0.555892857143 0)
(1.04 0.563571428571 0)
(1.04666666667 0.563571428571 0)
(1.05333333333 0.563571428571 0)
(1.06 0.563571428571 0)
(1.06666666667 0.563571428571 0)
(1.07333333333 0.563571428571 0)
(1.08 0.563571428571 0)
(1.08666666667 0.563571428571 0)
(1.09333333333 0.563571428571 0)
(1.1 0.563571428571 0)
(1.10666666667 0.563571428571 0)
(1.11333333333 0.563571428571 0)
(1.12 0.563571428571 0)
(1.12666666667 0.563571428571 0)
(1.13333333333 0.563571428571 0)
(1.14 0.563571428571 0)
(1.14666666667 0.563571428571 0)
(1.15333333333 0.563571428571 0)
(1.16 0.563571428571 0)
(1.16666666667 0.563571428571 0)
(1.17333333333 0.563571428571 0)
(1.18 0.563571428571 0)
(1.18666666667 0.563571428571 0)
(1.19333333333 0.563571428571 0)
(1.2 0.563571428571 0)
(1.04 0.57125 0)
(1.04666666667 0.57125 0)
(1.05333333333 0.57125 0)
(1.06 0.57125 0)
(1.06666666667 0.57125 0)
(1.07333333333 0.57125 0)
(1.08 0.57125 0)
(1.08666666667 0.57125 0)
(1.09333333333 0.57125 0)
(1.1 0.57125 0)
(1.10666666667 0.57125 0)
(1.11333333333 0.57125 0)
(1.12 0.57125 0)
(1.12666666667 0.57125 0)
(1.13333333333 0.57125 0)
(1.14 0.57125 0)
(1.14666666667 0.57125 0)
(1.15333333333 0.57125 0)
(1.16 0.57125 0)
(1.16666666667 0.57125 0)
(1.17333333333 0.57125 0)
(1.18 0.57125 0)
(1.18666666667 0.57125 0)
(1.19333333333 0.57125 0)
(1.2 0.57125 0)
(1.04 0.578928571429 0)
(1.04666666667 0.578928571429 0)
(1.05333333333 0.578928571429 0)
(1.06 0.578928571429 0)
(1.06666666667 0.578928571429 0)
(1.07333333333 0.578928571429 0)
(1.08 0.578928571429 0)
(1.08666666667 0.578928571429 0)
(1.09333333333 0.578928571429 0)
(1.1 0.578928571429 0)
(1.10666666667 0.578928571429 0)
(1.11333333333 0.578928571429 0)
(1.12 0.578928571429 0)
(1.12666666667 0.578928571429 0)
(1.13333333333 0.578928571429 0)
(1.14 0.578928571429 0)
(1.14666666667 0.578928571429 0)
(1.15333333333 0.578928571429 0)
(1.16 0.578928571429 0)
(1.16666666667 0.578928571429 0)
(1.17333333333 0.578928571429 0)
(1.18 0.578928571429 0)
(1.18666666667 0.578928571429 0)
(1.19333333333 0.578928571429 0)
(1.2 0.578928571429 0)
(1.04 0.586607142857 0)
(1.04666666667 0.586607142857 0)
(1.05333333333 0.586607142857 0)
(1.06 0.586607142857 0)
(1.06666666667 0.586607142857 0)
(1.07333333333 0.586607142857 0)
(1.08 0.586607142857 0)
(1.08666666667 0.586607142857 0)
(1.09333333333 0.586607142857 0)
(1.1 0.586607142857 0)
(1.10666666667 0.586607142857 0)
(1.11333333333 0.586607142857 0)
(1.12 0.586607142857 0)
(1.12666666667 0.586607142857 0)
(1.13333333333 0.586607142857 0)
(1.14 0.586607142857 0)
(1.14666666667 0.586607142857 0)
(1.15333333333 0.586607142857 0)
(1.16 0.586607142857 0)
(1.16666666667 0.586607142857 0)
(1.17333333333 0.586607142857 0)
(1.18 0.586607142857 0)
(1.18666666667 0.586607142857 0)
(1.19333333333 0.586607142857 0)
(1.2 0.586607142857 0)
(1.04 0.594285714286 0)
(1.04666666667 0.594285714286 0)
(1.05333333333 0.594285714286 0)
(1.06 0.594285714286 0)
(1.06666666667 0.594285714286 0)
(1.07333333333 0.594285714286 0)
(1.08 0.594285714286 0)
(1.08666666667 0.594285714286 0)
(1.09333333333 0.594285714286 0)
(1.1 0.594285714286 0)
(1.10666666667 0.594285714286 0)
(1.11333333333 0.594285714286 0)
(1.12 0.594285714286 0)
(1.12666666667 0.594285714286 0)
(1.13333333333 0.594285714286 0)
(1.14 0.594285714286 0)
(1.14666666667 0.594285714286 0)
(1.15333333333 0.594285714286 0)
(1.16 0.594285714286 0)
(1.16666666667 0.594285714286 0)
(1.17333333333 0.594285714286 0)
(1.18 0.594285714286 0)
(1.18666666667 0.594285714286 0)
(1.19333333333 0.594285714286 0)
(1.2 0.594285714286 0)
(1.04 0.601964285714 0)
(1.04666666667 0.601964285714 0)
(1.05333333333 0.601964285714 0)
(1.06 0.601964285714 0)
(1.06666666667 0.601964285714 0)
(1.07333333333 0.601964285714 0)
(1.08 0.601964285714 0)
(1.08666666667 0.601964285714 0)
(1.09333333333 0.601964285714 0)
(1.1 0.601964285714 0)
(1.10666666667 0.601964285714 0)
(1.11333333333 0.601964285714 0)
(1.12 0.601964285714 0)
(1.12666666667 0.601964285714 0)
(1.13333333333 0.601964285714 0)
(1.14 0.601964285714 0)
(1.14666666667 0.601964285714 0)
(1.15333333333 0.601964285714 0)
(1.16 0.601964285714 0)
(1.16666666667 0.601964285714 0)
(1.17333333333 0.601964285714 0)
(1.18 0.601964285714 0)
(1.18666666667 0.601964285714 0)
(1.19333333333 0.601964285714 0)
(1.2 0.601964285714 0)
(1.04 0.609642857143 0)
(1.04666666667 0.609642857143 0)
(1.05333333333 0.609642857143 0)
(1.06 0.609642857143 0)
(1.06666666667 0.609642857143 0)
(1.07333333333 0.609642857143 0)
(1.08 0.609642857143 0)
(1.08666666667 0.609642857143 0)
(1.09333333333 0.609642857143 0)
(1.1 0.609642857143 0)
(1.10666666667 0.609642857143 0)
(1.11333333333 0.609642857143 0)
(1.12 0.609642857143 0)
(1.12666666667 0.609642857143 0)
(1.13333333333 0.609642857143 0)
(1.14 0.609642857143 0)
(1.14666666667 0.609642857143 0)
(1.15333333333 0.609642857143 0)
(1.16 0.609642857143 0)
(1.16666666667 0.609642857143 0)
(1.17333333333 0.609642857143 0)
(1.18 0.609642857143 0)
(1.18666666667 0.609642857143 0)
(1.19333333333 0.609642857143 0)
(1.2 0.609642857143 0)
(1.04 0.617321428571 0)
(1.04666666667 0.617321428571 0)
(1.05333333333 0.617321428571 0)
(1.06 0.617321428571 0)
(1.06666666667 0.617321428571 0)
(1.07333333333 0.617321428571 0)
(1.08 0.617321428571 0)
(1.08666666667 0.617321428571 0)
(1.09333333333 0.617321428571 0)
(1.1 0.617321428571 0)
(1.10666666667 0.617321428571 0)
(1.11333333333 0.617321428571 0)
(1.12 0.617321428571 0)
(1.12666666667 0.617321428571 0)
(1.13333333333 0.617321428571 0)
(1.14 0.617321428571 0)
(1.14666666667 0.617321428571 0)
(1.15333333333 0.617321428571 0)
(1.16 0.617321428571 0)
(1.16666666667 0.617321428571 0)
(1.17333333333 0.617321428571 0)
(1.18 0.617321428571 0)
(1.18666666667 0.617321428571 0)
(1.19333333333 0.617321428571 0)
(1.2 0.617321428571 0)
(1.04 0.625 0)
(1.04666666667 0.625 0)
(1.05333333333 0.625 0)
(1.06 0.625 0)
(1.06666666667 0.625 0)
(1.07333333333 0.625 0)
(1.08 0.625 0)
(1.08666666667 0.625 0)
(1.09333333333 0.625 0)
(1.1 0.625 0)
(1.10666666667 0.625 0)
(1.11333333333 0.625 0)
(1.12 0.625 0)
(1.12666666667 0.625 0)
(1.13333333333 0.625 0)
(1.14 0.625 0)
(1.14666666667 0.625 0)
(1.15333333333 0.625 0)
(1.16 0.625 0)
(1.16666666667 0.625 0)
(1.17333333333 0.625 0)
(1.18 0.625 0)
(1.18666666667 0.625 0)
(1.19333333333 0.625 0)
(1.2 0.625 0)
(1.04 0.417678571429 0.01)
(1.04666666667 0.417678571429 0.01)
(1.05333333333 0.417678571429 0.01)
(1.06 0.417678571429 0.01)
(1.06666666667 0.417678571429 0.01)
(1.07333333333 0.417678571429 0.01)
(1.08 0.417678571429 0.01)
(1.08666666667 0.417678571429 0.01)
(1.09333333333 0.417678571429 0.01)
(1.1 0.417678571429 0.01)
(1.10666666667 0.417678571429 0.01)
(1.11333333333 0.417678571429 0.01)
(1.12 0.417678571429 0.01)
(1.12666666667 0.417678571429 0.01)
(1.13333333333 0.417678571429 0.01)
(1.14 0.417678571429 0.01)
(1.14666666667 0.417678571429 0.01)
(1.15333333333 0.417678571429 0.01)
(1.16 0.417678571429 0.01)
(1.16666666667 0.417678571429 0.01)
(1.17333333333 0.417678571429 0.01)
(1.18 0.417678571429 0.01)
(1.18666666667 0.417678571429 0.01)
(1.19333333333 0.417678571429 0.01)
(1.2 0.417678571429 0.01)
(1.04 0.425357142857 0.01)
(1.04666666667 0.425357142857 0.01)
(1.05333333333 0.425357142857 0.01)
(1.06 0.425357142857 0.01)
(1.06666666667 0.425357142857 0.01)
(1.07333333333 0.425357142857 0.01)
(1.08 0.425357142857 0.01)
(1.08666666667 0.425357142857 0.01)
(1.09333333333 0.425357142857 0.01)
(1.1 0.425357142857 0.01)
(1.10666666667 0.425357142857 0.01)
(1.11333333333 0.425357142857 0.01)
(1.12 0.425357142857 0.01)
(1.12666666667 0.425357142857 0.01)
(1.13333333333 0.425357142857 0.01)
(1.14 0.425357142857 0.01)
(1.14666666667 0.425357142857 0.01)
(1.15333333333 0.425357142857 0.01)
(1.16 0.425357142857 0.01)
(1.16666666667 0.425357142857 0.01)
(1.17333333333 0.425357142857 0.01)
(1.18 0.425357142857 0.01)
(1.18666666667 0.425357142857 0.01)
(1.19333333333 0.425357142857 0.01)
(1.2 0.425357142857 0.01)
(1.04 0.433035714286 0.01)
(1.04666666667 0.433035714286 0.01)
(1.05333333333 0.433035714286 0.01)
(1.06 0.433035714286 0.01)
(1.06666666667 0.433035714286 0.01)
(1.07333333333 0.433035714286 0.01)
(1.08 0.433035714286 0.01)
(1.08666666667 0.433035714286 0.01)
(1.09333333333 0.433035714286 0.01)
(1.1 0.433035714286 0.01)
(1.10666666667 0.433035714286 0.01)
(1.11333333333 0.433035714286 0.01)
(1.12 0.433035714286 0.01)
(1.12666666667 0.433035714286 0.01)
(1.13333333333 0.433035714286 0.01)
(1.14 0.433035714286 0.01)
(1.14666666667 0.433035714286 0.01)
(1.15333333333 0.433035714286 0.01)
(1.16 0.433035714286 0.01)
(1.16666666667 0.433035714286 0.01)
(1.17333333333 0.433035714286 0.01)
(1.18 0.433035714286 0.01)
(1.18666666667 0.433035714286 0.01)
(1.19333333333 0.433035714286 0.01)
(1.2 0.433035714286 0.01)
(1.04 0.440714285714 0.01)
(1.04666666667 0.440714285714 0.01)
(1.05333333333 0.440714285714 0.01)
(1.06 0.440714285714 0.01)
(1.06666666667 0.440714285714 0.01)
(1.07333333333 0.440714285714 0.01)
(1.08 0.440714285714 0.01)
(1.08666666667 0.440714285714 0.01)
(1.09333333333 0.440714285714 0.01)
(1.1 0.440714285714 0.01)
(1.10666666667 0.440714285714 0.01)
(1.11333333333 0.440714285714 0.01)
(1.12 0.440714285714 0.01)
(1.12666666667 0.440714285714 0.01)
(1.13333333333 0.440714285714 0.01)
(1.14 0.440714285714 0.01)
(1.14666666667 0.440714285714 0.01)
(1.15333333333 0.440714285714 0.01)
(1.16 0.440714285714 0.01)
(1.16666666667 0.440714285714 0.01)
(1.17333333333 0.440714285714 0.01)
(1.18 0.440714285714 0.01)
(1.18666666667 0.440714285714 0.01)
(1.19333333333 0.440714285714 0.01)
(1.2 0.440714285714 0.01)
(1.04 0.448392857143 0.01)
(1.04666666667 0.448392857143 0.01)
(1.05333333333 0.448392857143 0.01)
(1.06 0.448392857143 0.01)
(1.06666666667 0.448392857143 0.01)
(1.07333333333 0.448392857143 0.01)
(1.08 0.448392857143 0.01)
(1.08666666667 0.448392857143 0.01)
(1.09333333333 0.448392857143 0.01)
(1.1 0.448392857143 0.01)
(1.10666666667 0.448392857143 0.01)
(1.11333333333 0.448392857143 0.01)
(1.12 0.448392857143 0.01)
(1.12666666667 0.448392857143 0.01)
(1.13333333333 0.448392857143 0.01)
(1.14 0.448392857143 0.01)
(1.14666666667 0.448392857143 0.01)
(1.15333333333 0.448392857143 0.01)
(1.16 0.448392857143 0.01)
(1.16666666667 0.448392857143 0.01)
(1.17333333333 0.448392857143 0.01)
(1.18 0.448392857143 0.01)
(1.18666666667 0.448392857143 0.01)
(1.19333333333 0.448392857143 0.01)
(1.2 0.448392857143 0.01)
(1.04 0.456071428571 0.01)
(1.04666666667 0.456071428571 0.01)
(1.05333333333 0.456071428571 0.01)
(1.06 0.456071428571 0.01)
(1.06666666667 0.456071428571 0.01)
(1.07333333333 0.456071428571 0.01)
(1.08 0.456071428571 0.01)
(1.08666666667 0.456071428571 0.01)
(1.09333333333 0.456071428571 0.01)
(1.1 0.456071428571 0.01)
(1.10666666667 0.456071428571 0.01)
(1.11333333333 0.456071428571 0.01)
(1.12 0.456071428571 0.01)
(1.12666666667 0.456071428571 0.01)
(1.13333333333 0.456071428571 0.01)
(1.14 0.456071428571 0.01)
(1.14666666667 0.456071428571 0.01)
(1.15333333333 0.456071428571 0.01)
(1.16 0.456071428571 0.01)
(1.16666666667 0.456071428571 0.01)
(1.17333333333 0.456071428571 0.01)
(1.18 0.456071428571 0.01)
(1.18666666667 0.456071428571 0.01)
(1.19333333333 0.456071428571 0.01)
(1.2 0.456071428571 0.01)
(1.04 0.46375 0.01)
(1.04666666667 0.46375 0.01)
(1.05333333333 0.46375 0.01)
(1.06 0.46375 0.01)
(1.06666666667 0.46375 0.01)
(1.07333333333 0.46375 0.01)
(1.08 0.46375 0.01)
(1.08666666667 0.46375 0.01)
(1.09333333333 0.46375 0.01)
(1.1 0.46375 0.01)
(1.10666666667 0.46375 0.01)
(1.11333333333 0.46375 0.01)
(1.12 0.46375 0.01)
(1.12666666667 0.46375 0.01)
(1.13333333333 0.46375 0.01)
(1.14 0.46375 0.01)
(1.14666666667 0.46375 0.01)
(1.15333333333 0.46375 0.01)
(1.16 0.46375 0.01)
(1.16666666667 0.46375 0.01)
(1.17333333333 0.46375 0.01)
(1.18 0.46375 0.01)
(1.18666666667 0.46375 0.01)
(1.19333333333 0.46375 0.01)
(1.2 0.46375 0.01)
(1.04 0.471428571429 0.01)
(1.04666666667 0.471428571429 0.01)
(1.05333333333 0.471428571429 0.01)
(1.06 0.471428571429 0.01)
(1.06666666667 0.471428571429 0.01)
(1.07333333333 0.471428571429 0.01)
(1.08 0.471428571429 0.01)
(1.08666666667 0.471428571429 0.01)
(1.09333333333 0.471428571429 0.01)
(1.1 0.471428571429 0.01)
(1.10666666667 0.471428571429 0.01)
(1.11333333333 0.471428571429 0.01)
(1.12 0.471428571429 0.01)
(1.12666666667 0.471428571429 0.01)
(1.13333333333 0.471428571429 0.01)
(1.14 0.471428571429 0.01)
(1.14666666667 0.471428571429 0.01)
(1.15333333333 0.471428571429 0.01)
(1.16 0.471428571429 0.01)
(1.16666666667 0.471428571429 0.01)
(1.17333333333 0.471428571429 0.01)
(1.18 0.471428571429 0.01)
(1.18666666667 0.471428571429 0.01)
(1.19333333333 0.471428571429 0.01)
(1.2 0.471428571429 0.01)
(1.04 0.479107142857 0.01)
(1.04666666667 0.479107142857 0.01)
(1.05333333333 0.479107142857 0.01)
(1.06 0.479107142857 0.01)
(1.06666666667 0.479107142857 0.01)
(1.07333333333 0.479107142857 0.01)
(1.08 0.479107142857 0.01)
(1.08666666667 0.479107142857 0.01)
(1.09333333333 0.479107142857 0.01)
(1.1 0.479107142857 0.01)
(1.10666666667 0.479107142857 0.01)
(1.11333333333 0.479107142857 0.01)
(1.12 0.479107142857 0.01)
(1.12666666667 0.479107142857 0.01)
(1.13333333333 0.479107142857 0.01)
(1.14 0.479107142857 0.01)
(1.14666666667 0.479107142857 0.01)
(1.15333333333 0.479107142857 0.01)
(1.16 0.479107142857 0.01)
(1.16666666667 0.479107142857 0.01)
(1.17333333333 0.479107142857 0.01)
(1.18 0.479107142857 0.01)
(1.18666666667 0.479107142857 0.01)
(1.19333333333 0.479107142857 0.01)
(1.2 0.479107142857 0.01)
(1.04 0.486785714286 0.01)
(1.04666666667 0.486785714286 0.01)
(1.05333333333 0.486785714286 0.01)
(1.06 0.486785714286 0.01)
(1.06666666667 0.486785714286 0.01)
(1.07333333333 0.486785714286 0.01)
(1.08 0.486785714286 0.01)
(1.08666666667 0.486785714286 0.01)
(1.09333333333 0.486785714286 0.01)
(1.1 0.486785714286 0.01)
(1.10666666667 0.486785714286 0.01)
(1.11333333333 0.486785714286 0.01)
(1.12 0.486785714286 0.01)
(1.12666666667 0.486785714286 0.01)
(1.13333333333 0.486785714286 0.01)
(1.14 0.486785714286 0.01)
(1.14666666667 0.486785714286 0.01)
(1.15333333333 0.486785714286 0.01)
(1.16 0.486785714286 0.01)
(1.16666666667 0.486785714286 0.01)
(1.17333333333 0.486785714286 0.01)
(1.18 0.486785714286 0.01)
(1.18666666667 0.486785714286 0.01)
(1.19333333333 0.486785714286 0.01)
(1.2 0.486785714286 0.01)
(1.04 0.494464285714 0.01)
(1.04666666667 0.494464285714 0.01)
(1.05333333333 0.494464285714 0.01)
(1.06 0.494464285714 0.01)
(1.06666666667 0.494464285714 0.01)
(1.07333333333 0.494464285714 0.01)
(1.08 0.494464285714 0.01)
(1.08666666667 0.494464285714 0.01)
(1.09333333333 0.494464285714 0.01)
(1.1 0.494464285714 0.01)
(1.10666666667 0.494464285714 0.01)
(1.11333333333 0.494464285714 0.01)
(1.12 0.494464285714 0.01)
(1.12666666667 0.494464285714 0.01)
(1.13333333333 0.494464285714 0.01)
(1.14 0.494464285714 0.01)
(1.14666666667 0.494464285714 0.01)
(1.15333333333 0.494464285714 0.01)
(1.16 0.494464285714 0.01)
(1.16666666667 0.494464285714 0.01)
(1.17333333333 0.494464285714 0.01)
(1.18 0.494464285714 0.01)
(1.18666666667 0.494464285714 0.01)
(1.19333333333 0.494464285714 0.01)
(1.2 0.494464285714 0.01)
(1.04 0.502142857143 0.01)
(1.04666666667 0.502142857143 0.01)
(1.05333333333 0.502142857143 0.01)
(1.06 0.502142857143 0.01)
(1.06666666667 0.502142857143 0.01)
(1.07333333333 0.502142857143 0.01)
(1.08 0.502142857143 0.01)
(1.08666666667 0.502142857143 0.01)
(1.09333333333 0.502142857143 0.01)
(1.1 0.502142857143 0.01)
(1.10666666667 0.502142857143 0.01)
(1.11333333333 0.502142857143 0.01)
(1.12 0.502142857143 0.01)
(1.12666666667 0.502142857143 0.01)
(1.13333333333 0.502142857143 0.01)
(1.14 0.502142857143 0.01)
(1.14666666667 0.502142857143 0.01)
(1.15333333333 0.502142857143 0.01)
(1.16 0.502142857143 0.01)
(1.16666666667 0.502142857143 0.01)
(1.17333333333 0.502142857143 0.01)
(1.18 0.502142857143 0.01)
(1.18666666667 0.502142857143 0.01)
(1.19333333333 0.502142857143 0.01)
(1.2 0.502142857143 0.01)
(1.04 0.509821428571 0.01)
(1.04666666667 0.509821428571 0.01)
(1.05333333333 0.509821428571 0.01)
(1.06 0.509821428571 0.01)
(1.06666666667 0.509821428571 0.01)
(1.07333333333 0.509821428571 0.01)
(1.08 0.509821428571 0.01)
(1.08666666667 0.509821428571 0.01)
(1.09333333333 0.509821428571 0.01)
(1.1 0.509821428571 0.01)
(1.10666666667 0.509821428571 0.01)
(1.11333333333 0.509821428571 0.01)
(1.12 0.509821428571 0.01)
(1.12666666667 0.509821428571 0.01)
(1.13333333333 0.509821428571 0.01)
(1.14 0.509821428571 0.01)
(1.14666666667 0.509821428571 0.01)
(1.15333333333 0.509821428571 0.01)
(1.16 0.509821428571 0.01)
(1.16666666667 0.509821428571 0.01)
(1.17333333333 0.509821428571 0.01)
(1.18 0.509821428571 0.01)
(1.18666666667 0.509821428571 0.01)
(1.19333333333 0.509821428571 0.01)
(1.2 0.509821428571 0.01)
(1.04 0.5175 0.01)
(1.04666666667 0.5175 0.01)
(1.05333333333 0.5175 0.01)
(1.06 0.5175 0.01)
(1.06666666667 0.5175 0.01)
(1.07333333333 0.5175 0.01)
(1.08 0.5175 0.01)
(1.08666666667 0.5175 0.01)
(1.09333333333 0.5175 0.01)
(1.1 0.5175 0.01)
(1.10666666667 0.5175 0.01)
(1.11333333333 0.5175 0.01)
(1.12 0.5175 0.01)
(1.12666666667 0.5175 0.01)
(1.13333333333 0.5175 0.01)
(1.14 0.5175 0.01)
(1.14666666667 0.5175 0.01)
(1.15333333333 0.5175 0.01)
(1.16 0.5175 0.01)
(1.16666666667 0.5175 0.01)
(1.17333333333 0.5175 0.01)
(1.18 0.5175 0.01)
(1.18666666667 0.5175 0.01)
(1.19333333333 0.5175 0.01)
(1.2 0.5175 0.01)
(1.04 0.525178571429 0.01)
(1.04666666667 0.525178571429 0.01)
(1.05333333333 0.525178571429 0.01)
(1.06 0.525178571429 0.01)
(1.06666666667 0.525178571429 0.01)
(1.07333333333 0.525178571429 0.01)
(1.08 0.525178571429 0.01)
(1.08666666667 0.525178571429 0.01)
(1.09333333333 0.525178571429 0.01)
(1.1 0.525178571429 0.01)
(1.10666666667 0.525178571429 0.01)
(1.11333333333 0.525178571429 0.01)
(1.12 0.525178571429 0.01)
(1.12666666667 0.525178571429 0.01)
(1.13333333333 0.525178571429 0.01)
(1.14 0.525178571429 0.01)
(1.14666666667 0.525178571429 0.01)
(1.15333333333 0.525178571429 0.01)
(1.16 0.525178571429 0.01)
(1.16666666667 0.525178571429 0.01)
(1.17333333333 0.525178571429 0.01)
(1.18 0.525178571429 0.01)
(1.18666666667 0.525178571429 0.01)
(1.19333333333 0.525178571429 0.01)
(1.2 0.525178571429 0.01)
(1.04 0.532857142857 0.01)
(1.04666666667 0.532857142857 0.01)
(1.05333333333 0.532857142857 0.01)
(1.06 0.532857142857 0.01)
(1.06666666667 0.532857142857 0.01)
(1.07333333333 0.532857142857 0.01)
(1.08 0.532857142857 0.01)
(1.08666666667 0.532857142857 0.01)
(1.09333333333 0.532857142857 0.01)
(1.1 0.532857142857 0.01)
(1.10666666667 0.532857142857 0.01)
(1.11333333333 0.532857142857 0.01)
(1.12 0.532857142857 0.01)
(1.12666666667 0.532857142857 0.01)
(1.13333333333 0.532857142857 0.01)
(1.14 0.532857142857 0.01)
(1.14666666667 0.532857142857 0.01)
(1.15333333333 0.532857142857 0.01)
(1.16 0.532857142857 0.01)
(1.16666666667 0.532857142857 0.01)
(1.17333333333 0.532857142857 0.01)
(1.18 0.532857142857 0.01)
(1.18666666667 0.532857142857 0.01)
(1.19333333333 0.532857142857 0.01)
(1.2 0.532857142857 0.01)
(1.04 0.540535714286 0.01)
(1.04666666667 0.540535714286 0.01)
(1.05333333333 0.540535714286 0.01)
(1.06 0.540535714286 0.01)
(1.06666666667 0.540535714286 0.01)
(1.07333333333 0.540535714286 0.01)
(1.08 0.540535714286 0.01)
(1.08666666667 0.540535714286 0.01)
(1.09333333333 0.540535714286 0.01)
(1.1 0.540535714286 0.01)
(1.10666666667 0.540535714286 0.01)
(1.11333333333 0.540535714286 0.01)
(1.12 0.540535714286 0.01)
(1.12666666667 0.540535714286 0.01)
(1.13333333333 0.540535714286 0.01)
(1.14 0.540535714286 0.01)
(1.14666666667 0.540535714286 0.01)
(1.15333333333 0.540535714286 0.01)
(1.16 0.540535714286 0.01)
(1.16666666667 0.540535714286 0.01)
(1.17333333333 0.540535714286 0.01)
(1.18 0.540535714286 0.01)
(1.18666666667 0.540535714286 0.01)
(1.19333333333 0.540535714286 0.01)
(1.2 0.540535714286 0.01)
(1.04 0.548214285714 0.01)
(1.04666666667 0.548214285714 0.01)
(1.05333333333 0.548214285714 0.01)
(1.06 0.548214285714 0.01)
(1.06666666667 0.548214285714 0.01)
(1.07333333333 0.548214285714 0.01)
(1.08 0.548214285714 0.01)
(1.08666666667 0.548214285714 0.01)
(1.09333333333 0.548214285714 0.01)
(1.1 0.548214285714 0.01)
(1.10666666667 0.548214285714 0.01)
(1.11333333333 0.548214285714 0.01)
(1.12 0.548214285714 0.01)
(1.12666666667 0.548214285714 0.01)
(1.13333333333 0.548214285714 0.01)
(1.14 0.548214285714 0.01)
(1.14666666667 0.548214285714 0.01)
(1.15333333333 0.548214285714 0.01)
(1.16 0.548214285714 0.01)
(1.16666666667 0.548214285714 0.01)
(1.17333333333 0.548214285714 0.01)
(1.18 0.548214285714 0.01)
(1.18666666667 0.548214285714 0.01)
(1.19333333333 0.548214285714 0.01)
(1.2 0.548214285714 0.01)
(1.04 0.555892857143 0.01)
(1.04666666667 0.555892857143 0.01)
(1.05333333333 0.555892857143 0.01)
(1.06 0.555892857143 0.01)
(1.06666666667 0.555892857143 0.01)
(1.07333333333 0.555892857143 0.01)
(1.08 0.555892857143 0.01)
(1.08666666667 0.555892857143 0.01)
(1.09333333333 0.555892857143 0.01)
(1.1 0.555892857143 0.01)
(1.10666666667 0.555892857143 0.01)
(1.11333333333 0.555892857143 0.01)
(1.12 0.555892857143 0.01)
(1.12666666667 0.555892857143 0.01)
(1.13333333333 0.555892857143 0.01)
(1.14 0.555892857143 0.01)
(1.14666666667 0.555892857143 0.01)
(1.15333333333 0.555892857143 0.01)
(1.16 0.555892857143 0.01)
(1.16666666667 0.555892857143 0.01)
(1.17333333333 0.555892857143 0.01)
(1.18 0.555892857143 0.01)
(1.18666666667 0.555892857143 0.01)
(1.19333333333 0.555892857143 0.01)
(1.2 0.555892857143 0.01)
(1.04 0.563571428571 0.01)
(1.04666666667 0.563571428571 0.01)
(1.05333333333 0.563571428571 0.01)
(1.06 0.563571428571 0.01)
(1.06666666667 0.563571428571 0.01)
(1.07333333333 0.563571428571 0.01)
(1.08 0.563571428571 0.01)
(1.08666666667 0.563571428571 0.01)
(1.09333333333 0.563571428571 0.01)
(1.1 0.563571428571 0.01)
(1.10666666667 0.563571428571 0.01)
(1.11333333333 0.563571428571 0.01)
(1.12 0.563571428571 0.01)
(1.12666666667 0.563571428571 0.01)
(1.13333333333 0.563571428571 0.01)
(1.14 0.563571428571 0.01)
(1.14666666667 0.563571428571 0.01)
(1.15333333333 0.563571428571 0.01)
(1.16 0.563571428571 0.01)
(1.16666666667 0.563571428571 0.01)
(1.17333333333 0.563571428571 0.01)
(1.18 0.563571428571 0.01)
(1.18666666667 0.563571428571 0.01)
(1.19333333333 0.563571428571 0.01)
(1.2 0.563571428571 0.01)
(1.04 0.57125 0.01)
(1.04666666667 0.57125 0.01)
(1.05333333333 0.57125 0.01)
(1.06 0.57125 0.01)
(1.06666666667 0.57125 0.01)
(1.07333333333 0.57125 0.01)
(1.08 0.57125 0.01)
(1.08666666667 0.57125 0.01)
(1.09333333333 0.57125 0.01)
(1.1 0.57125 0.01)
(1.10666666667 0.57125 0.01)
(1.11333333333 0.57125 0.01)
(1.12 0.57125 0.01)
(1.12666666667 0.57125 0.01)
(1.13333333333 0.57125 0.01)
(1.14 0.57125 0.01)
(1.14666666667 0.57125 0.01)
(1.15333333333 0.57125 0.01)
(1.16 0.57125 0.01)
(1.16666666667 0.57125 0.01)
(1.17333333333 0.57125 0.01)
(1.18 0.57125 0.01)
(1.18666666667 0.57125 0.01)
(1.19333333333 0.57125 0.01)
(1.2 0.57125 0.01)
(1.04 0.578928571429 0.01)
(1.04666666667 0.578928571429 0.01)
(1.05333333333 0.578928571429 0.01)
(1.06 0.578928571429 0.01)
(1.06666666667 0.578928571429 0.01)
(1.07333333333 0.578928571429 0.01)
(1.08 0.578928571429 0.01)
(1.08666666667 0.578928571429 0.01)
(1.09333333333 0.578928571429 0.01)
(1.1 0.578928571429 0.01)
(1.10666666667 0.578928571429 0.01)
(1.11333333333 0.578928571429 0.01)
(1.12 0.578928571429 0.01)
(1.12666666667 0.578928571429 0.01)
(1.13333333333 0.578928571429 0.01)
(1.14 0.578928571429 0.01)
(1.14666666667 0.578928571429 0.01)
(1.15333333333 0.578928571429 0.01)
(1.16 0.578928571429 0.01)
(1.16666666667 0.578928571429 0.01)
(1.17333333333 0.578928571429 0.01)
(1.18 0.578928571429 0.01)
(1.18666666667 0.578928571429 0.01)
(1.19333333333 0.578928571429 0.01)
(1.2 0.578928571429 0.01)
(1.04 0.586607142857 0.01)
(1.04666666667 0.586607142857 0.01)
(1.05333333333 0.586607142857 0.01)
(1.06 0.586607142857 0.01)
(1.06666666667 0.586607142857 0.01)
(1.07333333333 0.586607142857 0.01)
(1.08 0.586607142857 0.01)
(1.08666666667 0.586607142857 0.01)
(1.09333333333 0.586607142857 0.01)
(1.1 0.586607142857 0.01)
(1.10666666667 0.586607142857 0.01)
(1.11333333333 0.586607142857 0.01)
(1.12 0.586607142857 0.01)
(1.12666666667 0.586607142857 0.01)
(1.13333333333 0.586607142857 0.01)
(1.14 0.586607142857 0.01)
(1.14666666667 0.586607142857 0.01)
(1.15333333333 0.586607142857 0.01)
(1.16 0.586607142857 0.01)
(1.16666666667 0.586607142857 0.01)
(1.17333333333 0.586607142857 0.01)
(1.18 0.586607142857 0.01)
(1.18666666667 0.586607142857 0.01)
(1.19333333333 0.586607142857 0.01)
(1.2 0.586607142857 0.01)
(1.04 0.594285714286 0.01)
(1.04666666667 0.594285714286 0.01)
(1.05333333333 0.594285714286 0.01)
(1.06 0.594285714286 0.01)
(1.06666666667 0.594285714286 0.01)
(1.07333333333 0.594285714286 0.01)
(1.08 0.594285714286 0.01)
(1.08666666667 0.594285714286 0.01)
(1.09333333333 0.594285714286 0.01)
(1.1 0.594285714286 0.01)
(1.10666666667 0.594285714286 0.01)
(1.11333333333 0.594285714286 0.01)
(1.12 0.594285714286 0.01)
(1.12666666667 0.594285714286 0.01)
(1.13333333333 0.594285714286 0.01)
(1.14 0.594285714286 0.01)
(1.14666666667 0.594285714286 0.01)
(1.15333333333 0.594285714286 0.01)
(1.16 0.594285714286 0.01)
(1.16666666667 0.594285714286 0.01)
(1.17333333333 0.594285714286 0.01)
(1.18 0.594285714286 0.01)
(1.18666666667 0.594285714286 0.01)
(1.19333333333 0.594285714286 0.01)
(1.2 0.594285714286 0.01)
(1.04 0.601964285714 0.01)
(1.04666666667 0.601964285714 0.01)
(1.05333333333 0.601964285714 0.01)
(1.06 0.601964285714 0.01)
(1.06666666667 0.601964285714 0.01)
(1.07333333333 0.601964285714 0.01)
(1.08 0.601964285714 0.01)
(1.08666666667 0.601964285714 0.01)
(1.09333333333 0.601964285714 0.01)
(1.1 0.601964285714 0.01)
(1.10666666667 0.601964285714 0.01)
(1.11333333333 0.601964285714 0.01)
(1.12 0.601964285714 0.01)
(1.12666666667 0.601964285714 0.01)
(1.13333333333 0.601964285714 0.01)
(1.14 0.601964285714 0.01)
(1.14666666667 0.601964285714 0.01)
(1.15333333333 0.601964285714 0.01)
(1.16 0.601964285714 0.01)
(1.16666666667 0.601964285714 0.01)
(1.17333333333 0.601964285714 0.01)
(1.18 0.601964285714 0.01)
(1.18666666667 0.601964285714 0.01)
(1.19333333333 0.601964285714 0.01)
(1.2 0.601964285714 0.01)
(1.04 0.609642857143 0.01)
(1.04666666667 0.609642857143 0.01)
(1.05333333333 0.609642857143 0.01)
(1.06 0.609642857143 0.01)
(1.06666666667 0.609642857143 0.01)
(1.07333333333 0.609642857143 0.01)
(1.08 0.609642857143 0.01)
(1.08666666667 0.609642857143 0.01)
(1.09333333333 0.609642857143 0.01)
(1.1 0.609642857143 0.01)
(1.10666666667 0.609642857143 0.01)
(1.11333333333 0.609642857143 0.01)
(1.12 0.609642857143 0.01)
(1.12666666667 0.609642857143 0.01)
(1.13333333333 0.609642857143 0.01)
(1.14 0.609642857143 0.01)
(1.14666666667 0.609642857143 0.01)
(1.15333333333 0.609642857143 0.01)
(1.16 0.609642857143 0.01)
(1.16666666667 0.609642857143 0.01)
(1.17333333333 0.609642857143 0.01)
(1.18 0.609642857143 0.01)
(1.18666666667 0.609642857143 0.01)
(1.19333333333 0.609642857143 0.01)
(1.2 0.609642857143 0.01)
(1.04 0.617321428571 0.01)
(1.04666666667 0.617321428571 0.01)
(1.05333333333 0.617321428571 0.01)
(1.06 0.617321428571 0.01)
(1.06666666667 0.617321428571 0.01)
(1.07333333333 0.617321428571 0.01)
(1.08 0.617321428571 0.01)
(1.08666666667 0.617321428571 0.01)
(1.09333333333 0.617321428571 0.01)
(1.1 0.617321428571 0.01)
(1.10666666667 0.617321428571 0.01)
(1.11333333333 0.617321428571 0.01)
(1.12 0.617321428571 0.01)
(1.12666666667 0.617321428571 0.01)
(1.13333333333 0.617321428571 0.01)
(1.14 0.617321428571 0.01)
(1.14666666667 0.617321428571 0.01)
(1.15333333333 0.617321428571 0.01)
(1.16 0.617321428571 0.01)
(1.16666666667 0.617321428571 0.01)
(1.17333333333 0.617321428571 0.01)
(1.18 0.617321428571 0.01)
(1.18666666667 0.617321428571 0.01)
(1.19333333333 0.617321428571 0.01)
(1.2 0.617321428571 0.01)
(1.04 0.625 0.01)
(1.04666666667 0.625 0.01)
(1.05333333333 0.625 0.01)
(1.06 0.625 0.01)
(1.06666666667 0.625 0.01)
(1.07333333333 0.625 0.01)
(1.08 0.625 0.01)
(1.08666666667 0.625 0.01)
(1.09333333333 0.625 0.01)
(1.1 0.625 0.01)
(1.10666666667 0.625 0.01)
(1.11333333333 0.625 0.01)
(1.12 0.625 0.01)
(1.12666666667 0.625 0.01)
(1.13333333333 0.625 0.01)
(1.14 0.625 0.01)
(1.14666666667 0.625 0.01)
(1.15333333333 0.625 0.01)
(1.16 0.625 0.01)
(1.16666666667 0.625 0.01)
(1.17333333333 0.625 0.01)
(1.18 0.625 0.01)
(1.18666666667 0.625 0.01)
(1.19333333333 0.625 0.01)
(1.2 0.625 0.01)
(1.2025 0.41 0)
(1.205 0.41 0)
(1.2075 0.41 0)
(1.21 0.41 0)
(1.2125 0.41 0)
(1.215 0.41 0)
(1.2175 0.41 0)
(1.22 0.41 0)
(1.2225 0.41 0)
(1.225 0.41 0)
(1.2275 0.41 0)
(1.23 0.41 0)
(1.2325 0.41 0)
(1.235 0.41 0)
(1.2375 0.41 0)
(1.2025 0.417678571429 0)
(1.205 0.417678571429 0)
(1.2075 0.417678571429 0)
(1.21 0.417678571429 0)
(1.2125 0.417678571429 0)
(1.215 0.417678571429 0)
(1.2175 0.417678571429 0)
(1.22 0.417678571429 0)
(1.2225 0.417678571429 0)
(1.225 0.417678571429 0)
(1.2275 0.417678571429 0)
(1.23 0.417678571429 0)
(1.2325 0.417678571429 0)
(1.235 0.417678571429 0)
(1.2375 0.417678571429 0)
(1.24 0.417678571429 0)
(1.2025 0.425357142857 0)
(1.205 0.425357142857 0)
(1.2075 0.425357142857 0)
(1.21 0.425357142857 0)
(1.2125 0.425357142857 0)
(1.215 0.425357142857 0)
(1.2175 0.425357142857 0)
(1.22 0.425357142857 0)
(1.2225 0.425357142857 0)
(1.225 0.425357142857 0)
(1.2275 0.425357142857 0)
(1.23 0.425357142857 0)
(1.2325 0.425357142857 0)
(1.235 0.425357142857 0)
(1.2375 0.425357142857 0)
(1.24 0.425357142857 0)
(1.2025 0.433035714286 0)
(1.205 0.433035714286 0)
(1.2075 0.433035714286 0)
(1.21 0.433035714286 0)
(1.2125 0.433035714286 0)
(1.215 0.433035714286 0)
(1.2175 0.433035714286 0)
(1.22 0.433035714286 0)
(1.2225 0.433035714286 0)
(1.225 0.433035714286 0)
(1.2275 0.433035714286 0)
(1.23 0.433035714286 0)
(1.2325 0.433035714286 0)
(1.235 0.433035714286 0)
(1.2375 0.433035714286 0)
(1.24 0.433035714286 0)
(1.2025 0.440714285714 0)
(1.205 0.440714285714 0)
(1.2075 0.440714285714 0)
(1.21 0.440714285714 0)
(1.2125 0.440714285714 0)
(1.215 0.440714285714 0)
(1.2175 0.440714285714 0)
(1.22 0.440714285714 0)
(1.2225 0.440714285714 0)
(1.225 0.440714285714 0)
(1.2275 0.440714285714 0)
(1.23 0.440714285714 0)
(1.2325 0.440714285714 0)
(1.235 0.440714285714 0)
(1.2375 0.440714285714 0)
(1.24 0.440714285714 0)
(1.2025 0.448392857143 0)
(1.205 0.448392857143 0)
(1.2075 0.448392857143 0)
(1.21 0.448392857143 0)
(1.2125 0.448392857143 0)
(1.215 0.448392857143 0)
(1.2175 0.448392857143 0)
(1.22 0.448392857143 0)
(1.2225 0.448392857143 0)
(1.225 0.448392857143 0)
(1.2275 0.448392857143 0)
(1.23 0.448392857143 0)
(1.2325 0.448392857143 0)
(1.235 0.448392857143 0)
(1.2375 0.448392857143 0)
(1.24 0.448392857143 0)
(1.2025 0.456071428571 0)
(1.205 0.456071428571 0)
(1.2075 0.456071428571 0)
(1.21 0.456071428571 0)
(1.2125 0.456071428571 0)
(1.215 0.456071428571 0)
(1.2175 0.456071428571 0)
(1.22 0.456071428571 0)
(1.2225 0.456071428571 0)
(1.225 0.456071428571 0)
(1.2275 0.456071428571 0)
(1.23 0.456071428571 0)
(1.2325 0.456071428571 0)
(1.235 0.456071428571 0)
(1.2375 0.456071428571 0)
(1.24 0.456071428571 0)
(1.2025 0.46375 0)
(1.205 0.46375 0)
(1.2075 0.46375 0)
(1.21 0.46375 0)
(1.2125 0.46375 0)
(1.215 0.46375 0)
(1.2175 0.46375 0)
(1.22 0.46375 0)
(1.2225 0.46375 0)
(1.225 0.46375 0)
(1.2275 0.46375 0)
(1.23 0.46375 0)
(1.2325 0.46375 0)
(1.235 0.46375 0)
(1.2375 0.46375 0)
(1.24 0.46375 0)
(1.2025 0.471428571429 0)
(1.205 0.471428571429 0)
(1.2075 0.471428571429 0)
(1.21 0.471428571429 0)
(1.2125 0.471428571429 0)
(1.215 0.471428571429 0)
(1.2175 0.471428571429 0)
(1.22 0.471428571429 0)
(1.2225 0.471428571429 0)
(1.225 0.471428571429 0)
(1.2275 0.471428571429 0)
(1.23 0.471428571429 0)
(1.2325 0.471428571429 0)
(1.235 0.471428571429 0)
(1.2375 0.471428571429 0)
(1.24 0.471428571429 0)
(1.2025 0.479107142857 0)
(1.205 0.479107142857 0)
(1.2075 0.479107142857 0)
(1.21 0.479107142857 0)
(1.2125 0.479107142857 0)
(1.215 0.479107142857 0)
(1.2175 0.479107142857 0)
(1.22 0.479107142857 0)
(1.2225 0.479107142857 0)
(1.225 0.479107142857 0)
(1.2275 0.479107142857 0)
(1.23 0.479107142857 0)
(1.2325 0.479107142857 0)
(1.235 0.479107142857 0)
(1.2375 0.479107142857 0)
(1.24 0.479107142857 0)
(1.2025 0.486785714286 0)
(1.205 0.486785714286 0)
(1.2075 0.486785714286 0)
(1.21 0.486785714286 0)
(1.2125 0.486785714286 0)
(1.215 0.486785714286 0)
(1.2175 0.486785714286 0)
(1.22 0.486785714286 0)
(1.2225 0.486785714286 0)
(1.225 0.486785714286 0)
(1.2275 0.486785714286 0)
(1.23 0.486785714286 0)
(1.2325 0.486785714286 0)
(1.235 0.486785714286 0)
(1.2375 0.486785714286 0)
(1.24 0.486785714286 0)
(1.2025 0.494464285714 0)
(1.205 0.494464285714 0)
(1.2075 0.494464285714 0)
(1.21 0.494464285714 0)
(1.2125 0.494464285714 0)
(1.215 0.494464285714 0)
(1.2175 0.494464285714 0)
(1.22 0.494464285714 0)
(1.2225 0.494464285714 0)
(1.225 0.494464285714 0)
(1.2275 0.494464285714 0)
(1.23 0.494464285714 0)
(1.2325 0.494464285714 0)
(1.235 0.494464285714 0)
(1.2375 0.494464285714 0)
(1.24 0.494464285714 0)
(1.2025 0.502142857143 0)
(1.205 0.502142857143 0)
(1.2075 0.502142857143 0)
(1.21 0.502142857143 0)
(1.2125 0.502142857143 0)
(1.215 0.502142857143 0)
(1.2175 0.502142857143 0)
(1.22 0.502142857143 0)
(1.2225 0.502142857143 0)
(1.225 0.502142857143 0)
(1.2275 0.502142857143 0)
(1.23 0.502142857143 0)
(1.2325 0.502142857143 0)
(1.235 0.502142857143 0)
(1.2375 0.502142857143 0)
(1.24 0.502142857143 0)
(1.2025 0.509821428571 0)
(1.205 0.509821428571 0)
(1.2075 0.509821428571 0)
(1.21 0.509821428571 0)
(1.2125 0.509821428571 0)
(1.215 0.509821428571 0)
(1.2175 0.509821428571 0)
(1.22 0.509821428571 0)
(1.2225 0.509821428571 0)
(1.225 0.509821428571 0)
(1.2275 0.509821428571 0)
(1.23 0.509821428571 0)
(1.2325 0.509821428571 0)
(1.235 0.509821428571 0)
(1.2375 0.509821428571 0)
(1.24 0.509821428571 0)
(1.2025 0.5175 0)
(1.205 0.5175 0)
(1.2075 0.5175 0)
(1.21 0.5175 0)
(1.2125 0.5175 0)
(1.215 0.5175 0)
(1.2175 0.5175 0)
(1.22 0.5175 0)
(1.2225 0.5175 0)
(1.225 0.5175 0)
(1.2275 0.5175 0)
(1.23 0.5175 0)
(1.2325 0.5175 0)
(1.235 0.5175 0)
(1.2375 0.5175 0)
(1.24 0.5175 0)
(1.2025 0.525178571429 0)
(1.205 0.525178571429 0)
(1.2075 0.525178571429 0)
(1.21 0.525178571429 0)
(1.2125 0.525178571429 0)
(1.215 0.525178571429 0)
(1.2175 0.525178571429 0)
(1.22 0.525178571429 0)
(1.2225 0.525178571429 0)
(1.225 0.525178571429 0)
(1.2275 0.525178571429 0)
(1.23 0.525178571429 0)
(1.2325 0.525178571429 0)
(1.235 0.525178571429 0)
(1.2375 0.525178571429 0)
(1.24 0.525178571429 0)
(1.2025 0.532857142857 0)
(1.205 0.532857142857 0)
(1.2075 0.532857142857 0)
(1.21 0.532857142857 0)
(1.2125 0.532857142857 0)
(1.215 0.532857142857 0)
(1.2175 0.532857142857 0)
(1.22 0.532857142857 0)
(1.2225 0.532857142857 0)
(1.225 0.532857142857 0)
(1.2275 0.532857142857 0)
(1.23 0.532857142857 0)
(1.2325 0.532857142857 0)
(1.235 0.532857142857 0)
(1.2375 0.532857142857 0)
(1.24 0.532857142857 0)
(1.2025 0.540535714286 0)
(1.205 0.540535714286 0)
(1.2075 0.540535714286 0)
(1.21 0.540535714286 0)
(1.2125 0.540535714286 0)
(1.215 0.540535714286 0)
(1.2175 0.540535714286 0)
(1.22 0.540535714286 0)
(1.2225 0.540535714286 0)
(1.225 0.540535714286 0)
(1.2275 0.540535714286 0)
(1.23 0.540535714286 0)
(1.2325 0.540535714286 0)
(1.235 0.540535714286 0)
(1.2375 0.540535714286 0)
(1.24 0.540535714286 0)
(1.2025 0.548214285714 0)
(1.205 0.548214285714 0)
(1.2075 0.548214285714 0)
(1.21 0.548214285714 0)
(1.2125 0.548214285714 0)
(1.215 0.548214285714 0)
(1.2175 0.548214285714 0)
(1.22 0.548214285714 0)
(1.2225 0.548214285714 0)
(1.225 0.548214285714 0)
(1.2275 0.548214285714 0)
(1.23 0.548214285714 0)
(1.2325 0.548214285714 0)
(1.235 0.548214285714 0)
(1.2375 0.548214285714 0)
(1.24 0.548214285714 0)
(1.2025 0.555892857143 0)
(1.205 0.555892857143 0)
(1.2075 0.555892857143 0)
(1.21 0.555892857143 0)
(1.2125 0.555892857143 0)
(1.215 0.555892857143 0)
(1.2175 0.555892857143 0)
(1.22 0.555892857143 0)
(1.2225 0.555892857143 0)
(1.225 0.555892857143 0)
(1.2275 0.555892857143 0)
(1.23 0.555892857143 0)
(1.2325 0.555892857143 0)
(1.235 0.555892857143 0)
(1.2375 0.555892857143 0)
(1.24 0.555892857143 0)
(1.2025 0.563571428571 0)
(1.205 0.563571428571 0)
(1.2075 0.563571428571 0)
(1.21 0.563571428571 0)
(1.2125 0.563571428571 0)
(1.215 0.563571428571 0)
(1.2175 0.563571428571 0)
(1.22 0.563571428571 0)
(1.2225 0.563571428571 0)
(1.225 0.563571428571 0)
(1.2275 0.563571428571 0)
(1.23 0.563571428571 0)
(1.2325 0.563571428571 0)
(1.235 0.563571428571 0)
(1.2375 0.563571428571 0)
(1.24 0.563571428571 0)
(1.2025 0.57125 0)
(1.205 0.57125 0)
(1.2075 0.57125 0)
(1.21 0.57125 0)
(1.2125 0.57125 0)
(1.215 0.57125 0)
(1.2175 0.57125 0)
(1.22 0.57125 0)
(1.2225 0.57125 0)
(1.225 0.57125 0)
(1.2275 0.57125 0)
(1.23 0.57125 0)
(1.2325 0.57125 0)
(1.235 0.57125 0)
(1.2375 0.57125 0)
(1.24 0.57125 0)
(1.2025 0.578928571429 0)
(1.205 0.578928571429 0)
(1.2075 0.578928571429 0)
(1.21 0.578928571429 0)
(1.2125 0.578928571429 0)
(1.215 0.578928571429 0)
(1.2175 0.578928571429 0)
(1.22 0.578928571429 0)
(1.2225 0.578928571429 0)
(1.225 0.578928571429 0)
(1.2275 0.578928571429 0)
(1.23 0.578928571429 0)
(1.2325 0.578928571429 0)
(1.235 0.578928571429 0)
(1.2375 0.578928571429 0)
(1.24 0.578928571429 0)
(1.2025 0.586607142857 0)
(1.205 0.586607142857 0)
(1.2075 0.586607142857 0)
(1.21 0.586607142857 0)
(1.2125 0.586607142857 0)
(1.215 0.586607142857 0)
(1.2175 0.586607142857 0)
(1.22 0.586607142857 0)
(1.2225 0.586607142857 0)
(1.225 0.586607142857 0)
(1.2275 0.586607142857 0)
(1.23 0.586607142857 0)
(1.2325 0.586607142857 0)
(1.235 0.586607142857 0)
(1.2375 0.586607142857 0)
(1.24 0.586607142857 0)
(1.2025 0.594285714286 0)
(1.205 0.594285714286 0)
(1.2075 0.594285714286 0)
(1.21 0.594285714286 0)
(1.2125 0.594285714286 0)
(1.215 0.594285714286 0)
(1.2175 0.594285714286 0)
(1.22 0.594285714286 0)
(1.2225 0.594285714286 0)
(1.225 0.594285714286 0)
(1.2275 0.594285714286 0)
(1.23 0.594285714286 0)
(1.2325 0.594285714286 0)
(1.235 0.594285714286 0)
(1.2375 0.594285714286 0)
(1.24 0.594285714286 0)
(1.2025 0.601964285714 0)
(1.205 0.601964285714 0)
(1.2075 0.601964285714 0)
(1.21 0.601964285714 0)
(1.2125 0.601964285714 0)
(1.215 0.601964285714 0)
(1.2175 0.601964285714 0)
(1.22 0.601964285714 0)
(1.2225 0.601964285714 0)
(1.225 0.601964285714 0)
(1.2275 0.601964285714 0)
(1.23 0.601964285714 0)
(1.2325 0.601964285714 0)
(1.235 0.601964285714 0)
(1.2375 0.601964285714 0)
(1.24 0.601964285714 0)
(1.2025 0.609642857143 0)
(1.205 0.609642857143 0)
(1.2075 0.609642857143 0)
(1.21 0.609642857143 0)
(1.2125 0.609642857143 0)
(1.215 0.609642857143 0)
(1.2175 0.609642857143 0)
(1.22 0.609642857143 0)
(1.2225 0.609642857143 0)
(1.225 0.609642857143 0)
(1.2275 0.609642857143 0)
(1.23 0.609642857143 0)
(1.2325 0.609642857143 0)
(1.235 0.609642857143 0)
(1.2375 0.609642857143 0)
(1.24 0.609642857143 0)
(1.2025 0.617321428571 0)
(1.205 0.617321428571 0)
(1.2075 0.617321428571 0)
(1.21 0.617321428571 0)
(1.2125 0.617321428571 0)
(1.215 0.617321428571 0)
(1.2175 0.617321428571 0)
(1.22 0.617321428571 0)
(1.2225 0.617321428571 0)
(1.225 0.617321428571 0)
(1.2275 0.617321428571 0)
(1.23 0.617321428571 0)
(1.2325 0.617321428571 0)
(1.235 0.617321428571 0)
(1.2375 0.617321428571 0)
(1.24 0.617321428571 0)
(1.2025 0.625 0)
(1.205 0.625 0)
(1.2075 0.625 0)
(1.21 0.625 0)
(1.2125 0.625 0)
(1.215 0.625 0)
(1.2175 0.625 0)
(1.22 0.625 0)
(1.2225 0.625 0)
(1.225 0.625 0)
(1.2275 0.625 0)
(1.23 0.625 0)
(1.2325 0.625 0)
(1.235 0.625 0)
(1.2375 0.625 0)
(1.24 0.625 0)
(1.2025 0.41 0.01)
(1.205 0.41 0.01)
(1.2075 0.41 0.01)
(1.21 0.41 0.01)
(1.2125 0.41 0.01)
(1.215 0.41 0.01)
(1.2175 0.41 0.01)
(1.22 0.41 0.01)
(1.2225 0.41 0.01)
(1.225 0.41 0.01)
(1.2275 0.41 0.01)
(1.23 0.41 0.01)
(1.2325 0.41 0.01)
(1.235 0.41 0.01)
(1.2375 0.41 0.01)
(1.2025 0.417678571429 0.01)
(1.205 0.417678571429 0.01)
(1.2075 0.417678571429 0.01)
(1.21 0.417678571429 0.01)
(1.2125 0.417678571429 0.01)
(1.215 0.417678571429 0.01)
(1.2175 0.417678571429 0.01)
(1.22 0.417678571429 0.01)
(1.2225 0.417678571429 0.01)
(1.225 0.417678571429 0.01)
(1.2275 0.417678571429 0.01)
(1.23 0.417678571429 0.01)
(1.2325 0.417678571429 0.01)
(1.235 0.417678571429 0.01)
(1.2375 0.417678571429 0.01)
(1.24 0.417678571429 0.01)
(1.2025 0.425357142857 0.01)
(1.205 0.425357142857 0.01)
(1.2075 0.425357142857 0.01)
(1.21 0.425357142857 0.01)
(1.2125 0.425357142857 0.01)
(1.215 0.425357142857 0.01)
(1.2175 0.425357142857 0.01)
(1.22 0.425357142857 0.01)
(1.2225 0.425357142857 0.01)
(1.225 0.425357142857 0.01)
(1.2275 0.425357142857 0.01)
(1.23 0.425357142857 0.01)
(1.2325 0.425357142857 0.01)
(1.235 0.425357142857 0.01)
(1.2375 0.425357142857 0.01)
(1.24 0.425357142857 0.01)
(1.2025 0.433035714286 0.01)
(1.205 0.433035714286 0.01)
(1.2075 0.433035714286 0.01)
(1.21 0.433035714286 0.01)
(1.2125 0.433035714286 0.01)
(1.215 0.433035714286 0.01)
(1.2175 0.433035714286 0.01)
(1.22 0.433035714286 0.01)
(1.2225 0.433035714286 0.01)
(1.225 0.433035714286 0.01)
(1.2275 0.433035714286 0.01)
(1.23 0.433035714286 0.01)
(1.2325 0.433035714286 0.01)
(1.235 0.433035714286 0.01)
(1.2375 0.433035714286 0.01)
(1.24 0.433035714286 0.01)
(1.2025 0.440714285714 0.01)
(1.205 0.440714285714 0.01)
(1.2075 0.440714285714 0.01)
(1.21 0.440714285714 0.01)
(1.2125 0.440714285714 0.01)
(1.215 0.440714285714 0.01)
(1.2175 0.440714285714 0.01)
(1.22 0.440714285714 0.01)
(1.2225 0.440714285714 0.01)
(1.225 0.440714285714 0.01)
(1.2275 0.440714285714 0.01)
(1.23 0.440714285714 0.01)
(1.2325 0.440714285714 0.01)
(1.235 0.440714285714 0.01)
(1.2375 0.440714285714 0.01)
(1.24 0.440714285714 0.01)
(1.2025 0.448392857143 0.01)
(1.205 0.448392857143 0.01)
(1.2075 0.448392857143 0.01)
(1.21 0.448392857143 0.01)
(1.2125 0.448392857143 0.01)
(1.215 0.448392857143 0.01)
(1.2175 0.448392857143 0.01)
(1.22 0.448392857143 0.01)
(1.2225 0.448392857143 0.01)
(1.225 0.448392857143 0.01)
(1.2275 0.448392857143 0.01)
(1.23 0.448392857143 0.01)
(1.2325 0.448392857143 0.01)
(1.235 0.448392857143 0.01)
(1.2375 0.448392857143 0.01)
(1.24 0.448392857143 0.01)
(1.2025 0.456071428571 0.01)
(1.205 0.456071428571 0.01)
(1.2075 0.456071428571 0.01)
(1.21 0.456071428571 0.01)
(1.2125 0.456071428571 0.01)
(1.215 0.456071428571 0.01)
(1.2175 0.456071428571 0.01)
(1.22 0.456071428571 0.01)
(1.2225 0.456071428571 0.01)
(1.225 0.456071428571 0.01)
(1.2275 0.456071428571 0.01)
(1.23 0.456071428571 0.01)
(1.2325 0.456071428571 0.01)
(1.235 0.456071428571 0.01)
(1.2375 0.456071428571 0.01)
(1.24 0.456071428571 0.01)
(1.2025 0.46375 0.01)
(1.205 0.46375 0.01)
(1.2075 0.46375 0.01)
(1.21 0.46375 0.01)
(1.2125 0.46375 0.01)
(1.215 0.46375 0.01)
(1.2175 0.46375 0.01)
(1.22 0.46375 0.01)
(1.2225 0.46375 0.01)
(1.225 0.46375 0.01)
(1.2275 0.46375 0.01)
(1.23 0.46375 0.01)
(1.2325 0.46375 0.01)
(1.235 0.46375 0.01)
(1.2375 0.46375 0.01)
(1.24 0.46375 0.01)
(1.2025 0.471428571429 0.01)
(1.205 0.471428571429 0.01)
(1.2075 0.471428571429 0.01)
(1.21 0.471428571429 0.01)
(1.2125 0.471428571429 0.01)
(1.215 0.471428571429 0.01)
(1.2175 0.471428571429 0.01)
(1.22 0.471428571429 0.01)
(1.2225 0.471428571429 0.01)
(1.225 0.471428571429 0.01)
(1.2275 0.471428571429 0.01)
(1.23 0.471428571429 0.01)
(1.2325 0.471428571429 0.01)
(1.235 0.471428571429 0.01)
(1.2375 0.471428571429 0.01)
(1.24 0.471428571429 0.01)
(1.2025 0.479107142857 0.01)
(1.205 0.479107142857 0.01)
(1.2075 0.479107142857 0.01)
(1.21 0.479107142857 0.01)
(1.2125 0.479107142857 0.01)
(1.215 0.479107142857 0.01)
(1.2175 0.479107142857 0.01)
(1.22 0.479107142857 0.01)
(1.2225 0.479107142857 0.01)
(1.225 0.479107142857 0.01)
(1.2275 0.479107142857 0.01)
(1.23 0.479107142857 0.01)
(1.2325 0.479107142857 0.01)
(1.235 0.479107142857 0.01)
(1.2375 0.479107142857 0.01)
(1.24 0.479107142857 0.01)
(1.2025 0.486785714286 0.01)
(1.205 0.486785714286 0.01)
(1.2075 0.486785714286 0.01)
(1.21 0.486785714286 0.01)
(1.2125 0.486785714286 0.01)
(1.215 0.486785714286 0.01)
(1.2175 0.486785714286 0.01)
(1.22 0.486785714286 0.01)
(1.2225 0.486785714286 0.01)
(1.225 0.486785714286 0.01)
(1.2275 0.486785714286 0.01)
(1.23 0.486785714286 0.01)
(1.2325 0.486785714286 0.01)
(1.235 0.486785714286 0.01)
(1.2375 0.486785714286 0.01)
(1.24 0.486785714286 0.01)
(1.2025 0.494464285714 0.01)
(1.205 0.494464285714 0.01)
(1.2075 0.494464285714 0.01)
(1.21 0.494464285714 0.01)
(1.2125 0.494464285714 0.01)
(1.215 0.494464285714 0.01)
(1.2175 0.494464285714 0.01)
(1.22 0.494464285714 0.01)
(1.2225 0.494464285714 0.01)
(1.225 0.494464285714 0.01)
(1.2275 0.494464285714 0.01)
(1.23 0.494464285714 0.01)
(1.2325 0.494464285714 0.01)
(1.235 0.494464285714 0.01)
(1.2375 0.494464285714 0.01)
(1.24 0.494464285714 0.01)
(1.2025 0.502142857143 0.01)
(1.205 0.502142857143 0.01)
(1.2075 0.502142857143 0.01)
(1.21 0.502142857143 0.01)
(1.2125 0.502142857143 0.01)
(1.215 0.502142857143 0.01)
(1.2175 0.502142857143 0.01)
(1.22 0.502142857143 0.01)
(1.2225 0.502142857143 0.01)
(1.225 0.502142857143 0.01)
(1.2275 0.502142857143 0.01)
(1.23 0.502142857143 0.01)
(1.2325 0.502142857143 0.01)
(1.235 0.502142857143 0.01)
(1.2375 0.502142857143 0.01)
(1.24 0.502142857143 0.01)
(1.2025 0.509821428571 0.01)
(1.205 0.509821428571 0.01)
(1.2075 0.509821428571 0.01)
(1.21 0.509821428571 0.01)
(1.2125 0.509821428571 0.01)
(1.215 0.509821428571 0.01)
(1.2175 0.509821428571 0.01)
(1.22 0.509821428571 0.01)
(1.2225 0.509821428571 0.01)
(1.225 0.509821428571 0.01)
(1.2275 0.509821428571 0.01)
(1.23 0.509821428571 0.01)
(1.2325 0.509821428571 0.01)
(1.235 0.509821428571 0.01)
(1.2375 0.509821428571 0.01)
(1.24 0.509821428571 0.01)
(1.2025 0.5175 0.01)
(1.205 0.5175 0.01)
(1.2075 0.5175 0.01)
(1.21 0.5175 0.01)
(1.2125 0.5175 0.01)
(1.215 0.5175 0.01)
(1.2175 0.5175 0.01)
(1.22 0.5175 0.01)
(1.2225 0.5175 0.01)
(1.225 0.5175 0.01)
(1.2275 0.5175 0.01)
(1.23 0.5175 0.01)
(1.2325 0.5175 0.01)
(1.235 0.5175 0.01)
(1.2375 0.5175 0.01)
(1.24 0.5175 0.01)
(1.2025 0.525178571429 0.01)
(1.205 0.525178571429 0.01)
(1.2075 0.525178571429 0.01)
(1.21 0.525178571429 0.01)
(1.2125 0.525178571429 0.01)
(1.215 0.525178571429 0.01)
(1.2175 0.525178571429 0.01)
(1.22 0.525178571429 0.01)
(1.2225 0.525178571429 0.01)
(1.225 0.525178571429 0.01)
(1.2275 0.525178571429 0.01)
(1.23 0.525178571429 0.01)
(1.2325 0.525178571429 0.01)
(1.235 0.525178571429 0.01)
(1.2375 0.525178571429 0.01)
(1.24 0.525178571429 0.01)
(1.2025 0.532857142857 0.01)
(1.205 0.532857142857 0.01)
(1.2075 0.532857142857 0.01)
(1.21 0.532857142857 0.01)
(1.2125 0.532857142857 0.01)
(1.215 0.532857142857 0.01)
(1.2175 0.532857142857 0.01)
(1.22 0.532857142857 0.01)
(1.2225 0.532857142857 0.01)
(1.225 0.532857142857 0.01)
(1.2275 0.532857142857 0.01)
(1.23 0.532857142857 0.01)
(1.2325 0.532857142857 0.01)
(1.235 0.532857142857 0.01)
(1.2375 0.532857142857 0.01)
(1.24 0.532857142857 0.01)
(1.2025 0.540535714286 0.01)
(1.205 0.540535714286 0.01)
(1.2075 0.540535714286 0.01)
(1.21 0.540535714286 0.01)
(1.2125 0.540535714286 0.01)
(1.215 0.540535714286 0.01)
(1.2175 0.540535714286 0.01)
(1.22 0.540535714286 0.01)
(1.2225 0.540535714286 0.01)
(1.225 0.540535714286 0.01)
(1.2275 0.540535714286 0.01)
(1.23 0.540535714286 0.01)
(1.2325 0.540535714286 0.01)
(1.235 0.540535714286 0.01)
(1.2375 0.540535714286 0.01)
(1.24 0.540535714286 0.01)
(1.2025 0.548214285714 0.01)
(1.205 0.548214285714 0.01)
(1.2075 0.548214285714 0.01)
(1.21 0.548214285714 0.01)
(1.2125 0.548214285714 0.01)
(1.215 0.548214285714 0.01)
(1.2175 0.548214285714 0.01)
(1.22 0.548214285714 0.01)
(1.2225 0.548214285714 0.01)
(1.225 0.548214285714 0.01)
(1.2275 0.548214285714 0.01)
(1.23 0.548214285714 0.01)
(1.2325 0.548214285714 0.01)
(1.235 0.548214285714 0.01)
(1.2375 0.548214285714 0.01)
(1.24 0.548214285714 0.01)
(1.2025 0.555892857143 0.01)
(1.205 0.555892857143 0.01)
(1.2075 0.555892857143 0.01)
(1.21 0.555892857143 0.01)
(1.2125 0.555892857143 0.01)
(1.215 0.555892857143 0.01)
(1.2175 0.555892857143 0.01)
(1.22 0.555892857143 0.01)
(1.2225 0.555892857143 0.01)
(1.225 0.555892857143 0.01)
(1.2275 0.555892857143 0.01)
(1.23 0.555892857143 0.01)
(1.2325 0.555892857143 0.01)
(1.235 0.555892857143 0.01)
(1.2375 0.555892857143 0.01)
(1.24 0.555892857143 0.01)
(1.2025 0.563571428571 0.01)
(1.205 0.563571428571 0.01)
(1.2075 0.563571428571 0.01)
(1.21 0.563571428571 0.01)
(1.2125 0.563571428571 0.01)
(1.215 0.563571428571 0.01)
(1.2175 0.563571428571 0.01)
(1.22 0.563571428571 0.01)
(1.2225 0.563571428571 0.01)
(1.225 0.563571428571 0.01)
(1.2275 0.563571428571 0.01)
(1.23 0.563571428571 0.01)
(1.2325 0.563571428571 0.01)
(1.235 0.563571428571 0.01)
(1.2375 0.563571428571 0.01)
(1.24 0.563571428571 0.01)
(1.2025 0.57125 0.01)
(1.205 0.57125 0.01)
(1.2075 0.57125 0.01)
(1.21 0.57125 0.01)
(1.2125 0.57125 0.01)
(1.215 0.57125 0.01)
(1.2175 0.57125 0.01)
(1.22 0.57125 0.01)
(1.2225 0.57125 0.01)
(1.225 0.57125 0.01)
(1.2275 0.57125 0.01)
(1.23 0.57125 0.01)
(1.2325 0.57125 0.01)
(1.235 0.57125 0.01)
(1.2375 0.57125 0.01)
(1.24 0.57125 0.01)
(1.2025 0.578928571429 0.01)
(1.205 0.578928571429 0.01)
(1.2075 0.578928571429 0.01)
(1.21 0.578928571429 0.01)
(1.2125 0.578928571429 0.01)
(1.215 0.578928571429 0.01)
(1.2175 0.578928571429 0.01)
(1.22 0.578928571429 0.01)
(1.2225 0.578928571429 0.01)
(1.225 0.578928571429 0.01)
(1.2275 0.578928571429 0.01)
(1.23 0.578928571429 0.01)
(1.2325 0.578928571429 0.01)
(1.235 0.578928571429 0.01)
(1.2375 0.578928571429 0.01)
(1.24 0.578928571429 0.01)
(1.2025 0.586607142857 0.01)
(1.205 0.586607142857 0.01)
(1.2075 0.586607142857 0.01)
(1.21 0.586607142857 0.01)
(1.2125 0.586607142857 0.01)
(1.215 0.586607142857 0.01)
(1.2175 0.586607142857 0.01)
(1.22 0.586607142857 0.01)
(1.2225 0.586607142857 0.01)
(1.225 0.586607142857 0.01)
(1.2275 0.586607142857 0.01)
(1.23 0.586607142857 0.01)
(1.2325 0.586607142857 0.01)
(1.235 0.586607142857 0.01)
(1.2375 0.586607142857 0.01)
(1.24 0.586607142857 0.01)
(1.2025 0.594285714286 0.01)
(1.205 0.594285714286 0.01)
(1.2075 0.594285714286 0.01)
(1.21 0.594285714286 0.01)
(1.2125 0.594285714286 0.01)
(1.215 0.594285714286 0.01)
(1.2175 0.594285714286 0.01)
(1.22 0.594285714286 0.01)
(1.2225 0.594285714286 0.01)
(1.225 0.594285714286 0.01)
(1.2275 0.594285714286 0.01)
(1.23 0.594285714286 0.01)
(1.2325 0.594285714286 0.01)
(1.235 0.594285714286 0.01)
(1.2375 0.594285714286 0.01)
(1.24 0.594285714286 0.01)
(1.2025 0.601964285714 0.01)
(1.205 0.601964285714 0.01)
(1.2075 0.601964285714 0.01)
(1.21 0.601964285714 0.01)
(1.2125 0.601964285714 0.01)
(1.215 0.601964285714 0.01)
(1.2175 0.601964285714 0.01)
(1.22 0.601964285714 0.01)
(1.2225 0.601964285714 0.01)
(1.225 0.601964285714 0.01)
(1.2275 0.601964285714 0.01)
(1.23 0.601964285714 0.01)
(1.2325 0.601964285714 0.01)
(1.235 0.601964285714 0.01)
(1.2375 0.601964285714 0.01)
(1.24 0.601964285714 0.01)
(1.2025 0.609642857143 0.01)
(1.205 0.609642857143 0.01)
(1.2075 0.609642857143 0.01)
(1.21 0.609642857143 0.01)
(1.2125 0.609642857143 0.01)
(1.215 0.609642857143 0.01)
(1.2175 0.609642857143 0.01)
(1.22 0.609642857143 0.01)
(1.2225 0.609642857143 0.01)
(1.225 0.609642857143 0.01)
(1.2275 0.609642857143 0.01)
(1.23 0.609642857143 0.01)
(1.2325 0.609642857143 0.01)
(1.235 0.609642857143 0.01)
(1.2375 0.609642857143 0.01)
(1.24 0.609642857143 0.01)
(1.2025 0.617321428571 0.01)
(1.205 0.617321428571 0.01)
(1.2075 0.617321428571 0.01)
(1.21 0.617321428571 0.01)
(1.2125 0.617321428571 0.01)
(1.215 0.617321428571 0.01)
(1.2175 0.617321428571 0.01)
(1.22 0.617321428571 0.01)
(1.2225 0.617321428571 0.01)
(1.225 0.617321428571 0.01)
(1.2275 0.617321428571 0.01)
(1.23 0.617321428571 0.01)
(1.2325 0.617321428571 0.01)
(1.235 0.617321428571 0.01)
(1.2375 0.617321428571 0.01)
(1.24 0.617321428571 0.01)
(1.2025 0.625 0.01)
(1.205 0.625 0.01)
(1.2075 0.625 0.01)
(1.21 0.625 0.01)
(1.2125 0.625 0.01)
(1.215 0.625 0.01)
(1.2175 0.625 0.01)
(1.22 0.625 0.01)
(1.2225 0.625 0.01)
(1.225 0.625 0.01)
(1.2275 0.625 0.01)
(1.23 0.625 0.01)
(1.2325 0.625 0.01)
(1.235 0.625 0.01)
(1.2375 0.625 0.01)
(1.24 0.625 0.01)
(1.24642857143 0.417678571429 0)
(1.25285714286 0.417678571429 0)
(1.25928571429 0.417678571429 0)
(1.26571428571 0.417678571429 0)
(1.27214285714 0.417678571429 0)
(1.27857142857 0.417678571429 0)
(1.285 0.417678571429 0)
(1.29142857143 0.417678571429 0)
(1.29785714286 0.417678571429 0)
(1.30428571429 0.417678571429 0)
(1.31071428571 0.417678571429 0)
(1.31714285714 0.417678571429 0)
(1.32357142857 0.417678571429 0)
(1.33 0.417678571429 0)
(1.33642857143 0.417678571429 0)
(1.34285714286 0.417678571429 0)
(1.34928571429 0.417678571429 0)
(1.35571428571 0.417678571429 0)
(1.36214285714 0.417678571429 0)
(1.36857142857 0.417678571429 0)
(1.375 0.417678571429 0)
(1.38142857143 0.417678571429 0)
(1.38785714286 0.417678571429 0)
(1.39428571429 0.417678571429 0)
(1.40071428571 0.417678571429 0)
(1.40714285714 0.417678571429 0)
(1.41357142857 0.417678571429 0)
(1.42 0.417678571429 0)
(1.24642857143 0.425357142857 0)
(1.25285714286 0.425357142857 0)
(1.25928571429 0.425357142857 0)
(1.26571428571 0.425357142857 0)
(1.27214285714 0.425357142857 0)
(1.27857142857 0.425357142857 0)
(1.285 0.425357142857 0)
(1.29142857143 0.425357142857 0)
(1.29785714286 0.425357142857 0)
(1.30428571429 0.425357142857 0)
(1.31071428571 0.425357142857 0)
(1.31714285714 0.425357142857 0)
(1.32357142857 0.425357142857 0)
(1.33 0.425357142857 0)
(1.33642857143 0.425357142857 0)
(1.34285714286 0.425357142857 0)
(1.34928571429 0.425357142857 0)
(1.35571428571 0.425357142857 0)
(1.36214285714 0.425357142857 0)
(1.36857142857 0.425357142857 0)
(1.375 0.425357142857 0)
(1.38142857143 0.425357142857 0)
(1.38785714286 0.425357142857 0)
(1.39428571429 0.425357142857 0)
(1.40071428571 0.425357142857 0)
(1.40714285714 0.425357142857 0)
(1.41357142857 0.425357142857 0)
(1.42 0.425357142857 0)
(1.24642857143 0.433035714286 0)
(1.25285714286 0.433035714286 0)
(1.25928571429 0.433035714286 0)
(1.26571428571 0.433035714286 0)
(1.27214285714 0.433035714286 0)
(1.27857142857 0.433035714286 0)
(1.285 0.433035714286 0)
(1.29142857143 0.433035714286 0)
(1.29785714286 0.433035714286 0)
(1.30428571429 0.433035714286 0)
(1.31071428571 0.433035714286 0)
(1.31714285714 0.433035714286 0)
(1.32357142857 0.433035714286 0)
(1.33 0.433035714286 0)
(1.33642857143 0.433035714286 0)
(1.34285714286 0.433035714286 0)
(1.34928571429 0.433035714286 0)
(1.35571428571 0.433035714286 0)
(1.36214285714 0.433035714286 0)
(1.36857142857 0.433035714286 0)
(1.375 0.433035714286 0)
(1.38142857143 0.433035714286 0)
(1.38785714286 0.433035714286 0)
(1.39428571429 0.433035714286 0)
(1.40071428571 0.433035714286 0)
(1.40714285714 0.433035714286 0)
(1.41357142857 0.433035714286 0)
(1.42 0.433035714286 0)
(1.24642857143 0.440714285714 0)
(1.25285714286 0.440714285714 0)
(1.25928571429 0.440714285714 0)
(1.26571428571 0.440714285714 0)
(1.27214285714 0.440714285714 0)
(1.27857142857 0.440714285714 0)
(1.285 0.440714285714 0)
(1.29142857143 0.440714285714 0)
(1.29785714286 0.440714285714 0)
(1.30428571429 0.440714285714 0)
(1.31071428571 0.440714285714 0)
(1.31714285714 0.440714285714 0)
(1.32357142857 0.440714285714 0)
(1.33 0.440714285714 0)
(1.33642857143 0.440714285714 0)
(1.34285714286 0.440714285714 0)
(1.34928571429 0.440714285714 0)
(1.35571428571 0.440714285714 0)
(1.36214285714 0.440714285714 0)
(1.36857142857 0.440714285714 0)
(1.375 0.440714285714 0)
(1.38142857143 0.440714285714 0)
(1.38785714286 0.440714285714 0)
(1.39428571429 0.440714285714 0)
(1.40071428571 0.440714285714 0)
(1.40714285714 0.440714285714 0)
(1.41357142857 0.440714285714 0)
(1.42 0.440714285714 0)
(1.24642857143 0.448392857143 0)
(1.25285714286 0.448392857143 0)
(1.25928571429 0.448392857143 0)
(1.26571428571 0.448392857143 0)
(1.27214285714 0.448392857143 0)
(1.27857142857 0.448392857143 0)
(1.285 0.448392857143 0)
(1.29142857143 0.448392857143 0)
(1.29785714286 0.448392857143 0)
(1.30428571429 0.448392857143 0)
(1.31071428571 0.448392857143 0)
(1.31714285714 0.448392857143 0)
(1.32357142857 0.448392857143 0)
(1.33 0.448392857143 0)
(1.33642857143 0.448392857143 0)
(1.34285714286 0.448392857143 0)
(1.34928571429 0.448392857143 0)
(1.35571428571 0.448392857143 0)
(1.36214285714 0.448392857143 0)
(1.36857142857 0.448392857143 0)
(1.375 0.448392857143 0)
(1.38142857143 0.448392857143 0)
(1.38785714286 0.448392857143 0)
(1.39428571429 0.448392857143 0)
(1.40071428571 0.448392857143 0)
(1.40714285714 0.448392857143 0)
(1.41357142857 0.448392857143 0)
(1.42 0.448392857143 0)
(1.24642857143 0.456071428571 0)
(1.25285714286 0.456071428571 0)
(1.25928571429 0.456071428571 0)
(1.26571428571 0.456071428571 0)
(1.27214285714 0.456071428571 0)
(1.27857142857 0.456071428571 0)
(1.285 0.456071428571 0)
(1.29142857143 0.456071428571 0)
(1.29785714286 0.456071428571 0)
(1.30428571429 0.456071428571 0)
(1.31071428571 0.456071428571 0)
(1.31714285714 0.456071428571 0)
(1.32357142857 0.456071428571 0)
(1.33 0.456071428571 0)
(1.33642857143 0.456071428571 0)
(1.34285714286 0.456071428571 0)
(1.34928571429 0.456071428571 0)
(1.35571428571 0.456071428571 0)
(1.36214285714 0.456071428571 0)
(1.36857142857 0.456071428571 0)
(1.375 0.456071428571 0)
(1.38142857143 0.456071428571 0)
(1.38785714286 0.456071428571 0)
(1.39428571429 0.456071428571 0)
(1.40071428571 0.456071428571 0)
(1.40714285714 0.456071428571 0)
(1.41357142857 0.456071428571 0)
(1.42 0.456071428571 0)
(1.24642857143 0.46375 0)
(1.25285714286 0.46375 0)
(1.25928571429 0.46375 0)
(1.26571428571 0.46375 0)
(1.27214285714 0.46375 0)
(1.27857142857 0.46375 0)
(1.285 0.46375 0)
(1.29142857143 0.46375 0)
(1.29785714286 0.46375 0)
(1.30428571429 0.46375 0)
(1.31071428571 0.46375 0)
(1.31714285714 0.46375 0)
(1.32357142857 0.46375 0)
(1.33 0.46375 0)
(1.33642857143 0.46375 0)
(1.34285714286 0.46375 0)
(1.34928571429 0.46375 0)
(1.35571428571 0.46375 0)
(1.36214285714 0.46375 0)
(1.36857142857 0.46375 0)
(1.375 0.46375 0)
(1.38142857143 0.46375 0)
(1.38785714286 0.46375 0)
(1.39428571429 0.46375 0)
(1.40071428571 0.46375 0)
(1.40714285714 0.46375 0)
(1.41357142857 0.46375 0)
(1.42 0.46375 0)
(1.24642857143 0.471428571429 0)
(1.25285714286 0.471428571429 0)
(1.25928571429 0.471428571429 0)
(1.26571428571 0.471428571429 0)
(1.27214285714 0.471428571429 0)
(1.27857142857 0.471428571429 0)
(1.285 0.471428571429 0)
(1.29142857143 0.471428571429 0)
(1.29785714286 0.471428571429 0)
(1.30428571429 0.471428571429 0)
(1.31071428571 0.471428571429 0)
(1.31714285714 0.471428571429 0)
(1.32357142857 0.471428571429 0)
(1.33 0.471428571429 0)
(1.33642857143 0.471428571429 0)
(1.34285714286 0.471428571429 0)
(1.34928571429 0.471428571429 0)
(1.35571428571 0.471428571429 0)
(1.36214285714 0.471428571429 0)
(1.36857142857 0.471428571429 0)
(1.375 0.471428571429 0)
(1.38142857143 0.471428571429 0)
(1.38785714286 0.471428571429 0)
(1.39428571429 0.471428571429 0)
(1.40071428571 0.471428571429 0)
(1.40714285714 0.471428571429 0)
(1.41357142857 0.471428571429 0)
(1.42 0.471428571429 0)
(1.24642857143 0.479107142857 0)
(1.25285714286 0.479107142857 0)
(1.25928571429 0.479107142857 0)
(1.26571428571 0.479107142857 0)
(1.27214285714 0.479107142857 0)
(1.27857142857 0.479107142857 0)
(1.285 0.479107142857 0)
(1.29142857143 0.479107142857 0)
(1.29785714286 0.479107142857 0)
(1.30428571429 0.479107142857 0)
(1.31071428571 0.479107142857 0)
(1.31714285714 0.479107142857 0)
(1.32357142857 0.479107142857 0)
(1.33 0.479107142857 0)
(1.33642857143 0.479107142857 0)
(1.34285714286 0.479107142857 0)
(1.34928571429 0.479107142857 0)
(1.35571428571 0.479107142857 0)
(1.36214285714 0.479107142857 0)
(1.36857142857 0.479107142857 0)
(1.375 0.479107142857 0)
(1.38142857143 0.479107142857 0)
(1.38785714286 0.479107142857 0)
(1.39428571429 0.479107142857 0)
(1.40071428571 0.479107142857 0)
(1.40714285714 0.479107142857 0)
(1.41357142857 0.479107142857 0)
(1.42 0.479107142857 0)
(1.24642857143 0.486785714286 0)
(1.25285714286 0.486785714286 0)
(1.25928571429 0.486785714286 0)
(1.26571428571 0.486785714286 0)
(1.27214285714 0.486785714286 0)
(1.27857142857 0.486785714286 0)
(1.285 0.486785714286 0)
(1.29142857143 0.486785714286 0)
(1.29785714286 0.486785714286 0)
(1.30428571429 0.486785714286 0)
(1.31071428571 0.486785714286 0)
(1.31714285714 0.486785714286 0)
(1.32357142857 0.486785714286 0)
(1.33 0.486785714286 0)
(1.33642857143 0.486785714286 0)
(1.34285714286 0.486785714286 0)
(1.34928571429 0.486785714286 0)
(1.35571428571 0.486785714286 0)
(1.36214285714 0.486785714286 0)
(1.36857142857 0.486785714286 0)
(1.375 0.486785714286 0)
(1.38142857143 0.486785714286 0)
(1.38785714286 0.486785714286 0)
(1.39428571429 0.486785714286 0)
(1.40071428571 0.486785714286 0)
(1.40714285714 0.486785714286 0)
(1.41357142857 0.486785714286 0)
(1.42 0.486785714286 0)
(1.24642857143 0.494464285714 0)
(1.25285714286 0.494464285714 0)
(1.25928571429 0.494464285714 0)
(1.26571428571 0.494464285714 0)
(1.27214285714 0.494464285714 0)
(1.27857142857 0.494464285714 0)
(1.285 0.494464285714 0)
(1.29142857143 0.494464285714 0)
(1.29785714286 0.494464285714 0)
(1.30428571429 0.494464285714 0)
(1.31071428571 0.494464285714 0)
(1.31714285714 0.494464285714 0)
(1.32357142857 0.494464285714 0)
(1.33 0.494464285714 0)
(1.33642857143 0.494464285714 0)
(1.34285714286 0.494464285714 0)
(1.34928571429 0.494464285714 0)
(1.35571428571 0.494464285714 0)
(1.36214285714 0.494464285714 0)
(1.36857142857 0.494464285714 0)
(1.375 0.494464285714 0)
(1.38142857143 0.494464285714 0)
(1.38785714286 0.494464285714 0)
(1.39428571429 0.494464285714 0)
(1.40071428571 0.494464285714 0)
(1.40714285714 0.494464285714 0)
(1.41357142857 0.494464285714 0)
(1.42 0.494464285714 0)
(1.24642857143 0.502142857143 0)
(1.25285714286 0.502142857143 0)
(1.25928571429 0.502142857143 0)
(1.26571428571 0.502142857143 0)
(1.27214285714 0.502142857143 0)
(1.27857142857 0.502142857143 0)
(1.285 0.502142857143 0)
(1.29142857143 0.502142857143 0)
(1.29785714286 0.502142857143 0)
(1.30428571429 0.502142857143 0)
(1.31071428571 0.502142857143 0)
(1.31714285714 0.502142857143 0)
(1.32357142857 0.502142857143 0)
(1.33 0.502142857143 0)
(1.33642857143 0.502142857143 0)
(1.34285714286 0.502142857143 0)
(1.34928571429 0.502142857143 0)
(1.35571428571 0.502142857143 0)
(1.36214285714 0.502142857143 0)
(1.36857142857 0.502142857143 0)
(1.375 0.502142857143 0)
(1.38142857143 0.502142857143 0)
(1.38785714286 0.502142857143 0)
(1.39428571429 0.502142857143 0)
(1.40071428571 0.502142857143 0)
(1.40714285714 0.502142857143 0)
(1.41357142857 0.502142857143 0)
(1.42 0.502142857143 0)
(1.24642857143 0.509821428571 0)
(1.25285714286 0.509821428571 0)
(1.25928571429 0.509821428571 0)
(1.26571428571 0.509821428571 0)
(1.27214285714 0.509821428571 0)
(1.27857142857 0.509821428571 0)
(1.285 0.509821428571 0)
(1.29142857143 0.509821428571 0)
(1.29785714286 0.509821428571 0)
(1.30428571429 0.509821428571 0)
(1.31071428571 0.509821428571 0)
(1.31714285714 0.509821428571 0)
(1.32357142857 0.509821428571 0)
(1.33 0.509821428571 0)
(1.33642857143 0.509821428571 0)
(1.34285714286 0.509821428571 0)
(1.34928571429 0.509821428571 0)
(1.35571428571 0.509821428571 0)
(1.36214285714 0.509821428571 0)
(1.36857142857 0.509821428571 0)
(1.375 0.509821428571 0)
(1.38142857143 0.509821428571 0)
(1.38785714286 0.509821428571 0)
(1.39428571429 0.509821428571 0)
(1.40071428571 0.509821428571 0)
(1.40714285714 0.509821428571 0)
(1.41357142857 0.509821428571 0)
(1.42 0.509821428571 0)
(1.24642857143 0.5175 0)
(1.25285714286 0.5175 0)
(1.25928571429 0.5175 0)
(1.26571428571 0.5175 0)
(1.27214285714 0.5175 0)
(1.27857142857 0.5175 0)
(1.285 0.5175 0)
(1.29142857143 0.5175 0)
(1.29785714286 0.5175 0)
(1.30428571429 0.5175 0)
(1.31071428571 0.5175 0)
(1.31714285714 0.5175 0)
(1.32357142857 0.5175 0)
(1.33 0.5175 0)
(1.33642857143 0.5175 0)
(1.34285714286 0.5175 0)
(1.34928571429 0.5175 0)
(1.35571428571 0.5175 0)
(1.36214285714 0.5175 0)
(1.36857142857 0.5175 0)
(1.375 0.5175 0)
(1.38142857143 0.5175 0)
(1.38785714286 0.5175 0)
(1.39428571429 0.5175 0)
(1.40071428571 0.5175 0)
(1.40714285714 0.5175 0)
(1.41357142857 0.5175 0)
(1.42 0.5175 0)
(1.24642857143 0.525178571429 0)
(1.25285714286 0.525178571429 0)
(1.25928571429 0.525178571429 0)
(1.26571428571 0.525178571429 0)
(1.27214285714 0.525178571429 0)
(1.27857142857 0.525178571429 0)
(1.285 0.525178571429 0)
(1.29142857143 0.525178571429 0)
(1.29785714286 0.525178571429 0)
(1.30428571429 0.525178571429 0)
(1.31071428571 0.525178571429 0)
(1.31714285714 0.525178571429 0)
(1.32357142857 0.525178571429 0)
(1.33 0.525178571429 0)
(1.33642857143 0.525178571429 0)
(1.34285714286 0.525178571429 0)
(1.34928571429 0.525178571429 0)
(1.35571428571 0.525178571429 0)
(1.36214285714 0.525178571429 0)
(1.36857142857 0.525178571429 0)
(1.375 0.525178571429 0)
(1.38142857143 0.525178571429 0)
(1.38785714286 0.525178571429 0)
(1.39428571429 0.525178571429 0)
(1.40071428571 0.525178571429 0)
(1.40714285714 0.525178571429 0)
(1.41357142857 0.525178571429 0)
(1.42 0.525178571429 0)
(1.24642857143 0.532857142857 0)
(1.25285714286 0.532857142857 0)
(1.25928571429 0.532857142857 0)
(1.26571428571 0.532857142857 0)
(1.27214285714 0.532857142857 0)
(1.27857142857 0.532857142857 0)
(1.285 0.532857142857 0)
(1.29142857143 0.532857142857 0)
(1.29785714286 0.532857142857 0)
(1.30428571429 0.532857142857 0)
(1.31071428571 0.532857142857 0)
(1.31714285714 0.532857142857 0)
(1.32357142857 0.532857142857 0)
(1.33 0.532857142857 0)
(1.33642857143 0.532857142857 0)
(1.34285714286 0.532857142857 0)
(1.34928571429 0.532857142857 0)
(1.35571428571 0.532857142857 0)
(1.36214285714 0.532857142857 0)
(1.36857142857 0.532857142857 0)
(1.375 0.532857142857 0)
(1.38142857143 0.532857142857 0)
(1.38785714286 0.532857142857 0)
(1.39428571429 0.532857142857 0)
(1.40071428571 0.532857142857 0)
(1.40714285714 0.532857142857 0)
(1.41357142857 0.532857142857 0)
(1.42 0.532857142857 0)
(1.24642857143 0.540535714286 0)
(1.25285714286 0.540535714286 0)
(1.25928571429 0.540535714286 0)
(1.26571428571 0.540535714286 0)
(1.27214285714 0.540535714286 0)
(1.27857142857 0.540535714286 0)
(1.285 0.540535714286 0)
(1.29142857143 0.540535714286 0)
(1.29785714286 0.540535714286 0)
(1.30428571429 0.540535714286 0)
(1.31071428571 0.540535714286 0)
(1.31714285714 0.540535714286 0)
(1.32357142857 0.540535714286 0)
(1.33 0.540535714286 0)
(1.33642857143 0.540535714286 0)
(1.34285714286 0.540535714286 0)
(1.34928571429 0.540535714286 0)
(1.35571428571 0.540535714286 0)
(1.36214285714 0.540535714286 0)
(1.36857142857 0.540535714286 0)
(1.375 0.540535714286 0)
(1.38142857143 0.540535714286 0)
(1.38785714286 0.540535714286 0)
(1.39428571429 0.540535714286 0)
(1.40071428571 0.540535714286 0)
(1.40714285714 0.540535714286 0)
(1.41357142857 0.540535714286 0)
(1.42 0.540535714286 0)
(1.24642857143 0.548214285714 0)
(1.25285714286 0.548214285714 0)
(1.25928571429 0.548214285714 0)
(1.26571428571 0.548214285714 0)
(1.27214285714 0.548214285714 0)
(1.27857142857 0.548214285714 0)
(1.285 0.548214285714 0)
(1.29142857143 0.548214285714 0)
(1.29785714286 0.548214285714 0)
(1.30428571429 0.548214285714 0)
(1.31071428571 0.548214285714 0)
(1.31714285714 0.548214285714 0)
(1.32357142857 0.548214285714 0)
(1.33 0.548214285714 0)
(1.33642857143 0.548214285714 0)
(1.34285714286 0.548214285714 0)
(1.34928571429 0.548214285714 0)
(1.35571428571 0.548214285714 0)
(1.36214285714 0.548214285714 0)
(1.36857142857 0.548214285714 0)
(1.375 0.548214285714 0)
(1.38142857143 0.548214285714 0)
(1.38785714286 0.548214285714 0)
(1.39428571429 0.548214285714 0)
(1.40071428571 0.548214285714 0)
(1.40714285714 0.548214285714 0)
(1.41357142857 0.548214285714 0)
(1.42 0.548214285714 0)
(1.24642857143 0.555892857143 0)
(1.25285714286 0.555892857143 0)
(1.25928571429 0.555892857143 0)
(1.26571428571 0.555892857143 0)
(1.27214285714 0.555892857143 0)
(1.27857142857 0.555892857143 0)
(1.285 0.555892857143 0)
(1.29142857143 0.555892857143 0)
(1.29785714286 0.555892857143 0)
(1.30428571429 0.555892857143 0)
(1.31071428571 0.555892857143 0)
(1.31714285714 0.555892857143 0)
(1.32357142857 0.555892857143 0)
(1.33 0.555892857143 0)
(1.33642857143 0.555892857143 0)
(1.34285714286 0.555892857143 0)
(1.34928571429 0.555892857143 0)
(1.35571428571 0.555892857143 0)
(1.36214285714 0.555892857143 0)
(1.36857142857 0.555892857143 0)
(1.375 0.555892857143 0)
(1.38142857143 0.555892857143 0)
(1.38785714286 0.555892857143 0)
(1.39428571429 0.555892857143 0)
(1.40071428571 0.555892857143 0)
(1.40714285714 0.555892857143 0)
(1.41357142857 0.555892857143 0)
(1.42 0.555892857143 0)
(1.24642857143 0.563571428571 0)
(1.25285714286 0.563571428571 0)
(1.25928571429 0.563571428571 0)
(1.26571428571 0.563571428571 0)
(1.27214285714 0.563571428571 0)
(1.27857142857 0.563571428571 0)
(1.285 0.563571428571 0)
(1.29142857143 0.563571428571 0)
(1.29785714286 0.563571428571 0)
(1.30428571429 0.563571428571 0)
(1.31071428571 0.563571428571 0)
(1.31714285714 0.563571428571 0)
(1.32357142857 0.563571428571 0)
(1.33 0.563571428571 0)
(1.33642857143 0.563571428571 0)
(1.34285714286 0.563571428571 0)
(1.34928571429 0.563571428571 0)
(1.35571428571 0.563571428571 0)
(1.36214285714 0.563571428571 0)
(1.36857142857 0.563571428571 0)
(1.375 0.563571428571 0)
(1.38142857143 0.563571428571 0)
(1.38785714286 0.563571428571 0)
(1.39428571429 0.563571428571 0)
(1.40071428571 0.563571428571 0)
(1.40714285714 0.563571428571 0)
(1.41357142857 0.563571428571 0)
(1.42 0.563571428571 0)
(1.24642857143 0.57125 0)
(1.25285714286 0.57125 0)
(1.25928571429 0.57125 0)
(1.26571428571 0.57125 0)
(1.27214285714 0.57125 0)
(1.27857142857 0.57125 0)
(1.285 0.57125 0)
(1.29142857143 0.57125 0)
(1.29785714286 0.57125 0)
(1.30428571429 0.57125 0)
(1.31071428571 0.57125 0)
(1.31714285714 0.57125 0)
(1.32357142857 0.57125 0)
(1.33 0.57125 0)
(1.33642857143 0.57125 0)
(1.34285714286 0.57125 0)
(1.34928571429 0.57125 0)
(1.35571428571 0.57125 0)
(1.36214285714 0.57125 0)
(1.36857142857 0.57125 0)
(1.375 0.57125 0)
(1.38142857143 0.57125 0)
(1.38785714286 0.57125 0)
(1.39428571429 0.57125 0)
(1.40071428571 0.57125 0)
(1.40714285714 0.57125 0)
(1.41357142857 0.57125 0)
(1.42 0.57125 0)
(1.24642857143 0.578928571429 0)
(1.25285714286 0.578928571429 0)
(1.25928571429 0.578928571429 0)
(1.26571428571 0.578928571429 0)
(1.27214285714 0.578928571429 0)
(1.27857142857 0.578928571429 0)
(1.285 0.578928571429 0)
(1.29142857143 0.578928571429 0)
(1.29785714286 0.578928571429 0)
(1.30428571429 0.578928571429 0)
(1.31071428571 0.578928571429 0)
(1.31714285714 0.578928571429 0)
(1.32357142857 0.578928571429 0)
(1.33 0.578928571429 0)
(1.33642857143 0.578928571429 0)
(1.34285714286 0.578928571429 0)
(1.34928571429 0.578928571429 0)
(1.35571428571 0.578928571429 0)
(1.36214285714 0.578928571429 0)
(1.36857142857 0.578928571429 0)
(1.375 0.578928571429 0)
(1.38142857143 0.578928571429 0)
(1.38785714286 0.578928571429 0)
(1.39428571429 0.578928571429 0)
(1.40071428571 0.578928571429 0)
(1.40714285714 0.578928571429 0)
(1.41357142857 0.578928571429 0)
(1.42 0.578928571429 0)
(1.24642857143 0.586607142857 0)
(1.25285714286 0.586607142857 0)
(1.25928571429 0.586607142857 0)
(1.26571428571 0.586607142857 0)
(1.27214285714 0.586607142857 0)
(1.27857142857 0.586607142857 0)
(1.285 0.586607142857 0)
(1.29142857143 0.586607142857 0)
(1.29785714286 0.586607142857 0)
(1.30428571429 0.586607142857 0)
(1.31071428571 0.586607142857 0)
(1.31714285714 0.586607142857 0)
(1.32357142857 0.586607142857 0)
(1.33 0.586607142857 0)
(1.33642857143 0.586607142857 0)
(1.34285714286 0.586607142857 0)
(1.34928571429 0.586607142857 0)
(1.35571428571 0.586607142857 0)
(1.36214285714 0.586607142857 0)
(1.36857142857 0.586607142857 0)
(1.375 0.586607142857 0)
(1.38142857143 0.586607142857 0)
(1.38785714286 0.586607142857 0)
(1.39428571429 0.586607142857 0)
(1.40071428571 0.586607142857 0)
(1.40714285714 0.586607142857 0)
(1.41357142857 0.586607142857 0)
(1.42 0.586607142857 0)
(1.24642857143 0.594285714286 0)
(1.25285714286 0.594285714286 0)
(1.25928571429 0.594285714286 0)
(1.26571428571 0.594285714286 0)
(1.27214285714 0.594285714286 0)
(1.27857142857 0.594285714286 0)
(1.285 0.594285714286 0)
(1.29142857143 0.594285714286 0)
(1.29785714286 0.594285714286 0)
(1.30428571429 0.594285714286 0)
(1.31071428571 0.594285714286 0)
(1.31714285714 0.594285714286 0)
(1.32357142857 0.594285714286 0)
(1.33 0.594285714286 0)
(1.33642857143 0.594285714286 0)
(1.34285714286 0.594285714286 0)
(1.34928571429 0.594285714286 0)
(1.35571428571 0.594285714286 0)
(1.36214285714 0.594285714286 0)
(1.36857142857 0.594285714286 0)
(1.375 0.594285714286 0)
(1.38142857143 0.594285714286 0)
(1.38785714286 0.594285714286 0)
(1.39428571429 0.594285714286 0)
(1.40071428571 0.594285714286 0)
(1.40714285714 0.594285714286 0)
(1.41357142857 0.594285714286 0)
(1.42 0.594285714286 0)
(1.24642857143 0.601964285714 0)
(1.25285714286 0.601964285714 0)
(1.25928571429 0.601964285714 0)
(1.26571428571 0.601964285714 0)
(1.27214285714 0.601964285714 0)
(1.27857142857 0.601964285714 0)
(1.285 0.601964285714 0)
(1.29142857143 0.601964285714 0)
(1.29785714286 0.601964285714 0)
(1.30428571429 0.601964285714 0)
(1.31071428571 0.601964285714 0)
(1.31714285714 0.601964285714 0)
(1.32357142857 0.601964285714 0)
(1.33 0.601964285714 0)
(1.33642857143 0.601964285714 0)
(1.34285714286 0.601964285714 0)
(1.34928571429 0.601964285714 0)
(1.35571428571 0.601964285714 0)
(1.36214285714 0.601964285714 0)
(1.36857142857 0.601964285714 0)
(1.375 0.601964285714 0)
(1.38142857143 0.601964285714 0)
(1.38785714286 0.601964285714 0)
(1.39428571429 0.601964285714 0)
(1.40071428571 0.601964285714 0)
(1.40714285714 0.601964285714 0)
(1.41357142857 0.601964285714 0)
(1.42 0.601964285714 0)
(1.24642857143 0.609642857143 0)
(1.25285714286 0.609642857143 0)
(1.25928571429 0.609642857143 0)
(1.26571428571 0.609642857143 0)
(1.27214285714 0.609642857143 0)
(1.27857142857 0.609642857143 0)
(1.285 0.609642857143 0)
(1.29142857143 0.609642857143 0)
(1.29785714286 0.609642857143 0)
(1.30428571429 0.609642857143 0)
(1.31071428571 0.609642857143 0)
(1.31714285714 0.609642857143 0)
(1.32357142857 0.609642857143 0)
(1.33 0.609642857143 0)
(1.33642857143 0.609642857143 0)
(1.34285714286 0.609642857143 0)
(1.34928571429 0.609642857143 0)
(1.35571428571 0.609642857143 0)
(1.36214285714 0.609642857143 0)
(1.36857142857 0.609642857143 0)
(1.375 0.609642857143 0)
(1.38142857143 0.609642857143 0)
(1.38785714286 0.609642857143 0)
(1.39428571429 0.609642857143 0)
(1.40071428571 0.609642857143 0)
(1.40714285714 0.609642857143 0)
(1.41357142857 0.609642857143 0)
(1.42 0.609642857143 0)
(1.24642857143 0.617321428571 0)
(1.25285714286 0.617321428571 0)
(1.25928571429 0.617321428571 0)
(1.26571428571 0.617321428571 0)
(1.27214285714 0.617321428571 0)
(1.27857142857 0.617321428571 0)
(1.285 0.617321428571 0)
(1.29142857143 0.617321428571 0)
(1.29785714286 0.617321428571 0)
(1.30428571429 0.617321428571 0)
(1.31071428571 0.617321428571 0)
(1.31714285714 0.617321428571 0)
(1.32357142857 0.617321428571 0)
(1.33 0.617321428571 0)
(1.33642857143 0.617321428571 0)
(1.34285714286 0.617321428571 0)
(1.34928571429 0.617321428571 0)
(1.35571428571 0.617321428571 0)
(1.36214285714 0.617321428571 0)
(1.36857142857 0.617321428571 0)
(1.375 0.617321428571 0)
(1.38142857143 0.617321428571 0)
(1.38785714286 0.617321428571 0)
(1.39428571429 0.617321428571 0)
(1.40071428571 0.617321428571 0)
(1.40714285714 0.617321428571 0)
(1.41357142857 0.617321428571 0)
(1.42 0.617321428571 0)
(1.24642857143 0.625 0)
(1.25285714286 0.625 0)
(1.25928571429 0.625 0)
(1.26571428571 0.625 0)
(1.27214285714 0.625 0)
(1.27857142857 0.625 0)
(1.285 0.625 0)
(1.29142857143 0.625 0)
(1.29785714286 0.625 0)
(1.30428571429 0.625 0)
(1.31071428571 0.625 0)
(1.31714285714 0.625 0)
(1.32357142857 0.625 0)
(1.33 0.625 0)
(1.33642857143 0.625 0)
(1.34285714286 0.625 0)
(1.34928571429 0.625 0)
(1.35571428571 0.625 0)
(1.36214285714 0.625 0)
(1.36857142857 0.625 0)
(1.375 0.625 0)
(1.38142857143 0.625 0)
(1.38785714286 0.625 0)
(1.39428571429 0.625 0)
(1.40071428571 0.625 0)
(1.40714285714 0.625 0)
(1.41357142857 0.625 0)
(1.42 0.625 0)
(1.24642857143 0.417678571429 0.01)
(1.25285714286 0.417678571429 0.01)
(1.25928571429 0.417678571429 0.01)
(1.26571428571 0.417678571429 0.01)
(1.27214285714 0.417678571429 0.01)
(1.27857142857 0.417678571429 0.01)
(1.285 0.417678571429 0.01)
(1.29142857143 0.417678571429 0.01)
(1.29785714286 0.417678571429 0.01)
(1.30428571429 0.417678571429 0.01)
(1.31071428571 0.417678571429 0.01)
(1.31714285714 0.417678571429 0.01)
(1.32357142857 0.417678571429 0.01)
(1.33 0.417678571429 0.01)
(1.33642857143 0.417678571429 0.01)
(1.34285714286 0.417678571429 0.01)
(1.34928571429 0.417678571429 0.01)
(1.35571428571 0.417678571429 0.01)
(1.36214285714 0.417678571429 0.01)
(1.36857142857 0.417678571429 0.01)
(1.375 0.417678571429 0.01)
(1.38142857143 0.417678571429 0.01)
(1.38785714286 0.417678571429 0.01)
(1.39428571429 0.417678571429 0.01)
(1.40071428571 0.417678571429 0.01)
(1.40714285714 0.417678571429 0.01)
(1.41357142857 0.417678571429 0.01)
(1.42 0.417678571429 0.01)
(1.24642857143 0.425357142857 0.01)
(1.25285714286 0.425357142857 0.01)
(1.25928571429 0.425357142857 0.01)
(1.26571428571 0.425357142857 0.01)
(1.27214285714 0.425357142857 0.01)
(1.27857142857 0.425357142857 0.01)
(1.285 0.425357142857 0.01)
(1.29142857143 0.425357142857 0.01)
(1.29785714286 0.425357142857 0.01)
(1.30428571429 0.425357142857 0.01)
(1.31071428571 0.425357142857 0.01)
(1.31714285714 0.425357142857 0.01)
(1.32357142857 0.425357142857 0.01)
(1.33 0.425357142857 0.01)
(1.33642857143 0.425357142857 0.01)
(1.34285714286 0.425357142857 0.01)
(1.34928571429 0.425357142857 0.01)
(1.35571428571 0.425357142857 0.01)
(1.36214285714 0.425357142857 0.01)
(1.36857142857 0.425357142857 0.01)
(1.375 0.425357142857 0.01)
(1.38142857143 0.425357142857 0.01)
(1.38785714286 0.425357142857 0.01)
(1.39428571429 0.425357142857 0.01)
(1.40071428571 0.425357142857 0.01)
(1.40714285714 0.425357142857 0.01)
(1.41357142857 0.425357142857 0.01)
(1.42 0.425357142857 0.01)
(1.24642857143 0.433035714286 0.01)
(1.25285714286 0.433035714286 0.01)
(1.25928571429 0.433035714286 0.01)
(1.26571428571 0.433035714286 0.01)
(1.27214285714 0.433035714286 0.01)
(1.27857142857 0.433035714286 0.01)
(1.285 0.433035714286 0.01)
(1.29142857143 0.433035714286 0.01)
(1.29785714286 0.433035714286 0.01)
(1.30428571429 0.433035714286 0.01)
(1.31071428571 0.433035714286 0.01)
(1.31714285714 0.433035714286 0.01)
(1.32357142857 0.433035714286 0.01)
(1.33 0.433035714286 0.01)
(1.33642857143 0.433035714286 0.01)
(1.34285714286 0.433035714286 0.01)
(1.34928571429 0.433035714286 0.01)
(1.35571428571 0.433035714286 0.01)
(1.36214285714 0.433035714286 0.01)
(1.36857142857 0.433035714286 0.01)
(1.375 0.433035714286 0.01)
(1.38142857143 0.433035714286 0.01)
(1.38785714286 0.433035714286 0.01)
(1.39428571429 0.433035714286 0.01)
(1.40071428571 0.433035714286 0.01)
(1.40714285714 0.433035714286 0.01)
(1.41357142857 0.433035714286 0.01)
(1.42 0.433035714286 0.01)
(1.24642857143 0.440714285714 0.01)
(1.25285714286 0.440714285714 0.01)
(1.25928571429 0.440714285714 0.01)
(1.26571428571 0.440714285714 0.01)
(1.27214285714 0.440714285714 0.01)
(1.27857142857 0.440714285714 0.01)
(1.285 0.440714285714 0.01)
(1.29142857143 0.440714285714 0.01)
(1.29785714286 0.440714285714 0.01)
(1.30428571429 0.440714285714 0.01)
(1.31071428571 0.440714285714 0.01)
(1.31714285714 0.440714285714 0.01)
(1.32357142857 0.440714285714 0.01)
(1.33 0.440714285714 0.01)
(1.33642857143 0.440714285714 0.01)
(1.34285714286 0.440714285714 0.01)
(1.34928571429 0.440714285714 0.01)
(1.35571428571 0.440714285714 0.01)
(1.36214285714 0.440714285714 0.01)
(1.36857142857 0.440714285714 0.01)
(1.375 0.440714285714 0.01)
(1.38142857143 0.440714285714 0.01)
(1.38785714286 0.440714285714 0.01)
(1.39428571429 0.440714285714 0.01)
(1.40071428571 0.440714285714 0.01)
(1.40714285714 0.440714285714 0.01)
(1.41357142857 0.440714285714 0.01)
(1.42 0.440714285714 0.01)
(1.24642857143 0.448392857143 0.01)
(1.25285714286 0.448392857143 0.01)
(1.25928571429 0.448392857143 0.01)
(1.26571428571 0.448392857143 0.01)
(1.27214285714 0.448392857143 0.01)
(1.27857142857 0.448392857143 0.01)
(1.285 0.448392857143 0.01)
(1.29142857143 0.448392857143 0.01)
(1.29785714286 0.448392857143 0.01)
(1.30428571429 0.448392857143 0.01)
(1.31071428571 0.448392857143 0.01)
(1.31714285714 0.448392857143 0.01)
(1.32357142857 0.448392857143 0.01)
(1.33 0.448392857143 0.01)
(1.33642857143 0.448392857143 0.01)
(1.34285714286 0.448392857143 0.01)
(1.34928571429 0.448392857143 0.01)
(1.35571428571 0.448392857143 0.01)
(1.36214285714 0.448392857143 0.01)
(1.36857142857 0.448392857143 0.01)
(1.375 0.448392857143 0.01)
(1.38142857143 0.448392857143 0.01)
(1.38785714286 0.448392857143 0.01)
(1.39428571429 0.448392857143 0.01)
(1.40071428571 0.448392857143 0.01)
(1.40714285714 0.448392857143 0.01)
(1.41357142857 0.448392857143 0.01)
(1.42 0.448392857143 0.01)
(1.24642857143 0.456071428571 0.01)
(1.25285714286 0.456071428571 0.01)
(1.25928571429 0.456071428571 0.01)
(1.26571428571 0.456071428571 0.01)
(1.27214285714 0.456071428571 0.01)
(1.27857142857 0.456071428571 0.01)
(1.285 0.456071428571 0.01)
(1.29142857143 0.456071428571 0.01)
(1.29785714286 0.456071428571 0.01)
(1.30428571429 0.456071428571 0.01)
(1.31071428571 0.456071428571 0.01)
(1.31714285714 0.456071428571 0.01)
(1.32357142857 0.456071428571 0.01)
(1.33 0.456071428571 0.01)
(1.33642857143 0.456071428571 0.01)
(1.34285714286 0.456071428571 0.01)
(1.34928571429 0.456071428571 0.01)
(1.35571428571 0.456071428571 0.01)
(1.36214285714 0.456071428571 0.01)
(1.36857142857 0.456071428571 0.01)
(1.375 0.456071428571 0.01)
(1.38142857143 0.456071428571 0.01)
(1.38785714286 0.456071428571 0.01)
(1.39428571429 0.456071428571 0.01)
(1.40071428571 0.456071428571 0.01)
(1.40714285714 0.456071428571 0.01)
(1.41357142857 0.456071428571 0.01)
(1.42 0.456071428571 0.01)
(1.24642857143 0.46375 0.01)
(1.25285714286 0.46375 0.01)
(1.25928571429 0.46375 0.01)
(1.26571428571 0.46375 0.01)
(1.27214285714 0.46375 0.01)
(1.27857142857 0.46375 0.01)
(1.285 0.46375 0.01)
(1.29142857143 0.46375 0.01)
(1.29785714286 0.46375 0.01)
(1.30428571429 0.46375 0.01)
(1.31071428571 0.46375 0.01)
(1.31714285714 0.46375 0.01)
(1.32357142857 0.46375 0.01)
(1.33 0.46375 0.01)
(1.33642857143 0.46375 0.01)
(1.34285714286 0.46375 0.01)
(1.34928571429 0.46375 0.01)
(1.35571428571 0.46375 0.01)
(1.36214285714 0.46375 0.01)
(1.36857142857 0.46375 0.01)
(1.375 0.46375 0.01)
(1.38142857143 0.46375 0.01)
(1.38785714286 0.46375 0.01)
(1.39428571429 0.46375 0.01)
(1.40071428571 0.46375 0.01)
(1.40714285714 0.46375 0.01)
(1.41357142857 0.46375 0.01)
(1.42 0.46375 0.01)
(1.24642857143 0.471428571429 0.01)
(1.25285714286 0.471428571429 0.01)
(1.25928571429 0.471428571429 0.01)
(1.26571428571 0.471428571429 0.01)
(1.27214285714 0.471428571429 0.01)
(1.27857142857 0.471428571429 0.01)
(1.285 0.471428571429 0.01)
(1.29142857143 0.471428571429 0.01)
(1.29785714286 0.471428571429 0.01)
(1.30428571429 0.471428571429 0.01)
(1.31071428571 0.471428571429 0.01)
(1.31714285714 0.471428571429 0.01)
(1.32357142857 0.471428571429 0.01)
(1.33 0.471428571429 0.01)
(1.33642857143 0.471428571429 0.01)
(1.34285714286 0.471428571429 0.01)
(1.34928571429 0.471428571429 0.01)
(1.35571428571 0.471428571429 0.01)
(1.36214285714 0.471428571429 0.01)
(1.36857142857 0.471428571429 0.01)
(1.375 0.471428571429 0.01)
(1.38142857143 0.471428571429 0.01)
(1.38785714286 0.471428571429 0.01)
(1.39428571429 0.471428571429 0.01)
(1.40071428571 0.471428571429 0.01)
(1.40714285714 0.471428571429 0.01)
(1.41357142857 0.471428571429 0.01)
(1.42 0.471428571429 0.01)
(1.24642857143 0.479107142857 0.01)
(1.25285714286 0.479107142857 0.01)
(1.25928571429 0.479107142857 0.01)
(1.26571428571 0.479107142857 0.01)
(1.27214285714 0.479107142857 0.01)
(1.27857142857 0.479107142857 0.01)
(1.285 0.479107142857 0.01)
(1.29142857143 0.479107142857 0.01)
(1.29785714286 0.479107142857 0.01)
(1.30428571429 0.479107142857 0.01)
(1.31071428571 0.479107142857 0.01)
(1.31714285714 0.479107142857 0.01)
(1.32357142857 0.479107142857 0.01)
(1.33 0.479107142857 0.01)
(1.33642857143 0.479107142857 0.01)
(1.34285714286 0.479107142857 0.01)
(1.34928571429 0.479107142857 0.01)
(1.35571428571 0.479107142857 0.01)
(1.36214285714 0.479107142857 0.01)
(1.36857142857 0.479107142857 0.01)
(1.375 0.479107142857 0.01)
(1.38142857143 0.479107142857 0.01)
(1.38785714286 0.479107142857 0.01)
(1.39428571429 0.479107142857 0.01)
(1.40071428571 0.479107142857 0.01)
(1.40714285714 0.479107142857 0.01)
(1.41357142857 0.479107142857 0.01)
(1.42 0.479107142857 0.01)
(1.24642857143 0.486785714286 0.01)
(1.25285714286 0.486785714286 0.01)
(1.25928571429 0.486785714286 0.01)
(1.26571428571 0.486785714286 0.01)
(1.27214285714 0.486785714286 0.01)
(1.27857142857 0.486785714286 0.01)
(1.285 0.486785714286 0.01)
(1.29142857143 0.486785714286 0.01)
(1.29785714286 0.486785714286 0.01)
(1.30428571429 0.486785714286 0.01)
(1.31071428571 0.486785714286 0.01)
(1.31714285714 0.486785714286 0.01)
(1.32357142857 0.486785714286 0.01)
(1.33 0.486785714286 0.01)
(1.33642857143 0.486785714286 0.01)
(1.34285714286 0.486785714286 0.01)
(1.34928571429 0.486785714286 0.01)
(1.35571428571 0.486785714286 0.01)
(1.36214285714 0.486785714286 0.01)
(1.36857142857 0.486785714286 0.01)
(1.375 0.486785714286 0.01)
(1.38142857143 0.486785714286 0.01)
(1.38785714286 0.486785714286 0.01)
(1.39428571429 0.486785714286 0.01)
(1.40071428571 0.486785714286 0.01)
(1.40714285714 0.486785714286 0.01)
(1.41357142857 0.486785714286 0.01)
(1.42 0.486785714286 0.01)
(1.24642857143 0.494464285714 0.01)
(1.25285714286 0.494464285714 0.01)
(1.25928571429 0.494464285714 0.01)
(1.26571428571 0.494464285714 0.01)
(1.27214285714 0.494464285714 0.01)
(1.27857142857 0.494464285714 0.01)
(1.285 0.494464285714 0.01)
(1.29142857143 0.494464285714 0.01)
(1.29785714286 0.494464285714 0.01)
(1.30428571429 0.494464285714 0.01)
(1.31071428571 0.494464285714 0.01)
(1.31714285714 0.494464285714 0.01)
(1.32357142857 0.494464285714 0.01)
(1.33 0.494464285714 0.01)
(1.33642857143 0.494464285714 0.01)
(1.34285714286 0.494464285714 0.01)
(1.34928571429 0.494464285714 0.01)
(1.35571428571 0.494464285714 0.01)
(1.36214285714 0.494464285714 0.01)
(1.36857142857 0.494464285714 0.01)
(1.375 0.494464285714 0.01)
(1.38142857143 0.494464285714 0.01)
(1.38785714286 0.494464285714 0.01)
(1.39428571429 0.494464285714 0.01)
(1.40071428571 0.494464285714 0.01)
(1.40714285714 0.494464285714 0.01)
(1.41357142857 0.494464285714 0.01)
(1.42 0.494464285714 0.01)
(1.24642857143 0.502142857143 0.01)
(1.25285714286 0.502142857143 0.01)
(1.25928571429 0.502142857143 0.01)
(1.26571428571 0.502142857143 0.01)
(1.27214285714 0.502142857143 0.01)
(1.27857142857 0.502142857143 0.01)
(1.285 0.502142857143 0.01)
(1.29142857143 0.502142857143 0.01)
(1.29785714286 0.502142857143 0.01)
(1.30428571429 0.502142857143 0.01)
(1.31071428571 0.502142857143 0.01)
(1.31714285714 0.502142857143 0.01)
(1.32357142857 0.502142857143 0.01)
(1.33 0.502142857143 0.01)
(1.33642857143 0.502142857143 0.01)
(1.34285714286 0.502142857143 0.01)
(1.34928571429 0.502142857143 0.01)
(1.35571428571 0.502142857143 0.01)
(1.36214285714 0.502142857143 0.01)
(1.36857142857 0.502142857143 0.01)
(1.375 0.502142857143 0.01)
(1.38142857143 0.502142857143 0.01)
(1.38785714286 0.502142857143 0.01)
(1.39428571429 0.502142857143 0.01)
(1.40071428571 0.502142857143 0.01)
(1.40714285714 0.502142857143 0.01)
(1.41357142857 0.502142857143 0.01)
(1.42 0.502142857143 0.01)
(1.24642857143 0.509821428571 0.01)
(1.25285714286 0.509821428571 0.01)
(1.25928571429 0.509821428571 0.01)
(1.26571428571 0.509821428571 0.01)
(1.27214285714 0.509821428571 0.01)
(1.27857142857 0.509821428571 0.01)
(1.285 0.509821428571 0.01)
(1.29142857143 0.509821428571 0.01)
(1.29785714286 0.509821428571 0.01)
(1.30428571429 0.509821428571 0.01)
(1.31071428571 0.509821428571 0.01)
(1.31714285714 0.509821428571 0.01)
(1.32357142857 0.509821428571 0.01)
(1.33 0.509821428571 0.01)
(1.33642857143 0.509821428571 0.01)
(1.34285714286 0.509821428571 0.01)
(1.34928571429 0.509821428571 0.01)
(1.35571428571 0.509821428571 0.01)
(1.36214285714 0.509821428571 0.01)
(1.36857142857 0.509821428571 0.01)
(1.375 0.509821428571 0.01)
(1.38142857143 0.509821428571 0.01)
(1.38785714286 0.509821428571 0.01)
(1.39428571429 0.509821428571 0.01)
(1.40071428571 0.509821428571 0.01)
(1.40714285714 0.509821428571 0.01)
(1.41357142857 0.509821428571 0.01)
(1.42 0.509821428571 0.01)
(1.24642857143 0.5175 0.01)
(1.25285714286 0.5175 0.01)
(1.25928571429 0.5175 0.01)
(1.26571428571 0.5175 0.01)
(1.27214285714 0.5175 0.01)
(1.27857142857 0.5175 0.01)
(1.285 0.5175 0.01)
(1.29142857143 0.5175 0.01)
(1.29785714286 0.5175 0.01)
(1.30428571429 0.5175 0.01)
(1.31071428571 0.5175 0.01)
(1.31714285714 0.5175 0.01)
(1.32357142857 0.5175 0.01)
(1.33 0.5175 0.01)
(1.33642857143 0.5175 0.01)
(1.34285714286 0.5175 0.01)
(1.34928571429 0.5175 0.01)
(1.35571428571 0.5175 0.01)
(1.36214285714 0.5175 0.01)
(1.36857142857 0.5175 0.01)
(1.375 0.5175 0.01)
(1.38142857143 0.5175 0.01)
(1.38785714286 0.5175 0.01)
(1.39428571429 0.5175 0.01)
(1.40071428571 0.5175 0.01)
(1.40714285714 0.5175 0.01)
(1.41357142857 0.5175 0.01)
(1.42 0.5175 0.01)
(1.24642857143 0.525178571429 0.01)
(1.25285714286 0.525178571429 0.01)
(1.25928571429 0.525178571429 0.01)
(1.26571428571 0.525178571429 0.01)
(1.27214285714 0.525178571429 0.01)
(1.27857142857 0.525178571429 0.01)
(1.285 0.525178571429 0.01)
(1.29142857143 0.525178571429 0.01)
(1.29785714286 0.525178571429 0.01)
(1.30428571429 0.525178571429 0.01)
(1.31071428571 0.525178571429 0.01)
(1.31714285714 0.525178571429 0.01)
(1.32357142857 0.525178571429 0.01)
(1.33 0.525178571429 0.01)
(1.33642857143 0.525178571429 0.01)
(1.34285714286 0.525178571429 0.01)
(1.34928571429 0.525178571429 0.01)
(1.35571428571 0.525178571429 0.01)
(1.36214285714 0.525178571429 0.01)
(1.36857142857 0.525178571429 0.01)
(1.375 0.525178571429 0.01)
(1.38142857143 0.525178571429 0.01)
(1.38785714286 0.525178571429 0.01)
(1.39428571429 0.525178571429 0.01)
(1.40071428571 0.525178571429 0.01)
(1.40714285714 0.525178571429 0.01)
(1.41357142857 0.525178571429 0.01)
(1.42 0.525178571429 0.01)
(1.24642857143 0.532857142857 0.01)
(1.25285714286 0.532857142857 0.01)
(1.25928571429 0.532857142857 0.01)
(1.26571428571 0.532857142857 0.01)
(1.27214285714 0.532857142857 0.01)
(1.27857142857 0.532857142857 0.01)
(1.285 0.532857142857 0.01)
(1.29142857143 0.532857142857 0.01)
(1.29785714286 0.532857142857 0.01)
(1.30428571429 0.532857142857 0.01)
(1.31071428571 0.532857142857 0.01)
(1.31714285714 0.532857142857 0.01)
(1.32357142857 0.532857142857 0.01)
(1.33 0.532857142857 0.01)
(1.33642857143 0.532857142857 0.01)
(1.34285714286 0.532857142857 0.01)
(1.34928571429 0.532857142857 0.01)
(1.35571428571 0.532857142857 0.01)
(1.36214285714 0.532857142857 0.01)
(1.36857142857 0.532857142857 0.01)
(1.375 0.532857142857 0.01)
(1.38142857143 0.532857142857 0.01)
(1.38785714286 0.532857142857 0.01)
(1.39428571429 0.532857142857 0.01)
(1.40071428571 0.532857142857 0.01)
(1.40714285714 0.532857142857 0.01)
(1.41357142857 0.532857142857 0.01)
(1.42 0.532857142857 0.01)
(1.24642857143 0.540535714286 0.01)
(1.25285714286 0.540535714286 0.01)
(1.25928571429 0.540535714286 0.01)
(1.26571428571 0.540535714286 0.01)
(1.27214285714 0.540535714286 0.01)
(1.27857142857 0.540535714286 0.01)
(1.285 0.540535714286 0.01)
(1.29142857143 0.540535714286 0.01)
(1.29785714286 0.540535714286 0.01)
(1.30428571429 0.540535714286 0.01)
(1.31071428571 0.540535714286 0.01)
(1.31714285714 0.540535714286 0.01)
(1.32357142857 0.540535714286 0.01)
(1.33 0.540535714286 0.01)
(1.33642857143 0.540535714286 0.01)
(1.34285714286 0.540535714286 0.01)
(1.34928571429 0.540535714286 0.01)
(1.35571428571 0.540535714286 0.01)
(1.36214285714 0.540535714286 0.01)
(1.36857142857 0.540535714286 0.01)
(1.375 0.540535714286 0.01)
(1.38142857143 0.540535714286 0.01)
(1.38785714286 0.540535714286 0.01)
(1.39428571429 0.540535714286 0.01)
(1.40071428571 0.540535714286 0.01)
(1.40714285714 0.540535714286 0.01)
(1.41357142857 0.540535714286 0.01)
(1.42 0.540535714286 0.01)
(1.24642857143 0.548214285714 0.01)
(1.25285714286 0.548214285714 0.01)
(1.25928571429 0.548214285714 0.01)
(1.26571428571 0.548214285714 0.01)
(1.27214285714 0.548214285714 0.01)
(1.27857142857 0.548214285714 0.01)
(1.285 0.548214285714 0.01)
(1.29142857143 0.548214285714 0.01)
(1.29785714286 0.548214285714 0.01)
(1.30428571429 0.548214285714 0.01)
(1.31071428571 0.548214285714 0.01)
(1.31714285714 0.548214285714 0.01)
(1.32357142857 0.548214285714 0.01)
(1.33 0.548214285714 0.01)
(1.33642857143 0.548214285714 0.01)
(1.34285714286 0.548214285714 0.01)
(1.34928571429 0.548214285714 0.01)
(1.35571428571 0.548214285714 0.01)
(1.36214285714 0.548214285714 0.01)
(1.36857142857 0.548214285714 0.01)
(1.375 0.548214285714 0.01)
(1.38142857143 0.548214285714 0.01)
(1.38785714286 0.548214285714 0.01)
(1.39428571429 0.548214285714 0.01)
(1.40071428571 0.548214285714 0.01)
(1.40714285714 0.548214285714 0.01)
(1.41357142857 0.548214285714 0.01)
(1.42 0.548214285714 0.01)
(1.24642857143 0.555892857143 0.01)
(1.25285714286 0.555892857143 0.01)
(1.25928571429 0.555892857143 0.01)
(1.26571428571 0.555892857143 0.01)
(1.27214285714 0.555892857143 0.01)
(1.27857142857 0.555892857143 0.01)
(1.285 0.555892857143 0.01)
(1.29142857143 0.555892857143 0.01)
(1.29785714286 0.555892857143 0.01)
(1.30428571429 0.555892857143 0.01)
(1.31071428571 0.555892857143 0.01)
(1.31714285714 0.555892857143 0.01)
(1.32357142857 0.555892857143 0.01)
(1.33 0.555892857143 0.01)
(1.33642857143 0.555892857143 0.01)
(1.34285714286 0.555892857143 0.01)
(1.34928571429 0.555892857143 0.01)
(1.35571428571 0.555892857143 0.01)
(1.36214285714 0.555892857143 0.01)
(1.36857142857 0.555892857143 0.01)
(1.375 0.555892857143 0.01)
(1.38142857143 0.555892857143 0.01)
(1.38785714286 0.555892857143 0.01)
(1.39428571429 0.555892857143 0.01)
(1.40071428571 0.555892857143 0.01)
(1.40714285714 0.555892857143 0.01)
(1.41357142857 0.555892857143 0.01)
(1.42 0.555892857143 0.01)
(1.24642857143 0.563571428571 0.01)
(1.25285714286 0.563571428571 0.01)
(1.25928571429 0.563571428571 0.01)
(1.26571428571 0.563571428571 0.01)
(1.27214285714 0.563571428571 0.01)
(1.27857142857 0.563571428571 0.01)
(1.285 0.563571428571 0.01)
(1.29142857143 0.563571428571 0.01)
(1.29785714286 0.563571428571 0.01)
(1.30428571429 0.563571428571 0.01)
(1.31071428571 0.563571428571 0.01)
(1.31714285714 0.563571428571 0.01)
(1.32357142857 0.563571428571 0.01)
(1.33 0.563571428571 0.01)
(1.33642857143 0.563571428571 0.01)
(1.34285714286 0.563571428571 0.01)
(1.34928571429 0.563571428571 0.01)
(1.35571428571 0.563571428571 0.01)
(1.36214285714 0.563571428571 0.01)
(1.36857142857 0.563571428571 0.01)
(1.375 0.563571428571 0.01)
(1.38142857143 0.563571428571 0.01)
(1.38785714286 0.563571428571 0.01)
(1.39428571429 0.563571428571 0.01)
(1.40071428571 0.563571428571 0.01)
(1.40714285714 0.563571428571 0.01)
(1.41357142857 0.563571428571 0.01)
(1.42 0.563571428571 0.01)
(1.24642857143 0.57125 0.01)
(1.25285714286 0.57125 0.01)
(1.25928571429 0.57125 0.01)
(1.26571428571 0.57125 0.01)
(1.27214285714 0.57125 0.01)
(1.27857142857 0.57125 0.01)
(1.285 0.57125 0.01)
(1.29142857143 0.57125 0.01)
(1.29785714286 0.57125 0.01)
(1.30428571429 0.57125 0.01)
(1.31071428571 0.57125 0.01)
(1.31714285714 0.57125 0.01)
(1.32357142857 0.57125 0.01)
(1.33 0.57125 0.01)
(1.33642857143 0.57125 0.01)
(1.34285714286 0.57125 0.01)
(1.34928571429 0.57125 0.01)
(1.35571428571 0.57125 0.01)
(1.36214285714 0.57125 0.01)
(1.36857142857 0.57125 0.01)
(1.375 0.57125 0.01)
(1.38142857143 0.57125 0.01)
(1.38785714286 0.57125 0.01)
(1.39428571429 0.57125 0.01)
(1.40071428571 0.57125 0.01)
(1.40714285714 0.57125 0.01)
(1.41357142857 0.57125 0.01)
(1.42 0.57125 0.01)
(1.24642857143 0.578928571429 0.01)
(1.25285714286 0.578928571429 0.01)
(1.25928571429 0.578928571429 0.01)
(1.26571428571 0.578928571429 0.01)
(1.27214285714 0.578928571429 0.01)
(1.27857142857 0.578928571429 0.01)
(1.285 0.578928571429 0.01)
(1.29142857143 0.578928571429 0.01)
(1.29785714286 0.578928571429 0.01)
(1.30428571429 0.578928571429 0.01)
(1.31071428571 0.578928571429 0.01)
(1.31714285714 0.578928571429 0.01)
(1.32357142857 0.578928571429 0.01)
(1.33 0.578928571429 0.01)
(1.33642857143 0.578928571429 0.01)
(1.34285714286 0.578928571429 0.01)
(1.34928571429 0.578928571429 0.01)
(1.35571428571 0.578928571429 0.01)
(1.36214285714 0.578928571429 0.01)
(1.36857142857 0.578928571429 0.01)
(1.375 0.578928571429 0.01)
(1.38142857143 0.578928571429 0.01)
(1.38785714286 0.578928571429 0.01)
(1.39428571429 0.578928571429 0.01)
(1.40071428571 0.578928571429 0.01)
(1.40714285714 0.578928571429 0.01)
(1.41357142857 0.578928571429 0.01)
(1.42 0.578928571429 0.01)
(1.24642857143 0.586607142857 0.01)
(1.25285714286 0.586607142857 0.01)
(1.25928571429 0.586607142857 0.01)
(1.26571428571 0.586607142857 0.01)
(1.27214285714 0.586607142857 0.01)
(1.27857142857 0.586607142857 0.01)
(1.285 0.586607142857 0.01)
(1.29142857143 0.586607142857 0.01)
(1.29785714286 0.586607142857 0.01)
(1.30428571429 0.586607142857 0.01)
(1.31071428571 0.586607142857 0.01)
(1.31714285714 0.586607142857 0.01)
(1.32357142857 0.586607142857 0.01)
(1.33 0.586607142857 0.01)
(1.33642857143 0.586607142857 0.01)
(1.34285714286 0.586607142857 0.01)
(1.34928571429 0.586607142857 0.01)
(1.35571428571 0.586607142857 0.01)
(1.36214285714 0.586607142857 0.01)
(1.36857142857 0.586607142857 0.01)
(1.375 0.586607142857 0.01)
(1.38142857143 0.586607142857 0.01)
(1.38785714286 0.586607142857 0.01)
(1.39428571429 0.586607142857 0.01)
(1.40071428571 0.586607142857 0.01)
(1.40714285714 0.586607142857 0.01)
(1.41357142857 0.586607142857 0.01)
(1.42 0.586607142857 0.01)
(1.24642857143 0.594285714286 0.01)
(1.25285714286 0.594285714286 0.01)
(1.25928571429 0.594285714286 0.01)
(1.26571428571 0.594285714286 0.01)
(1.27214285714 0.594285714286 0.01)
(1.27857142857 0.594285714286 0.01)
(1.285 0.594285714286 0.01)
(1.29142857143 0.594285714286 0.01)
(1.29785714286 0.594285714286 0.01)
(1.30428571429 0.594285714286 0.01)
(1.31071428571 0.594285714286 0.01)
(1.31714285714 0.594285714286 0.01)
(1.32357142857 0.594285714286 0.01)
(1.33 0.594285714286 0.01)
(1.33642857143 0.594285714286 0.01)
(1.34285714286 0.594285714286 0.01)
(1.34928571429 0.594285714286 0.01)
(1.35571428571 0.594285714286 0.01)
(1.36214285714 0.594285714286 0.01)
(1.36857142857 0.594285714286 0.01)
(1.375 0.594285714286 0.01)
(1.38142857143 0.594285714286 0.01)
(1.38785714286 0.594285714286 0.01)
(1.39428571429 0.594285714286 0.01)
(1.40071428571 0.594285714286 0.01)
(1.40714285714 0.594285714286 0.01)
(1.41357142857 0.594285714286 0.01)
(1.42 0.594285714286 0.01)
(1.24642857143 0.601964285714 0.01)
(1.25285714286 0.601964285714 0.01)
(1.25928571429 0.601964285714 0.01)
(1.26571428571 0.601964285714 0.01)
(1.27214285714 0.601964285714 0.01)
(1.27857142857 0.601964285714 0.01)
(1.285 0.601964285714 0.01)
(1.29142857143 0.601964285714 0.01)
(1.29785714286 0.601964285714 0.01)
(1.30428571429 0.601964285714 0.01)
(1.31071428571 0.601964285714 0.01)
(1.31714285714 0.601964285714 0.01)
(1.32357142857 0.601964285714 0.01)
(1.33 0.601964285714 0.01)
(1.33642857143 0.601964285714 0.01)
(1.34285714286 0.601964285714 0.01)
(1.34928571429 0.601964285714 0.01)
(1.35571428571 0.601964285714 0.01)
(1.36214285714 0.601964285714 0.01)
(1.36857142857 0.601964285714 0.01)
(1.375 0.601964285714 0.01)
(1.38142857143 0.601964285714 0.01)
(1.38785714286 0.601964285714 0.01)
(1.39428571429 0.601964285714 0.01)
(1.40071428571 0.601964285714 0.01)
(1.40714285714 0.601964285714 0.01)
(1.41357142857 0.601964285714 0.01)
(1.42 0.601964285714 0.01)
(1.24642857143 0.609642857143 0.01)
(1.25285714286 0.609642857143 0.01)
(1.25928571429 0.609642857143 0.01)
(1.26571428571 0.609642857143 0.01)
(1.27214285714 0.609642857143 0.01)
(1.27857142857 0.609642857143 0.01)
(1.285 0.609642857143 0.01)
(1.29142857143 0.609642857143 0.01)
(1.29785714286 0.609642857143 0.01)
(1.30428571429 0.609642857143 0.01)
(1.31071428571 0.609642857143 0.01)
(1.31714285714 0.609642857143 0.01)
(1.32357142857 0.609642857143 0.01)
(1.33 0.609642857143 0.01)
(1.33642857143 0.609642857143 0.01)
(1.34285714286 0.609642857143 0.01)
(1.34928571429 0.609642857143 0.01)
(1.35571428571 0.609642857143 0.01)
(1.36214285714 0.609642857143 0.01)
(1.36857142857 0.609642857143 0.01)
(1.375 0.609642857143 0.01)
(1.38142857143 0.609642857143 0.01)
(1.38785714286 0.609642857143 0.01)
(1.39428571429 0.609642857143 0.01)
(1.40071428571 0.609642857143 0.01)
(1.40714285714 0.609642857143 0.01)
(1.41357142857 0.609642857143 0.01)
(1.42 0.609642857143 0.01)
(1.24642857143 0.617321428571 0.01)
(1.25285714286 0.617321428571 0.01)
(1.25928571429 0.617321428571 0.01)
(1.26571428571 0.617321428571 0.01)
(1.27214285714 0.617321428571 0.01)
(1.27857142857 0.617321428571 0.01)
(1.285 0.617321428571 0.01)
(1.29142857143 0.617321428571 0.01)
(1.29785714286 0.617321428571 0.01)
(1.30428571429 0.617321428571 0.01)
(1.31071428571 0.617321428571 0.01)
(1.31714285714 0.617321428571 0.01)
(1.32357142857 0.617321428571 0.01)
(1.33 0.617321428571 0.01)
(1.33642857143 0.617321428571 0.01)
(1.34285714286 0.617321428571 0.01)
(1.34928571429 0.617321428571 0.01)
(1.35571428571 0.617321428571 0.01)
(1.36214285714 0.617321428571 0.01)
(1.36857142857 0.617321428571 0.01)
(1.375 0.617321428571 0.01)
(1.38142857143 0.617321428571 0.01)
(1.38785714286 0.617321428571 0.01)
(1.39428571429 0.617321428571 0.01)
(1.40071428571 0.617321428571 0.01)
(1.40714285714 0.617321428571 0.01)
(1.41357142857 0.617321428571 0.01)
(1.42 0.617321428571 0.01)
(1.24642857143 0.625 0.01)
(1.25285714286 0.625 0.01)
(1.25928571429 0.625 0.01)
(1.26571428571 0.625 0.01)
(1.27214285714 0.625 0.01)
(1.27857142857 0.625 0.01)
(1.285 0.625 0.01)
(1.29142857143 0.625 0.01)
(1.29785714286 0.625 0.01)
(1.30428571429 0.625 0.01)
(1.31071428571 0.625 0.01)
(1.31714285714 0.625 0.01)
(1.32357142857 0.625 0.01)
(1.33 0.625 0.01)
(1.33642857143 0.625 0.01)
(1.34285714286 0.625 0.01)
(1.34928571429 0.625 0.01)
(1.35571428571 0.625 0.01)
(1.36214285714 0.625 0.01)
(1.36857142857 0.625 0.01)
(1.375 0.625 0.01)
(1.38142857143 0.625 0.01)
(1.38785714286 0.625 0.01)
(1.39428571429 0.625 0.01)
(1.40071428571 0.625 0.01)
(1.40714285714 0.625 0.01)
(1.41357142857 0.625 0.01)
(1.42 0.625 0.01)
)


// ************************************************************************* //
