/*--------------------------------*- C++ -*----------------------------------*\
| =========                 |                                                 |
| \\      /  F ield         | OpenFOAM: The Open Source CFD Toolbox           |
|  \\    /   O peration     | Version:  2512                                  |
|   \\  /    A nd           | Website:  www.openfoam.com                      |
|    \\/     M anipulation  |                                                 |
\*---------------------------------------------------------------------------*/
FoamFile
{
    version     2.0;
    format      ascii;
    arch        "LSB;label=32;scalar=64";
    note        "nPoints:98988  nCells:48788  nFaces:195857  nInternalFaces:96871";
    class       labelList;
    location    "constant/polyMesh";
    object      neighbour;
}
// * * * * * * * * * * * * * * * * * * * * * * * * * * * * * * * * * * * * * //


96871
(
1
70
2
71
3
72
4
73
5
74
6
75
7
76
8
77
9
78
10
79
11
80
12
81
13
82
14
83
15
84
16
85
17
86
18
87
19
88
20
89
21
90
22
91
23
92
24
93
25
94
26
95
27
96
28
97
29
98
30
99
31
100
32
101
33
102
34
103
35
104
36
105
37
106
38
107
39
108
40
109
41
110
42
111
43
112
44
113
45
114
46
115
47
116
48
117
49
118
50
119
51
120
52
121
53
122
54
123
55
124
56
125
57
126
58
127
59
128
60
129
61
130
62
131
63
132
64
133
65
134
66
135
67
136
68
137
69
138
139
560
71
140
72
141
73
142
74
143
75
144
76
145
77
146
78
147
79
148
80
149
81
150
82
151
83
152
84
153
85
154
86
155
87
156
88
157
89
158
90
159
91
160
92
161
93
162
94
163
95
164
96
165
97
166
98
167
99
168
100
169
101
170
102
171
103
172
104
173
105
174
106
175
107
176
108
177
109
178
110
179
111
180
112
181
113
182
114
183
115
184
116
185
117
186
118
187
119
188
120
189
121
190
122
191
123
192
124
193
125
194
126
195
127
196
128
197
129
198
130
199
131
200
132
201
133
202
134
203
135
204
136
205
137
206
138
207
139
208
209
624
141
210
142
211
143
212
144
213
145
214
146
215
147
216
148
217
149
218
150
219
151
220
152
221
153
222
154
223
155
224
156
225
157
226
158
227
159
228
160
229
161
230
162
231
163
232
164
233
165
234
166
235
167
236
168
237
169
238
170
239
171
240
172
241
173
242
174
243
175
244
176
245
177
246
178
247
179
248
180
249
181
250
182
251
183
252
184
253
185
254
186
255
187
256
188
257
189
258
190
259
191
260
192
261
193
262
194
263
195
264
196
265
197
266
198
267
199
268
200
269
201
270
202
271
203
272
204
273
205
274
206
275
207
276
208
277
209
278
279
688
211
280
212
281
213
282
214
283
215
284
216
285
217
286
218
287
219
288
220
289
221
290
222
291
223
292
224
293
225
294
226
295
227
296
228
297
229
298
230
299
231
300
232
301
233
302
234
303
235
304
236
305
237
306
238
307
239
308
240
309
241
310
242
311
243
312
244
313
245
314
246
315
247
316
248
317
249
318
250
319
251
320
252
321
253
322
254
323
255
324
256
325
257
326
258
327
259
328
260
329
261
330
262
331
263
332
264
333
265
334
266
335
267
336
268
337
269
338
270
339
271
340
272
341
273
342
274
343
275
344
276
345
277
346
278
347
279
348
349
752
281
350
282
351
283
352
284
353
285
354
286
355
287
356
288
357
289
358
290
359
291
360
292
361
293
362
294
363
295
364
296
365
297
366
298
367
299
368
300
369
301
370
302
371
303
372
304
373
305
374
306
375
307
376
308
377
309
378
310
379
311
380
312
381
313
382
314
383
315
384
316
385
317
386
318
387
319
388
320
389
321
390
322
391
323
392
324
393
325
394
326
395
327
396
328
397
329
398
330
399
331
400
332
401
333
402
334
403
335
404
336
405
337
406
338
407
339
408
340
409
341
410
342
411
343
412
344
413
345
414
346
415
347
416
348
417
349
418
419
816
351
420
352
421
353
422
354
423
355
424
356
425
357
426
358
427
359
428
360
429
361
430
362
431
363
432
364
433
365
434
366
435
367
436
368
437
369
438
370
439
371
440
372
441
373
442
374
443
375
444
376
445
377
446
378
447
379
448
380
449
381
450
382
451
383
452
384
453
385
454
386
455
387
456
388
457
389
458
390
459
391
460
392
461
393
462
394
463
395
464
396
465
397
466
398
467
399
468
400
469
401
470
402
471
403
472
404
473
405
474
406
475
407
476
408
477
409
478
410
479
411
480
412
481
413
482
414
483
415
484
416
485
417
486
418
487
419
488
489
880
421
490
422
491
423
492
424
493
425
494
426
495
427
496
428
497
429
498
430
499
431
500
432
501
433
502
434
503
435
504
436
505
437
506
438
507
439
508
440
509
441
510
442
511
443
512
444
513
445
514
446
515
447
516
448
517
449
518
450
519
451
520
452
521
453
522
454
523
455
524
456
525
457
526
458
527
459
528
460
529
461
530
462
531
463
532
464
533
465
534
466
535
467
536
468
537
469
538
470
539
471
540
472
541
473
542
474
543
475
544
476
545
477
546
478
547
479
548
480
549
481
550
482
551
483
552
484
553
485
554
486
555
487
556
488
557
489
558
559
944
491
2440
492
2441
493
2442
494
2443
495
2444
496
2445
497
2446
498
2447
499
2448
500
2449
501
2450
502
2451
503
2452
504
2453
505
2454
506
2455
507
2456
508
2457
509
2458
510
2459
511
2460
512
2461
513
2462
514
2463
515
2464
516
2465
517
2466
518
2467
519
2468
520
2469
521
2470
522
2471
523
2472
524
2473
525
2474
526
2475
527
2476
528
2477
529
2478
530
2479
531
2480
532
2481
533
2482
534
2483
535
2484
536
2485
537
2486
538
2487
539
2488
540
2489
541
2490
542
2491
543
2492
544
2493
545
2494
546
2495
547
2496
548
2497
549
2498
550
2499
551
2500
552
2501
553
2502
554
2503
555
2504
556
2505
557
2506
558
2507
559
2508
1008
2509
561
624
562
625
563
626
564
627
565
628
566
629
567
630
568
631
569
632
570
633
571
634
572
635
573
636
574
637
575
638
576
639
577
640
578
641
579
642
580
643
581
644
582
645
583
646
584
647
585
648
586
649
587
650
588
651
589
652
590
653
591
654
592
655
593
656
594
657
595
658
596
659
597
660
598
661
599
662
600
663
601
664
602
665
603
666
604
667
605
668
606
669
607
670
608
671
609
672
610
673
611
674
612
675
613
676
614
677
615
678
616
679
617
680
618
681
619
682
620
683
621
684
622
685
623
686
687
1072
625
688
626
689
627
690
628
691
629
692
630
693
631
694
632
695
633
696
634
697
635
698
636
699
637
700
638
701
639
702
640
703
641
704
642
705
643
706
644
707
645
708
646
709
647
710
648
711
649
712
650
713
651
714
652
715
653
716
654
717
655
718
656
719
657
720
658
721
659
722
660
723
661
724
662
725
663
726
664
727
665
728
666
729
667
730
668
731
669
732
670
733
671
734
672
735
673
736
674
737
675
738
676
739
677
740
678
741
679
742
680
743
681
744
682
745
683
746
684
747
685
748
686
749
687
750
751
1096
689
752
690
753
691
754
692
755
693
756
694
757
695
758
696
759
697
760
698
761
699
762
700
763
701
764
702
765
703
766
704
767
705
768
706
769
707
770
708
771
709
772
710
773
711
774
712
775
713
776
714
777
715
778
716
779
717
780
718
781
719
782
720
783
721
784
722
785
723
786
724
787
725
788
726
789
727
790
728
791
729
792
730
793
731
794
732
795
733
796
734
797
735
798
736
799
737
800
738
801
739
802
740
803
741
804
742
805
743
806
744
807
745
808
746
809
747
810
748
811
749
812
750
813
751
814
815
1120
753
816
754
817
755
818
756
819
757
820
758
821
759
822
760
823
761
824
762
825
763
826
764
827
765
828
766
829
767
830
768
831
769
832
770
833
771
834
772
835
773
836
774
837
775
838
776
839
777
840
778
841
779
842
780
843
781
844
782
845
783
846
784
847
785
848
786
849
787
850
788
851
789
852
790
853
791
854
792
855
793
856
794
857
795
858
796
859
797
860
798
861
799
862
800
863
801
864
802
865
803
866
804
867
805
868
806
869
807
870
808
871
809
872
810
873
811
874
812
875
813
876
814
877
815
878
879
1144
817
880
818
881
819
882
820
883
821
884
822
885
823
886
824
887
825
888
826
889
827
890
828
891
829
892
830
893
831
894
832
895
833
896
834
897
835
898
836
899
837
900
838
901
839
902
840
903
841
904
842
905
843
906
844
907
845
908
846
909
847
910
848
911
849
912
850
913
851
914
852
915
853
916
854
917
855
918
856
919
857
920
858
921
859
922
860
923
861
924
862
925
863
926
864
927
865
928
866
929
867
930
868
931
869
932
870
933
871
934
872
935
873
936
874
937
875
938
876
939
877
940
878
941
879
942
943
1168
881
944
882
945
883
946
884
947
885
948
886
949
887
950
888
951
889
952
890
953
891
954
892
955
893
956
894
957
895
958
896
959
897
960
898
961
899
962
900
963
901
964
902
965
903
966
904
967
905
968
906
969
907
970
908
971
909
972
910
973
911
974
912
975
913
976
914
977
915
978
916
979
917
980
918
981
919
982
920
983
921
984
922
985
923
986
924
987
925
988
926
989
927
990
928
991
929
992
930
993
931
994
932
995
933
996
934
997
935
998
936
999
937
1000
938
1001
939
1002
940
1003
941
1004
942
1005
943
1006
1007
1192
945
1008
946
1009
947
1010
948
1011
949
1012
950
1013
951
1014
952
1015
953
1016
954
1017
955
1018
956
1019
957
1020
958
1021
959
1022
960
1023
961
1024
962
1025
963
1026
964
1027
965
1028
966
1029
967
1030
968
1031
969
1032
970
1033
971
1034
972
1035
973
1036
974
1037
975
1038
976
1039
977
1040
978
1041
979
1042
980
1043
981
1044
982
1045
983
1046
984
1047
985
1048
986
1049
987
1050
988
1051
989
1052
990
1053
991
1054
992
1055
993
1056
994
1057
995
1058
996
1059
997
1060
998
1061
999
1062
1000
1063
1001
1064
1002
1065
1003
1066
1004
1067
1005
1068
1006
1069
1007
1070
1071
1216
1009
3700
1010
3701
1011
3702
1012
3703
1013
3704
1014
3705
1015
3706
1016
3707
1017
3708
1018
3709
1019
3710
1020
3711
1021
3712
1022
3713
1023
3714
1024
3715
1025
3716
1026
3717
1027
3718
1028
3719
1029
3720
1030
3721
1031
3722
1032
3723
1033
3724
1034
3725
1035
3726
1036
3727
1037
3728
1038
3729
1039
3730
1040
3731
1041
3732
1042
3733
1043
3734
1044
3735
1045
3736
1046
3737
1047
3738
1048
3739
1049
3740
1050
3741
1051
3742
1052
3743
1053
3744
1054
3745
1055
3746
1056
3747
1057
3748
1058
3749
1059
3750
1060
3751
1061
3752
1062
3753
1063
3754
1064
3755
1065
3756
1066
3757
1067
3758
1068
3759
1069
3760
1070
3761
1071
3762
1240
3763
1073
1096
1074
1097
1075
1098
1076
1099
1077
1100
1078
1101
1079
1102
1080
1103
1081
1104
1082
1105
1083
1106
1084
1107
1085
1108
1086
1109
1087
1110
1088
1111
1089
1112
1090
1113
1091
1114
1092
1115
1093
1116
1094
1117
1095
1118
1119
1264
1097
1120
1098
1121
1099
1122
1100
1123
1101
1124
1102
1125
1103
1126
1104
1127
1105
1128
1106
1129
1107
1130
1108
1131
1109
1132
1110
1133
1111
1134
1112
1135
1113
1136
1114
1137
1115
1138
1116
1139
1117
1140
1118
1141
1119
1142
1143
1336
1121
1144
1122
1145
1123
1146
1124
1147
1125
1148
1126
1149
1127
1150
1128
1151
1129
1152
1130
1153
1131
1154
1132
1155
1133
1156
1134
1157
1135
1158
1136
1159
1137
1160
1138
1161
1139
1162
1140
1163
1141
1164
1142
1165
1143
1166
1167
1408
1145
1168
1146
1169
1147
1170
1148
1171
1149
1172
1150
1173
1151
1174
1152
1175
1153
1176
1154
1177
1155
1178
1156
1179
1157
1180
1158
1181
1159
1182
1160
1183
1161
1184
1162
1185
1163
1186
1164
1187
1165
1188
1166
1189
1167
1190
1191
1480
1169
1192
1170
1193
1171
1194
1172
1195
1173
1196
1174
1197
1175
1198
1176
1199
1177
1200
1178
1201
1179
1202
1180
1203
1181
1204
1182
1205
1183
1206
1184
1207
1185
1208
1186
1209
1187
1210
1188
1211
1189
1212
1190
1213
1191
1214
1215
1552
1193
1216
1194
1217
1195
1218
1196
1219
1197
1220
1198
1221
1199
1222
1200
1223
1201
1224
1202
1225
1203
1226
1204
1227
1205
1228
1206
1229
1207
1230
1208
1231
1209
1232
1210
1233
1211
1234
1212
1235
1213
1236
1214
1237
1215
1238
1239
1624
1217
1240
1218
1241
1219
1242
1220
1243
1221
1244
1222
1245
1223
1246
1224
1247
1225
1248
1226
1249
1227
1250
1228
1251
1229
1252
1230
1253
1231
1254
1232
1255
1233
1256
1234
1257
1235
1258
1236
1259
1237
1260
1238
1261
1239
1262
1263
1696
1241
4852
1242
4853
1243
4854
1244
4855
1245
4856
1246
4857
1247
4858
1248
4859
1249
4860
1250
4861
1251
4862
1252
4863
1253
4864
1254
4865
1255
4866
1256
4867
1257
4868
1258
4869
1259
4870
1260
4871
1261
4872
1262
4873
1263
4874
1768
4875
1265
1336
1266
1337
1267
1338
1268
1339
1269
1340
1270
1341
1271
1342
1272
1343
1273
1344
1274
1345
1275
1346
1276
1347
1277
1348
1278
1349
1279
1350
1280
1351
1281
1352
1282
1353
1283
1354
1284
1355
1285
1356
1286
1357
1287
1358
1288
1359
1289
1360
1290
1361
1291
1362
1292
1363
1293
1364
1294
1365
1295
1366
1296
1367
1297
1368
1298
1369
1299
1370
1300
1371
1301
1372
1302
1373
1303
1374
1304
1375
1305
1376
1306
1377
1307
1378
1308
1379
1309
1380
1310
1381
1311
1382
1312
1383
1313
1384
1314
1385
1315
1386
1316
1387
1317
1388
1318
1389
1319
1390
1320
1391
1321
1392
1322
1393
1323
1394
1324
1395
1325
1396
1326
1397
1327
1398
1328
1399
1329
1400
1330
1401
1331
1402
1332
1403
1333
1404
1334
1405
1335
1406
1407
1840
1337
1408
1338
1409
1339
1410
1340
1411
1341
1412
1342
1413
1343
1414
1344
1415
1345
1416
1346
1417
1347
1418
1348
1419
1349
1420
1350
1421
1351
1422
1352
1423
1353
1424
1354
1425
1355
1426
1356
1427
1357
1428
1358
1429
1359
1430
1360
1431
1361
1432
1362
1433
1363
1434
1364
1435
1365
1436
1366
1437
1367
1438
1368
1439
1369
1440
1370
1441
1371
1442
1372
1443
1373
1444
1374
1445
1375
1446
1376
1447
1377
1448
1378
1449
1379
1450
1380
1451
1381
1452
1382
1453
1383
1454
1384
1455
1385
1456
1386
1457
1387
1458
1388
1459
1389
1460
1390
1461
1391
1462
1392
1463
1393
1464
1394
1465
1395
1466
1396
1467
1397
1468
1398
1469
1399
1470
1400
1471
1401
1472
1402
1473
1403
1474
1404
1475
1405
1476
1406
1477
1407
1478
1479
1915
1409
1480
1410
1481
1411
1482
1412
1483
1413
1484
1414
1485
1415
1486
1416
1487
1417
1488
1418
1489
1419
1490
1420
1491
1421
1492
1422
1493
1423
1494
1424
1495
1425
1496
1426
1497
1427
1498
1428
1499
1429
1500
1430
1501
1431
1502
1432
1503
1433
1504
1434
1505
1435
1506
1436
1507
1437
1508
1438
1509
1439
1510
1440
1511
1441
1512
1442
1513
1443
1514
1444
1515
1445
1516
1446
1517
1447
1518
1448
1519
1449
1520
1450
1521
1451
1522
1452
1523
1453
1524
1454
1525
1455
1526
1456
1527
1457
1528
1458
1529
1459
1530
1460
1531
1461
1532
1462
1533
1463
1534
1464
1535
1465
1536
1466
1537
1467
1538
1468
1539
1469
1540
1470
1541
1471
1542
1472
1543
1473
1544
1474
1545
1475
1546
1476
1547
1477
1548
1478
1549
1479
1550
1551
1990
1481
1552
1482
1553
1483
1554
1484
1555
1485
1556
1486
1557
1487
1558
1488
1559
1489
1560
1490
1561
1491
1562
1492
1563
1493
1564
1494
1565
1495
1566
1496
1567
1497
1568
1498
1569
1499
1570
1500
1571
1501
1572
1502
1573
1503
1574
1504
1575
1505
1576
1506
1577
1507
1578
1508
1579
1509
1580
1510
1581
1511
1582
1512
1583
1513
1584
1514
1585
1515
1586
1516
1587
1517
1588
1518
1589
1519
1590
1520
1591
1521
1592
1522
1593
1523
1594
1524
1595
1525
1596
1526
1597
1527
1598
1528
1599
1529
1600
1530
1601
1531
1602
1532
1603
1533
1604
1534
1605
1535
1606
1536
1607
1537
1608
1538
1609
1539
1610
1540
1611
1541
1612
1542
1613
1543
1614
1544
1615
1545
1616
1546
1617
1547
1618
1548
1619
1549
1620
1550
1621
1551
1622
1623
2065
1553
1624
1554
1625
1555
1626
1556
1627
1557
1628
1558
1629
1559
1630
1560
1631
1561
1632
1562
1633
1563
1634
1564
1635
1565
1636
1566
1637
1567
1638
1568
1639
1569
1640
1570
1641
1571
1642
1572
1643
1573
1644
1574
1645
1575
1646
1576
1647
1577
1648
1578
1649
1579
1650
1580
1651
1581
1652
1582
1653
1583
1654
1584
1655
1585
1656
1586
1657
1587
1658
1588
1659
1589
1660
1590
1661
1591
1662
1592
1663
1593
1664
1594
1665
1595
1666
1596
1667
1597
1668
1598
1669
1599
1670
1600
1671
1601
1672
1602
1673
1603
1674
1604
1675
1605
1676
1606
1677
1607
1678
1608
1679
1609
1680
1610
1681
1611
1682
1612
1683
1613
1684
1614
1685
1615
1686
1616
1687
1617
1688
1618
1689
1619
1690
1620
1691
1621
1692
1622
1693
1623
1694
1695
2140
1625
1696
1626
1697
1627
1698
1628
1699
1629
1700
1630
1701
1631
1702
1632
1703
1633
1704
1634
1705
1635
1706
1636
1707
1637
1708
1638
1709
1639
1710
1640
1711
1641
1712
1642
1713
1643
1714
1644
1715
1645
1716
1646
1717
1647
1718
1648
1719
1649
1720
1650
1721
1651
1722
1652
1723
1653
1724
1654
1725
1655
1726
1656
1727
1657
1728
1658
1729
1659
1730
1660
1731
1661
1732
1662
1733
1663
1734
1664
1735
1665
1736
1666
1737
1667
1738
1668
1739
1669
1740
1670
1741
1671
1742
1672
1743
1673
1744
1674
1745
1675
1746
1676
1747
1677
1748
1678
1749
1679
1750
1680
1751
1681
1752
1682
1753
1683
1754
1684
1755
1685
1756
1686
1757
1687
1758
1688
1759
1689
1760
1690
1761
1691
1762
1692
1763
1693
1764
1694
1765
1695
1766
1767
2215
1697
1768
1698
1769
1699
1770
1700
1771
1701
1772
1702
1773
1703
1774
1704
1775
1705
1776
1706
1777
1707
1778
1708
1779
1709
1780
1710
1781
1711
1782
1712
1783
1713
1784
1714
1785
1715
1786
1716
1787
1717
1788
1718
1789
1719
1790
1720
1791
1721
1792
1722
1793
1723
1794
1724
1795
1725
1796
1726
1797
1727
1798
1728
1799
1729
1800
1730
1801
1731
1802
1732
1803
1733
1804
1734
1805
1735
1806
1736
1807
1737
1808
1738
1809
1739
1810
1740
1811
1741
1812
1742
1813
1743
1814
1744
1815
1745
1816
1746
1817
1747
1818
1748
1819
1749
1820
1750
1821
1751
1822
1752
1823
1753
1824
1754
1825
1755
1826
1756
1827
1757
1828
1758
1829
1759
1830
1760
1831
1761
1832
1762
1833
1763
1834
1764
1835
1765
1836
1766
1837
1767
1838
1839
2290
1769
5284
1770
5285
1771
5286
1772
5287
1773
5288
1774
5289
1775
5290
1776
5291
1777
5292
1778
5293
1779
5294
1780
5295
1781
5296
1782
5297
1783
5298
1784
5299
1785
5300
1786
5301
1787
5302
1788
5303
1789
5304
1790
5305
1791
5306
1792
5307
1793
5308
1794
5309
1795
5310
1796
5311
1797
5312
1798
5313
1799
5314
1800
5315
1801
5316
1802
5317
1803
5318
1804
5319
1805
5320
1806
5321
1807
5322
1808
5323
1809
5324
1810
5325
1811
5326
1812
5327
1813
5328
1814
5329
1815
5330
1816
5331
1817
5332
1818
5333
1819
5334
1820
5335
1821
5336
1822
5337
1823
5338
1824
5339
1825
5340
1826
5341
1827
5342
1828
5343
1829
5344
1830
5345
1831
5346
1832
5347
1833
5348
1834
5349
1835
5350
1836
5351
1837
5352
1838
5353
1839
5354
2365
5355
1841
1915
1842
1916
1843
1917
1844
1918
1845
1919
1846
1920
1847
1921
1848
1922
1849
1923
1850
1924
1851
1925
1852
1926
1853
1927
1854
1928
1855
1929
1856
1930
1857
1931
1858
1932
1859
1933
1860
1934
1861
1935
1862
1936
1863
1937
1864
1938
1865
1939
1866
1940
1867
1941
1868
1942
1869
1943
1870
1944
1871
1945
1872
1946
1873
1947
1874
1948
1875
1949
1876
1950
1877
1951
1878
1952
1879
1953
1880
1954
1881
1955
1882
1956
1883
1957
1884
1958
1885
1959
1886
1960
1887
1961
1888
1962
1889
1963
1890
1964
1891
1965
1892
1966
1893
1967
1894
1968
1895
1969
1896
1970
1897
1971
1898
1972
1899
1973
1900
1974
1901
1975
1902
1976
1903
1977
1904
1978
1905
1979
1906
1980
1907
1981
1908
1982
1909
1983
1910
1984
1911
1985
1912
1986
1913
1987
1914
1988
1989
1916
1990
1917
1991
1918
1992
1919
1993
1920
1994
1921
1995
1922
1996
1923
1997
1924
1998
1925
1999
1926
2000
1927
2001
1928
2002
1929
2003
1930
2004
1931
2005
1932
2006
1933
2007
1934
2008
1935
2009
1936
2010
1937
2011
1938
2012
1939
2013
1940
2014
1941
2015
1942
2016
1943
2017
1944
2018
1945
2019
1946
2020
1947
2021
1948
2022
1949
2023
1950
2024
1951
2025
1952
2026
1953
2027
1954
2028
1955
2029
1956
2030
1957
2031
1958
2032
1959
2033
1960
2034
1961
2035
1962
2036
1963
2037
1964
2038
1965
2039
1966
2040
1967
2041
1968
2042
1969
2043
1970
2044
1971
2045
1972
2046
1973
2047
1974
2048
1975
2049
1976
2050
1977
2051
1978
2052
1979
2053
1980
2054
1981
2055
1982
2056
1983
2057
1984
2058
1985
2059
1986
2060
1987
2061
1988
2062
1989
2063
2064
1991
2065
1992
2066
1993
2067
1994
2068
1995
2069
1996
2070
1997
2071
1998
2072
1999
2073
2000
2074
2001
2075
2002
2076
2003
2077
2004
2078
2005
2079
2006
2080
2007
2081
2008
2082
2009
2083
2010
2084
2011
2085
2012
2086
2013
2087
2014
2088
2015
2089
2016
2090
2017
2091
2018
2092
2019
2093
2020
2094
2021
2095
2022
2096
2023
2097
2024
2098
2025
2099
2026
2100
2027
2101
2028
2102
2029
2103
2030
2104
2031
2105
2032
2106
2033
2107
2034
2108
2035
2109
2036
2110
2037
2111
2038
2112
2039
2113
2040
2114
2041
2115
2042
2116
2043
2117
2044
2118
2045
2119
2046
2120
2047
2121
2048
2122
2049
2123
2050
2124
2051
2125
2052
2126
2053
2127
2054
2128
2055
2129
2056
2130
2057
2131
2058
2132
2059
2133
2060
2134
2061
2135
2062
2136
2063
2137
2064
2138
2139
2066
2140
2067
2141
2068
2142
2069
2143
2070
2144
2071
2145
2072
2146
2073
2147
2074
2148
2075
2149
2076
2150
2077
2151
2078
2152
2079
2153
2080
2154
2081
2155
2082
2156
2083
2157
2084
2158
2085
2159
2086
2160
2087
2161
2088
2162
2089
2163
2090
2164
2091
2165
2092
2166
2093
2167
2094
2168
2095
2169
2096
2170
2097
2171
2098
2172
2099
2173
2100
2174
2101
2175
2102
2176
2103
2177
2104
2178
2105
2179
2106
2180
2107
2181
2108
2182
2109
2183
2110
2184
2111
2185
2112
2186
2113
2187
2114
2188
2115
2189
2116
2190
2117
2191
2118
2192
2119
2193
2120
2194
2121
2195
2122
2196
2123
2197
2124
2198
2125
2199
2126
2200
2127
2201
2128
2202
2129
2203
2130
2204
2131
2205
2132
2206
2133
2207
2134
2208
2135
2209
2136
2210
2137
2211
2138
2212
2139
2213
2214
2141
2215
2142
2216
2143
2217
2144
2218
2145
2219
2146
2220
2147
2221
2148
2222
2149
2223
2150
2224
2151
2225
2152
2226
2153
2227
2154
2228
2155
2229
2156
2230
2157
2231
2158
2232
2159
2233
2160
2234
2161
2235
2162
2236
2163
2237
2164
2238
2165
2239
2166
2240
2167
2241
2168
2242
2169
2243
2170
2244
2171
2245
2172
2246
2173
2247
2174
2248
2175
2249
2176
2250
2177
2251
2178
2252
2179
2253
2180
2254
2181
2255
2182
2256
2183
2257
2184
2258
2185
2259
2186
2260
2187
2261
2188
2262
2189
2263
2190
2264
2191
2265
2192
2266
2193
2267
2194
2268
2195
2269
2196
2270
2197
2271
2198
2272
2199
2273
2200
2274
2201
2275
2202
2276
2203
2277
2204
2278
2205
2279
2206
2280
2207
2281
2208
2282
2209
2283
2210
2284
2211
2285
2212
2286
2213
2287
2214
2288
2289
2216
2290
2217
2291
2218
2292
2219
2293
2220
2294
2221
2295
2222
2296
2223
2297
2224
2298
2225
2299
2226
2300
2227
2301
2228
2302
2229
2303
2230
2304
2231
2305
2232
2306
2233
2307
2234
2308
2235
2309
2236
2310
2237
2311
2238
2312
2239
2313
2240
2314
2241
2315
2242
2316
2243
2317
2244
2318
2245
2319
2246
2320
2247
2321
2248
2322
2249
2323
2250
2324
2251
2325
2252
2326
2253
2327
2254
2328
2255
2329
2256
2330
2257
2331
2258
2332
2259
2333
2260
2334
2261
2335
2262
2336
2263
2337
2264
2338
2265
2339
2266
2340
2267
2341
2268
2342
2269
2343
2270
2344
2271
2345
2272
2346
2273
2347
2274
2348
2275
2349
2276
2350
2277
2351
2278
2352
2279
2353
2280
2354
2281
2355
2282
2356
2283
2357
2284
2358
2285
2359
2286
2360
2287
2361
2288
2362
2289
2363
2364
2291
2365
2292
2366
2293
2367
2294
2368
2295
2369
2296
2370
2297
2371
2298
2372
2299
2373
2300
2374
2301
2375
2302
2376
2303
2377
2304
2378
2305
2379
2306
2380
2307
2381
2308
2382
2309
2383
2310
2384
2311
2385
2312
2386
2313
2387
2314
2388
2315
2389
2316
2390
2317
2391
2318
2392
2319
2393
2320
2394
2321
2395
2322
2396
2323
2397
2324
2398
2325
2399
2326
2400
2327
2401
2328
2402
2329
2403
2330
2404
2331
2405
2332
2406
2333
2407
2334
2408
2335
2409
2336
2410
2337
2411
2338
2412
2339
2413
2340
2414
2341
2415
2342
2416
2343
2417
2344
2418
2345
2419
2346
2420
2347
2421
2348
2422
2349
2423
2350
2424
2351
2425
2352
2426
2353
2427
2354
2428
2355
2429
2356
2430
2357
2431
2358
2432
2359
2433
2360
2434
2361
2435
2362
2436
2363
2437
2364
2438
2439
2366
6580
2367
6581
2368
6582
2369
6583
2370
6584
2371
6585
2372
6586
2373
6587
2374
6588
2375
6589
2376
6590
2377
6591
2378
6592
2379
6593
2380
6594
2381
6595
2382
6596
2383
6597
2384
6598
2385
6599
2386
6600
2387
6601
2388
6602
2389
6603
2390
6604
2391
6605
2392
6606
2393
6607
2394
6608
2395
6609
2396
6610
2397
6611
2398
6612
2399
6613
2400
6614
2401
6615
2402
6616
2403
6617
2404
6618
2405
6619
2406
6620
2407
6621
2408
6622
2409
6623
2410
6624
2411
6625
2412
6626
2413
6627
2414
6628
2415
6629
2416
6630
2417
6631
2418
6632
2419
6633
2420
6634
2421
6635
2422
6636
2423
6637
2424
6638
2425
6639
2426
6640
2427
6641
2428
6642
2429
6643
2430
6644
2431
6645
2432
6646
2433
6647
2434
6648
2435
6649
2436
6650
2437
6651
2438
6652
2439
6653
6654
2441
2510
2442
2511
2443
2512
2444
2513
2445
2514
2446
2515
2447
2516
2448
2517
2449
2518
2450
2519
2451
2520
2452
2521
2453
2522
2454
2523
2455
2524
2456
2525
2457
2526
2458
2527
2459
2528
2460
2529
2461
2530
2462
2531
2463
2532
2464
2533
2465
2534
2466
2535
2467
2536
2468
2537
2469
2538
2470
2539
2471
2540
2472
2541
2473
2542
2474
2543
2475
2544
2476
2545
2477
2546
2478
2547
2479
2548
2480
2549
2481
2550
2482
2551
2483
2552
2484
2553
2485
2554
2486
2555
2487
2556
2488
2557
2489
2558
2490
2559
2491
2560
2492
2561
2493
2562
2494
2563
2495
2564
2496
2565
2497
2566
2498
2567
2499
2568
2500
2569
2501
2570
2502
2571
2503
2572
2504
2573
2505
2574
2506
2575
2507
2576
2508
2577
2509
2578
2579
3700
2511
2580
2512
2581
2513
2582
2514
2583
2515
2584
2516
2585
2517
2586
2518
2587
2519
2588
2520
2589
2521
2590
2522
2591
2523
2592
2524
2593
2525
2594
2526
2595
2527
2596
2528
2597
2529
2598
2530
2599
2531
2600
2532
2601
2533
2602
2534
2603
2535
2604
2536
2605
2537
2606
2538
2607
2539
2608
2540
2609
2541
2610
2542
2611
2543
2612
2544
2613
2545
2614
2546
2615
2547
2616
2548
2617
2549
2618
2550
2619
2551
2620
2552
2621
2553
2622
2554
2623
2555
2624
2556
2625
2557
2626
2558
2627
2559
2628
2560
2629
2561
2630
2562
2631
2563
2632
2564
2633
2565
2634
2566
2635
2567
2636
2568
2637
2569
2638
2570
2639
2571
2640
2572
2641
2573
2642
2574
2643
2575
2644
2576
2645
2577
2646
2578
2647
2579
2648
2649
3764
2581
2650
2582
2651
2583
2652
2584
2653
2585
2654
2586
2655
2587
2656
2588
2657
2589
2658
2590
2659
2591
2660
2592
2661
2593
2662
2594
2663
2595
2664
2596
2665
2597
2666
2598
2667
2599
2668
2600
2669
2601
2670
2602
2671
2603
2672
2604
2673
2605
2674
2606
2675
2607
2676
2608
2677
2609
2678
2610
2679
2611
2680
2612
2681
2613
2682
2614
2683
2615
2684
2616
2685
2617
2686
2618
2687
2619
2688
2620
2689
2621
2690
2622
2691
2623
2692
2624
2693
2625
2694
2626
2695
2627
2696
2628
2697
2629
2698
2630
2699
2631
2700
2632
2701
2633
2702
2634
2703
2635
2704
2636
2705
2637
2706
2638
2707
2639
2708
2640
2709
2641
2710
2642
2711
2643
2712
2644
2713
2645
2714
2646
2715
2647
2716
2648
2717
2649
2718
2719
3828
2651
2720
2652
2721
2653
2722
2654
2723
2655
2724
2656
2725
2657
2726
2658
2727
2659
2728
2660
2729
2661
2730
2662
2731
2663
2732
2664
2733
2665
2734
2666
2735
2667
2736
2668
2737
2669
2738
2670
2739
2671
2740
2672
2741
2673
2742
2674
2743
2675
2744
2676
2745
2677
2746
2678
2747
2679
2748
2680
2749
2681
2750
2682
2751
2683
2752
2684
2753
2685
2754
2686
2755
2687
2756
2688
2757
2689
2758
2690
2759
2691
2760
2692
2761
2693
2762
2694
2763
2695
2764
2696
2765
2697
2766
2698
2767
2699
2768
2700
2769
2701
2770
2702
2771
2703
2772
2704
2773
2705
2774
2706
2775
2707
2776
2708
2777
2709
2778
2710
2779
2711
2780
2712
2781
2713
2782
2714
2783
2715
2784
2716
2785
2717
2786
2718
2787
2719
2788
2789
3892
2721
2790
2722
2791
2723
2792
2724
2793
2725
2794
2726
2795
2727
2796
2728
2797
2729
2798
2730
2799
2731
2800
2732
2801
2733
2802
2734
2803
2735
2804
2736
2805
2737
2806
2738
2807
2739
2808
2740
2809
2741
2810
2742
2811
2743
2812
2744
2813
2745
2814
2746
2815
2747
2816
2748
2817
2749
2818
2750
2819
2751
2820
2752
2821
2753
2822
2754
2823
2755
2824
2756
2825
2757
2826
2758
2827
2759
2828
2760
2829
2761
2830
2762
2831
2763
2832
2764
2833
2765
2834
2766
2835
2767
2836
2768
2837
2769
2838
2770
2839
2771
2840
2772
2841
2773
2842
2774
2843
2775
2844
2776
2845
2777
2846
2778
2847
2779
2848
2780
2849
2781
2850
2782
2851
2783
2852
2784
2853
2785
2854
2786
2855
2787
2856
2788
2857
2789
2858
2859
3956
2791
2860
2792
2861
2793
2862
2794
2863
2795
2864
2796
2865
2797
2866
2798
2867
2799
2868
2800
2869
2801
2870
2802
2871
2803
2872
2804
2873
2805
2874
2806
2875
2807
2876
2808
2877
2809
2878
2810
2879
2811
2880
2812
2881
2813
2882
2814
2883
2815
2884
2816
2885
2817
2886
2818
2887
2819
2888
2820
2889
2821
2890
2822
2891
2823
2892
2824
2893
2825
2894
2826
2895
2827
2896
2828
2897
2829
2898
2830
2899
2831
2900
2832
2901
2833
2902
2834
2903
2835
2904
2836
2905
2837
2906
2838
2907
2839
2908
2840
2909
2841
2910
2842
2911
2843
2912
2844
2913
2845
2914
2846
2915
2847
2916
2848
2917
2849
2918
2850
2919
2851
2920
2852
2921
2853
2922
2854
2923
2855
2924
2856
2925
2857
2926
2858
2927
2859
2928
2929
4020
2861
2930
2862
2931
2863
2932
2864
2933
2865
2934
2866
2935
2867
2936
2868
2937
2869
2938
2870
2939
2871
2940
2872
2941
2873
2942
2874
2943
2875
2944
2876
2945
2877
2946
2878
2947
2879
2948
2880
2949
2881
2950
2882
2951
2883
2952
2884
2953
2885
2954
2886
2955
2887
2956
2888
2957
2889
2958
2890
2959
2891
2960
2892
2961
2893
2962
2894
2963
2895
2964
2896
2965
2897
2966
2898
2967
2899
2968
2900
2969
2901
2970
2902
2971
2903
2972
2904
2973
2905
2974
2906
2975
2907
2976
2908
2977
2909
2978
2910
2979
2911
2980
2912
2981
2913
2982
2914
2983
2915
2984
2916
2985
2917
2986
2918
2987
2919
2988
2920
2989
2921
2990
2922
2991
2923
2992
2924
2993
2925
2994
2926
2995
2927
2996
2928
2997
2929
2998
2999
4084
2931
3000
2932
3001
2933
3002
2934
3003
2935
3004
2936
3005
2937
3006
2938
3007
2939
3008
2940
3009
2941
3010
2942
3011
2943
3012
2944
3013
2945
3014
2946
3015
2947
3016
2948
3017
2949
3018
2950
3019
2951
3020
2952
3021
2953
3022
2954
3023
2955
3024
2956
3025
2957
3026
2958
3027
2959
3028
2960
3029
2961
3030
2962
3031
2963
3032
2964
3033
2965
3034
2966
3035
2967
3036
2968
3037
2969
3038
2970
3039
2971
3040
2972
3041
2973
3042
2974
3043
2975
3044
2976
3045
2977
3046
2978
3047
2979
3048
2980
3049
2981
3050
2982
3051
2983
3052
2984
3053
2985
3054
2986
3055
2987
3056
2988
3057
2989
3058
2990
3059
2991
3060
2992
3061
2993
3062
2994
3063
2995
3064
2996
3065
2997
3066
2998
3067
2999
3068
3069
4148
3001
3070
3002
3071
3003
3072
3004
3073
3005
3074
3006
3075
3007
3076
3008
3077
3009
3078
3010
3079
3011
3080
3012
3081
3013
3082
3014
3083
3015
3084
3016
3085
3017
3086
3018
3087
3019
3088
3020
3089
3021
3090
3022
3091
3023
3092
3024
3093
3025
3094
3026
3095
3027
3096
3028
3097
3029
3098
3030
3099
3031
3100
3032
3101
3033
3102
3034
3103
3035
3104
3036
3105
3037
3106
3038
3107
3039
3108
3040
3109
3041
3110
3042
3111
3043
3112
3044
3113
3045
3114
3046
3115
3047
3116
3048
3117
3049
3118
3050
3119
3051
3120
3052
3121
3053
3122
3054
3123
3055
3124
3056
3125
3057
3126
3058
3127
3059
3128
3060
3129
3061
3130
3062
3131
3063
3132
3064
3133
3065
3134
3066
3135
3067
3136
3068
3137
3069
3138
3139
4212
3071
3140
3072
3141
3073
3142
3074
3143
3075
3144
3076
3145
3077
3146
3078
3147
3079
3148
3080
3149
3081
3150
3082
3151
3083
3152
3084
3153
3085
3154
3086
3155
3087
3156
3088
3157
3089
3158
3090
3159
3091
3160
3092
3161
3093
3162
3094
3163
3095
3164
3096
3165
3097
3166
3098
3167
3099
3168
3100
3169
3101
3170
3102
3171
3103
3172
3104
3173
3105
3174
3106
3175
3107
3176
3108
3177
3109
3178
3110
3179
3111
3180
3112
3181
3113
3182
3114
3183
3115
3184
3116
3185
3117
3186
3118
3187
3119
3188
3120
3189
3121
3190
3122
3191
3123
3192
3124
3193
3125
3194
3126
3195
3127
3196
3128
3197
3129
3198
3130
3199
3131
3200
3132
3201
3133
3202
3134
3203
3135
3204
3136
3205
3137
3206
3138
3207
3139
3208
3209
4276
3141
3210
3142
3211
3143
3212
3144
3213
3145
3214
3146
3215
3147
3216
3148
3217
3149
3218
3150
3219
3151
3220
3152
3221
3153
3222
3154
3223
3155
3224
3156
3225
3157
3226
3158
3227
3159
3228
3160
3229
3161
3230
3162
3231
3163
3232
3164
3233
3165
3234
3166
3235
3167
3236
3168
3237
3169
3238
3170
3239
3171
3240
3172
3241
3173
3242
3174
3243
3175
3244
3176
3245
3177
3246
3178
3247
3179
3248
3180
3249
3181
3250
3182
3251
3183
3252
3184
3253
3185
3254
3186
3255
3187
3256
3188
3257
3189
3258
3190
3259
3191
3260
3192
3261
3193
3262
3194
3263
3195
3264
3196
3265
3197
3266
3198
3267
3199
3268
3200
3269
3201
3270
3202
3271
3203
3272
3204
3273
3205
3274
3206
3275
3207
3276
3208
3277
3209
3278
3279
4340
3211
3280
3212
3281
3213
3282
3214
3283
3215
3284
3216
3285
3217
3286
3218
3287
3219
3288
3220
3289
3221
3290
3222
3291
3223
3292
3224
3293
3225
3294
3226
3295
3227
3296
3228
3297
3229
3298
3230
3299
3231
3300
3232
3301
3233
3302
3234
3303
3235
3304
3236
3305
3237
3306
3238
3307
3239
3308
3240
3309
3241
3310
3242
3311
3243
3312
3244
3313
3245
3314
3246
3315
3247
3316
3248
3317
3249
3318
3250
3319
3251
3320
3252
3321
3253
3322
3254
3323
3255
3324
3256
3325
3257
3326
3258
3327
3259
3328
3260
3329
3261
3330
3262
3331
3263
3332
3264
3333
3265
3334
3266
3335
3267
3336
3268
3337
3269
3338
3270
3339
3271
3340
3272
3341
3273
3342
3274
3343
3275
3344
3276
3345
3277
3346
3278
3347
3279
3348
3349
4404
3281
3350
3282
3351
3283
3352
3284
3353
3285
3354
3286
3355
3287
3356
3288
3357
3289
3358
3290
3359
3291
3360
3292
3361
3293
3362
3294
3363
3295
3364
3296
3365
3297
3366
3298
3367
3299
3368
3300
3369
3301
3370
3302
3371
3303
3372
3304
3373
3305
3374
3306
3375
3307
3376
3308
3377
3309
3378
3310
3379
3311
3380
3312
3381
3313
3382
3314
3383
3315
3384
3316
3385
3317
3386
3318
3387
3319
3388
3320
3389
3321
3390
3322
3391
3323
3392
3324
3393
3325
3394
3326
3395
3327
3396
3328
3397
3329
3398
3330
3399
3331
3400
3332
3401
3333
3402
3334
3403
3335
3404
3336
3405
3337
3406
3338
3407
3339
3408
3340
3409
3341
3410
3342
3411
3343
3412
3344
3413
3345
3414
3346
3415
3347
3416
3348
3417
3349
3418
3419
4468
3351
3420
3352
3421
3353
3422
3354
3423
3355
3424
3356
3425
3357
3426
3358
3427
3359
3428
3360
3429
3361
3430
3362
3431
3363
3432
3364
3433
3365
3434
3366
3435
3367
3436
3368
3437
3369
3438
3370
3439
3371
3440
3372
3441
3373
3442
3374
3443
3375
3444
3376
3445
3377
3446
3378
3447
3379
3448
3380
3449
3381
3450
3382
3451
3383
3452
3384
3453
3385
3454
3386
3455
3387
3456
3388
3457
3389
3458
3390
3459
3391
3460
3392
3461
3393
3462
3394
3463
3395
3464
3396
3465
3397
3466
3398
3467
3399
3468
3400
3469
3401
3470
3402
3471
3403
3472
3404
3473
3405
3474
3406
3475
3407
3476
3408
3477
3409
3478
3410
3479
3411
3480
3412
3481
3413
3482
3414
3483
3415
3484
3416
3485
3417
3486
3418
3487
3419
3488
3489
4532
3421
3490
3422
3491
3423
3492
3424
3493
3425
3494
3426
3495
3427
3496
3428
3497
3429
3498
3430
3499
3431
3500
3432
3501
3433
3502
3434
3503
3435
3504
3436
3505
3437
3506
3438
3507
3439
3508
3440
3509
3441
3510
3442
3511
3443
3512
3444
3513
3445
3514
3446
3515
3447
3516
3448
3517
3449
3518
3450
3519
3451
3520
3452
3521
3453
3522
3454
3523
3455
3524
3456
3525
3457
3526
3458
3527
3459
3528
3460
3529
3461
3530
3462
3531
3463
3532
3464
3533
3465
3534
3466
3535
3467
3536
3468
3537
3469
3538
3470
3539
3471
3540
3472
3541
3473
3542
3474
3543
3475
3544
3476
3545
3477
3546
3478
3547
3479
3548
3480
3549
3481
3550
3482
3551
3483
3552
3484
3553
3485
3554
3486
3555
3487
3556
3488
3557
3489
3558
3559
4596
3491
3560
3492
3561
3493
3562
3494
3563
3495
3564
3496
3565
3497
3566
3498
3567
3499
3568
3500
3569
3501
3570
3502
3571
3503
3572
3504
3573
3505
3574
3506
3575
3507
3576
3508
3577
3509
3578
3510
3579
3511
3580
3512
3581
3513
3582
3514
3583
3515
3584
3516
3585
3517
3586
3518
3587
3519
3588
3520
3589
3521
3590
3522
3591
3523
3592
3524
3593
3525
3594
3526
3595
3527
3596
3528
3597
3529
3598
3530
3599
3531
3600
3532
3601
3533
3602
3534
3603
3535
3604
3536
3605
3537
3606
3538
3607
3539
3608
3540
3609
3541
3610
3542
3611
3543
3612
3544
3613
3545
3614
3546
3615
3547
3616
3548
3617
3549
3618
3550
3619
3551
3620
3552
3621
3553
3622
3554
3623
3555
3624
3556
3625
3557
3626
3558
3627
3559
3628
3629
4660
3561
3630
3562
3631
3563
3632
3564
3633
3565
3634
3566
3635
3567
3636
3568
3637
3569
3638
3570
3639
3571
3640
3572
3641
3573
3642
3574
3643
3575
3644
3576
3645
3577
3646
3578
3647
3579
3648
3580
3649
3581
3650
3582
3651
3583
3652
3584
3653
3585
3654
3586
3655
3587
3656
3588
3657
3589
3658
3590
3659
3591
3660
3592
3661
3593
3662
3594
3663
3595
3664
3596
3665
3597
3666
3598
3667
3599
3668
3600
3669
3601
3670
3602
3671
3603
3672
3604
3673
3605
3674
3606
3675
3607
3676
3608
3677
3609
3678
3610
3679
3611
3680
3612
3681
3613
3682
3614
3683
3615
3684
3616
3685
3617
3686
3618
3687
3619
3688
3620
3689
3621
3690
3622
3691
3623
3692
3624
3693
3625
3694
3626
3695
3627
3696
3628
3697
3629
3698
3699
4724
3631
7930
3632
7931
3633
7932
3634
7933
3635
7934
3636
7935
3637
7936
3638
7937
3639
7938
3640
7939
3641
7940
3642
7941
3643
7942
3644
7943
3645
7944
3646
7945
3647
7946
3648
7947
3649
7948
3650
7949
3651
7950
3652
7951
3653
7952
3654
7953
3655
7954
3656
7955
3657
7956
3658
7957
3659
7958
3660
7959
3661
7960
3662
7961
3663
7962
3664
7963
3665
7964
3666
7965
3667
7966
3668
7967
3669
7968
3670
7969
3671
7970
3672
7971
3673
7972
3674
7973
3675
7974
3676
7975
3677
7976
3678
7977
3679
7978
3680
7979
3681
7980
3682
7981
3683
7982
3684
7983
3685
7984
3686
7985
3687
7986
3688
7987
3689
7988
3690
7989
3691
7990
3692
7991
3693
7992
3694
7993
3695
7994
3696
7995
3697
7996
3698
7997
3699
7998
4788
7999
3701
3764
3702
3765
3703
3766
3704
3767
3705
3768
3706
3769
3707
3770
3708
3771
3709
3772
3710
3773
3711
3774
3712
3775
3713
3776
3714
3777
3715
3778
3716
3779
3717
3780
3718
3781
3719
3782
3720
3783
3721
3784
3722
3785
3723
3786
3724
3787
3725
3788
3726
3789
3727
3790
3728
3791
3729
3792
3730
3793
3731
3794
3732
3795
3733
3796
3734
3797
3735
3798
3736
3799
3737
3800
3738
3801
3739
3802
3740
3803
3741
3804
3742
3805
3743
3806
3744
3807
3745
3808
3746
3809
3747
3810
3748
3811
3749
3812
3750
3813
3751
3814
3752
3815
3753
3816
3754
3817
3755
3818
3756
3819
3757
3820
3758
3821
3759
3822
3760
3823
3761
3824
3762
3825
3763
3826
3827
4852
3765
3828
3766
3829
3767
3830
3768
3831
3769
3832
3770
3833
3771
3834
3772
3835
3773
3836
3774
3837
3775
3838
3776
3839
3777
3840
3778
3841
3779
3842
3780
3843
3781
3844
3782
3845
3783
3846
3784
3847
3785
3848
3786
3849
3787
3850
3788
3851
3789
3852
3790
3853
3791
3854
3792
3855
3793
3856
3794
3857
3795
3858
3796
3859
3797
3860
3798
3861
3799
3862
3800
3863
3801
3864
3802
3865
3803
3866
3804
3867
3805
3868
3806
3869
3807
3870
3808
3871
3809
3872
3810
3873
3811
3874
3812
3875
3813
3876
3814
3877
3815
3878
3816
3879
3817
3880
3818
3881
3819
3882
3820
3883
3821
3884
3822
3885
3823
3886
3824
3887
3825
3888
3826
3889
3827
3890
3891
4876
3829
3892
3830
3893
3831
3894
3832
3895
3833
3896
3834
3897
3835
3898
3836
3899
3837
3900
3838
3901
3839
3902
3840
3903
3841
3904
3842
3905
3843
3906
3844
3907
3845
3908
3846
3909
3847
3910
3848
3911
3849
3912
3850
3913
3851
3914
3852
3915
3853
3916
3854
3917
3855
3918
3856
3919
3857
3920
3858
3921
3859
3922
3860
3923
3861
3924
3862
3925
3863
3926
3864
3927
3865
3928
3866
3929
3867
3930
3868
3931
3869
3932
3870
3933
3871
3934
3872
3935
3873
3936
3874
3937
3875
3938
3876
3939
3877
3940
3878
3941
3879
3942
3880
3943
3881
3944
3882
3945
3883
3946
3884
3947
3885
3948
3886
3949
3887
3950
3888
3951
3889
3952
3890
3953
3891
3954
3955
4900
3893
3956
3894
3957
3895
3958
3896
3959
3897
3960
3898
3961
3899
3962
3900
3963
3901
3964
3902
3965
3903
3966
3904
3967
3905
3968
3906
3969
3907
3970
3908
3971
3909
3972
3910
3973
3911
3974
3912
3975
3913
3976
3914
3977
3915
3978
3916
3979
3917
3980
3918
3981
3919
3982
3920
3983
3921
3984
3922
3985
3923
3986
3924
3987
3925
3988
3926
3989
3927
3990
3928
3991
3929
3992
3930
3993
3931
3994
3932
3995
3933
3996
3934
3997
3935
3998
3936
3999
3937
4000
3938
4001
3939
4002
3940
4003
3941
4004
3942
4005
3943
4006
3944
4007
3945
4008
3946
4009
3947
4010
3948
4011
3949
4012
3950
4013
3951
4014
3952
4015
3953
4016
3954
4017
3955
4018
4019
4924
3957
4020
3958
4021
3959
4022
3960
4023
3961
4024
3962
4025
3963
4026
3964
4027
3965
4028
3966
4029
3967
4030
3968
4031
3969
4032
3970
4033
3971
4034
3972
4035
3973
4036
3974
4037
3975
4038
3976
4039
3977
4040
3978
4041
3979
4042
3980
4043
3981
4044
3982
4045
3983
4046
3984
4047
3985
4048
3986
4049
3987
4050
3988
4051
3989
4052
3990
4053
3991
4054
3992
4055
3993
4056
3994
4057
3995
4058
3996
4059
3997
4060
3998
4061
3999
4062
4000
4063
4001
4064
4002
4065
4003
4066
4004
4067
4005
4068
4006
4069
4007
4070
4008
4071
4009
4072
4010
4073
4011
4074
4012
4075
4013
4076
4014
4077
4015
4078
4016
4079
4017
4080
4018
4081
4019
4082
4083
4948
4021
4084
4022
4085
4023
4086
4024
4087
4025
4088
4026
4089
4027
4090
4028
4091
4029
4092
4030
4093
4031
4094
4032
4095
4033
4096
4034
4097
4035
4098
4036
4099
4037
4100
4038
4101
4039
4102
4040
4103
4041
4104
4042
4105
4043
4106
4044
4107
4045
4108
4046
4109
4047
4110
4048
4111
4049
4112
4050
4113
4051
4114
4052
4115
4053
4116
4054
4117
4055
4118
4056
4119
4057
4120
4058
4121
4059
4122
4060
4123
4061
4124
4062
4125
4063
4126
4064
4127
4065
4128
4066
4129
4067
4130
4068
4131
4069
4132
4070
4133
4071
4134
4072
4135
4073
4136
4074
4137
4075
4138
4076
4139
4077
4140
4078
4141
4079
4142
4080
4143
4081
4144
4082
4145
4083
4146
4147
4972
4085
4148
4086
4149
4087
4150
4088
4151
4089
4152
4090
4153
4091
4154
4092
4155
4093
4156
4094
4157
4095
4158
4096
4159
4097
4160
4098
4161
4099
4162
4100
4163
4101
4164
4102
4165
4103
4166
4104
4167
4105
4168
4106
4169
4107
4170
4108
4171
4109
4172
4110
4173
4111
4174
4112
4175
4113
4176
4114
4177
4115
4178
4116
4179
4117
4180
4118
4181
4119
4182
4120
4183
4121
4184
4122
4185
4123
4186
4124
4187
4125
4188
4126
4189
4127
4190
4128
4191
4129
4192
4130
4193
4131
4194
4132
4195
4133
4196
4134
4197
4135
4198
4136
4199
4137
4200
4138
4201
4139
4202
4140
4203
4141
4204
4142
4205
4143
4206
4144
4207
4145
4208
4146
4209
4147
4210
4211
4996
4149
4212
4150
4213
4151
4214
4152
4215
4153
4216
4154
4217
4155
4218
4156
4219
4157
4220
4158
4221
4159
4222
4160
4223
4161
4224
4162
4225
4163
4226
4164
4227
4165
4228
4166
4229
4167
4230
4168
4231
4169
4232
4170
4233
4171
4234
4172
4235
4173
4236
4174
4237
4175
4238
4176
4239
4177
4240
4178
4241
4179
4242
4180
4243
4181
4244
4182
4245
4183
4246
4184
4247
4185
4248
4186
4249
4187
4250
4188
4251
4189
4252
4190
4253
4191
4254
4192
4255
4193
4256
4194
4257
4195
4258
4196
4259
4197
4260
4198
4261
4199
4262
4200
4263
4201
4264
4202
4265
4203
4266
4204
4267
4205
4268
4206
4269
4207
4270
4208
4271
4209
4272
4210
4273
4211
4274
4275
5020
4213
4276
4214
4277
4215
4278
4216
4279
4217
4280
4218
4281
4219
4282
4220
4283
4221
4284
4222
4285
4223
4286
4224
4287
4225
4288
4226
4289
4227
4290
4228
4291
4229
4292
4230
4293
4231
4294
4232
4295
4233
4296
4234
4297
4235
4298
4236
4299
4237
4300
4238
4301
4239
4302
4240
4303
4241
4304
4242
4305
4243
4306
4244
4307
4245
4308
4246
4309
4247
4310
4248
4311
4249
4312
4250
4313
4251
4314
4252
4315
4253
4316
4254
4317
4255
4318
4256
4319
4257
4320
4258
4321
4259
4322
4260
4323
4261
4324
4262
4325
4263
4326
4264
4327
4265
4328
4266
4329
4267
4330
4268
4331
4269
4332
4270
4333
4271
4334
4272
4335
4273
4336
4274
4337
4275
4338
4339
5044
4277
4340
4278
4341
4279
4342
4280
4343
4281
4344
4282
4345
4283
4346
4284
4347
4285
4348
4286
4349
4287
4350
4288
4351
4289
4352
4290
4353
4291
4354
4292
4355
4293
4356
4294
4357
4295
4358
4296
4359
4297
4360
4298
4361
4299
4362
4300
4363
4301
4364
4302
4365
4303
4366
4304
4367
4305
4368
4306
4369
4307
4370
4308
4371
4309
4372
4310
4373
4311
4374
4312
4375
4313
4376
4314
4377
4315
4378
4316
4379
4317
4380
4318
4381
4319
4382
4320
4383
4321
4384
4322
4385
4323
4386
4324
4387
4325
4388
4326
4389
4327
4390
4328
4391
4329
4392
4330
4393
4331
4394
4332
4395
4333
4396
4334
4397
4335
4398
4336
4399
4337
4400
4338
4401
4339
4402
4403
5068
4341
4404
4342
4405
4343
4406
4344
4407
4345
4408
4346
4409
4347
4410
4348
4411
4349
4412
4350
4413
4351
4414
4352
4415
4353
4416
4354
4417
4355
4418
4356
4419
4357
4420
4358
4421
4359
4422
4360
4423
4361
4424
4362
4425
4363
4426
4364
4427
4365
4428
4366
4429
4367
4430
4368
4431
4369
4432
4370
4433
4371
4434
4372
4435
4373
4436
4374
4437
4375
4438
4376
4439
4377
4440
4378
4441
4379
4442
4380
4443
4381
4444
4382
4445
4383
4446
4384
4447
4385
4448
4386
4449
4387
4450
4388
4451
4389
4452
4390
4453
4391
4454
4392
4455
4393
4456
4394
4457
4395
4458
4396
4459
4397
4460
4398
4461
4399
4462
4400
4463
4401
4464
4402
4465
4403
4466
4467
5092
4405
4468
4406
4469
4407
4470
4408
4471
4409
4472
4410
4473
4411
4474
4412
4475
4413
4476
4414
4477
4415
4478
4416
4479
4417
4480
4418
4481
4419
4482
4420
4483
4421
4484
4422
4485
4423
4486
4424
4487
4425
4488
4426
4489
4427
4490
4428
4491
4429
4492
4430
4493
4431
4494
4432
4495
4433
4496
4434
4497
4435
4498
4436
4499
4437
4500
4438
4501
4439
4502
4440
4503
4441
4504
4442
4505
4443
4506
4444
4507
4445
4508
4446
4509
4447
4510
4448
4511
4449
4512
4450
4513
4451
4514
4452
4515
4453
4516
4454
4517
4455
4518
4456
4519
4457
4520
4458
4521
4459
4522
4460
4523
4461
4524
4462
4525
4463
4526
4464
4527
4465
4528
4466
4529
4467
4530
4531
5116
4469
4532
4470
4533
4471
4534
4472
4535
4473
4536
4474
4537
4475
4538
4476
4539
4477
4540
4478
4541
4479
4542
4480
4543
4481
4544
4482
4545
4483
4546
4484
4547
4485
4548
4486
4549
4487
4550
4488
4551
4489
4552
4490
4553
4491
4554
4492
4555
4493
4556
4494
4557
4495
4558
4496
4559
4497
4560
4498
4561
4499
4562
4500
4563
4501
4564
4502
4565
4503
4566
4504
4567
4505
4568
4506
4569
4507
4570
4508
4571
4509
4572
4510
4573
4511
4574
4512
4575
4513
4576
4514
4577
4515
4578
4516
4579
4517
4580
4518
4581
4519
4582
4520
4583
4521
4584
4522
4585
4523
4586
4524
4587
4525
4588
4526
4589
4527
4590
4528
4591
4529
4592
4530
4593
4531
4594
4595
5140
4533
4596
4534
4597
4535
4598
4536
4599
4537
4600
4538
4601
4539
4602
4540
4603
4541
4604
4542
4605
4543
4606
4544
4607
4545
4608
4546
4609
4547
4610
4548
4611
4549
4612
4550
4613
4551
4614
4552
4615
4553
4616
4554
4617
4555
4618
4556
4619
4557
4620
4558
4621
4559
4622
4560
4623
4561
4624
4562
4625
4563
4626
4564
4627
4565
4628
4566
4629
4567
4630
4568
4631
4569
4632
4570
4633
4571
4634
4572
4635
4573
4636
4574
4637
4575
4638
4576
4639
4577
4640
4578
4641
4579
4642
4580
4643
4581
4644
4582
4645
4583
4646
4584
4647
4585
4648
4586
4649
4587
4650
4588
4651
4589
4652
4590
4653
4591
4654
4592
4655
4593
4656
4594
4657
4595
4658
4659
5164
4597
4660
4598
4661
4599
4662
4600
4663
4601
4664
4602
4665
4603
4666
4604
4667
4605
4668
4606
4669
4607
4670
4608
4671
4609
4672
4610
4673
4611
4674
4612
4675
4613
4676
4614
4677
4615
4678
4616
4679
4617
4680
4618
4681
4619
4682
4620
4683
4621
4684
4622
4685
4623
4686
4624
4687
4625
4688
4626
4689
4627
4690
4628
4691
4629
4692
4630
4693
4631
4694
4632
4695
4633
4696
4634
4697
4635
4698
4636
4699
4637
4700
4638
4701
4639
4702
4640
4703
4641
4704
4642
4705
4643
4706
4644
4707
4645
4708
4646
4709
4647
4710
4648
4711
4649
4712
4650
4713
4651
4714
4652
4715
4653
4716
4654
4717
4655
4718
4656
4719
4657
4720
4658
4721
4659
4722
4723
5188
4661
4724
4662
4725
4663
4726
4664
4727
4665
4728
4666
4729
4667
4730
4668
4731
4669
4732
4670
4733
4671
4734
4672
4735
4673
4736
4674
4737
4675
4738
4676
4739
4677
4740
4678
4741
4679
4742
4680
4743
4681
4744
4682
4745
4683
4746
4684
4747
4685
4748
4686
4749
4687
4750
4688
4751
4689
4752
4690
4753
4691
4754
4692
4755
4693
4756
4694
4757
4695
4758
4696
4759
4697
4760
4698
4761
4699
4762
4700
4763
4701
4764
4702
4765
4703
4766
4704
4767
4705
4768
4706
4769
4707
4770
4708
4771
4709
4772
4710
4773
4711
4774
4712
4775
4713
4776
4714
4777
4715
4778
4716
4779
4717
4780
4718
4781
4719
4782
4720
4783
4721
4784
4722
4785
4723
4786
4787
5212
4725
4788
4726
4789
4727
4790
4728
4791
4729
4792
4730
4793
4731
4794
4732
4795
4733
4796
4734
4797
4735
4798
4736
4799
4737
4800
4738
4801
4739
4802
4740
4803
4741
4804
4742
4805
4743
4806
4744
4807
4745
4808
4746
4809
4747
4810
4748
4811
4749
4812
4750
4813
4751
4814
4752
4815
4753
4816
4754
4817
4755
4818
4756
4819
4757
4820
4758
4821
4759
4822
4760
4823
4761
4824
4762
4825
4763
4826
4764
4827
4765
4828
4766
4829
4767
4830
4768
4831
4769
4832
4770
4833
4771
4834
4772
4835
4773
4836
4774
4837
4775
4838
4776
4839
4777
4840
4778
4841
4779
4842
4780
4843
4781
4844
4782
4845
4783
4846
4784
4847
4785
4848
4786
4849
4787
4850
4851
5236
4789
9610
4790
9611
4791
9612
4792
9613
4793
9614
4794
9615
4795
9616
4796
9617
4797
9618
4798
9619
4799
9620
4800
9621
4801
9622
4802
9623
4803
9624
4804
9625
4805
9626
4806
9627
4807
9628
4808
9629
4809
9630
4810
9631
4811
9632
4812
9633
4813
9634
4814
9635
4815
9636
4816
9637
4817
9638
4818
9639
4819
9640
4820
9641
4821
9642
4822
9643
4823
9644
4824
9645
4825
9646
4826
9647
4827
9648
4828
9649
4829
9650
4830
9651
4831
9652
4832
9653
4833
9654
4834
9655
4835
9656
4836
9657
4837
9658
4838
9659
4839
9660
4840
9661
4841
9662
4842
9663
4843
9664
4844
9665
4845
9666
4846
9667
4847
9668
4848
9669
4849
9670
4850
9671
4851
9672
5260
9673
4853
4876
4854
4877
4855
4878
4856
4879
4857
4880
4858
4881
4859
4882
4860
4883
4861
4884
4862
4885
4863
4886
4864
4887
4865
4888
4866
4889
4867
4890
4868
4891
4869
4892
4870
4893
4871
4894
4872
4895
4873
4896
4874
4897
4875
4898
4899
5284
4877
4900
4878
4901
4879
4902
4880
4903
4881
4904
4882
4905
4883
4906
4884
4907
4885
4908
4886
4909
4887
4910
4888
4911
4889
4912
4890
4913
4891
4914
4892
4915
4893
4916
4894
4917
4895
4918
4896
4919
4897
4920
4898
4921
4899
4922
4923
5356
4901
4924
4902
4925
4903
4926
4904
4927
4905
4928
4906
4929
4907
4930
4908
4931
4909
4932
4910
4933
4911
4934
4912
4935
4913
4936
4914
4937
4915
4938
4916
4939
4917
4940
4918
4941
4919
4942
4920
4943
4921
4944
4922
4945
4923
4946
4947
5428
4925
4948
4926
4949
4927
4950
4928
4951
4929
4952
4930
4953
4931
4954
4932
4955
4933
4956
4934
4957
4935
4958
4936
4959
4937
4960
4938
4961
4939
4962
4940
4963
4941
4964
4942
4965
4943
4966
4944
4967
4945
4968
4946
4969
4947
4970
4971
5500
4949
4972
4950
4973
4951
4974
4952
4975
4953
4976
4954
4977
4955
4978
4956
4979
4957
4980
4958
4981
4959
4982
4960
4983
4961
4984
4962
4985
4963
4986
4964
4987
4965
4988
4966
4989
4967
4990
4968
4991
4969
4992
4970
4993
4971
4994
4995
5572
4973
4996
4974
4997
4975
4998
4976
4999
4977
5000
4978
5001
4979
5002
4980
5003
4981
5004
4982
5005
4983
5006
4984
5007
4985
5008
4986
5009
4987
5010
4988
5011
4989
5012
4990
5013
4991
5014
4992
5015
4993
5016
4994
5017
4995
5018
5019
5644
4997
5020
4998
5021
4999
5022
5000
5023
5001
5024
5002
5025
5003
5026
5004
5027
5005
5028
5006
5029
5007
5030
5008
5031
5009
5032
5010
5033
5011
5034
5012
5035
5013
5036
5014
5037
5015
5038
5016
5039
5017
5040
5018
5041
5019
5042
5043
5716
5021
5044
5022
5045
5023
5046
5024
5047
5025
5048
5026
5049
5027
5050
5028
5051
5029
5052
5030
5053
5031
5054
5032
5055
5033
5056
5034
5057
5035
5058
5036
5059
5037
5060
5038
5061
5039
5062
5040
5063
5041
5064
5042
5065
5043
5066
5067
5788
5045
5068
5046
5069
5047
5070
5048
5071
5049
5072
5050
5073
5051
5074
5052
5075
5053
5076
5054
5077
5055
5078
5056
5079
5057
5080
5058
5081
5059
5082
5060
5083
5061
5084
5062
5085
5063
5086
5064
5087
5065
5088
5066
5089
5067
5090
5091
5860
5069
5092
5070
5093
5071
5094
5072
5095
5073
5096
5074
5097
5075
5098
5076
5099
5077
5100
5078
5101
5079
5102
5080
5103
5081
5104
5082
5105
5083
5106
5084
5107
5085
5108
5086
5109
5087
5110
5088
5111
5089
5112
5090
5113
5091
5114
5115
5932
5093
5116
5094
5117
5095
5118
5096
5119
5097
5120
5098
5121
5099
5122
5100
5123
5101
5124
5102
5125
5103
5126
5104
5127
5105
5128
5106
5129
5107
5130
5108
5131
5109
5132
5110
5133
5111
5134
5112
5135
5113
5136
5114
5137
5115
5138
5139
6004
5117
5140
5118
5141
5119
5142
5120
5143
5121
5144
5122
5145
5123
5146
5124
5147
5125
5148
5126
5149
5127
5150
5128
5151
5129
5152
5130
5153
5131
5154
5132
5155
5133
5156
5134
5157
5135
5158
5136
5159
5137
5160
5138
5161
5139
5162
5163
6076
5141
5164
5142
5165
5143
5166
5144
5167
5145
5168
5146
5169
5147
5170
5148
5171
5149
5172
5150
5173
5151
5174
5152
5175
5153
5176
5154
5177
5155
5178
5156
5179
5157
5180
5158
5181
5159
5182
5160
5183
5161
5184
5162
5185
5163
5186
5187
6148
5165
5188
5166
5189
5167
5190
5168
5191
5169
5192
5170
5193
5171
5194
5172
5195
5173
5196
5174
5197
5175
5198
5176
5199
5177
5200
5178
5201
5179
5202
5180
5203
5181
5204
5182
5205
5183
5206
5184
5207
5185
5208
5186
5209
5187
5210
5211
6220
5189
5212
5190
5213
5191
5214
5192
5215
5193
5216
5194
5217
5195
5218
5196
5219
5197
5220
5198
5221
5199
5222
5200
5223
5201
5224
5202
5225
5203
5226
5204
5227
5205
5228
5206
5229
5207
5230
5208
5231
5209
5232
5210
5233
5211
5234
5235
6292
5213
5236
5214
5237
5215
5238
5216
5239
5217
5240
5218
5241
5219
5242
5220
5243
5221
5244
5222
5245
5223
5246
5224
5247
5225
5248
5226
5249
5227
5250
5228
5251
5229
5252
5230
5253
5231
5254
5232
5255
5233
5256
5234
5257
5235
5258
5259
6364
5237
5260
5238
5261
5239
5262
5240
5263
5241
5264
5242
5265
5243
5266
5244
5267
5245
5268
5246
5269
5247
5270
5248
5271
5249
5272
5250
5273
5251
5274
5252
5275
5253
5276
5254
5277
5255
5278
5256
5279
5257
5280
5258
5281
5259
5282
5283
6436
5261
11146
5262
11147
5263
11148
5264
11149
5265
11150
5266
11151
5267
11152
5268
11153
5269
11154
5270
11155
5271
11156
5272
11157
5273
11158
5274
11159
5275
11160
5276
11161
5277
11162
5278
11163
5279
11164
5280
11165
5281
11166
5282
11167
5283
11168
6508
11169
5285
5356
5286
5357
5287
5358
5288
5359
5289
5360
5290
5361
5291
5362
5292
5363
5293
5364
5294
5365
5295
5366
5296
5367
5297
5368
5298
5369
5299
5370
5300
5371
5301
5372
5302
5373
5303
5374
5304
5375
5305
5376
5306
5377
5307
5378
5308
5379
5309
5380
5310
5381
5311
5382
5312
5383
5313
5384
5314
5385
5315
5386
5316
5387
5317
5388
5318
5389
5319
5390
5320
5391
5321
5392
5322
5393
5323
5394
5324
5395
5325
5396
5326
5397
5327
5398
5328
5399
5329
5400
5330
5401
5331
5402
5332
5403
5333
5404
5334
5405
5335
5406
5336
5407
5337
5408
5338
5409
5339
5410
5340
5411
5341
5412
5342
5413
5343
5414
5344
5415
5345
5416
5346
5417
5347
5418
5348
5419
5349
5420
5350
5421
5351
5422
5352
5423
5353
5424
5354
5425
5355
5426
5427
6580
5357
5428
5358
5429
5359
5430
5360
5431
5361
5432
5362
5433
5363
5434
5364
5435
5365
5436
5366
5437
5367
5438
5368
5439
5369
5440
5370
5441
5371
5442
5372
5443
5373
5444
5374
5445
5375
5446
5376
5447
5377
5448
5378
5449
5379
5450
5380
5451
5381
5452
5382
5453
5383
5454
5384
5455
5385
5456
5386
5457
5387
5458
5388
5459
5389
5460
5390
5461
5391
5462
5392
5463
5393
5464
5394
5465
5395
5466
5396
5467
5397
5468
5398
5469
5399
5470
5400
5471
5401
5472
5402
5473
5403
5474
5404
5475
5405
5476
5406
5477
5407
5478
5408
5479
5409
5480
5410
5481
5411
5482
5412
5483
5413
5484
5414
5485
5415
5486
5416
5487
5417
5488
5418
5489
5419
5490
5420
5491
5421
5492
5422
5493
5423
5494
5424
5495
5425
5496
5426
5497
5427
5498
5499
6655
5429
5500
5430
5501
5431
5502
5432
5503
5433
5504
5434
5505
5435
5506
5436
5507
5437
5508
5438
5509
5439
5510
5440
5511
5441
5512
5442
5513
5443
5514
5444
5515
5445
5516
5446
5517
5447
5518
5448
5519
5449
5520
5450
5521
5451
5522
5452
5523
5453
5524
5454
5525
5455
5526
5456
5527
5457
5528
5458
5529
5459
5530
5460
5531
5461
5532
5462
5533
5463
5534
5464
5535
5465
5536
5466
5537
5467
5538
5468
5539
5469
5540
5470
5541
5471
5542
5472
5543
5473
5544
5474
5545
5475
5546
5476
5547
5477
5548
5478
5549
5479
5550
5480
5551
5481
5552
5482
5553
5483
5554
5484
5555
5485
5556
5486
5557
5487
5558
5488
5559
5489
5560
5490
5561
5491
5562
5492
5563
5493
5564
5494
5565
5495
5566
5496
5567
5497
5568
5498
5569
5499
5570
5571
6730
5501
5572
5502
5573
5503
5574
5504
5575
5505
5576
5506
5577
5507
5578
5508
5579
5509
5580
5510
5581
5511
5582
5512
5583
5513
5584
5514
5585
5515
5586
5516
5587
5517
5588
5518
5589
5519
5590
5520
5591
5521
5592
5522
5593
5523
5594
5524
5595
5525
5596
5526
5597
5527
5598
5528
5599
5529
5600
5530
5601
5531
5602
5532
5603
5533
5604
5534
5605
5535
5606
5536
5607
5537
5608
5538
5609
5539
5610
5540
5611
5541
5612
5542
5613
5543
5614
5544
5615
5545
5616
5546
5617
5547
5618
5548
5619
5549
5620
5550
5621
5551
5622
5552
5623
5553
5624
5554
5625
5555
5626
5556
5627
5557
5628
5558
5629
5559
5630
5560
5631
5561
5632
5562
5633
5563
5634
5564
5635
5565
5636
5566
5637
5567
5638
5568
5639
5569
5640
5570
5641
5571
5642
5643
6805
5573
5644
5574
5645
5575
5646
5576
5647
5577
5648
5578
5649
5579
5650
5580
5651
5581
5652
5582
5653
5583
5654
5584
5655
5585
5656
5586
5657
5587
5658
5588
5659
5589
5660
5590
5661
5591
5662
5592
5663
5593
5664
5594
5665
5595
5666
5596
5667
5597
5668
5598
5669
5599
5670
5600
5671
5601
5672
5602
5673
5603
5674
5604
5675
5605
5676
5606
5677
5607
5678
5608
5679
5609
5680
5610
5681
5611
5682
5612
5683
5613
5684
5614
5685
5615
5686
5616
5687
5617
5688
5618
5689
5619
5690
5620
5691
5621
5692
5622
5693
5623
5694
5624
5695
5625
5696
5626
5697
5627
5698
5628
5699
5629
5700
5630
5701
5631
5702
5632
5703
5633
5704
5634
5705
5635
5706
5636
5707
5637
5708
5638
5709
5639
5710
5640
5711
5641
5712
5642
5713
5643
5714
5715
6880
5645
5716
5646
5717
5647
5718
5648
5719
5649
5720
5650
5721
5651
5722
5652
5723
5653
5724
5654
5725
5655
5726
5656
5727
5657
5728
5658
5729
5659
5730
5660
5731
5661
5732
5662
5733
5663
5734
5664
5735
5665
5736
5666
5737
5667
5738
5668
5739
5669
5740
5670
5741
5671
5742
5672
5743
5673
5744
5674
5745
5675
5746
5676
5747
5677
5748
5678
5749
5679
5750
5680
5751
5681
5752
5682
5753
5683
5754
5684
5755
5685
5756
5686
5757
5687
5758
5688
5759
5689
5760
5690
5761
5691
5762
5692
5763
5693
5764
5694
5765
5695
5766
5696
5767
5697
5768
5698
5769
5699
5770
5700
5771
5701
5772
5702
5773
5703
5774
5704
5775
5705
5776
5706
5777
5707
5778
5708
5779
5709
5780
5710
5781
5711
5782
5712
5783
5713
5784
5714
5785
5715
5786
5787
6955
5717
5788
5718
5789
5719
5790
5720
5791
5721
5792
5722
5793
5723
5794
5724
5795
5725
5796
5726
5797
5727
5798
5728
5799
5729
5800
5730
5801
5731
5802
5732
5803
5733
5804
5734
5805
5735
5806
5736
5807
5737
5808
5738
5809
5739
5810
5740
5811
5741
5812
5742
5813
5743
5814
5744
5815
5745
5816
5746
5817
5747
5818
5748
5819
5749
5820
5750
5821
5751
5822
5752
5823
5753
5824
5754
5825
5755
5826
5756
5827
5757
5828
5758
5829
5759
5830
5760
5831
5761
5832
5762
5833
5763
5834
5764
5835
5765
5836
5766
5837
5767
5838
5768
5839
5769
5840
5770
5841
5771
5842
5772
5843
5773
5844
5774
5845
5775
5846
5776
5847
5777
5848
5778
5849
5779
5850
5780
5851
5781
5852
5782
5853
5783
5854
5784
5855
5785
5856
5786
5857
5787
5858
5859
7030
5789
5860
5790
5861
5791
5862
5792
5863
5793
5864
5794
5865
5795
5866
5796
5867
5797
5868
5798
5869
5799
5870
5800
5871
5801
5872
5802
5873
5803
5874
5804
5875
5805
5876
5806
5877
5807
5878
5808
5879
5809
5880
5810
5881
5811
5882
5812
5883
5813
5884
5814
5885
5815
5886
5816
5887
5817
5888
5818
5889
5819
5890
5820
5891
5821
5892
5822
5893
5823
5894
5824
5895
5825
5896
5826
5897
5827
5898
5828
5899
5829
5900
5830
5901
5831
5902
5832
5903
5833
5904
5834
5905
5835
5906
5836
5907
5837
5908
5838
5909
5839
5910
5840
5911
5841
5912
5842
5913
5843
5914
5844
5915
5845
5916
5846
5917
5847
5918
5848
5919
5849
5920
5850
5921
5851
5922
5852
5923
5853
5924
5854
5925
5855
5926
5856
5927
5857
5928
5858
5929
5859
5930
5931
7105
5861
5932
5862
5933
5863
5934
5864
5935
5865
5936
5866
5937
5867
5938
5868
5939
5869
5940
5870
5941
5871
5942
5872
5943
5873
5944
5874
5945
5875
5946
5876
5947
5877
5948
5878
5949
5879
5950
5880
5951
5881
5952
5882
5953
5883
5954
5884
5955
5885
5956
5886
5957
5887
5958
5888
5959
5889
5960
5890
5961
5891
5962
5892
5963
5893
5964
5894
5965
5895
5966
5896
5967
5897
5968
5898
5969
5899
5970
5900
5971
5901
5972
5902
5973
5903
5974
5904
5975
5905
5976
5906
5977
5907
5978
5908
5979
5909
5980
5910
5981
5911
5982
5912
5983
5913
5984
5914
5985
5915
5986
5916
5987
5917
5988
5918
5989
5919
5990
5920
5991
5921
5992
5922
5993
5923
5994
5924
5995
5925
5996
5926
5997
5927
5998
5928
5999
5929
6000
5930
6001
5931
6002
6003
7180
5933
6004
5934
6005
5935
6006
5936
6007
5937
6008
5938
6009
5939
6010
5940
6011
5941
6012
5942
6013
5943
6014
5944
6015
5945
6016
5946
6017
5947
6018
5948
6019
5949
6020
5950
6021
5951
6022
5952
6023
5953
6024
5954
6025
5955
6026
5956
6027
5957
6028
5958
6029
5959
6030
5960
6031
5961
6032
5962
6033
5963
6034
5964
6035
5965
6036
5966
6037
5967
6038
5968
6039
5969
6040
5970
6041
5971
6042
5972
6043
5973
6044
5974
6045
5975
6046
5976
6047
5977
6048
5978
6049
5979
6050
5980
6051
5981
6052
5982
6053
5983
6054
5984
6055
5985
6056
5986
6057
5987
6058
5988
6059
5989
6060
5990
6061
5991
6062
5992
6063
5993
6064
5994
6065
5995
6066
5996
6067
5997
6068
5998
6069
5999
6070
6000
6071
6001
6072
6002
6073
6003
6074
6075
7255
6005
6076
6006
6077
6007
6078
6008
6079
6009
6080
6010
6081
6011
6082
6012
6083
6013
6084
6014
6085
6015
6086
6016
6087
6017
6088
6018
6089
6019
6090
6020
6091
6021
6092
6022
6093
6023
6094
6024
6095
6025
6096
6026
6097
6027
6098
6028
6099
6029
6100
6030
6101
6031
6102
6032
6103
6033
6104
6034
6105
6035
6106
6036
6107
6037
6108
6038
6109
6039
6110
6040
6111
6041
6112
6042
6113
6043
6114
6044
6115
6045
6116
6046
6117
6047
6118
6048
6119
6049
6120
6050
6121
6051
6122
6052
6123
6053
6124
6054
6125
6055
6126
6056
6127
6057
6128
6058
6129
6059
6130
6060
6131
6061
6132
6062
6133
6063
6134
6064
6135
6065
6136
6066
6137
6067
6138
6068
6139
6069
6140
6070
6141
6071
6142
6072
6143
6073
6144
6074
6145
6075
6146
6147
7330
6077
6148
6078
6149
6079
6150
6080
6151
6081
6152
6082
6153
6083
6154
6084
6155
6085
6156
6086
6157
6087
6158
6088
6159
6089
6160
6090
6161
6091
6162
6092
6163
6093
6164
6094
6165
6095
6166
6096
6167
6097
6168
6098
6169
6099
6170
6100
6171
6101
6172
6102
6173
6103
6174
6104
6175
6105
6176
6106
6177
6107
6178
6108
6179
6109
6180
6110
6181
6111
6182
6112
6183
6113
6184
6114
6185
6115
6186
6116
6187
6117
6188
6118
6189
6119
6190
6120
6191
6121
6192
6122
6193
6123
6194
6124
6195
6125
6196
6126
6197
6127
6198
6128
6199
6129
6200
6130
6201
6131
6202
6132
6203
6133
6204
6134
6205
6135
6206
6136
6207
6137
6208
6138
6209
6139
6210
6140
6211
6141
6212
6142
6213
6143
6214
6144
6215
6145
6216
6146
6217
6147
6218
6219
7405
6149
6220
6150
6221
6151
6222
6152
6223
6153
6224
6154
6225
6155
6226
6156
6227
6157
6228
6158
6229
6159
6230
6160
6231
6161
6232
6162
6233
6163
6234
6164
6235
6165
6236
6166
6237
6167
6238
6168
6239
6169
6240
6170
6241
6171
6242
6172
6243
6173
6244
6174
6245
6175
6246
6176
6247
6177
6248
6178
6249
6179
6250
6180
6251
6181
6252
6182
6253
6183
6254
6184
6255
6185
6256
6186
6257
6187
6258
6188
6259
6189
6260
6190
6261
6191
6262
6192
6263
6193
6264
6194
6265
6195
6266
6196
6267
6197
6268
6198
6269
6199
6270
6200
6271
6201
6272
6202
6273
6203
6274
6204
6275
6205
6276
6206
6277
6207
6278
6208
6279
6209
6280
6210
6281
6211
6282
6212
6283
6213
6284
6214
6285
6215
6286
6216
6287
6217
6288
6218
6289
6219
6290
6291
7480
6221
6292
6222
6293
6223
6294
6224
6295
6225
6296
6226
6297
6227
6298
6228
6299
6229
6300
6230
6301
6231
6302
6232
6303
6233
6304
6234
6305
6235
6306
6236
6307
6237
6308
6238
6309
6239
6310
6240
6311
6241
6312
6242
6313
6243
6314
6244
6315
6245
6316
6246
6317
6247
6318
6248
6319
6249
6320
6250
6321
6251
6322
6252
6323
6253
6324
6254
6325
6255
6326
6256
6327
6257
6328
6258
6329
6259
6330
6260
6331
6261
6332
6262
6333
6263
6334
6264
6335
6265
6336
6266
6337
6267
6338
6268
6339
6269
6340
6270
6341
6271
6342
6272
6343
6273
6344
6274
6345
6275
6346
6276
6347
6277
6348
6278
6349
6279
6350
6280
6351
6281
6352
6282
6353
6283
6354
6284
6355
6285
6356
6286
6357
6287
6358
6288
6359
6289
6360
6290
6361
6291
6362
6363
7555
6293
6364
6294
6365
6295
6366
6296
6367
6297
6368
6298
6369
6299
6370
6300
6371
6301
6372
6302
6373
6303
6374
6304
6375
6305
6376
6306
6377
6307
6378
6308
6379
6309
6380
6310
6381
6311
6382
6312
6383
6313
6384
6314
6385
6315
6386
6316
6387
6317
6388
6318
6389
6319
6390
6320
6391
6321
6392
6322
6393
6323
6394
6324
6395
6325
6396
6326
6397
6327
6398
6328
6399
6329
6400
6330
6401
6331
6402
6332
6403
6333
6404
6334
6405
6335
6406
6336
6407
6337
6408
6338
6409
6339
6410
6340
6411
6341
6412
6342
6413
6343
6414
6344
6415
6345
6416
6346
6417
6347
6418
6348
6419
6349
6420
6350
6421
6351
6422
6352
6423
6353
6424
6354
6425
6355
6426
6356
6427
6357
6428
6358
6429
6359
6430
6360
6431
6361
6432
6362
6433
6363
6434
6435
7630
6365
6436
6366
6437
6367
6438
6368
6439
6369
6440
6370
6441
6371
6442
6372
6443
6373
6444
6374
6445
6375
6446
6376
6447
6377
6448
6378
6449
6379
6450
6380
6451
6381
6452
6382
6453
6383
6454
6384
6455
6385
6456
6386
6457
6387
6458
6388
6459
6389
6460
6390
6461
6391
6462
6392
6463
6393
6464
6394
6465
6395
6466
6396
6467
6397
6468
6398
6469
6399
6470
6400
6471
6401
6472
6402
6473
6403
6474
6404
6475
6405
6476
6406
6477
6407
6478
6408
6479
6409
6480
6410
6481
6411
6482
6412
6483
6413
6484
6414
6485
6415
6486
6416
6487
6417
6488
6418
6489
6419
6490
6420
6491
6421
6492
6422
6493
6423
6494
6424
6495
6425
6496
6426
6497
6427
6498
6428
6499
6429
6500
6430
6501
6431
6502
6432
6503
6433
6504
6434
6505
6435
6506
6507
7705
6437
6508
6438
6509
6439
6510
6440
6511
6441
6512
6442
6513
6443
6514
6444
6515
6445
6516
6446
6517
6447
6518
6448
6519
6449
6520
6450
6521
6451
6522
6452
6523
6453
6524
6454
6525
6455
6526
6456
6527
6457
6528
6458
6529
6459
6530
6460
6531
6461
6532
6462
6533
6463
6534
6464
6535
6465
6536
6466
6537
6467
6538
6468
6539
6469
6540
6470
6541
6471
6542
6472
6543
6473
6544
6474
6545
6475
6546
6476
6547
6477
6548
6478
6549
6479
6550
6480
6551
6481
6552
6482
6553
6483
6554
6484
6555
6485
6556
6486
6557
6487
6558
6488
6559
6489
6560
6490
6561
6491
6562
6492
6563
6493
6564
6494
6565
6495
6566
6496
6567
6497
6568
6498
6569
6499
6570
6500
6571
6501
6572
6502
6573
6503
6574
6504
6575
6505
6576
6506
6577
6507
6578
6579
7780
6509
11722
6510
11723
6511
11724
6512
11725
6513
11726
6514
11727
6515
11728
6516
11729
6517
11730
6518
11731
6519
11732
6520
11733
6521
11734
6522
11735
6523
11736
6524
11737
6525
11738
6526
11739
6527
11740
6528
11741
6529
11742
6530
11743
6531
11744
6532
11745
6533
11746
6534
11747
6535
11748
6536
11749
6537
11750
6538
11751
6539
11752
6540
11753
6541
11754
6542
11755
6543
11756
6544
11757
6545
11758
6546
11759
6547
11760
6548
11761
6549
11762
6550
11763
6551
11764
6552
11765
6553
11766
6554
11767
6555
11768
6556
11769
6557
11770
6558
11771
6559
11772
6560
11773
6561
11774
6562
11775
6563
11776
6564
11777
6565
11778
6566
11779
6567
11780
6568
11781
6569
11782
6570
11783
6571
11784
6572
11785
6573
11786
6574
11787
6575
11788
6576
11789
6577
11790
6578
11791
6579
11792
7855
11793
6581
6655
6582
6656
6583
6657
6584
6658
6585
6659
6586
6660
6587
6661
6588
6662
6589
6663
6590
6664
6591
6665
6592
6666
6593
6667
6594
6668
6595
6669
6596
6670
6597
6671
6598
6672
6599
6673
6600
6674
6601
6675
6602
6676
6603
6677
6604
6678
6605
6679
6606
6680
6607
6681
6608
6682
6609
6683
6610
6684
6611
6685
6612
6686
6613
6687
6614
6688
6615
6689
6616
6690
6617
6691
6618
6692
6619
6693
6620
6694
6621
6695
6622
6696
6623
6697
6624
6698
6625
6699
6626
6700
6627
6701
6628
6702
6629
6703
6630
6704
6631
6705
6632
6706
6633
6707
6634
6708
6635
6709
6636
6710
6637
6711
6638
6712
6639
6713
6640
6714
6641
6715
6642
6716
6643
6717
6644
6718
6645
6719
6646
6720
6647
6721
6648
6722
6649
6723
6650
6724
6651
6725
6652
6726
6653
6727
6654
6728
6729
6656
6730
6657
6731
6658
6732
6659
6733
6660
6734
6661
6735
6662
6736
6663
6737
6664
6738
6665
6739
6666
6740
6667
6741
6668
6742
6669
6743
6670
6744
6671
6745
6672
6746
6673
6747
6674
6748
6675
6749
6676
6750
6677
6751
6678
6752
6679
6753
6680
6754
6681
6755
6682
6756
6683
6757
6684
6758
6685
6759
6686
6760
6687
6761
6688
6762
6689
6763
6690
6764
6691
6765
6692
6766
6693
6767
6694
6768
6695
6769
6696
6770
6697
6771
6698
6772
6699
6773
6700
6774
6701
6775
6702
6776
6703
6777
6704
6778
6705
6779
6706
6780
6707
6781
6708
6782
6709
6783
6710
6784
6711
6785
6712
6786
6713
6787
6714
6788
6715
6789
6716
6790
6717
6791
6718
6792
6719
6793
6720
6794
6721
6795
6722
6796
6723
6797
6724
6798
6725
6799
6726
6800
6727
6801
6728
6802
6729
6803
6804
6731
6805
6732
6806
6733
6807
6734
6808
6735
6809
6736
6810
6737
6811
6738
6812
6739
6813
6740
6814
6741
6815
6742
6816
6743
6817
6744
6818
6745
6819
6746
6820
6747
6821
6748
6822
6749
6823
6750
6824
6751
6825
6752
6826
6753
6827
6754
6828
6755
6829
6756
6830
6757
6831
6758
6832
6759
6833
6760
6834
6761
6835
6762
6836
6763
6837
6764
6838
6765
6839
6766
6840
6767
6841
6768
6842
6769
6843
6770
6844
6771
6845
6772
6846
6773
6847
6774
6848
6775
6849
6776
6850
6777
6851
6778
6852
6779
6853
6780
6854
6781
6855
6782
6856
6783
6857
6784
6858
6785
6859
6786
6860
6787
6861
6788
6862
6789
6863
6790
6864
6791
6865
6792
6866
6793
6867
6794
6868
6795
6869
6796
6870
6797
6871
6798
6872
6799
6873
6800
6874
6801
6875
6802
6876
6803
6877
6804
6878
6879
6806
6880
6807
6881
6808
6882
6809
6883
6810
6884
6811
6885
6812
6886
6813
6887
6814
6888
6815
6889
6816
6890
6817
6891
6818
6892
6819
6893
6820
6894
6821
6895
6822
6896
6823
6897
6824
6898
6825
6899
6826
6900
6827
6901
6828
6902
6829
6903
6830
6904
6831
6905
6832
6906
6833
6907
6834
6908
6835
6909
6836
6910
6837
6911
6838
6912
6839
6913
6840
6914
6841
6915
6842
6916
6843
6917
6844
6918
6845
6919
6846
6920
6847
6921
6848
6922
6849
6923
6850
6924
6851
6925
6852
6926
6853
6927
6854
6928
6855
6929
6856
6930
6857
6931
6858
6932
6859
6933
6860
6934
6861
6935
6862
6936
6863
6937
6864
6938
6865
6939
6866
6940
6867
6941
6868
6942
6869
6943
6870
6944
6871
6945
6872
6946
6873
6947
6874
6948
6875
6949
6876
6950
6877
6951
6878
6952
6879
6953
6954
6881
6955
6882
6956
6883
6957
6884
6958
6885
6959
6886
6960
6887
6961
6888
6962
6889
6963
6890
6964
6891
6965
6892
6966
6893
6967
6894
6968
6895
6969
6896
6970
6897
6971
6898
6972
6899
6973
6900
6974
6901
6975
6902
6976
6903
6977
6904
6978
6905
6979
6906
6980
6907
6981
6908
6982
6909
6983
6910
6984
6911
6985
6912
6986
6913
6987
6914
6988
6915
6989
6916
6990
6917
6991
6918
6992
6919
6993
6920
6994
6921
6995
6922
6996
6923
6997
6924
6998
6925
6999
6926
7000
6927
7001
6928
7002
6929
7003
6930
7004
6931
7005
6932
7006
6933
7007
6934
7008
6935
7009
6936
7010
6937
7011
6938
7012
6939
7013
6940
7014
6941
7015
6942
7016
6943
7017
6944
7018
6945
7019
6946
7020
6947
7021
6948
7022
6949
7023
6950
7024
6951
7025
6952
7026
6953
7027
6954
7028
7029
6956
7030
6957
7031
6958
7032
6959
7033
6960
7034
6961
7035
6962
7036
6963
7037
6964
7038
6965
7039
6966
7040
6967
7041
6968
7042
6969
7043
6970
7044
6971
7045
6972
7046
6973
7047
6974
7048
6975
7049
6976
7050
6977
7051
6978
7052
6979
7053
6980
7054
6981
7055
6982
7056
6983
7057
6984
7058
6985
7059
6986
7060
6987
7061
6988
7062
6989
7063
6990
7064
6991
7065
6992
7066
6993
7067
6994
7068
6995
7069
6996
7070
6997
7071
6998
7072
6999
7073
7000
7074
7001
7075
7002
7076
7003
7077
7004
7078
7005
7079
7006
7080
7007
7081
7008
7082
7009
7083
7010
7084
7011
7085
7012
7086
7013
7087
7014
7088
7015
7089
7016
7090
7017
7091
7018
7092
7019
7093
7020
7094
7021
7095
7022
7096
7023
7097
7024
7098
7025
7099
7026
7100
7027
7101
7028
7102
7029
7103
7104
7031
7105
7032
7106
7033
7107
7034
7108
7035
7109
7036
7110
7037
7111
7038
7112
7039
7113
7040
7114
7041
7115
7042
7116
7043
7117
7044
7118
7045
7119
7046
7120
7047
7121
7048
7122
7049
7123
7050
7124
7051
7125
7052
7126
7053
7127
7054
7128
7055
7129
7056
7130
7057
7131
7058
7132
7059
7133
7060
7134
7061
7135
7062
7136
7063
7137
7064
7138
7065
7139
7066
7140
7067
7141
7068
7142
7069
7143
7070
7144
7071
7145
7072
7146
7073
7147
7074
7148
7075
7149
7076
7150
7077
7151
7078
7152
7079
7153
7080
7154
7081
7155
7082
7156
7083
7157
7084
7158
7085
7159
7086
7160
7087
7161
7088
7162
7089
7163
7090
7164
7091
7165
7092
7166
7093
7167
7094
7168
7095
7169
7096
7170
7097
7171
7098
7172
7099
7173
7100
7174
7101
7175
7102
7176
7103
7177
7104
7178
7179
7106
7180
7107
7181
7108
7182
7109
7183
7110
7184
7111
7185
7112
7186
7113
7187
7114
7188
7115
7189
7116
7190
7117
7191
7118
7192
7119
7193
7120
7194
7121
7195
7122
7196
7123
7197
7124
7198
7125
7199
7126
7200
7127
7201
7128
7202
7129
7203
7130
7204
7131
7205
7132
7206
7133
7207
7134
7208
7135
7209
7136
7210
7137
7211
7138
7212
7139
7213
7140
7214
7141
7215
7142
7216
7143
7217
7144
7218
7145
7219
7146
7220
7147
7221
7148
7222
7149
7223
7150
7224
7151
7225
7152
7226
7153
7227
7154
7228
7155
7229
7156
7230
7157
7231
7158
7232
7159
7233
7160
7234
7161
7235
7162
7236
7163
7237
7164
7238
7165
7239
7166
7240
7167
7241
7168
7242
7169
7243
7170
7244
7171
7245
7172
7246
7173
7247
7174
7248
7175
7249
7176
7250
7177
7251
7178
7252
7179
7253
7254
7181
7255
7182
7256
7183
7257
7184
7258
7185
7259
7186
7260
7187
7261
7188
7262
7189
7263
7190
7264
7191
7265
7192
7266
7193
7267
7194
7268
7195
7269
7196
7270
7197
7271
7198
7272
7199
7273
7200
7274
7201
7275
7202
7276
7203
7277
7204
7278
7205
7279
7206
7280
7207
7281
7208
7282
7209
7283
7210
7284
7211
7285
7212
7286
7213
7287
7214
7288
7215
7289
7216
7290
7217
7291
7218
7292
7219
7293
7220
7294
7221
7295
7222
7296
7223
7297
7224
7298
7225
7299
7226
7300
7227
7301
7228
7302
7229
7303
7230
7304
7231
7305
7232
7306
7233
7307
7234
7308
7235
7309
7236
7310
7237
7311
7238
7312
7239
7313
7240
7314
7241
7315
7242
7316
7243
7317
7244
7318
7245
7319
7246
7320
7247
7321
7248
7322
7249
7323
7250
7324
7251
7325
7252
7326
7253
7327
7254
7328
7329
7256
7330
7257
7331
7258
7332
7259
7333
7260
7334
7261
7335
7262
7336
7263
7337
7264
7338
7265
7339
7266
7340
7267
7341
7268
7342
7269
7343
7270
7344
7271
7345
7272
7346
7273
7347
7274
7348
7275
7349
7276
7350
7277
7351
7278
7352
7279
7353
7280
7354
7281
7355
7282
7356
7283
7357
7284
7358
7285
7359
7286
7360
7287
7361
7288
7362
7289
7363
7290
7364
7291
7365
7292
7366
7293
7367
7294
7368
7295
7369
7296
7370
7297
7371
7298
7372
7299
7373
7300
7374
7301
7375
7302
7376
7303
7377
7304
7378
7305
7379
7306
7380
7307
7381
7308
7382
7309
7383
7310
7384
7311
7385
7312
7386
7313
7387
7314
7388
7315
7389
7316
7390
7317
7391
7318
7392
7319
7393
7320
7394
7321
7395
7322
7396
7323
7397
7324
7398
7325
7399
7326
7400
7327
7401
7328
7402
7329
7403
7404
7331
7405
7332
7406
7333
7407
7334
7408
7335
7409
7336
7410
7337
7411
7338
7412
7339
7413
7340
7414
7341
7415
7342
7416
7343
7417
7344
7418
7345
7419
7346
7420
7347
7421
7348
7422
7349
7423
7350
7424
7351
7425
7352
7426
7353
7427
7354
7428
7355
7429
7356
7430
7357
7431
7358
7432
7359
7433
7360
7434
7361
7435
7362
7436
7363
7437
7364
7438
7365
7439
7366
7440
7367
7441
7368
7442
7369
7443
7370
7444
7371
7445
7372
7446
7373
7447
7374
7448
7375
7449
7376
7450
7377
7451
7378
7452
7379
7453
7380
7454
7381
7455
7382
7456
7383
7457
7384
7458
7385
7459
7386
7460
7387
7461
7388
7462
7389
7463
7390
7464
7391
7465
7392
7466
7393
7467
7394
7468
7395
7469
7396
7470
7397
7471
7398
7472
7399
7473
7400
7474
7401
7475
7402
7476
7403
7477
7404
7478
7479
7406
7480
7407
7481
7408
7482
7409
7483
7410
7484
7411
7485
7412
7486
7413
7487
7414
7488
7415
7489
7416
7490
7417
7491
7418
7492
7419
7493
7420
7494
7421
7495
7422
7496
7423
7497
7424
7498
7425
7499
7426
7500
7427
7501
7428
7502
7429
7503
7430
7504
7431
7505
7432
7506
7433
7507
7434
7508
7435
7509
7436
7510
7437
7511
7438
7512
7439
7513
7440
7514
7441
7515
7442
7516
7443
7517
7444
7518
7445
7519
7446
7520
7447
7521
7448
7522
7449
7523
7450
7524
7451
7525
7452
7526
7453
7527
7454
7528
7455
7529
7456
7530
7457
7531
7458
7532
7459
7533
7460
7534
7461
7535
7462
7536
7463
7537
7464
7538
7465
7539
7466
7540
7467
7541
7468
7542
7469
7543
7470
7544
7471
7545
7472
7546
7473
7547
7474
7548
7475
7549
7476
7550
7477
7551
7478
7552
7479
7553
7554
7481
7555
7482
7556
7483
7557
7484
7558
7485
7559
7486
7560
7487
7561
7488
7562
7489
7563
7490
7564
7491
7565
7492
7566
7493
7567
7494
7568
7495
7569
7496
7570
7497
7571
7498
7572
7499
7573
7500
7574
7501
7575
7502
7576
7503
7577
7504
7578
7505
7579
7506
7580
7507
7581
7508
7582
7509
7583
7510
7584
7511
7585
7512
7586
7513
7587
7514
7588
7515
7589
7516
7590
7517
7591
7518
7592
7519
7593
7520
7594
7521
7595
7522
7596
7523
7597
7524
7598
7525
7599
7526
7600
7527
7601
7528
7602
7529
7603
7530
7604
7531
7605
7532
7606
7533
7607
7534
7608
7535
7609
7536
7610
7537
7611
7538
7612
7539
7613
7540
7614
7541
7615
7542
7616
7543
7617
7544
7618
7545
7619
7546
7620
7547
7621
7548
7622
7549
7623
7550
7624
7551
7625
7552
7626
7553
7627
7554
7628
7629
7556
7630
7557
7631
7558
7632
7559
7633
7560
7634
7561
7635
7562
7636
7563
7637
7564
7638
7565
7639
7566
7640
7567
7641
7568
7642
7569
7643
7570
7644
7571
7645
7572
7646
7573
7647
7574
7648
7575
7649
7576
7650
7577
7651
7578
7652
7579
7653
7580
7654
7581
7655
7582
7656
7583
7657
7584
7658
7585
7659
7586
7660
7587
7661
7588
7662
7589
7663
7590
7664
7591
7665
7592
7666
7593
7667
7594
7668
7595
7669
7596
7670
7597
7671
7598
7672
7599
7673
7600
7674
7601
7675
7602
7676
7603
7677
7604
7678
7605
7679
7606
7680
7607
7681
7608
7682
7609
7683
7610
7684
7611
7685
7612
7686
7613
7687
7614
7688
7615
7689
7616
7690
7617
7691
7618
7692
7619
7693
7620
7694
7621
7695
7622
7696
7623
7697
7624
7698
7625
7699
7626
7700
7627
7701
7628
7702
7629
7703
7704
7631
7705
7632
7706
7633
7707
7634
7708
7635
7709
7636
7710
7637
7711
7638
7712
7639
7713
7640
7714
7641
7715
7642
7716
7643
7717
7644
7718
7645
7719
7646
7720
7647
7721
7648
7722
7649
7723
7650
7724
7651
7725
7652
7726
7653
7727
7654
7728
7655
7729
7656
7730
7657
7731
7658
7732
7659
7733
7660
7734
7661
7735
7662
7736
7663
7737
7664
7738
7665
7739
7666
7740
7667
7741
7668
7742
7669
7743
7670
7744
7671
7745
7672
7746
7673
7747
7674
7748
7675
7749
7676
7750
7677
7751
7678
7752
7679
7753
7680
7754
7681
7755
7682
7756
7683
7757
7684
7758
7685
7759
7686
7760
7687
7761
7688
7762
7689
7763
7690
7764
7691
7765
7692
7766
7693
7767
7694
7768
7695
7769
7696
7770
7697
7771
7698
7772
7699
7773
7700
7774
7701
7775
7702
7776
7703
7777
7704
7778
7779
7706
7780
7707
7781
7708
7782
7709
7783
7710
7784
7711
7785
7712
7786
7713
7787
7714
7788
7715
7789
7716
7790
7717
7791
7718
7792
7719
7793
7720
7794
7721
7795
7722
7796
7723
7797
7724
7798
7725
7799
7726
7800
7727
7801
7728
7802
7729
7803
7730
7804
7731
7805
7732
7806
7733
7807
7734
7808
7735
7809
7736
7810
7737
7811
7738
7812
7739
7813
7740
7814
7741
7815
7742
7816
7743
7817
7744
7818
7745
7819
7746
7820
7747
7821
7748
7822
7749
7823
7750
7824
7751
7825
7752
7826
7753
7827
7754
7828
7755
7829
7756
7830
7757
7831
7758
7832
7759
7833
7760
7834
7761
7835
7762
7836
7763
7837
7764
7838
7765
7839
7766
7840
7767
7841
7768
7842
7769
7843
7770
7844
7771
7845
7772
7846
7773
7847
7774
7848
7775
7849
7776
7850
7777
7851
7778
7852
7779
7853
7854
7781
7855
7782
7856
7783
7857
7784
7858
7785
7859
7786
7860
7787
7861
7788
7862
7789
7863
7790
7864
7791
7865
7792
7866
7793
7867
7794
7868
7795
7869
7796
7870
7797
7871
7798
7872
7799
7873
7800
7874
7801
7875
7802
7876
7803
7877
7804
7878
7805
7879
7806
7880
7807
7881
7808
7882
7809
7883
7810
7884
7811
7885
7812
7886
7813
7887
7814
7888
7815
7889
7816
7890
7817
7891
7818
7892
7819
7893
7820
7894
7821
7895
7822
7896
7823
7897
7824
7898
7825
7899
7826
7900
7827
7901
7828
7902
7829
7903
7830
7904
7831
7905
7832
7906
7833
7907
7834
7908
7835
7909
7836
7910
7837
7911
7838
7912
7839
7913
7840
7914
7841
7915
7842
7916
7843
7917
7844
7918
7845
7919
7846
7920
7847
7921
7848
7922
7849
7923
7850
7924
7851
7925
7852
7926
7853
7927
7854
7928
7929
7856
13450
7857
13451
7858
13452
7859
13453
7860
13454
7861
13455
7862
13456
7863
13457
7864
13458
7865
13459
7866
13460
7867
13461
7868
13462
7869
13463
7870
13464
7871
13465
7872
13466
7873
13467
7874
13468
7875
13469
7876
13470
7877
13471
7878
13472
7879
13473
7880
13474
7881
13475
7882
13476
7883
13477
7884
13478
7885
13479
7886
13480
7887
13481
7888
13482
7889
13483
7890
13484
7891
13485
7892
13486
7893
13487
7894
13488
7895
13489
7896
13490
7897
13491
7898
13492
7899
13493
7900
13494
7901
13495
7902
13496
7903
13497
7904
13498
7905
13499
7906
13500
7907
13501
7908
13502
7909
13503
7910
13504
7911
13505
7912
13506
7913
13507
7914
13508
7915
13509
7916
13510
7917
13511
7918
13512
7919
13513
7920
13514
7921
13515
7922
13516
7923
13517
7924
13518
7925
13519
7926
13520
7927
13521
7928
13522
7929
13523
13524
7931
8000
7932
8001
7933
8002
7934
8003
7935
8004
7936
8005
7937
8006
7938
8007
7939
8008
7940
8009
7941
8010
7942
8011
7943
8012
7944
8013
7945
8014
7946
8015
7947
8016
7948
8017
7949
8018
7950
8019
7951
8020
7952
8021
7953
8022
7954
8023
7955
8024
7956
8025
7957
8026
7958
8027
7959
8028
7960
8029
7961
8030
7962
8031
7963
8032
7964
8033
7965
8034
7966
8035
7967
8036
7968
8037
7969
8038
7970
8039
7971
8040
7972
8041
7973
8042
7974
8043
7975
8044
7976
8045
7977
8046
7978
8047
7979
8048
7980
8049
7981
8050
7982
8051
7983
8052
7984
8053
7985
8054
7986
8055
7987
8056
7988
8057
7989
8058
7990
8059
7991
8060
7992
8061
7993
8062
7994
8063
7995
8064
7996
8065
7997
8066
7998
8067
7999
8068
8069
9610
8001
8070
8002
8071
8003
8072
8004
8073
8005
8074
8006
8075
8007
8076
8008
8077
8009
8078
8010
8079
8011
8080
8012
8081
8013
8082
8014
8083
8015
8084
8016
8085
8017
8086
8018
8087
8019
8088
8020
8089
8021
8090
8022
8091
8023
8092
8024
8093
8025
8094
8026
8095
8027
8096
8028
8097
8029
8098
8030
8099
8031
8100
8032
8101
8033
8102
8034
8103
8035
8104
8036
8105
8037
8106
8038
8107
8039
8108
8040
8109
8041
8110
8042
8111
8043
8112
8044
8113
8045
8114
8046
8115
8047
8116
8048
8117
8049
8118
8050
8119
8051
8120
8052
8121
8053
8122
8054
8123
8055
8124
8056
8125
8057
8126
8058
8127
8059
8128
8060
8129
8061
8130
8062
8131
8063
8132
8064
8133
8065
8134
8066
8135
8067
8136
8068
8137
8069
8138
8139
9674
8071
8140
8072
8141
8073
8142
8074
8143
8075
8144
8076
8145
8077
8146
8078
8147
8079
8148
8080
8149
8081
8150
8082
8151
8083
8152
8084
8153
8085
8154
8086
8155
8087
8156
8088
8157
8089
8158
8090
8159
8091
8160
8092
8161
8093
8162
8094
8163
8095
8164
8096
8165
8097
8166
8098
8167
8099
8168
8100
8169
8101
8170
8102
8171
8103
8172
8104
8173
8105
8174
8106
8175
8107
8176
8108
8177
8109
8178
8110
8179
8111
8180
8112
8181
8113
8182
8114
8183
8115
8184
8116
8185
8117
8186
8118
8187
8119
8188
8120
8189
8121
8190
8122
8191
8123
8192
8124
8193
8125
8194
8126
8195
8127
8196
8128
8197
8129
8198
8130
8199
8131
8200
8132
8201
8133
8202
8134
8203
8135
8204
8136
8205
8137
8206
8138
8207
8139
8208
8209
9738
8141
8210
8142
8211
8143
8212
8144
8213
8145
8214
8146
8215
8147
8216
8148
8217
8149
8218
8150
8219
8151
8220
8152
8221
8153
8222
8154
8223
8155
8224
8156
8225
8157
8226
8158
8227
8159
8228
8160
8229
8161
8230
8162
8231
8163
8232
8164
8233
8165
8234
8166
8235
8167
8236
8168
8237
8169
8238
8170
8239
8171
8240
8172
8241
8173
8242
8174
8243
8175
8244
8176
8245
8177
8246
8178
8247
8179
8248
8180
8249
8181
8250
8182
8251
8183
8252
8184
8253
8185
8254
8186
8255
8187
8256
8188
8257
8189
8258
8190
8259
8191
8260
8192
8261
8193
8262
8194
8263
8195
8264
8196
8265
8197
8266
8198
8267
8199
8268
8200
8269
8201
8270
8202
8271
8203
8272
8204
8273
8205
8274
8206
8275
8207
8276
8208
8277
8209
8278
8279
9802
8211
8280
8212
8281
8213
8282
8214
8283
8215
8284
8216
8285
8217
8286
8218
8287
8219
8288
8220
8289
8221
8290
8222
8291
8223
8292
8224
8293
8225
8294
8226
8295
8227
8296
8228
8297
8229
8298
8230
8299
8231
8300
8232
8301
8233
8302
8234
8303
8235
8304
8236
8305
8237
8306
8238
8307
8239
8308
8240
8309
8241
8310
8242
8311
8243
8312
8244
8313
8245
8314
8246
8315
8247
8316
8248
8317
8249
8318
8250
8319
8251
8320
8252
8321
8253
8322
8254
8323
8255
8324
8256
8325
8257
8326
8258
8327
8259
8328
8260
8329
8261
8330
8262
8331
8263
8332
8264
8333
8265
8334
8266
8335
8267
8336
8268
8337
8269
8338
8270
8339
8271
8340
8272
8341
8273
8342
8274
8343
8275
8344
8276
8345
8277
8346
8278
8347
8279
8348
8349
9866
8281
8350
8282
8351
8283
8352
8284
8353
8285
8354
8286
8355
8287
8356
8288
8357
8289
8358
8290
8359
8291
8360
8292
8361
8293
8362
8294
8363
8295
8364
8296
8365
8297
8366
8298
8367
8299
8368
8300
8369
8301
8370
8302
8371
8303
8372
8304
8373
8305
8374
8306
8375
8307
8376
8308
8377
8309
8378
8310
8379
8311
8380
8312
8381
8313
8382
8314
8383
8315
8384
8316
8385
8317
8386
8318
8387
8319
8388
8320
8389
8321
8390
8322
8391
8323
8392
8324
8393
8325
8394
8326
8395
8327
8396
8328
8397
8329
8398
8330
8399
8331
8400
8332
8401
8333
8402
8334
8403
8335
8404
8336
8405
8337
8406
8338
8407
8339
8408
8340
8409
8341
8410
8342
8411
8343
8412
8344
8413
8345
8414
8346
8415
8347
8416
8348
8417
8349
8418
8419
9930
8351
8420
8352
8421
8353
8422
8354
8423
8355
8424
8356
8425
8357
8426
8358
8427
8359
8428
8360
8429
8361
8430
8362
8431
8363
8432
8364
8433
8365
8434
8366
8435
8367
8436
8368
8437
8369
8438
8370
8439
8371
8440
8372
8441
8373
8442
8374
8443
8375
8444
8376
8445
8377
8446
8378
8447
8379
8448
8380
8449
8381
8450
8382
8451
8383
8452
8384
8453
8385
8454
8386
8455
8387
8456
8388
8457
8389
8458
8390
8459
8391
8460
8392
8461
8393
8462
8394
8463
8395
8464
8396
8465
8397
8466
8398
8467
8399
8468
8400
8469
8401
8470
8402
8471
8403
8472
8404
8473
8405
8474
8406
8475
8407
8476
8408
8477
8409
8478
8410
8479
8411
8480
8412
8481
8413
8482
8414
8483
8415
8484
8416
8485
8417
8486
8418
8487
8419
8488
8489
9994
8421
8490
8422
8491
8423
8492
8424
8493
8425
8494
8426
8495
8427
8496
8428
8497
8429
8498
8430
8499
8431
8500
8432
8501
8433
8502
8434
8503
8435
8504
8436
8505
8437
8506
8438
8507
8439
8508
8440
8509
8441
8510
8442
8511
8443
8512
8444
8513
8445
8514
8446
8515
8447
8516
8448
8517
8449
8518
8450
8519
8451
8520
8452
8521
8453
8522
8454
8523
8455
8524
8456
8525
8457
8526
8458
8527
8459
8528
8460
8529
8461
8530
8462
8531
8463
8532
8464
8533
8465
8534
8466
8535
8467
8536
8468
8537
8469
8538
8470
8539
8471
8540
8472
8541
8473
8542
8474
8543
8475
8544
8476
8545
8477
8546
8478
8547
8479
8548
8480
8549
8481
8550
8482
8551
8483
8552
8484
8553
8485
8554
8486
8555
8487
8556
8488
8557
8489
8558
8559
10058
8491
8560
8492
8561
8493
8562
8494
8563
8495
8564
8496
8565
8497
8566
8498
8567
8499
8568
8500
8569
8501
8570
8502
8571
8503
8572
8504
8573
8505
8574
8506
8575
8507
8576
8508
8577
8509
8578
8510
8579
8511
8580
8512
8581
8513
8582
8514
8583
8515
8584
8516
8585
8517
8586
8518
8587
8519
8588
8520
8589
8521
8590
8522
8591
8523
8592
8524
8593
8525
8594
8526
8595
8527
8596
8528
8597
8529
8598
8530
8599
8531
8600
8532
8601
8533
8602
8534
8603
8535
8604
8536
8605
8537
8606
8538
8607
8539
8608
8540
8609
8541
8610
8542
8611
8543
8612
8544
8613
8545
8614
8546
8615
8547
8616
8548
8617
8549
8618
8550
8619
8551
8620
8552
8621
8553
8622
8554
8623
8555
8624
8556
8625
8557
8626
8558
8627
8559
8628
8629
10122
8561
8630
8562
8631
8563
8632
8564
8633
8565
8634
8566
8635
8567
8636
8568
8637
8569
8638
8570
8639
8571
8640
8572
8641
8573
8642
8574
8643
8575
8644
8576
8645
8577
8646
8578
8647
8579
8648
8580
8649
8581
8650
8582
8651
8583
8652
8584
8653
8585
8654
8586
8655
8587
8656
8588
8657
8589
8658
8590
8659
8591
8660
8592
8661
8593
8662
8594
8663
8595
8664
8596
8665
8597
8666
8598
8667
8599
8668
8600
8669
8601
8670
8602
8671
8603
8672
8604
8673
8605
8674
8606
8675
8607
8676
8608
8677
8609
8678
8610
8679
8611
8680
8612
8681
8613
8682
8614
8683
8615
8684
8616
8685
8617
8686
8618
8687
8619
8688
8620
8689
8621
8690
8622
8691
8623
8692
8624
8693
8625
8694
8626
8695
8627
8696
8628
8697
8629
8698
8699
10186
8631
8700
8632
8701
8633
8702
8634
8703
8635
8704
8636
8705
8637
8706
8638
8707
8639
8708
8640
8709
8641
8710
8642
8711
8643
8712
8644
8713
8645
8714
8646
8715
8647
8716
8648
8717
8649
8718
8650
8719
8651
8720
8652
8721
8653
8722
8654
8723
8655
8724
8656
8725
8657
8726
8658
8727
8659
8728
8660
8729
8661
8730
8662
8731
8663
8732
8664
8733
8665
8734
8666
8735
8667
8736
8668
8737
8669
8738
8670
8739
8671
8740
8672
8741
8673
8742
8674
8743
8675
8744
8676
8745
8677
8746
8678
8747
8679
8748
8680
8749
8681
8750
8682
8751
8683
8752
8684
8753
8685
8754
8686
8755
8687
8756
8688
8757
8689
8758
8690
8759
8691
8760
8692
8761
8693
8762
8694
8763
8695
8764
8696
8765
8697
8766
8698
8767
8699
8768
8769
10250
8701
8770
8702
8771
8703
8772
8704
8773
8705
8774
8706
8775
8707
8776
8708
8777
8709
8778
8710
8779
8711
8780
8712
8781
8713
8782
8714
8783
8715
8784
8716
8785
8717
8786
8718
8787
8719
8788
8720
8789
8721
8790
8722
8791
8723
8792
8724
8793
8725
8794
8726
8795
8727
8796
8728
8797
8729
8798
8730
8799
8731
8800
8732
8801
8733
8802
8734
8803
8735
8804
8736
8805
8737
8806
8738
8807
8739
8808
8740
8809
8741
8810
8742
8811
8743
8812
8744
8813
8745
8814
8746
8815
8747
8816
8748
8817
8749
8818
8750
8819
8751
8820
8752
8821
8753
8822
8754
8823
8755
8824
8756
8825
8757
8826
8758
8827
8759
8828
8760
8829
8761
8830
8762
8831
8763
8832
8764
8833
8765
8834
8766
8835
8767
8836
8768
8837
8769
8838
8839
10314
8771
8840
8772
8841
8773
8842
8774
8843
8775
8844
8776
8845
8777
8846
8778
8847
8779
8848
8780
8849
8781
8850
8782
8851
8783
8852
8784
8853
8785
8854
8786
8855
8787
8856
8788
8857
8789
8858
8790
8859
8791
8860
8792
8861
8793
8862
8794
8863
8795
8864
8796
8865
8797
8866
8798
8867
8799
8868
8800
8869
8801
8870
8802
8871
8803
8872
8804
8873
8805
8874
8806
8875
8807
8876
8808
8877
8809
8878
8810
8879
8811
8880
8812
8881
8813
8882
8814
8883
8815
8884
8816
8885
8817
8886
8818
8887
8819
8888
8820
8889
8821
8890
8822
8891
8823
8892
8824
8893
8825
8894
8826
8895
8827
8896
8828
8897
8829
8898
8830
8899
8831
8900
8832
8901
8833
8902
8834
8903
8835
8904
8836
8905
8837
8906
8838
8907
8839
8908
8909
10378
8841
8910
8842
8911
8843
8912
8844
8913
8845
8914
8846
8915
8847
8916
8848
8917
8849
8918
8850
8919
8851
8920
8852
8921
8853
8922
8854
8923
8855
8924
8856
8925
8857
8926
8858
8927
8859
8928
8860
8929
8861
8930
8862
8931
8863
8932
8864
8933
8865
8934
8866
8935
8867
8936
8868
8937
8869
8938
8870
8939
8871
8940
8872
8941
8873
8942
8874
8943
8875
8944
8876
8945
8877
8946
8878
8947
8879
8948
8880
8949
8881
8950
8882
8951
8883
8952
8884
8953
8885
8954
8886
8955
8887
8956
8888
8957
8889
8958
8890
8959
8891
8960
8892
8961
8893
8962
8894
8963
8895
8964
8896
8965
8897
8966
8898
8967
8899
8968
8900
8969
8901
8970
8902
8971
8903
8972
8904
8973
8905
8974
8906
8975
8907
8976
8908
8977
8909
8978
8979
10442
8911
8980
8912
8981
8913
8982
8914
8983
8915
8984
8916
8985
8917
8986
8918
8987
8919
8988
8920
8989
8921
8990
8922
8991
8923
8992
8924
8993
8925
8994
8926
8995
8927
8996
8928
8997
8929
8998
8930
8999
8931
9000
8932
9001
8933
9002
8934
9003
8935
9004
8936
9005
8937
9006
8938
9007
8939
9008
8940
9009
8941
9010
8942
9011
8943
9012
8944
9013
8945
9014
8946
9015
8947
9016
8948
9017
8949
9018
8950
9019
8951
9020
8952
9021
8953
9022
8954
9023
8955
9024
8956
9025
8957
9026
8958
9027
8959
9028
8960
9029
8961
9030
8962
9031
8963
9032
8964
9033
8965
9034
8966
9035
8967
9036
8968
9037
8969
9038
8970
9039
8971
9040
8972
9041
8973
9042
8974
9043
8975
9044
8976
9045
8977
9046
8978
9047
8979
9048
9049
10506
8981
9050
8982
9051
8983
9052
8984
9053
8985
9054
8986
9055
8987
9056
8988
9057
8989
9058
8990
9059
8991
9060
8992
9061
8993
9062
8994
9063
8995
9064
8996
9065
8997
9066
8998
9067
8999
9068
9000
9069
9001
9070
9002
9071
9003
9072
9004
9073
9005
9074
9006
9075
9007
9076
9008
9077
9009
9078
9010
9079
9011
9080
9012
9081
9013
9082
9014
9083
9015
9084
9016
9085
9017
9086
9018
9087
9019
9088
9020
9089
9021
9090
9022
9091
9023
9092
9024
9093
9025
9094
9026
9095
9027
9096
9028
9097
9029
9098
9030
9099
9031
9100
9032
9101
9033
9102
9034
9103
9035
9104
9036
9105
9037
9106
9038
9107
9039
9108
9040
9109
9041
9110
9042
9111
9043
9112
9044
9113
9045
9114
9046
9115
9047
9116
9048
9117
9049
9118
9119
10570
9051
9120
9052
9121
9053
9122
9054
9123
9055
9124
9056
9125
9057
9126
9058
9127
9059
9128
9060
9129
9061
9130
9062
9131
9063
9132
9064
9133
9065
9134
9066
9135
9067
9136
9068
9137
9069
9138
9070
9139
9071
9140
9072
9141
9073
9142
9074
9143
9075
9144
9076
9145
9077
9146
9078
9147
9079
9148
9080
9149
9081
9150
9082
9151
9083
9152
9084
9153
9085
9154
9086
9155
9087
9156
9088
9157
9089
9158
9090
9159
9091
9160
9092
9161
9093
9162
9094
9163
9095
9164
9096
9165
9097
9166
9098
9167
9099
9168
9100
9169
9101
9170
9102
9171
9103
9172
9104
9173
9105
9174
9106
9175
9107
9176
9108
9177
9109
9178
9110
9179
9111
9180
9112
9181
9113
9182
9114
9183
9115
9184
9116
9185
9117
9186
9118
9187
9119
9188
9189
10634
9121
9190
9122
9191
9123
9192
9124
9193
9125
9194
9126
9195
9127
9196
9128
9197
9129
9198
9130
9199
9131
9200
9132
9201
9133
9202
9134
9203
9135
9204
9136
9205
9137
9206
9138
9207
9139
9208
9140
9209
9141
9210
9142
9211
9143
9212
9144
9213
9145
9214
9146
9215
9147
9216
9148
9217
9149
9218
9150
9219
9151
9220
9152
9221
9153
9222
9154
9223
9155
9224
9156
9225
9157
9226
9158
9227
9159
9228
9160
9229
9161
9230
9162
9231
9163
9232
9164
9233
9165
9234
9166
9235
9167
9236
9168
9237
9169
9238
9170
9239
9171
9240
9172
9241
9173
9242
9174
9243
9175
9244
9176
9245
9177
9246
9178
9247
9179
9248
9180
9249
9181
9250
9182
9251
9183
9252
9184
9253
9185
9254
9186
9255
9187
9256
9188
9257
9189
9258
9259
10698
9191
9260
9192
9261
9193
9262
9194
9263
9195
9264
9196
9265
9197
9266
9198
9267
9199
9268
9200
9269
9201
9270
9202
9271
9203
9272
9204
9273
9205
9274
9206
9275
9207
9276
9208
9277
9209
9278
9210
9279
9211
9280
9212
9281
9213
9282
9214
9283
9215
9284
9216
9285
9217
9286
9218
9287
9219
9288
9220
9289
9221
9290
9222
9291
9223
9292
9224
9293
9225
9294
9226
9295
9227
9296
9228
9297
9229
9298
9230
9299
9231
9300
9232
9301
9233
9302
9234
9303
9235
9304
9236
9305
9237
9306
9238
9307
9239
9308
9240
9309
9241
9310
9242
9311
9243
9312
9244
9313
9245
9314
9246
9315
9247
9316
9248
9317
9249
9318
9250
9319
9251
9320
9252
9321
9253
9322
9254
9323
9255
9324
9256
9325
9257
9326
9258
9327
9259
9328
9329
10762
9261
9330
9262
9331
9263
9332
9264
9333
9265
9334
9266
9335
9267
9336
9268
9337
9269
9338
9270
9339
9271
9340
9272
9341
9273
9342
9274
9343
9275
9344
9276
9345
9277
9346
9278
9347
9279
9348
9280
9349
9281
9350
9282
9351
9283
9352
9284
9353
9285
9354
9286
9355
9287
9356
9288
9357
9289
9358
9290
9359
9291
9360
9292
9361
9293
9362
9294
9363
9295
9364
9296
9365
9297
9366
9298
9367
9299
9368
9300
9369
9301
9370
9302
9371
9303
9372
9304
9373
9305
9374
9306
9375
9307
9376
9308
9377
9309
9378
9310
9379
9311
9380
9312
9381
9313
9382
9314
9383
9315
9384
9316
9385
9317
9386
9318
9387
9319
9388
9320
9389
9321
9390
9322
9391
9323
9392
9324
9393
9325
9394
9326
9395
9327
9396
9328
9397
9329
9398
9399
10826
9331
9400
9332
9401
9333
9402
9334
9403
9335
9404
9336
9405
9337
9406
9338
9407
9339
9408
9340
9409
9341
9410
9342
9411
9343
9412
9344
9413
9345
9414
9346
9415
9347
9416
9348
9417
9349
9418
9350
9419
9351
9420
9352
9421
9353
9422
9354
9423
9355
9424
9356
9425
9357
9426
9358
9427
9359
9428
9360
9429
9361
9430
9362
9431
9363
9432
9364
9433
9365
9434
9366
9435
9367
9436
9368
9437
9369
9438
9370
9439
9371
9440
9372
9441
9373
9442
9374
9443
9375
9444
9376
9445
9377
9446
9378
9447
9379
9448
9380
9449
9381
9450
9382
9451
9383
9452
9384
9453
9385
9454
9386
9455
9387
9456
9388
9457
9389
9458
9390
9459
9391
9460
9392
9461
9393
9462
9394
9463
9395
9464
9396
9465
9397
9466
9398
9467
9399
9468
9469
10890
9401
9470
9402
9471
9403
9472
9404
9473
9405
9474
9406
9475
9407
9476
9408
9477
9409
9478
9410
9479
9411
9480
9412
9481
9413
9482
9414
9483
9415
9484
9416
9485
9417
9486
9418
9487
9419
9488
9420
9489
9421
9490
9422
9491
9423
9492
9424
9493
9425
9494
9426
9495
9427
9496
9428
9497
9429
9498
9430
9499
9431
9500
9432
9501
9433
9502
9434
9503
9435
9504
9436
9505
9437
9506
9438
9507
9439
9508
9440
9509
9441
9510
9442
9511
9443
9512
9444
9513
9445
9514
9446
9515
9447
9516
9448
9517
9449
9518
9450
9519
9451
9520
9452
9521
9453
9522
9454
9523
9455
9524
9456
9525
9457
9526
9458
9527
9459
9528
9460
9529
9461
9530
9462
9531
9463
9532
9464
9533
9465
9534
9466
9535
9467
9536
9468
9537
9469
9538
9539
10954
9471
9540
9472
9541
9473
9542
9474
9543
9475
9544
9476
9545
9477
9546
9478
9547
9479
9548
9480
9549
9481
9550
9482
9551
9483
9552
9484
9553
9485
9554
9486
9555
9487
9556
9488
9557
9489
9558
9490
9559
9491
9560
9492
9561
9493
9562
9494
9563
9495
9564
9496
9565
9497
9566
9498
9567
9499
9568
9500
9569
9501
9570
9502
9571
9503
9572
9504
9573
9505
9574
9506
9575
9507
9576
9508
9577
9509
9578
9510
9579
9511
9580
9512
9581
9513
9582
9514
9583
9515
9584
9516
9585
9517
9586
9518
9587
9519
9588
9520
9589
9521
9590
9522
9591
9523
9592
9524
9593
9525
9594
9526
9595
9527
9596
9528
9597
9529
9598
9530
9599
9531
9600
9532
9601
9533
9602
9534
9603
9535
9604
9536
9605
9537
9606
9538
9607
9539
9608
9609
11018
9541
15250
9542
15251
9543
15252
9544
15253
9545
15254
9546
15255
9547
15256
9548
15257
9549
15258
9550
15259
9551
15260
9552
15261
9553
15262
9554
15263
9555
15264
9556
15265
9557
15266
9558
15267
9559
15268
9560
15269
9561
15270
9562
15271
9563
15272
9564
15273
9565
15274
9566
15275
9567
15276
9568
15277
9569
15278
9570
15279
9571
15280
9572
15281
9573
15282
9574
15283
9575
15284
9576
15285
9577
15286
9578
15287
9579
15288
9580
15289
9581
15290
9582
15291
9583
15292
9584
15293
9585
15294
9586
15295
9587
15296
9588
15297
9589
15298
9590
15299
9591
15300
9592
15301
9593
15302
9594
15303
9595
15304
9596
15305
9597
15306
9598
15307
9599
15308
9600
15309
9601
15310
9602
15311
9603
15312
9604
15313
9605
15314
9606
15315
9607
15316
9608
15317
9609
15318
11082
15319
9611
9674
9612
9675
9613
9676
9614
9677
9615
9678
9616
9679
9617
9680
9618
9681
9619
9682
9620
9683
9621
9684
9622
9685
9623
9686
9624
9687
9625
9688
9626
9689
9627
9690
9628
9691
9629
9692
9630
9693
9631
9694
9632
9695
9633
9696
9634
9697
9635
9698
9636
9699
9637
9700
9638
9701
9639
9702
9640
9703
9641
9704
9642
9705
9643
9706
9644
9707
9645
9708
9646
9709
9647
9710
9648
9711
9649
9712
9650
9713
9651
9714
9652
9715
9653
9716
9654
9717
9655
9718
9656
9719
9657
9720
9658
9721
9659
9722
9660
9723
9661
9724
9662
9725
9663
9726
9664
9727
9665
9728
9666
9729
9667
9730
9668
9731
9669
9732
9670
9733
9671
9734
9672
9735
9673
9736
9737
11146
9675
9738
9676
9739
9677
9740
9678
9741
9679
9742
9680
9743
9681
9744
9682
9745
9683
9746
9684
9747
9685
9748
9686
9749
9687
9750
9688
9751
9689
9752
9690
9753
9691
9754
9692
9755
9693
9756
9694
9757
9695
9758
9696
9759
9697
9760
9698
9761
9699
9762
9700
9763
9701
9764
9702
9765
9703
9766
9704
9767
9705
9768
9706
9769
9707
9770
9708
9771
9709
9772
9710
9773
9711
9774
9712
9775
9713
9776
9714
9777
9715
9778
9716
9779
9717
9780
9718
9781
9719
9782
9720
9783
9721
9784
9722
9785
9723
9786
9724
9787
9725
9788
9726
9789
9727
9790
9728
9791
9729
9792
9730
9793
9731
9794
9732
9795
9733
9796
9734
9797
9735
9798
9736
9799
9737
9800
9801
11170
9739
9802
9740
9803
9741
9804
9742
9805
9743
9806
9744
9807
9745
9808
9746
9809
9747
9810
9748
9811
9749
9812
9750
9813
9751
9814
9752
9815
9753
9816
9754
9817
9755
9818
9756
9819
9757
9820
9758
9821
9759
9822
9760
9823
9761
9824
9762
9825
9763
9826
9764
9827
9765
9828
9766
9829
9767
9830
9768
9831
9769
9832
9770
9833
9771
9834
9772
9835
9773
9836
9774
9837
9775
9838
9776
9839
9777
9840
9778
9841
9779
9842
9780
9843
9781
9844
9782
9845
9783
9846
9784
9847
9785
9848
9786
9849
9787
9850
9788
9851
9789
9852
9790
9853
9791
9854
9792
9855
9793
9856
9794
9857
9795
9858
9796
9859
9797
9860
9798
9861
9799
9862
9800
9863
9801
9864
9865
11194
9803
9866
9804
9867
9805
9868
9806
9869
9807
9870
9808
9871
9809
9872
9810
9873
9811
9874
9812
9875
9813
9876
9814
9877
9815
9878
9816
9879
9817
9880
9818
9881
9819
9882
9820
9883
9821
9884
9822
9885
9823
9886
9824
9887
9825
9888
9826
9889
9827
9890
9828
9891
9829
9892
9830
9893
9831
9894
9832
9895
9833
9896
9834
9897
9835
9898
9836
9899
9837
9900
9838
9901
9839
9902
9840
9903
9841
9904
9842
9905
9843
9906
9844
9907
9845
9908
9846
9909
9847
9910
9848
9911
9849
9912
9850
9913
9851
9914
9852
9915
9853
9916
9854
9917
9855
9918
9856
9919
9857
9920
9858
9921
9859
9922
9860
9923
9861
9924
9862
9925
9863
9926
9864
9927
9865
9928
9929
11218
9867
9930
9868
9931
9869
9932
9870
9933
9871
9934
9872
9935
9873
9936
9874
9937
9875
9938
9876
9939
9877
9940
9878
9941
9879
9942
9880
9943
9881
9944
9882
9945
9883
9946
9884
9947
9885
9948
9886
9949
9887
9950
9888
9951
9889
9952
9890
9953
9891
9954
9892
9955
9893
9956
9894
9957
9895
9958
9896
9959
9897
9960
9898
9961
9899
9962
9900
9963
9901
9964
9902
9965
9903
9966
9904
9967
9905
9968
9906
9969
9907
9970
9908
9971
9909
9972
9910
9973
9911
9974
9912
9975
9913
9976
9914
9977
9915
9978
9916
9979
9917
9980
9918
9981
9919
9982
9920
9983
9921
9984
9922
9985
9923
9986
9924
9987
9925
9988
9926
9989
9927
9990
9928
9991
9929
9992
9993
11242
9931
9994
9932
9995
9933
9996
9934
9997
9935
9998
9936
9999
9937
10000
9938
10001
9939
10002
9940
10003
9941
10004
9942
10005
9943
10006
9944
10007
9945
10008
9946
10009
9947
10010
9948
10011
9949
10012
9950
10013
9951
10014
9952
10015
9953
10016
9954
10017
9955
10018
9956
10019
9957
10020
9958
10021
9959
10022
9960
10023
9961
10024
9962
10025
9963
10026
9964
10027
9965
10028
9966
10029
9967
10030
9968
10031
9969
10032
9970
10033
9971
10034
9972
10035
9973
10036
9974
10037
9975
10038
9976
10039
9977
10040
9978
10041
9979
10042
9980
10043
9981
10044
9982
10045
9983
10046
9984
10047
9985
10048
9986
10049
9987
10050
9988
10051
9989
10052
9990
10053
9991
10054
9992
10055
9993
10056
10057
11266
9995
10058
9996
10059
9997
10060
9998
10061
9999
10062
10000
10063
10001
10064
10002
10065
10003
10066
10004
10067
10005
10068
10006
10069
10007
10070
10008
10071
10009
10072
10010
10073
10011
10074
10012
10075
10013
10076
10014
10077
10015
10078
10016
10079
10017
10080
10018
10081
10019
10082
10020
10083
10021
10084
10022
10085
10023
10086
10024
10087
10025
10088
10026
10089
10027
10090
10028
10091
10029
10092
10030
10093
10031
10094
10032
10095
10033
10096
10034
10097
10035
10098
10036
10099
10037
10100
10038
10101
10039
10102
10040
10103
10041
10104
10042
10105
10043
10106
10044
10107
10045
10108
10046
10109
10047
10110
10048
10111
10049
10112
10050
10113
10051
10114
10052
10115
10053
10116
10054
10117
10055
10118
10056
10119
10057
10120
10121
11290
10059
10122
10060
10123
10061
10124
10062
10125
10063
10126
10064
10127
10065
10128
10066
10129
10067
10130
10068
10131
10069
10132
10070
10133
10071
10134
10072
10135
10073
10136
10074
10137
10075
10138
10076
10139
10077
10140
10078
10141
10079
10142
10080
10143
10081
10144
10082
10145
10083
10146
10084
10147
10085
10148
10086
10149
10087
10150
10088
10151
10089
10152
10090
10153
10091
10154
10092
10155
10093
10156
10094
10157
10095
10158
10096
10159
10097
10160
10098
10161
10099
10162
10100
10163
10101
10164
10102
10165
10103
10166
10104
10167
10105
10168
10106
10169
10107
10170
10108
10171
10109
10172
10110
10173
10111
10174
10112
10175
10113
10176
10114
10177
10115
10178
10116
10179
10117
10180
10118
10181
10119
10182
10120
10183
10121
10184
10185
11314
10123
10186
10124
10187
10125
10188
10126
10189
10127
10190
10128
10191
10129
10192
10130
10193
10131
10194
10132
10195
10133
10196
10134
10197
10135
10198
10136
10199
10137
10200
10138
10201
10139
10202
10140
10203
10141
10204
10142
10205
10143
10206
10144
10207
10145
10208
10146
10209
10147
10210
10148
10211
10149
10212
10150
10213
10151
10214
10152
10215
10153
10216
10154
10217
10155
10218
10156
10219
10157
10220
10158
10221
10159
10222
10160
10223
10161
10224
10162
10225
10163
10226
10164
10227
10165
10228
10166
10229
10167
10230
10168
10231
10169
10232
10170
10233
10171
10234
10172
10235
10173
10236
10174
10237
10175
10238
10176
10239
10177
10240
10178
10241
10179
10242
10180
10243
10181
10244
10182
10245
10183
10246
10184
10247
10185
10248
10249
11338
10187
10250
10188
10251
10189
10252
10190
10253
10191
10254
10192
10255
10193
10256
10194
10257
10195
10258
10196
10259
10197
10260
10198
10261
10199
10262
10200
10263
10201
10264
10202
10265
10203
10266
10204
10267
10205
10268
10206
10269
10207
10270
10208
10271
10209
10272
10210
10273
10211
10274
10212
10275
10213
10276
10214
10277
10215
10278
10216
10279
10217
10280
10218
10281
10219
10282
10220
10283
10221
10284
10222
10285
10223
10286
10224
10287
10225
10288
10226
10289
10227
10290
10228
10291
10229
10292
10230
10293
10231
10294
10232
10295
10233
10296
10234
10297
10235
10298
10236
10299
10237
10300
10238
10301
10239
10302
10240
10303
10241
10304
10242
10305
10243
10306
10244
10307
10245
10308
10246
10309
10247
10310
10248
10311
10249
10312
10313
11362
10251
10314
10252
10315
10253
10316
10254
10317
10255
10318
10256
10319
10257
10320
10258
10321
10259
10322
10260
10323
10261
10324
10262
10325
10263
10326
10264
10327
10265
10328
10266
10329
10267
10330
10268
10331
10269
10332
10270
10333
10271
10334
10272
10335
10273
10336
10274
10337
10275
10338
10276
10339
10277
10340
10278
10341
10279
10342
10280
10343
10281
10344
10282
10345
10283
10346
10284
10347
10285
10348
10286
10349
10287
10350
10288
10351
10289
10352
10290
10353
10291
10354
10292
10355
10293
10356
10294
10357
10295
10358
10296
10359
10297
10360
10298
10361
10299
10362
10300
10363
10301
10364
10302
10365
10303
10366
10304
10367
10305
10368
10306
10369
10307
10370
10308
10371
10309
10372
10310
10373
10311
10374
10312
10375
10313
10376
10377
11386
10315
10378
10316
10379
10317
10380
10318
10381
10319
10382
10320
10383
10321
10384
10322
10385
10323
10386
10324
10387
10325
10388
10326
10389
10327
10390
10328
10391
10329
10392
10330
10393
10331
10394
10332
10395
10333
10396
10334
10397
10335
10398
10336
10399
10337
10400
10338
10401
10339
10402
10340
10403
10341
10404
10342
10405
10343
10406
10344
10407
10345
10408
10346
10409
10347
10410
10348
10411
10349
10412
10350
10413
10351
10414
10352
10415
10353
10416
10354
10417
10355
10418
10356
10419
10357
10420
10358
10421
10359
10422
10360
10423
10361
10424
10362
10425
10363
10426
10364
10427
10365
10428
10366
10429
10367
10430
10368
10431
10369
10432
10370
10433
10371
10434
10372
10435
10373
10436
10374
10437
10375
10438
10376
10439
10377
10440
10441
11410
10379
10442
10380
10443
10381
10444
10382
10445
10383
10446
10384
10447
10385
10448
10386
10449
10387
10450
10388
10451
10389
10452
10390
10453
10391
10454
10392
10455
10393
10456
10394
10457
10395
10458
10396
10459
10397
10460
10398
10461
10399
10462
10400
10463
10401
10464
10402
10465
10403
10466
10404
10467
10405
10468
10406
10469
10407
10470
10408
10471
10409
10472
10410
10473
10411
10474
10412
10475
10413
10476
10414
10477
10415
10478
10416
10479
10417
10480
10418
10481
10419
10482
10420
10483
10421
10484
10422
10485
10423
10486
10424
10487
10425
10488
10426
10489
10427
10490
10428
10491
10429
10492
10430
10493
10431
10494
10432
10495
10433
10496
10434
10497
10435
10498
10436
10499
10437
10500
10438
10501
10439
10502
10440
10503
10441
10504
10505
11434
10443
10506
10444
10507
10445
10508
10446
10509
10447
10510
10448
10511
10449
10512
10450
10513
10451
10514
10452
10515
10453
10516
10454
10517
10455
10518
10456
10519
10457
10520
10458
10521
10459
10522
10460
10523
10461
10524
10462
10525
10463
10526
10464
10527
10465
10528
10466
10529
10467
10530
10468
10531
10469
10532
10470
10533
10471
10534
10472
10535
10473
10536
10474
10537
10475
10538
10476
10539
10477
10540
10478
10541
10479
10542
10480
10543
10481
10544
10482
10545
10483
10546
10484
10547
10485
10548
10486
10549
10487
10550
10488
10551
10489
10552
10490
10553
10491
10554
10492
10555
10493
10556
10494
10557
10495
10558
10496
10559
10497
10560
10498
10561
10499
10562
10500
10563
10501
10564
10502
10565
10503
10566
10504
10567
10505
10568
10569
11458
10507
10570
10508
10571
10509
10572
10510
10573
10511
10574
10512
10575
10513
10576
10514
10577
10515
10578
10516
10579
10517
10580
10518
10581
10519
10582
10520
10583
10521
10584
10522
10585
10523
10586
10524
10587
10525
10588
10526
10589
10527
10590
10528
10591
10529
10592
10530
10593
10531
10594
10532
10595
10533
10596
10534
10597
10535
10598
10536
10599
10537
10600
10538
10601
10539
10602
10540
10603
10541
10604
10542
10605
10543
10606
10544
10607
10545
10608
10546
10609
10547
10610
10548
10611
10549
10612
10550
10613
10551
10614
10552
10615
10553
10616
10554
10617
10555
10618
10556
10619
10557
10620
10558
10621
10559
10622
10560
10623
10561
10624
10562
10625
10563
10626
10564
10627
10565
10628
10566
10629
10567
10630
10568
10631
10569
10632
10633
11482
10571
10634
10572
10635
10573
10636
10574
10637
10575
10638
10576
10639
10577
10640
10578
10641
10579
10642
10580
10643
10581
10644
10582
10645
10583
10646
10584
10647
10585
10648
10586
10649
10587
10650
10588
10651
10589
10652
10590
10653
10591
10654
10592
10655
10593
10656
10594
10657
10595
10658
10596
10659
10597
10660
10598
10661
10599
10662
10600
10663
10601
10664
10602
10665
10603
10666
10604
10667
10605
10668
10606
10669
10607
10670
10608
10671
10609
10672
10610
10673
10611
10674
10612
10675
10613
10676
10614
10677
10615
10678
10616
10679
10617
10680
10618
10681
10619
10682
10620
10683
10621
10684
10622
10685
10623
10686
10624
10687
10625
10688
10626
10689
10627
10690
10628
10691
10629
10692
10630
10693
10631
10694
10632
10695
10633
10696
10697
11506
10635
10698
10636
10699
10637
10700
10638
10701
10639
10702
10640
10703
10641
10704
10642
10705
10643
10706
10644
10707
10645
10708
10646
10709
10647
10710
10648
10711
10649
10712
10650
10713
10651
10714
10652
10715
10653
10716
10654
10717
10655
10718
10656
10719
10657
10720
10658
10721
10659
10722
10660
10723
10661
10724
10662
10725
10663
10726
10664
10727
10665
10728
10666
10729
10667
10730
10668
10731
10669
10732
10670
10733
10671
10734
10672
10735
10673
10736
10674
10737
10675
10738
10676
10739
10677
10740
10678
10741
10679
10742
10680
10743
10681
10744
10682
10745
10683
10746
10684
10747
10685
10748
10686
10749
10687
10750
10688
10751
10689
10752
10690
10753
10691
10754
10692
10755
10693
10756
10694
10757
10695
10758
10696
10759
10697
10760
10761
11530
10699
10762
10700
10763
10701
10764
10702
10765
10703
10766
10704
10767
10705
10768
10706
10769
10707
10770
10708
10771
10709
10772
10710
10773
10711
10774
10712
10775
10713
10776
10714
10777
10715
10778
10716
10779
10717
10780
10718
10781
10719
10782
10720
10783
10721
10784
10722
10785
10723
10786
10724
10787
10725
10788
10726
10789
10727
10790
10728
10791
10729
10792
10730
10793
10731
10794
10732
10795
10733
10796
10734
10797
10735
10798
10736
10799
10737
10800
10738
10801
10739
10802
10740
10803
10741
10804
10742
10805
10743
10806
10744
10807
10745
10808
10746
10809
10747
10810
10748
10811
10749
10812
10750
10813
10751
10814
10752
10815
10753
10816
10754
10817
10755
10818
10756
10819
10757
10820
10758
10821
10759
10822
10760
10823
10761
10824
10825
11554
10763
10826
10764
10827
10765
10828
10766
10829
10767
10830
10768
10831
10769
10832
10770
10833
10771
10834
10772
10835
10773
10836
10774
10837
10775
10838
10776
10839
10777
10840
10778
10841
10779
10842
10780
10843
10781
10844
10782
10845
10783
10846
10784
10847
10785
10848
10786
10849
10787
10850
10788
10851
10789
10852
10790
10853
10791
10854
10792
10855
10793
10856
10794
10857
10795
10858
10796
10859
10797
10860
10798
10861
10799
10862
10800
10863
10801
10864
10802
10865
10803
10866
10804
10867
10805
10868
10806
10869
10807
10870
10808
10871
10809
10872
10810
10873
10811
10874
10812
10875
10813
10876
10814
10877
10815
10878
10816
10879
10817
10880
10818
10881
10819
10882
10820
10883
10821
10884
10822
10885
10823
10886
10824
10887
10825
10888
10889
11578
10827
10890
10828
10891
10829
10892
10830
10893
10831
10894
10832
10895
10833
10896
10834
10897
10835
10898
10836
10899
10837
10900
10838
10901
10839
10902
10840
10903
10841
10904
10842
10905
10843
10906
10844
10907
10845
10908
10846
10909
10847
10910
10848
10911
10849
10912
10850
10913
10851
10914
10852
10915
10853
10916
10854
10917
10855
10918
10856
10919
10857
10920
10858
10921
10859
10922
10860
10923
10861
10924
10862
10925
10863
10926
10864
10927
10865
10928
10866
10929
10867
10930
10868
10931
10869
10932
10870
10933
10871
10934
10872
10935
10873
10936
10874
10937
10875
10938
10876
10939
10877
10940
10878
10941
10879
10942
10880
10943
10881
10944
10882
10945
10883
10946
10884
10947
10885
10948
10886
10949
10887
10950
10888
10951
10889
10952
10953
11602
10891
10954
10892
10955
10893
10956
10894
10957
10895
10958
10896
10959
10897
10960
10898
10961
10899
10962
10900
10963
10901
10964
10902
10965
10903
10966
10904
10967
10905
10968
10906
10969
10907
10970
10908
10971
10909
10972
10910
10973
10911
10974
10912
10975
10913
10976
10914
10977
10915
10978
10916
10979
10917
10980
10918
10981
10919
10982
10920
10983
10921
10984
10922
10985
10923
10986
10924
10987
10925
10988
10926
10989
10927
10990
10928
10991
10929
10992
10930
10993
10931
10994
10932
10995
10933
10996
10934
10997
10935
10998
10936
10999
10937
11000
10938
11001
10939
11002
10940
11003
10941
11004
10942
11005
10943
11006
10944
11007
10945
11008
10946
11009
10947
11010
10948
11011
10949
11012
10950
11013
10951
11014
10952
11015
10953
11016
11017
11626
10955
11018
10956
11019
10957
11020
10958
11021
10959
11022
10960
11023
10961
11024
10962
11025
10963
11026
10964
11027
10965
11028
10966
11029
10967
11030
10968
11031
10969
11032
10970
11033
10971
11034
10972
11035
10973
11036
10974
11037
10975
11038
10976
11039
10977
11040
10978
11041
10979
11042
10980
11043
10981
11044
10982
11045
10983
11046
10984
11047
10985
11048
10986
11049
10987
11050
10988
11051
10989
11052
10990
11053
10991
11054
10992
11055
10993
11056
10994
11057
10995
11058
10996
11059
10997
11060
10998
11061
10999
11062
11000
11063
11001
11064
11002
11065
11003
11066
11004
11067
11005
11068
11006
11069
11007
11070
11008
11071
11009
11072
11010
11073
11011
11074
11012
11075
11013
11076
11014
11077
11015
11078
11016
11079
11017
11080
11081
11650
11019
11082
11020
11083
11021
11084
11022
11085
11023
11086
11024
11087
11025
11088
11026
11089
11027
11090
11028
11091
11029
11092
11030
11093
11031
11094
11032
11095
11033
11096
11034
11097
11035
11098
11036
11099
11037
11100
11038
11101
11039
11102
11040
11103
11041
11104
11042
11105
11043
11106
11044
11107
11045
11108
11046
11109
11047
11110
11048
11111
11049
11112
11050
11113
11051
11114
11052
11115
11053
11116
11054
11117
11055
11118
11056
11119
11057
11120
11058
11121
11059
11122
11060
11123
11061
11124
11062
11125
11063
11126
11064
11127
11065
11128
11066
11129
11067
11130
11068
11131
11069
11132
11070
11133
11071
11134
11072
11135
11073
11136
11074
11137
11075
11138
11076
11139
11077
11140
11078
11141
11079
11142
11080
11143
11081
11144
11145
11674
11083
19100
11084
19101
11085
19102
11086
19103
11087
19104
11088
19105
11089
19106
11090
19107
11091
19108
11092
19109
11093
19110
11094
19111
11095
19112
11096
19113
11097
19114
11098
19115
11099
19116
11100
19117
11101
19118
11102
19119
11103
19120
11104
19121
11105
19122
11106
19123
11107
19124
11108
19125
11109
19126
11110
19127
11111
19128
11112
19129
11113
19130
11114
19131
11115
19132
11116
19133
11117
19134
11118
19135
11119
19136
11120
19137
11121
19138
11122
19139
11123
19140
11124
19141
11125
19142
11126
19143
11127
19144
11128
19145
11129
19146
11130
19147
11131
19148
11132
19149
11133
19150
11134
19151
11135
19152
11136
19153
11137
19154
11138
19155
11139
19156
11140
19157
11141
19158
11142
19159
11143
19160
11144
19161
11145
19162
11698
19163
11147
11170
11148
11171
11149
11172
11150
11173
11151
11174
11152
11175
11153
11176
11154
11177
11155
11178
11156
11179
11157
11180
11158
11181
11159
11182
11160
11183
11161
11184
11162
11185
11163
11186
11164
11187
11165
11188
11166
11189
11167
11190
11168
11191
11169
11192
11193
11722
11171
11194
11172
11195
11173
11196
11174
11197
11175
11198
11176
11199
11177
11200
11178
11201
11179
11202
11180
11203
11181
11204
11182
11205
11183
11206
11184
11207
11185
11208
11186
11209
11187
11210
11188
11211
11189
11212
11190
11213
11191
11214
11192
11215
11193
11216
11217
11794
11195
11218
11196
11219
11197
11220
11198
11221
11199
11222
11200
11223
11201
11224
11202
11225
11203
11226
11204
11227
11205
11228
11206
11229
11207
11230
11208
11231
11209
11232
11210
11233
11211
11234
11212
11235
11213
11236
11214
11237
11215
11238
11216
11239
11217
11240
11241
11866
11219
11242
11220
11243
11221
11244
11222
11245
11223
11246
11224
11247
11225
11248
11226
11249
11227
11250
11228
11251
11229
11252
11230
11253
11231
11254
11232
11255
11233
11256
11234
11257
11235
11258
11236
11259
11237
11260
11238
11261
11239
11262
11240
11263
11241
11264
11265
11938
11243
11266
11244
11267
11245
11268
11246
11269
11247
11270
11248
11271
11249
11272
11250
11273
11251
11274
11252
11275
11253
11276
11254
11277
11255
11278
11256
11279
11257
11280
11258
11281
11259
11282
11260
11283
11261
11284
11262
11285
11263
11286
11264
11287
11265
11288
11289
12010
11267
11290
11268
11291
11269
11292
11270
11293
11271
11294
11272
11295
11273
11296
11274
11297
11275
11298
11276
11299
11277
11300
11278
11301
11279
11302
11280
11303
11281
11304
11282
11305
11283
11306
11284
11307
11285
11308
11286
11309
11287
11310
11288
11311
11289
11312
11313
12082
11291
11314
11292
11315
11293
11316
11294
11317
11295
11318
11296
11319
11297
11320
11298
11321
11299
11322
11300
11323
11301
11324
11302
11325
11303
11326
11304
11327
11305
11328
11306
11329
11307
11330
11308
11331
11309
11332
11310
11333
11311
11334
11312
11335
11313
11336
11337
12154
11315
11338
11316
11339
11317
11340
11318
11341
11319
11342
11320
11343
11321
11344
11322
11345
11323
11346
11324
11347
11325
11348
11326
11349
11327
11350
11328
11351
11329
11352
11330
11353
11331
11354
11332
11355
11333
11356
11334
11357
11335
11358
11336
11359
11337
11360
11361
12226
11339
11362
11340
11363
11341
11364
11342
11365
11343
11366
11344
11367
11345
11368
11346
11369
11347
11370
11348
11371
11349
11372
11350
11373
11351
11374
11352
11375
11353
11376
11354
11377
11355
11378
11356
11379
11357
11380
11358
11381
11359
11382
11360
11383
11361
11384
11385
12298
11363
11386
11364
11387
11365
11388
11366
11389
11367
11390
11368
11391
11369
11392
11370
11393
11371
11394
11372
11395
11373
11396
11374
11397
11375
11398
11376
11399
11377
11400
11378
11401
11379
11402
11380
11403
11381
11404
11382
11405
11383
11406
11384
11407
11385
11408
11409
12370
11387
11410
11388
11411
11389
11412
11390
11413
11391
11414
11392
11415
11393
11416
11394
11417
11395
11418
11396
11419
11397
11420
11398
11421
11399
11422
11400
11423
11401
11424
11402
11425
11403
11426
11404
11427
11405
11428
11406
11429
11407
11430
11408
11431
11409
11432
11433
12442
11411
11434
11412
11435
11413
11436
11414
11437
11415
11438
11416
11439
11417
11440
11418
11441
11419
11442
11420
11443
11421
11444
11422
11445
11423
11446
11424
11447
11425
11448
11426
11449
11427
11450
11428
11451
11429
11452
11430
11453
11431
11454
11432
11455
11433
11456
11457
12514
11435
11458
11436
11459
11437
11460
11438
11461
11439
11462
11440
11463
11441
11464
11442
11465
11443
11466
11444
11467
11445
11468
11446
11469
11447
11470
11448
11471
11449
11472
11450
11473
11451
11474
11452
11475
11453
11476
11454
11477
11455
11478
11456
11479
11457
11480
11481
12586
11459
11482
11460
11483
11461
11484
11462
11485
11463
11486
11464
11487
11465
11488
11466
11489
11467
11490
11468
11491
11469
11492
11470
11493
11471
11494
11472
11495
11473
11496
11474
11497
11475
11498
11476
11499
11477
11500
11478
11501
11479
11502
11480
11503
11481
11504
11505
12658
11483
11506
11484
11507
11485
11508
11486
11509
11487
11510
11488
11511
11489
11512
11490
11513
11491
11514
11492
11515
11493
11516
11494
11517
11495
11518
11496
11519
11497
11520
11498
11521
11499
11522
11500
11523
11501
11524
11502
11525
11503
11526
11504
11527
11505
11528
11529
12730
11507
11530
11508
11531
11509
11532
11510
11533
11511
11534
11512
11535
11513
11536
11514
11537
11515
11538
11516
11539
11517
11540
11518
11541
11519
11542
11520
11543
11521
11544
11522
11545
11523
11546
11524
11547
11525
11548
11526
11549
11527
11550
11528
11551
11529
11552
11553
12802
11531
11554
11532
11555
11533
11556
11534
11557
11535
11558
11536
11559
11537
11560
11538
11561
11539
11562
11540
11563
11541
11564
11542
11565
11543
11566
11544
11567
11545
11568
11546
11569
11547
11570
11548
11571
11549
11572
11550
11573
11551
11574
11552
11575
11553
11576
11577
12874
11555
11578
11556
11579
11557
11580
11558
11581
11559
11582
11560
11583
11561
11584
11562
11585
11563
11586
11564
11587
11565
11588
11566
11589
11567
11590
11568
11591
11569
11592
11570
11593
11571
11594
11572
11595
11573
11596
11574
11597
11575
11598
11576
11599
11577
11600
11601
12946
11579
11602
11580
11603
11581
11604
11582
11605
11583
11606
11584
11607
11585
11608
11586
11609
11587
11610
11588
11611
11589
11612
11590
11613
11591
11614
11592
11615
11593
11616
11594
11617
11595
11618
11596
11619
11597
11620
11598
11621
11599
11622
11600
11623
11601
11624
11625
13018
11603
11626
11604
11627
11605
11628
11606
11629
11607
11630
11608
11631
11609
11632
11610
11633
11611
11634
11612
11635
11613
11636
11614
11637
11615
11638
11616
11639
11617
11640
11618
11641
11619
11642
11620
11643
11621
11644
11622
11645
11623
11646
11624
11647
11625
11648
11649
13090
11627
11650
11628
11651
11629
11652
11630
11653
11631
11654
11632
11655
11633
11656
11634
11657
11635
11658
11636
11659
11637
11660
11638
11661
11639
11662
11640
11663
11641
11664
11642
11665
11643
11666
11644
11667
11645
11668
11646
11669
11647
11670
11648
11671
11649
11672
11673
13162
11651
11674
11652
11675
11653
11676
11654
11677
11655
11678
11656
11679
11657
11680
11658
11681
11659
11682
11660
11683
11661
11684
11662
11685
11663
11686
11664
11687
11665
11688
11666
11689
11667
11690
11668
11691
11669
11692
11670
11693
11671
11694
11672
11695
11673
11696
11697
13234
11675
11698
11676
11699
11677
11700
11678
11701
11679
11702
11680
11703
11681
11704
11682
11705
11683
11706
11684
11707
11685
11708
11686
11709
11687
11710
11688
11711
11689
11712
11690
11713
11691
11714
11692
11715
11693
11716
11694
11717
11695
11718
11696
11719
11697
11720
11721
13306
11699
22620
11700
22621
11701
22622
11702
22623
11703
22624
11704
22625
11705
22626
11706
22627
11707
22628
11708
22629
11709
22630
11710
22631
11711
22632
11712
22633
11713
22634
11714
22635
11715
22636
11716
22637
11717
22638
11718
22639
11719
22640
11720
22641
11721
22642
13378
22643
11723
11794
11724
11795
11725
11796
11726
11797
11727
11798
11728
11799
11729
11800
11730
11801
11731
11802
11732
11803
11733
11804
11734
11805
11735
11806
11736
11807
11737
11808
11738
11809
11739
11810
11740
11811
11741
11812
11742
11813
11743
11814
11744
11815
11745
11816
11746
11817
11747
11818
11748
11819
11749
11820
11750
11821
11751
11822
11752
11823
11753
11824
11754
11825
11755
11826
11756
11827
11757
11828
11758
11829
11759
11830
11760
11831
11761
11832
11762
11833
11763
11834
11764
11835
11765
11836
11766
11837
11767
11838
11768
11839
11769
11840
11770
11841
11771
11842
11772
11843
11773
11844
11774
11845
11775
11846
11776
11847
11777
11848
11778
11849
11779
11850
11780
11851
11781
11852
11782
11853
11783
11854
11784
11855
11785
11856
11786
11857
11787
11858
11788
11859
11789
11860
11790
11861
11791
11862
11792
11863
11793
11864
11865
13450
11795
11866
11796
11867
11797
11868
11798
11869
11799
11870
11800
11871
11801
11872
11802
11873
11803
11874
11804
11875
11805
11876
11806
11877
11807
11878
11808
11879
11809
11880
11810
11881
11811
11882
11812
11883
11813
11884
11814
11885
11815
11886
11816
11887
11817
11888
11818
11889
11819
11890
11820
11891
11821
11892
11822
11893
11823
11894
11824
11895
11825
11896
11826
11897
11827
11898
11828
11899
11829
11900
11830
11901
11831
11902
11832
11903
11833
11904
11834
11905
11835
11906
11836
11907
11837
11908
11838
11909
11839
11910
11840
11911
11841
11912
11842
11913
11843
11914
11844
11915
11845
11916
11846
11917
11847
11918
11848
11919
11849
11920
11850
11921
11851
11922
11852
11923
11853
11924
11854
11925
11855
11926
11856
11927
11857
11928
11858
11929
11859
11930
11860
11931
11861
11932
11862
11933
11863
11934
11864
11935
11865
11936
11937
13525
11867
11938
11868
11939
11869
11940
11870
11941
11871
11942
11872
11943
11873
11944
11874
11945
11875
11946
11876
11947
11877
11948
11878
11949
11879
11950
11880
11951
11881
11952
11882
11953
11883
11954
11884
11955
11885
11956
11886
11957
11887
11958
11888
11959
11889
11960
11890
11961
11891
11962
11892
11963
11893
11964
11894
11965
11895
11966
11896
11967
11897
11968
11898
11969
11899
11970
11900
11971
11901
11972
11902
11973
11903
11974
11904
11975
11905
11976
11906
11977
11907
11978
11908
11979
11909
11980
11910
11981
11911
11982
11912
11983
11913
11984
11914
11985
11915
11986
11916
11987
11917
11988
11918
11989
11919
11990
11920
11991
11921
11992
11922
11993
11923
11994
11924
11995
11925
11996
11926
11997
11927
11998
11928
11999
11929
12000
11930
12001
11931
12002
11932
12003
11933
12004
11934
12005
11935
12006
11936
12007
11937
12008
12009
13600
11939
12010
11940
12011
11941
12012
11942
12013
11943
12014
11944
12015
11945
12016
11946
12017
11947
12018
11948
12019
11949
12020
11950
12021
11951
12022
11952
12023
11953
12024
11954
12025
11955
12026
11956
12027
11957
12028
11958
12029
11959
12030
11960
12031
11961
12032
11962
12033
11963
12034
11964
12035
11965
12036
11966
12037
11967
12038
11968
12039
11969
12040
11970
12041
11971
12042
11972
12043
11973
12044
11974
12045
11975
12046
11976
12047
11977
12048
11978
12049
11979
12050
11980
12051
11981
12052
11982
12053
11983
12054
11984
12055
11985
12056
11986
12057
11987
12058
11988
12059
11989
12060
11990
12061
11991
12062
11992
12063
11993
12064
11994
12065
11995
12066
11996
12067
11997
12068
11998
12069
11999
12070
12000
12071
12001
12072
12002
12073
12003
12074
12004
12075
12005
12076
12006
12077
12007
12078
12008
12079
12009
12080
12081
13675
12011
12082
12012
12083
12013
12084
12014
12085
12015
12086
12016
12087
12017
12088
12018
12089
12019
12090
12020
12091
12021
12092
12022
12093
12023
12094
12024
12095
12025
12096
12026
12097
12027
12098
12028
12099
12029
12100
12030
12101
12031
12102
12032
12103
12033
12104
12034
12105
12035
12106
12036
12107
12037
12108
12038
12109
12039
12110
12040
12111
12041
12112
12042
12113
12043
12114
12044
12115
12045
12116
12046
12117
12047
12118
12048
12119
12049
12120
12050
12121
12051
12122
12052
12123
12053
12124
12054
12125
12055
12126
12056
12127
12057
12128
12058
12129
12059
12130
12060
12131
12061
12132
12062
12133
12063
12134
12064
12135
12065
12136
12066
12137
12067
12138
12068
12139
12069
12140
12070
12141
12071
12142
12072
12143
12073
12144
12074
12145
12075
12146
12076
12147
12077
12148
12078
12149
12079
12150
12080
12151
12081
12152
12153
13750
12083
12154
12084
12155
12085
12156
12086
12157
12087
12158
12088
12159
12089
12160
12090
12161
12091
12162
12092
12163
12093
12164
12094
12165
12095
12166
12096
12167
12097
12168
12098
12169
12099
12170
12100
12171
12101
12172
12102
12173
12103
12174
12104
12175
12105
12176
12106
12177
12107
12178
12108
12179
12109
12180
12110
12181
12111
12182
12112
12183
12113
12184
12114
12185
12115
12186
12116
12187
12117
12188
12118
12189
12119
12190
12120
12191
12121
12192
12122
12193
12123
12194
12124
12195
12125
12196
12126
12197
12127
12198
12128
12199
12129
12200
12130
12201
12131
12202
12132
12203
12133
12204
12134
12205
12135
12206
12136
12207
12137
12208
12138
12209
12139
12210
12140
12211
12141
12212
12142
12213
12143
12214
12144
12215
12145
12216
12146
12217
12147
12218
12148
12219
12149
12220
12150
12221
12151
12222
12152
12223
12153
12224
12225
13825
12155
12226
12156
12227
12157
12228
12158
12229
12159
12230
12160
12231
12161
12232
12162
12233
12163
12234
12164
12235
12165
12236
12166
12237
12167
12238
12168
12239
12169
12240
12170
12241
12171
12242
12172
12243
12173
12244
12174
12245
12175
12246
12176
12247
12177
12248
12178
12249
12179
12250
12180
12251
12181
12252
12182
12253
12183
12254
12184
12255
12185
12256
12186
12257
12187
12258
12188
12259
12189
12260
12190
12261
12191
12262
12192
12263
12193
12264
12194
12265
12195
12266
12196
12267
12197
12268
12198
12269
12199
12270
12200
12271
12201
12272
12202
12273
12203
12274
12204
12275
12205
12276
12206
12277
12207
12278
12208
12279
12209
12280
12210
12281
12211
12282
12212
12283
12213
12284
12214
12285
12215
12286
12216
12287
12217
12288
12218
12289
12219
12290
12220
12291
12221
12292
12222
12293
12223
12294
12224
12295
12225
12296
12297
13900
12227
12298
12228
12299
12229
12300
12230
12301
12231
12302
12232
12303
12233
12304
12234
12305
12235
12306
12236
12307
12237
12308
12238
12309
12239
12310
12240
12311
12241
12312
12242
12313
12243
12314
12244
12315
12245
12316
12246
12317
12247
12318
12248
12319
12249
12320
12250
12321
12251
12322
12252
12323
12253
12324
12254
12325
12255
12326
12256
12327
12257
12328
12258
12329
12259
12330
12260
12331
12261
12332
12262
12333
12263
12334
12264
12335
12265
12336
12266
12337
12267
12338
12268
12339
12269
12340
12270
12341
12271
12342
12272
12343
12273
12344
12274
12345
12275
12346
12276
12347
12277
12348
12278
12349
12279
12350
12280
12351
12281
12352
12282
12353
12283
12354
12284
12355
12285
12356
12286
12357
12287
12358
12288
12359
12289
12360
12290
12361
12291
12362
12292
12363
12293
12364
12294
12365
12295
12366
12296
12367
12297
12368
12369
13975
12299
12370
12300
12371
12301
12372
12302
12373
12303
12374
12304
12375
12305
12376
12306
12377
12307
12378
12308
12379
12309
12380
12310
12381
12311
12382
12312
12383
12313
12384
12314
12385
12315
12386
12316
12387
12317
12388
12318
12389
12319
12390
12320
12391
12321
12392
12322
12393
12323
12394
12324
12395
12325
12396
12326
12397
12327
12398
12328
12399
12329
12400
12330
12401
12331
12402
12332
12403
12333
12404
12334
12405
12335
12406
12336
12407
12337
12408
12338
12409
12339
12410
12340
12411
12341
12412
12342
12413
12343
12414
12344
12415
12345
12416
12346
12417
12347
12418
12348
12419
12349
12420
12350
12421
12351
12422
12352
12423
12353
12424
12354
12425
12355
12426
12356
12427
12357
12428
12358
12429
12359
12430
12360
12431
12361
12432
12362
12433
12363
12434
12364
12435
12365
12436
12366
12437
12367
12438
12368
12439
12369
12440
12441
14050
12371
12442
12372
12443
12373
12444
12374
12445
12375
12446
12376
12447
12377
12448
12378
12449
12379
12450
12380
12451
12381
12452
12382
12453
12383
12454
12384
12455
12385
12456
12386
12457
12387
12458
12388
12459
12389
12460
12390
12461
12391
12462
12392
12463
12393
12464
12394
12465
12395
12466
12396
12467
12397
12468
12398
12469
12399
12470
12400
12471
12401
12472
12402
12473
12403
12474
12404
12475
12405
12476
12406
12477
12407
12478
12408
12479
12409
12480
12410
12481
12411
12482
12412
12483
12413
12484
12414
12485
12415
12486
12416
12487
12417
12488
12418
12489
12419
12490
12420
12491
12421
12492
12422
12493
12423
12494
12424
12495
12425
12496
12426
12497
12427
12498
12428
12499
12429
12500
12430
12501
12431
12502
12432
12503
12433
12504
12434
12505
12435
12506
12436
12507
12437
12508
12438
12509
12439
12510
12440
12511
12441
12512
12513
14125
12443
12514
12444
12515
12445
12516
12446
12517
12447
12518
12448
12519
12449
12520
12450
12521
12451
12522
12452
12523
12453
12524
12454
12525
12455
12526
12456
12527
12457
12528
12458
12529
12459
12530
12460
12531
12461
12532
12462
12533
12463
12534
12464
12535
12465
12536
12466
12537
12467
12538
12468
12539
12469
12540
12470
12541
12471
12542
12472
12543
12473
12544
12474
12545
12475
12546
12476
12547
12477
12548
12478
12549
12479
12550
12480
12551
12481
12552
12482
12553
12483
12554
12484
12555
12485
12556
12486
12557
12487
12558
12488
12559
12489
12560
12490
12561
12491
12562
12492
12563
12493
12564
12494
12565
12495
12566
12496
12567
12497
12568
12498
12569
12499
12570
12500
12571
12501
12572
12502
12573
12503
12574
12504
12575
12505
12576
12506
12577
12507
12578
12508
12579
12509
12580
12510
12581
12511
12582
12512
12583
12513
12584
12585
14200
12515
12586
12516
12587
12517
12588
12518
12589
12519
12590
12520
12591
12521
12592
12522
12593
12523
12594
12524
12595
12525
12596
12526
12597
12527
12598
12528
12599
12529
12600
12530
12601
12531
12602
12532
12603
12533
12604
12534
12605
12535
12606
12536
12607
12537
12608
12538
12609
12539
12610
12540
12611
12541
12612
12542
12613
12543
12614
12544
12615
12545
12616
12546
12617
12547
12618
12548
12619
12549
12620
12550
12621
12551
12622
12552
12623
12553
12624
12554
12625
12555
12626
12556
12627
12557
12628
12558
12629
12559
12630
12560
12631
12561
12632
12562
12633
12563
12634
12564
12635
12565
12636
12566
12637
12567
12638
12568
12639
12569
12640
12570
12641
12571
12642
12572
12643
12573
12644
12574
12645
12575
12646
12576
12647
12577
12648
12578
12649
12579
12650
12580
12651
12581
12652
12582
12653
12583
12654
12584
12655
12585
12656
12657
14275
12587
12658
12588
12659
12589
12660
12590
12661
12591
12662
12592
12663
12593
12664
12594
12665
12595
12666
12596
12667
12597
12668
12598
12669
12599
12670
12600
12671
12601
12672
12602
12673
12603
12674
12604
12675
12605
12676
12606
12677
12607
12678
12608
12679
12609
12680
12610
12681
12611
12682
12612
12683
12613
12684
12614
12685
12615
12686
12616
12687
12617
12688
12618
12689
12619
12690
12620
12691
12621
12692
12622
12693
12623
12694
12624
12695
12625
12696
12626
12697
12627
12698
12628
12699
12629
12700
12630
12701
12631
12702
12632
12703
12633
12704
12634
12705
12635
12706
12636
12707
12637
12708
12638
12709
12639
12710
12640
12711
12641
12712
12642
12713
12643
12714
12644
12715
12645
12716
12646
12717
12647
12718
12648
12719
12649
12720
12650
12721
12651
12722
12652
12723
12653
12724
12654
12725
12655
12726
12656
12727
12657
12728
12729
14350
12659
12730
12660
12731
12661
12732
12662
12733
12663
12734
12664
12735
12665
12736
12666
12737
12667
12738
12668
12739
12669
12740
12670
12741
12671
12742
12672
12743
12673
12744
12674
12745
12675
12746
12676
12747
12677
12748
12678
12749
12679
12750
12680
12751
12681
12752
12682
12753
12683
12754
12684
12755
12685
12756
12686
12757
12687
12758
12688
12759
12689
12760
12690
12761
12691
12762
12692
12763
12693
12764
12694
12765
12695
12766
12696
12767
12697
12768
12698
12769
12699
12770
12700
12771
12701
12772
12702
12773
12703
12774
12704
12775
12705
12776
12706
12777
12707
12778
12708
12779
12709
12780
12710
12781
12711
12782
12712
12783
12713
12784
12714
12785
12715
12786
12716
12787
12717
12788
12718
12789
12719
12790
12720
12791
12721
12792
12722
12793
12723
12794
12724
12795
12725
12796
12726
12797
12727
12798
12728
12799
12729
12800
12801
14425
12731
12802
12732
12803
12733
12804
12734
12805
12735
12806
12736
12807
12737
12808
12738
12809
12739
12810
12740
12811
12741
12812
12742
12813
12743
12814
12744
12815
12745
12816
12746
12817
12747
12818
12748
12819
12749
12820
12750
12821
12751
12822
12752
12823
12753
12824
12754
12825
12755
12826
12756
12827
12757
12828
12758
12829
12759
12830
12760
12831
12761
12832
12762
12833
12763
12834
12764
12835
12765
12836
12766
12837
12767
12838
12768
12839
12769
12840
12770
12841
12771
12842
12772
12843
12773
12844
12774
12845
12775
12846
12776
12847
12777
12848
12778
12849
12779
12850
12780
12851
12781
12852
12782
12853
12783
12854
12784
12855
12785
12856
12786
12857
12787
12858
12788
12859
12789
12860
12790
12861
12791
12862
12792
12863
12793
12864
12794
12865
12795
12866
12796
12867
12797
12868
12798
12869
12799
12870
12800
12871
12801
12872
12873
14500
12803
12874
12804
12875
12805
12876
12806
12877
12807
12878
12808
12879
12809
12880
12810
12881
12811
12882
12812
12883
12813
12884
12814
12885
12815
12886
12816
12887
12817
12888
12818
12889
12819
12890
12820
12891
12821
12892
12822
12893
12823
12894
12824
12895
12825
12896
12826
12897
12827
12898
12828
12899
12829
12900
12830
12901
12831
12902
12832
12903
12833
12904
12834
12905
12835
12906
12836
12907
12837
12908
12838
12909
12839
12910
12840
12911
12841
12912
12842
12913
12843
12914
12844
12915
12845
12916
12846
12917
12847
12918
12848
12919
12849
12920
12850
12921
12851
12922
12852
12923
12853
12924
12854
12925
12855
12926
12856
12927
12857
12928
12858
12929
12859
12930
12860
12931
12861
12932
12862
12933
12863
12934
12864
12935
12865
12936
12866
12937
12867
12938
12868
12939
12869
12940
12870
12941
12871
12942
12872
12943
12873
12944
12945
14575
12875
12946
12876
12947
12877
12948
12878
12949
12879
12950
12880
12951
12881
12952
12882
12953
12883
12954
12884
12955
12885
12956
12886
12957
12887
12958
12888
12959
12889
12960
12890
12961
12891
12962
12892
12963
12893
12964
12894
12965
12895
12966
12896
12967
12897
12968
12898
12969
12899
12970
12900
12971
12901
12972
12902
12973
12903
12974
12904
12975
12905
12976
12906
12977
12907
12978
12908
12979
12909
12980
12910
12981
12911
12982
12912
12983
12913
12984
12914
12985
12915
12986
12916
12987
12917
12988
12918
12989
12919
12990
12920
12991
12921
12992
12922
12993
12923
12994
12924
12995
12925
12996
12926
12997
12927
12998
12928
12999
12929
13000
12930
13001
12931
13002
12932
13003
12933
13004
12934
13005
12935
13006
12936
13007
12937
13008
12938
13009
12939
13010
12940
13011
12941
13012
12942
13013
12943
13014
12944
13015
12945
13016
13017
14650
12947
13018
12948
13019
12949
13020
12950
13021
12951
13022
12952
13023
12953
13024
12954
13025
12955
13026
12956
13027
12957
13028
12958
13029
12959
13030
12960
13031
12961
13032
12962
13033
12963
13034
12964
13035
12965
13036
12966
13037
12967
13038
12968
13039
12969
13040
12970
13041
12971
13042
12972
13043
12973
13044
12974
13045
12975
13046
12976
13047
12977
13048
12978
13049
12979
13050
12980
13051
12981
13052
12982
13053
12983
13054
12984
13055
12985
13056
12986
13057
12987
13058
12988
13059
12989
13060
12990
13061
12991
13062
12992
13063
12993
13064
12994
13065
12995
13066
12996
13067
12997
13068
12998
13069
12999
13070
13000
13071
13001
13072
13002
13073
13003
13074
13004
13075
13005
13076
13006
13077
13007
13078
13008
13079
13009
13080
13010
13081
13011
13082
13012
13083
13013
13084
13014
13085
13015
13086
13016
13087
13017
13088
13089
14725
13019
13090
13020
13091
13021
13092
13022
13093
13023
13094
13024
13095
13025
13096
13026
13097
13027
13098
13028
13099
13029
13100
13030
13101
13031
13102
13032
13103
13033
13104
13034
13105
13035
13106
13036
13107
13037
13108
13038
13109
13039
13110
13040
13111
13041
13112
13042
13113
13043
13114
13044
13115
13045
13116
13046
13117
13047
13118
13048
13119
13049
13120
13050
13121
13051
13122
13052
13123
13053
13124
13054
13125
13055
13126
13056
13127
13057
13128
13058
13129
13059
13130
13060
13131
13061
13132
13062
13133
13063
13134
13064
13135
13065
13136
13066
13137
13067
13138
13068
13139
13069
13140
13070
13141
13071
13142
13072
13143
13073
13144
13074
13145
13075
13146
13076
13147
13077
13148
13078
13149
13079
13150
13080
13151
13081
13152
13082
13153
13083
13154
13084
13155
13085
13156
13086
13157
13087
13158
13088
13159
13089
13160
13161
14800
13091
13162
13092
13163
13093
13164
13094
13165
13095
13166
13096
13167
13097
13168
13098
13169
13099
13170
13100
13171
13101
13172
13102
13173
13103
13174
13104
13175
13105
13176
13106
13177
13107
13178
13108
13179
13109
13180
13110
13181
13111
13182
13112
13183
13113
13184
13114
13185
13115
13186
13116
13187
13117
13188
13118
13189
13119
13190
13120
13191
13121
13192
13122
13193
13123
13194
13124
13195
13125
13196
13126
13197
13127
13198
13128
13199
13129
13200
13130
13201
13131
13202
13132
13203
13133
13204
13134
13205
13135
13206
13136
13207
13137
13208
13138
13209
13139
13210
13140
13211
13141
13212
13142
13213
13143
13214
13144
13215
13145
13216
13146
13217
13147
13218
13148
13219
13149
13220
13150
13221
13151
13222
13152
13223
13153
13224
13154
13225
13155
13226
13156
13227
13157
13228
13158
13229
13159
13230
13160
13231
13161
13232
13233
14875
13163
13234
13164
13235
13165
13236
13166
13237
13167
13238
13168
13239
13169
13240
13170
13241
13171
13242
13172
13243
13173
13244
13174
13245
13175
13246
13176
13247
13177
13248
13178
13249
13179
13250
13180
13251
13181
13252
13182
13253
13183
13254
13184
13255
13185
13256
13186
13257
13187
13258
13188
13259
13189
13260
13190
13261
13191
13262
13192
13263
13193
13264
13194
13265
13195
13266
13196
13267
13197
13268
13198
13269
13199
13270
13200
13271
13201
13272
13202
13273
13203
13274
13204
13275
13205
13276
13206
13277
13207
13278
13208
13279
13209
13280
13210
13281
13211
13282
13212
13283
13213
13284
13214
13285
13215
13286
13216
13287
13217
13288
13218
13289
13219
13290
13220
13291
13221
13292
13222
13293
13223
13294
13224
13295
13225
13296
13226
13297
13227
13298
13228
13299
13229
13300
13230
13301
13231
13302
13232
13303
13233
13304
13305
14950
13235
13306
13236
13307
13237
13308
13238
13309
13239
13310
13240
13311
13241
13312
13242
13313
13243
13314
13244
13315
13245
13316
13246
13317
13247
13318
13248
13319
13249
13320
13250
13321
13251
13322
13252
13323
13253
13324
13254
13325
13255
13326
13256
13327
13257
13328
13258
13329
13259
13330
13260
13331
13261
13332
13262
13333
13263
13334
13264
13335
13265
13336
13266
13337
13267
13338
13268
13339
13269
13340
13270
13341
13271
13342
13272
13343
13273
13344
13274
13345
13275
13346
13276
13347
13277
13348
13278
13349
13279
13350
13280
13351
13281
13352
13282
13353
13283
13354
13284
13355
13285
13356
13286
13357
13287
13358
13288
13359
13289
13360
13290
13361
13291
13362
13292
13363
13293
13364
13294
13365
13295
13366
13296
13367
13297
13368
13298
13369
13299
13370
13300
13371
13301
13372
13302
13373
13303
13374
13304
13375
13305
13376
13377
15025
13307
13378
13308
13379
13309
13380
13310
13381
13311
13382
13312
13383
13313
13384
13314
13385
13315
13386
13316
13387
13317
13388
13318
13389
13319
13390
13320
13391
13321
13392
13322
13393
13323
13394
13324
13395
13325
13396
13326
13397
13327
13398
13328
13399
13329
13400
13330
13401
13331
13402
13332
13403
13333
13404
13334
13405
13335
13406
13336
13407
13337
13408
13338
13409
13339
13410
13340
13411
13341
13412
13342
13413
13343
13414
13344
13415
13345
13416
13346
13417
13347
13418
13348
13419
13349
13420
13350
13421
13351
13422
13352
13423
13353
13424
13354
13425
13355
13426
13356
13427
13357
13428
13358
13429
13359
13430
13360
13431
13361
13432
13362
13433
13363
13434
13364
13435
13365
13436
13366
13437
13367
13438
13368
13439
13369
13440
13370
13441
13371
13442
13372
13443
13373
13444
13374
13445
13375
13446
13376
13447
13377
13448
13449
15100
13379
23940
13380
23941
13381
23942
13382
23943
13383
23944
13384
23945
13385
23946
13386
23947
13387
23948
13388
23949
13389
23950
13390
23951
13391
23952
13392
23953
13393
23954
13394
23955
13395
23956
13396
23957
13397
23958
13398
23959
13399
23960
13400
23961
13401
23962
13402
23963
13403
23964
13404
23965
13405
23966
13406
23967
13407
23968
13408
23969
13409
23970
13410
23971
13411
23972
13412
23973
13413
23974
13414
23975
13415
23976
13416
23977
13417
23978
13418
23979
13419
23980
13420
23981
13421
23982
13422
23983
13423
23984
13424
23985
13425
23986
13426
23987
13427
23988
13428
23989
13429
23990
13430
23991
13431
23992
13432
23993
13433
23994
13434
23995
13435
23996
13436
23997
13437
23998
13438
23999
13439
24000
13440
24001
13441
24002
13442
24003
13443
24004
13444
24005
13445
24006
13446
24007
13447
24008
13448
24009
13449
24010
15175
24011
13451
13525
13452
13526
13453
13527
13454
13528
13455
13529
13456
13530
13457
13531
13458
13532
13459
13533
13460
13534
13461
13535
13462
13536
13463
13537
13464
13538
13465
13539
13466
13540
13467
13541
13468
13542
13469
13543
13470
13544
13471
13545
13472
13546
13473
13547
13474
13548
13475
13549
13476
13550
13477
13551
13478
13552
13479
13553
13480
13554
13481
13555
13482
13556
13483
13557
13484
13558
13485
13559
13486
13560
13487
13561
13488
13562
13489
13563
13490
13564
13491
13565
13492
13566
13493
13567
13494
13568
13495
13569
13496
13570
13497
13571
13498
13572
13499
13573
13500
13574
13501
13575
13502
13576
13503
13577
13504
13578
13505
13579
13506
13580
13507
13581
13508
13582
13509
13583
13510
13584
13511
13585
13512
13586
13513
13587
13514
13588
13515
13589
13516
13590
13517
13591
13518
13592
13519
13593
13520
13594
13521
13595
13522
13596
13523
13597
13524
13598
13599
13526
13600
13527
13601
13528
13602
13529
13603
13530
13604
13531
13605
13532
13606
13533
13607
13534
13608
13535
13609
13536
13610
13537
13611
13538
13612
13539
13613
13540
13614
13541
13615
13542
13616
13543
13617
13544
13618
13545
13619
13546
13620
13547
13621
13548
13622
13549
13623
13550
13624
13551
13625
13552
13626
13553
13627
13554
13628
13555
13629
13556
13630
13557
13631
13558
13632
13559
13633
13560
13634
13561
13635
13562
13636
13563
13637
13564
13638
13565
13639
13566
13640
13567
13641
13568
13642
13569
13643
13570
13644
13571
13645
13572
13646
13573
13647
13574
13648
13575
13649
13576
13650
13577
13651
13578
13652
13579
13653
13580
13654
13581
13655
13582
13656
13583
13657
13584
13658
13585
13659
13586
13660
13587
13661
13588
13662
13589
13663
13590
13664
13591
13665
13592
13666
13593
13667
13594
13668
13595
13669
13596
13670
13597
13671
13598
13672
13599
13673
13674
13601
13675
13602
13676
13603
13677
13604
13678
13605
13679
13606
13680
13607
13681
13608
13682
13609
13683
13610
13684
13611
13685
13612
13686
13613
13687
13614
13688
13615
13689
13616
13690
13617
13691
13618
13692
13619
13693
13620
13694
13621
13695
13622
13696
13623
13697
13624
13698
13625
13699
13626
13700
13627
13701
13628
13702
13629
13703
13630
13704
13631
13705
13632
13706
13633
13707
13634
13708
13635
13709
13636
13710
13637
13711
13638
13712
13639
13713
13640
13714
13641
13715
13642
13716
13643
13717
13644
13718
13645
13719
13646
13720
13647
13721
13648
13722
13649
13723
13650
13724
13651
13725
13652
13726
13653
13727
13654
13728
13655
13729
13656
13730
13657
13731
13658
13732
13659
13733
13660
13734
13661
13735
13662
13736
13663
13737
13664
13738
13665
13739
13666
13740
13667
13741
13668
13742
13669
13743
13670
13744
13671
13745
13672
13746
13673
13747
13674
13748
13749
13676
13750
13677
13751
13678
13752
13679
13753
13680
13754
13681
13755
13682
13756
13683
13757
13684
13758
13685
13759
13686
13760
13687
13761
13688
13762
13689
13763
13690
13764
13691
13765
13692
13766
13693
13767
13694
13768
13695
13769
13696
13770
13697
13771
13698
13772
13699
13773
13700
13774
13701
13775
13702
13776
13703
13777
13704
13778
13705
13779
13706
13780
13707
13781
13708
13782
13709
13783
13710
13784
13711
13785
13712
13786
13713
13787
13714
13788
13715
13789
13716
13790
13717
13791
13718
13792
13719
13793
13720
13794
13721
13795
13722
13796
13723
13797
13724
13798
13725
13799
13726
13800
13727
13801
13728
13802
13729
13803
13730
13804
13731
13805
13732
13806
13733
13807
13734
13808
13735
13809
13736
13810
13737
13811
13738
13812
13739
13813
13740
13814
13741
13815
13742
13816
13743
13817
13744
13818
13745
13819
13746
13820
13747
13821
13748
13822
13749
13823
13824
13751
13825
13752
13826
13753
13827
13754
13828
13755
13829
13756
13830
13757
13831
13758
13832
13759
13833
13760
13834
13761
13835
13762
13836
13763
13837
13764
13838
13765
13839
13766
13840
13767
13841
13768
13842
13769
13843
13770
13844
13771
13845
13772
13846
13773
13847
13774
13848
13775
13849
13776
13850
13777
13851
13778
13852
13779
13853
13780
13854
13781
13855
13782
13856
13783
13857
13784
13858
13785
13859
13786
13860
13787
13861
13788
13862
13789
13863
13790
13864
13791
13865
13792
13866
13793
13867
13794
13868
13795
13869
13796
13870
13797
13871
13798
13872
13799
13873
13800
13874
13801
13875
13802
13876
13803
13877
13804
13878
13805
13879
13806
13880
13807
13881
13808
13882
13809
13883
13810
13884
13811
13885
13812
13886
13813
13887
13814
13888
13815
13889
13816
13890
13817
13891
13818
13892
13819
13893
13820
13894
13821
13895
13822
13896
13823
13897
13824
13898
13899
13826
13900
13827
13901
13828
13902
13829
13903
13830
13904
13831
13905
13832
13906
13833
13907
13834
13908
13835
13909
13836
13910
13837
13911
13838
13912
13839
13913
13840
13914
13841
13915
13842
13916
13843
13917
13844
13918
13845
13919
13846
13920
13847
13921
13848
13922
13849
13923
13850
13924
13851
13925
13852
13926
13853
13927
13854
13928
13855
13929
13856
13930
13857
13931
13858
13932
13859
13933
13860
13934
13861
13935
13862
13936
13863
13937
13864
13938
13865
13939
13866
13940
13867
13941
13868
13942
13869
13943
13870
13944
13871
13945
13872
13946
13873
13947
13874
13948
13875
13949
13876
13950
13877
13951
13878
13952
13879
13953
13880
13954
13881
13955
13882
13956
13883
13957
13884
13958
13885
13959
13886
13960
13887
13961
13888
13962
13889
13963
13890
13964
13891
13965
13892
13966
13893
13967
13894
13968
13895
13969
13896
13970
13897
13971
13898
13972
13899
13973
13974
13901
13975
13902
13976
13903
13977
13904
13978
13905
13979
13906
13980
13907
13981
13908
13982
13909
13983
13910
13984
13911
13985
13912
13986
13913
13987
13914
13988
13915
13989
13916
13990
13917
13991
13918
13992
13919
13993
13920
13994
13921
13995
13922
13996
13923
13997
13924
13998
13925
13999
13926
14000
13927
14001
13928
14002
13929
14003
13930
14004
13931
14005
13932
14006
13933
14007
13934
14008
13935
14009
13936
14010
13937
14011
13938
14012
13939
14013
13940
14014
13941
14015
13942
14016
13943
14017
13944
14018
13945
14019
13946
14020
13947
14021
13948
14022
13949
14023
13950
14024
13951
14025
13952
14026
13953
14027
13954
14028
13955
14029
13956
14030
13957
14031
13958
14032
13959
14033
13960
14034
13961
14035
13962
14036
13963
14037
13964
14038
13965
14039
13966
14040
13967
14041
13968
14042
13969
14043
13970
14044
13971
14045
13972
14046
13973
14047
13974
14048
14049
13976
14050
13977
14051
13978
14052
13979
14053
13980
14054
13981
14055
13982
14056
13983
14057
13984
14058
13985
14059
13986
14060
13987
14061
13988
14062
13989
14063
13990
14064
13991
14065
13992
14066
13993
14067
13994
14068
13995
14069
13996
14070
13997
14071
13998
14072
13999
14073
14000
14074
14001
14075
14002
14076
14003
14077
14004
14078
14005
14079
14006
14080
14007
14081
14008
14082
14009
14083
14010
14084
14011
14085
14012
14086
14013
14087
14014
14088
14015
14089
14016
14090
14017
14091
14018
14092
14019
14093
14020
14094
14021
14095
14022
14096
14023
14097
14024
14098
14025
14099
14026
14100
14027
14101
14028
14102
14029
14103
14030
14104
14031
14105
14032
14106
14033
14107
14034
14108
14035
14109
14036
14110
14037
14111
14038
14112
14039
14113
14040
14114
14041
14115
14042
14116
14043
14117
14044
14118
14045
14119
14046
14120
14047
14121
14048
14122
14049
14123
14124
14051
14125
14052
14126
14053
14127
14054
14128
14055
14129
14056
14130
14057
14131
14058
14132
14059
14133
14060
14134
14061
14135
14062
14136
14063
14137
14064
14138
14065
14139
14066
14140
14067
14141
14068
14142
14069
14143
14070
14144
14071
14145
14072
14146
14073
14147
14074
14148
14075
14149
14076
14150
14077
14151
14078
14152
14079
14153
14080
14154
14081
14155
14082
14156
14083
14157
14084
14158
14085
14159
14086
14160
14087
14161
14088
14162
14089
14163
14090
14164
14091
14165
14092
14166
14093
14167
14094
14168
14095
14169
14096
14170
14097
14171
14098
14172
14099
14173
14100
14174
14101
14175
14102
14176
14103
14177
14104
14178
14105
14179
14106
14180
14107
14181
14108
14182
14109
14183
14110
14184
14111
14185
14112
14186
14113
14187
14114
14188
14115
14189
14116
14190
14117
14191
14118
14192
14119
14193
14120
14194
14121
14195
14122
14196
14123
14197
14124
14198
14199
14126
14200
14127
14201
14128
14202
14129
14203
14130
14204
14131
14205
14132
14206
14133
14207
14134
14208
14135
14209
14136
14210
14137
14211
14138
14212
14139
14213
14140
14214
14141
14215
14142
14216
14143
14217
14144
14218
14145
14219
14146
14220
14147
14221
14148
14222
14149
14223
14150
14224
14151
14225
14152
14226
14153
14227
14154
14228
14155
14229
14156
14230
14157
14231
14158
14232
14159
14233
14160
14234
14161
14235
14162
14236
14163
14237
14164
14238
14165
14239
14166
14240
14167
14241
14168
14242
14169
14243
14170
14244
14171
14245
14172
14246
14173
14247
14174
14248
14175
14249
14176
14250
14177
14251
14178
14252
14179
14253
14180
14254
14181
14255
14182
14256
14183
14257
14184
14258
14185
14259
14186
14260
14187
14261
14188
14262
14189
14263
14190
14264
14191
14265
14192
14266
14193
14267
14194
14268
14195
14269
14196
14270
14197
14271
14198
14272
14199
14273
14274
14201
14275
14202
14276
14203
14277
14204
14278
14205
14279
14206
14280
14207
14281
14208
14282
14209
14283
14210
14284
14211
14285
14212
14286
14213
14287
14214
14288
14215
14289
14216
14290
14217
14291
14218
14292
14219
14293
14220
14294
14221
14295
14222
14296
14223
14297
14224
14298
14225
14299
14226
14300
14227
14301
14228
14302
14229
14303
14230
14304
14231
14305
14232
14306
14233
14307
14234
14308
14235
14309
14236
14310
14237
14311
14238
14312
14239
14313
14240
14314
14241
14315
14242
14316
14243
14317
14244
14318
14245
14319
14246
14320
14247
14321
14248
14322
14249
14323
14250
14324
14251
14325
14252
14326
14253
14327
14254
14328
14255
14329
14256
14330
14257
14331
14258
14332
14259
14333
14260
14334
14261
14335
14262
14336
14263
14337
14264
14338
14265
14339
14266
14340
14267
14341
14268
14342
14269
14343
14270
14344
14271
14345
14272
14346
14273
14347
14274
14348
14349
14276
14350
14277
14351
14278
14352
14279
14353
14280
14354
14281
14355
14282
14356
14283
14357
14284
14358
14285
14359
14286
14360
14287
14361
14288
14362
14289
14363
14290
14364
14291
14365
14292
14366
14293
14367
14294
14368
14295
14369
14296
14370
14297
14371
14298
14372
14299
14373
14300
14374
14301
14375
14302
14376
14303
14377
14304
14378
14305
14379
14306
14380
14307
14381
14308
14382
14309
14383
14310
14384
14311
14385
14312
14386
14313
14387
14314
14388
14315
14389
14316
14390
14317
14391
14318
14392
14319
14393
14320
14394
14321
14395
14322
14396
14323
14397
14324
14398
14325
14399
14326
14400
14327
14401
14328
14402
14329
14403
14330
14404
14331
14405
14332
14406
14333
14407
14334
14408
14335
14409
14336
14410
14337
14411
14338
14412
14339
14413
14340
14414
14341
14415
14342
14416
14343
14417
14344
14418
14345
14419
14346
14420
14347
14421
14348
14422
14349
14423
14424
14351
14425
14352
14426
14353
14427
14354
14428
14355
14429
14356
14430
14357
14431
14358
14432
14359
14433
14360
14434
14361
14435
14362
14436
14363
14437
14364
14438
14365
14439
14366
14440
14367
14441
14368
14442
14369
14443
14370
14444
14371
14445
14372
14446
14373
14447
14374
14448
14375
14449
14376
14450
14377
14451
14378
14452
14379
14453
14380
14454
14381
14455
14382
14456
14383
14457
14384
14458
14385
14459
14386
14460
14387
14461
14388
14462
14389
14463
14390
14464
14391
14465
14392
14466
14393
14467
14394
14468
14395
14469
14396
14470
14397
14471
14398
14472
14399
14473
14400
14474
14401
14475
14402
14476
14403
14477
14404
14478
14405
14479
14406
14480
14407
14481
14408
14482
14409
14483
14410
14484
14411
14485
14412
14486
14413
14487
14414
14488
14415
14489
14416
14490
14417
14491
14418
14492
14419
14493
14420
14494
14421
14495
14422
14496
14423
14497
14424
14498
14499
14426
14500
14427
14501
14428
14502
14429
14503
14430
14504
14431
14505
14432
14506
14433
14507
14434
14508
14435
14509
14436
14510
14437
14511
14438
14512
14439
14513
14440
14514
14441
14515
14442
14516
14443
14517
14444
14518
14445
14519
14446
14520
14447
14521
14448
14522
14449
14523
14450
14524
14451
14525
14452
14526
14453
14527
14454
14528
14455
14529
14456
14530
14457
14531
14458
14532
14459
14533
14460
14534
14461
14535
14462
14536
14463
14537
14464
14538
14465
14539
14466
14540
14467
14541
14468
14542
14469
14543
14470
14544
14471
14545
14472
14546
14473
14547
14474
14548
14475
14549
14476
14550
14477
14551
14478
14552
14479
14553
14480
14554
14481
14555
14482
14556
14483
14557
14484
14558
14485
14559
14486
14560
14487
14561
14488
14562
14489
14563
14490
14564
14491
14565
14492
14566
14493
14567
14494
14568
14495
14569
14496
14570
14497
14571
14498
14572
14499
14573
14574
14501
14575
14502
14576
14503
14577
14504
14578
14505
14579
14506
14580
14507
14581
14508
14582
14509
14583
14510
14584
14511
14585
14512
14586
14513
14587
14514
14588
14515
14589
14516
14590
14517
14591
14518
14592
14519
14593
14520
14594
14521
14595
14522
14596
14523
14597
14524
14598
14525
14599
14526
14600
14527
14601
14528
14602
14529
14603
14530
14604
14531
14605
14532
14606
14533
14607
14534
14608
14535
14609
14536
14610
14537
14611
14538
14612
14539
14613
14540
14614
14541
14615
14542
14616
14543
14617
14544
14618
14545
14619
14546
14620
14547
14621
14548
14622
14549
14623
14550
14624
14551
14625
14552
14626
14553
14627
14554
14628
14555
14629
14556
14630
14557
14631
14558
14632
14559
14633
14560
14634
14561
14635
14562
14636
14563
14637
14564
14638
14565
14639
14566
14640
14567
14641
14568
14642
14569
14643
14570
14644
14571
14645
14572
14646
14573
14647
14574
14648
14649
14576
14650
14577
14651
14578
14652
14579
14653
14580
14654
14581
14655
14582
14656
14583
14657
14584
14658
14585
14659
14586
14660
14587
14661
14588
14662
14589
14663
14590
14664
14591
14665
14592
14666
14593
14667
14594
14668
14595
14669
14596
14670
14597
14671
14598
14672
14599
14673
14600
14674
14601
14675
14602
14676
14603
14677
14604
14678
14605
14679
14606
14680
14607
14681
14608
14682
14609
14683
14610
14684
14611
14685
14612
14686
14613
14687
14614
14688
14615
14689
14616
14690
14617
14691
14618
14692
14619
14693
14620
14694
14621
14695
14622
14696
14623
14697
14624
14698
14625
14699
14626
14700
14627
14701
14628
14702
14629
14703
14630
14704
14631
14705
14632
14706
14633
14707
14634
14708
14635
14709
14636
14710
14637
14711
14638
14712
14639
14713
14640
14714
14641
14715
14642
14716
14643
14717
14644
14718
14645
14719
14646
14720
14647
14721
14648
14722
14649
14723
14724
14651
14725
14652
14726
14653
14727
14654
14728
14655
14729
14656
14730
14657
14731
14658
14732
14659
14733
14660
14734
14661
14735
14662
14736
14663
14737
14664
14738
14665
14739
14666
14740
14667
14741
14668
14742
14669
14743
14670
14744
14671
14745
14672
14746
14673
14747
14674
14748
14675
14749
14676
14750
14677
14751
14678
14752
14679
14753
14680
14754
14681
14755
14682
14756
14683
14757
14684
14758
14685
14759
14686
14760
14687
14761
14688
14762
14689
14763
14690
14764
14691
14765
14692
14766
14693
14767
14694
14768
14695
14769
14696
14770
14697
14771
14698
14772
14699
14773
14700
14774
14701
14775
14702
14776
14703
14777
14704
14778
14705
14779
14706
14780
14707
14781
14708
14782
14709
14783
14710
14784
14711
14785
14712
14786
14713
14787
14714
14788
14715
14789
14716
14790
14717
14791
14718
14792
14719
14793
14720
14794
14721
14795
14722
14796
14723
14797
14724
14798
14799
14726
14800
14727
14801
14728
14802
14729
14803
14730
14804
14731
14805
14732
14806
14733
14807
14734
14808
14735
14809
14736
14810
14737
14811
14738
14812
14739
14813
14740
14814
14741
14815
14742
14816
14743
14817
14744
14818
14745
14819
14746
14820
14747
14821
14748
14822
14749
14823
14750
14824
14751
14825
14752
14826
14753
14827
14754
14828
14755
14829
14756
14830
14757
14831
14758
14832
14759
14833
14760
14834
14761
14835
14762
14836
14763
14837
14764
14838
14765
14839
14766
14840
14767
14841
14768
14842
14769
14843
14770
14844
14771
14845
14772
14846
14773
14847
14774
14848
14775
14849
14776
14850
14777
14851
14778
14852
14779
14853
14780
14854
14781
14855
14782
14856
14783
14857
14784
14858
14785
14859
14786
14860
14787
14861
14788
14862
14789
14863
14790
14864
14791
14865
14792
14866
14793
14867
14794
14868
14795
14869
14796
14870
14797
14871
14798
14872
14799
14873
14874
14801
14875
14802
14876
14803
14877
14804
14878
14805
14879
14806
14880
14807
14881
14808
14882
14809
14883
14810
14884
14811
14885
14812
14886
14813
14887
14814
14888
14815
14889
14816
14890
14817
14891
14818
14892
14819
14893
14820
14894
14821
14895
14822
14896
14823
14897
14824
14898
14825
14899
14826
14900
14827
14901
14828
14902
14829
14903
14830
14904
14831
14905
14832
14906
14833
14907
14834
14908
14835
14909
14836
14910
14837
14911
14838
14912
14839
14913
14840
14914
14841
14915
14842
14916
14843
14917
14844
14918
14845
14919
14846
14920
14847
14921
14848
14922
14849
14923
14850
14924
14851
14925
14852
14926
14853
14927
14854
14928
14855
14929
14856
14930
14857
14931
14858
14932
14859
14933
14860
14934
14861
14935
14862
14936
14863
14937
14864
14938
14865
14939
14866
14940
14867
14941
14868
14942
14869
14943
14870
14944
14871
14945
14872
14946
14873
14947
14874
14948
14949
14876
14950
14877
14951
14878
14952
14879
14953
14880
14954
14881
14955
14882
14956
14883
14957
14884
14958
14885
14959
14886
14960
14887
14961
14888
14962
14889
14963
14890
14964
14891
14965
14892
14966
14893
14967
14894
14968
14895
14969
14896
14970
14897
14971
14898
14972
14899
14973
14900
14974
14901
14975
14902
14976
14903
14977
14904
14978
14905
14979
14906
14980
14907
14981
14908
14982
14909
14983
14910
14984
14911
14985
14912
14986
14913
14987
14914
14988
14915
14989
14916
14990
14917
14991
14918
14992
14919
14993
14920
14994
14921
14995
14922
14996
14923
14997
14924
14998
14925
14999
14926
15000
14927
15001
14928
15002
14929
15003
14930
15004
14931
15005
14932
15006
14933
15007
14934
15008
14935
15009
14936
15010
14937
15011
14938
15012
14939
15013
14940
15014
14941
15015
14942
15016
14943
15017
14944
15018
14945
15019
14946
15020
14947
15021
14948
15022
14949
15023
15024
14951
15025
14952
15026
14953
15027
14954
15028
14955
15029
14956
15030
14957
15031
14958
15032
14959
15033
14960
15034
14961
15035
14962
15036
14963
15037
14964
15038
14965
15039
14966
15040
14967
15041
14968
15042
14969
15043
14970
15044
14971
15045
14972
15046
14973
15047
14974
15048
14975
15049
14976
15050
14977
15051
14978
15052
14979
15053
14980
15054
14981
15055
14982
15056
14983
15057
14984
15058
14985
15059
14986
15060
14987
15061
14988
15062
14989
15063
14990
15064
14991
15065
14992
15066
14993
15067
14994
15068
14995
15069
14996
15070
14997
15071
14998
15072
14999
15073
15000
15074
15001
15075
15002
15076
15003
15077
15004
15078
15005
15079
15006
15080
15007
15081
15008
15082
15009
15083
15010
15084
15011
15085
15012
15086
15013
15087
15014
15088
15015
15089
15016
15090
15017
15091
15018
15092
15019
15093
15020
15094
15021
15095
15022
15096
15023
15097
15024
15098
15099
15026
15100
15027
15101
15028
15102
15029
15103
15030
15104
15031
15105
15032
15106
15033
15107
15034
15108
15035
15109
15036
15110
15037
15111
15038
15112
15039
15113
15040
15114
15041
15115
15042
15116
15043
15117
15044
15118
15045
15119
15046
15120
15047
15121
15048
15122
15049
15123
15050
15124
15051
15125
15052
15126
15053
15127
15054
15128
15055
15129
15056
15130
15057
15131
15058
15132
15059
15133
15060
15134
15061
15135
15062
15136
15063
15137
15064
15138
15065
15139
15066
15140
15067
15141
15068
15142
15069
15143
15070
15144
15071
15145
15072
15146
15073
15147
15074
15148
15075
15149
15076
15150
15077
15151
15078
15152
15079
15153
15080
15154
15081
15155
15082
15156
15083
15157
15084
15158
15085
15159
15086
15160
15087
15161
15088
15162
15089
15163
15090
15164
15091
15165
15092
15166
15093
15167
15094
15168
15095
15169
15096
15170
15097
15171
15098
15172
15099
15173
15174
15101
15175
15102
15176
15103
15177
15104
15178
15105
15179
15106
15180
15107
15181
15108
15182
15109
15183
15110
15184
15111
15185
15112
15186
15113
15187
15114
15188
15115
15189
15116
15190
15117
15191
15118
15192
15119
15193
15120
15194
15121
15195
15122
15196
15123
15197
15124
15198
15125
15199
15126
15200
15127
15201
15128
15202
15129
15203
15130
15204
15131
15205
15132
15206
15133
15207
15134
15208
15135
15209
15136
15210
15137
15211
15138
15212
15139
15213
15140
15214
15141
15215
15142
15216
15143
15217
15144
15218
15145
15219
15146
15220
15147
15221
15148
15222
15149
15223
15150
15224
15151
15225
15152
15226
15153
15227
15154
15228
15155
15229
15156
15230
15157
15231
15158
15232
15159
15233
15160
15234
15161
15235
15162
15236
15163
15237
15164
15238
15165
15239
15166
15240
15167
15241
15168
15242
15169
15243
15170
15244
15171
15245
15172
15246
15173
15247
15174
15248
15249
15176
27900
15177
27901
15178
27902
15179
27903
15180
27904
15181
27905
15182
27906
15183
27907
15184
27908
15185
27909
15186
27910
15187
27911
15188
27912
15189
27913
15190
27914
15191
27915
15192
27916
15193
27917
15194
27918
15195
27919
15196
27920
15197
27921
15198
27922
15199
27923
15200
27924
15201
27925
15202
27926
15203
27927
15204
27928
15205
27929
15206
27930
15207
27931
15208
27932
15209
27933
15210
27934
15211
27935
15212
27936
15213
27937
15214
27938
15215
27939
15216
27940
15217
27941
15218
27942
15219
27943
15220
27944
15221
27945
15222
27946
15223
27947
15224
27948
15225
27949
15226
27950
15227
27951
15228
27952
15229
27953
15230
27954
15231
27955
15232
27956
15233
27957
15234
27958
15235
27959
15236
27960
15237
27961
15238
27962
15239
27963
15240
27964
15241
27965
15242
27966
15243
27967
15244
27968
15245
27969
15246
27970
15247
27971
15248
27972
15249
27973
27974
15251
15320
15252
15321
15253
15322
15254
15323
15255
15324
15256
15325
15257
15326
15258
15327
15259
15328
15260
15329
15261
15330
15262
15331
15263
15332
15264
15333
15265
15334
15266
15335
15267
15336
15268
15337
15269
15338
15270
15339
15271
15340
15272
15341
15273
15342
15274
15343
15275
15344
15276
15345
15277
15346
15278
15347
15279
15348
15280
15349
15281
15350
15282
15351
15283
15352
15284
15353
15285
15354
15286
15355
15287
15356
15288
15357
15289
15358
15290
15359
15291
15360
15292
15361
15293
15362
15294
15363
15295
15364
15296
15365
15297
15366
15298
15367
15299
15368
15300
15369
15301
15370
15302
15371
15303
15372
15304
15373
15305
15374
15306
15375
15307
15376
15308
15377
15309
15378
15310
15379
15311
15380
15312
15381
15313
15382
15314
15383
15315
15384
15316
15385
15317
15386
15318
15387
15319
15388
15389
19100
15321
15390
15322
15391
15323
15392
15324
15393
15325
15394
15326
15395
15327
15396
15328
15397
15329
15398
15330
15399
15331
15400
15332
15401
15333
15402
15334
15403
15335
15404
15336
15405
15337
15406
15338
15407
15339
15408
15340
15409
15341
15410
15342
15411
15343
15412
15344
15413
15345
15414
15346
15415
15347
15416
15348
15417
15349
15418
15350
15419
15351
15420
15352
15421
15353
15422
15354
15423
15355
15424
15356
15425
15357
15426
15358
15427
15359
15428
15360
15429
15361
15430
15362
15431
15363
15432
15364
15433
15365
15434
15366
15435
15367
15436
15368
15437
15369
15438
15370
15439
15371
15440
15372
15441
15373
15442
15374
15443
15375
15444
15376
15445
15377
15446
15378
15447
15379
15448
15380
15449
15381
15450
15382
15451
15383
15452
15384
15453
15385
15454
15386
15455
15387
15456
15388
15457
15389
15458
15459
19164
15391
15460
15392
15461
15393
15462
15394
15463
15395
15464
15396
15465
15397
15466
15398
15467
15399
15468
15400
15469
15401
15470
15402
15471
15403
15472
15404
15473
15405
15474
15406
15475
15407
15476
15408
15477
15409
15478
15410
15479
15411
15480
15412
15481
15413
15482
15414
15483
15415
15484
15416
15485
15417
15486
15418
15487
15419
15488
15420
15489
15421
15490
15422
15491
15423
15492
15424
15493
15425
15494
15426
15495
15427
15496
15428
15497
15429
15498
15430
15499
15431
15500
15432
15501
15433
15502
15434
15503
15435
15504
15436
15505
15437
15506
15438
15507
15439
15508
15440
15509
15441
15510
15442
15511
15443
15512
15444
15513
15445
15514
15446
15515
15447
15516
15448
15517
15449
15518
15450
15519
15451
15520
15452
15521
15453
15522
15454
15523
15455
15524
15456
15525
15457
15526
15458
15527
15459
15528
15529
19228
15461
15530
15462
15531
15463
15532
15464
15533
15465
15534
15466
15535
15467
15536
15468
15537
15469
15538
15470
15539
15471
15540
15472
15541
15473
15542
15474
15543
15475
15544
15476
15545
15477
15546
15478
15547
15479
15548
15480
15549
15481
15550
15482
15551
15483
15552
15484
15553
15485
15554
15486
15555
15487
15556
15488
15557
15489
15558
15490
15559
15491
15560
15492
15561
15493
15562
15494
15563
15495
15564
15496
15565
15497
15566
15498
15567
15499
15568
15500
15569
15501
15570
15502
15571
15503
15572
15504
15573
15505
15574
15506
15575
15507
15576
15508
15577
15509
15578
15510
15579
15511
15580
15512
15581
15513
15582
15514
15583
15515
15584
15516
15585
15517
15586
15518
15587
15519
15588
15520
15589
15521
15590
15522
15591
15523
15592
15524
15593
15525
15594
15526
15595
15527
15596
15528
15597
15529
15598
15599
19292
15531
15600
15532
15601
15533
15602
15534
15603
15535
15604
15536
15605
15537
15606
15538
15607
15539
15608
15540
15609
15541
15610
15542
15611
15543
15612
15544
15613
15545
15614
15546
15615
15547
15616
15548
15617
15549
15618
15550
15619
15551
15620
15552
15621
15553
15622
15554
15623
15555
15624
15556
15625
15557
15626
15558
15627
15559
15628
15560
15629
15561
15630
15562
15631
15563
15632
15564
15633
15565
15634
15566
15635
15567
15636
15568
15637
15569
15638
15570
15639
15571
15640
15572
15641
15573
15642
15574
15643
15575
15644
15576
15645
15577
15646
15578
15647
15579
15648
15580
15649
15581
15650
15582
15651
15583
15652
15584
15653
15585
15654
15586
15655
15587
15656
15588
15657
15589
15658
15590
15659
15591
15660
15592
15661
15593
15662
15594
15663
15595
15664
15596
15665
15597
15666
15598
15667
15599
15668
15669
19356
15601
15670
15602
15671
15603
15672
15604
15673
15605
15674
15606
15675
15607
15676
15608
15677
15609
15678
15610
15679
15611
15680
15612
15681
15613
15682
15614
15683
15615
15684
15616
15685
15617
15686
15618
15687
15619
15688
15620
15689
15621
15690
15622
15691
15623
15692
15624
15693
15625
15694
15626
15695
15627
15696
15628
15697
15629
15698
15630
15699
15631
15700
15632
15701
15633
15702
15634
15703
15635
15704
15636
15705
15637
15706
15638
15707
15639
15708
15640
15709
15641
15710
15642
15711
15643
15712
15644
15713
15645
15714
15646
15715
15647
15716
15648
15717
15649
15718
15650
15719
15651
15720
15652
15721
15653
15722
15654
15723
15655
15724
15656
15725
15657
15726
15658
15727
15659
15728
15660
15729
15661
15730
15662
15731
15663
15732
15664
15733
15665
15734
15666
15735
15667
15736
15668
15737
15669
15738
15739
19420
15671
15740
15672
15741
15673
15742
15674
15743
15675
15744
15676
15745
15677
15746
15678
15747
15679
15748
15680
15749
15681
15750
15682
15751
15683
15752
15684
15753
15685
15754
15686
15755
15687
15756
15688
15757
15689
15758
15690
15759
15691
15760
15692
15761
15693
15762
15694
15763
15695
15764
15696
15765
15697
15766
15698
15767
15699
15768
15700
15769
15701
15770
15702
15771
15703
15772
15704
15773
15705
15774
15706
15775
15707
15776
15708
15777
15709
15778
15710
15779
15711
15780
15712
15781
15713
15782
15714
15783
15715
15784
15716
15785
15717
15786
15718
15787
15719
15788
15720
15789
15721
15790
15722
15791
15723
15792
15724
15793
15725
15794
15726
15795
15727
15796
15728
15797
15729
15798
15730
15799
15731
15800
15732
15801
15733
15802
15734
15803
15735
15804
15736
15805
15737
15806
15738
15807
15739
15808
15809
19484
15741
15810
15742
15811
15743
15812
15744
15813
15745
15814
15746
15815
15747
15816
15748
15817
15749
15818
15750
15819
15751
15820
15752
15821
15753
15822
15754
15823
15755
15824
15756
15825
15757
15826
15758
15827
15759
15828
15760
15829
15761
15830
15762
15831
15763
15832
15764
15833
15765
15834
15766
15835
15767
15836
15768
15837
15769
15838
15770
15839
15771
15840
15772
15841
15773
15842
15774
15843
15775
15844
15776
15845
15777
15846
15778
15847
15779
15848
15780
15849
15781
15850
15782
15851
15783
15852
15784
15853
15785
15854
15786
15855
15787
15856
15788
15857
15789
15858
15790
15859
15791
15860
15792
15861
15793
15862
15794
15863
15795
15864
15796
15865
15797
15866
15798
15867
15799
15868
15800
15869
15801
15870
15802
15871
15803
15872
15804
15873
15805
15874
15806
15875
15807
15876
15808
15877
15809
15878
15879
19548
15811
15880
15812
15881
15813
15882
15814
15883
15815
15884
15816
15885
15817
15886
15818
15887
15819
15888
15820
15889
15821
15890
15822
15891
15823
15892
15824
15893
15825
15894
15826
15895
15827
15896
15828
15897
15829
15898
15830
15899
15831
15900
15832
15901
15833
15902
15834
15903
15835
15904
15836
15905
15837
15906
15838
15907
15839
15908
15840
15909
15841
15910
15842
15911
15843
15912
15844
15913
15845
15914
15846
15915
15847
15916
15848
15917
15849
15918
15850
15919
15851
15920
15852
15921
15853
15922
15854
15923
15855
15924
15856
15925
15857
15926
15858
15927
15859
15928
15860
15929
15861
15930
15862
15931
15863
15932
15864
15933
15865
15934
15866
15935
15867
15936
15868
15937
15869
15938
15870
15939
15871
15940
15872
15941
15873
15942
15874
15943
15875
15944
15876
15945
15877
15946
15878
15947
15879
15948
15949
19612
15881
15950
15882
15951
15883
15952
15884
15953
15885
15954
15886
15955
15887
15956
15888
15957
15889
15958
15890
15959
15891
15960
15892
15961
15893
15962
15894
15963
15895
15964
15896
15965
15897
15966
15898
15967
15899
15968
15900
15969
15901
15970
15902
15971
15903
15972
15904
15973
15905
15974
15906
15975
15907
15976
15908
15977
15909
15978
15910
15979
15911
15980
15912
15981
15913
15982
15914
15983
15915
15984
15916
15985
15917
15986
15918
15987
15919
15988
15920
15989
15921
15990
15922
15991
15923
15992
15924
15993
15925
15994
15926
15995
15927
15996
15928
15997
15929
15998
15930
15999
15931
16000
15932
16001
15933
16002
15934
16003
15935
16004
15936
16005
15937
16006
15938
16007
15939
16008
15940
16009
15941
16010
15942
16011
15943
16012
15944
16013
15945
16014
15946
16015
15947
16016
15948
16017
15949
16018
16019
19676
15951
16020
15952
16021
15953
16022
15954
16023
15955
16024
15956
16025
15957
16026
15958
16027
15959
16028
15960
16029
15961
16030
15962
16031
15963
16032
15964
16033
15965
16034
15966
16035
15967
16036
15968
16037
15969
16038
15970
16039
15971
16040
15972
16041
15973
16042
15974
16043
15975
16044
15976
16045
15977
16046
15978
16047
15979
16048
15980
16049
15981
16050
15982
16051
15983
16052
15984
16053
15985
16054
15986
16055
15987
16056
15988
16057
15989
16058
15990
16059
15991
16060
15992
16061
15993
16062
15994
16063
15995
16064
15996
16065
15997
16066
15998
16067
15999
16068
16000
16069
16001
16070
16002
16071
16003
16072
16004
16073
16005
16074
16006
16075
16007
16076
16008
16077
16009
16078
16010
16079
16011
16080
16012
16081
16013
16082
16014
16083
16015
16084
16016
16085
16017
16086
16018
16087
16019
16088
16089
19740
16021
16090
16022
16091
16023
16092
16024
16093
16025
16094
16026
16095
16027
16096
16028
16097
16029
16098
16030
16099
16031
16100
16032
16101
16033
16102
16034
16103
16035
16104
16036
16105
16037
16106
16038
16107
16039
16108
16040
16109
16041
16110
16042
16111
16043
16112
16044
16113
16045
16114
16046
16115
16047
16116
16048
16117
16049
16118
16050
16119
16051
16120
16052
16121
16053
16122
16054
16123
16055
16124
16056
16125
16057
16126
16058
16127
16059
16128
16060
16129
16061
16130
16062
16131
16063
16132
16064
16133
16065
16134
16066
16135
16067
16136
16068
16137
16069
16138
16070
16139
16071
16140
16072
16141
16073
16142
16074
16143
16075
16144
16076
16145
16077
16146
16078
16147
16079
16148
16080
16149
16081
16150
16082
16151
16083
16152
16084
16153
16085
16154
16086
16155
16087
16156
16088
16157
16089
16158
16159
19804
16091
16160
16092
16161
16093
16162
16094
16163
16095
16164
16096
16165
16097
16166
16098
16167
16099
16168
16100
16169
16101
16170
16102
16171
16103
16172
16104
16173
16105
16174
16106
16175
16107
16176
16108
16177
16109
16178
16110
16179
16111
16180
16112
16181
16113
16182
16114
16183
16115
16184
16116
16185
16117
16186
16118
16187
16119
16188
16120
16189
16121
16190
16122
16191
16123
16192
16124
16193
16125
16194
16126
16195
16127
16196
16128
16197
16129
16198
16130
16199
16131
16200
16132
16201
16133
16202
16134
16203
16135
16204
16136
16205
16137
16206
16138
16207
16139
16208
16140
16209
16141
16210
16142
16211
16143
16212
16144
16213
16145
16214
16146
16215
16147
16216
16148
16217
16149
16218
16150
16219
16151
16220
16152
16221
16153
16222
16154
16223
16155
16224
16156
16225
16157
16226
16158
16227
16159
16228
16229
19868
16161
16230
16162
16231
16163
16232
16164
16233
16165
16234
16166
16235
16167
16236
16168
16237
16169
16238
16170
16239
16171
16240
16172
16241
16173
16242
16174
16243
16175
16244
16176
16245
16177
16246
16178
16247
16179
16248
16180
16249
16181
16250
16182
16251
16183
16252
16184
16253
16185
16254
16186
16255
16187
16256
16188
16257
16189
16258
16190
16259
16191
16260
16192
16261
16193
16262
16194
16263
16195
16264
16196
16265
16197
16266
16198
16267
16199
16268
16200
16269
16201
16270
16202
16271
16203
16272
16204
16273
16205
16274
16206
16275
16207
16276
16208
16277
16209
16278
16210
16279
16211
16280
16212
16281
16213
16282
16214
16283
16215
16284
16216
16285
16217
16286
16218
16287
16219
16288
16220
16289
16221
16290
16222
16291
16223
16292
16224
16293
16225
16294
16226
16295
16227
16296
16228
16297
16229
16298
16299
19932
16231
16300
16232
16301
16233
16302
16234
16303
16235
16304
16236
16305
16237
16306
16238
16307
16239
16308
16240
16309
16241
16310
16242
16311
16243
16312
16244
16313
16245
16314
16246
16315
16247
16316
16248
16317
16249
16318
16250
16319
16251
16320
16252
16321
16253
16322
16254
16323
16255
16324
16256
16325
16257
16326
16258
16327
16259
16328
16260
16329
16261
16330
16262
16331
16263
16332
16264
16333
16265
16334
16266
16335
16267
16336
16268
16337
16269
16338
16270
16339
16271
16340
16272
16341
16273
16342
16274
16343
16275
16344
16276
16345
16277
16346
16278
16347
16279
16348
16280
16349
16281
16350
16282
16351
16283
16352
16284
16353
16285
16354
16286
16355
16287
16356
16288
16357
16289
16358
16290
16359
16291
16360
16292
16361
16293
16362
16294
16363
16295
16364
16296
16365
16297
16366
16298
16367
16299
16368
16369
19996
16301
16370
16302
16371
16303
16372
16304
16373
16305
16374
16306
16375
16307
16376
16308
16377
16309
16378
16310
16379
16311
16380
16312
16381
16313
16382
16314
16383
16315
16384
16316
16385
16317
16386
16318
16387
16319
16388
16320
16389
16321
16390
16322
16391
16323
16392
16324
16393
16325
16394
16326
16395
16327
16396
16328
16397
16329
16398
16330
16399
16331
16400
16332
16401
16333
16402
16334
16403
16335
16404
16336
16405
16337
16406
16338
16407
16339
16408
16340
16409
16341
16410
16342
16411
16343
16412
16344
16413
16345
16414
16346
16415
16347
16416
16348
16417
16349
16418
16350
16419
16351
16420
16352
16421
16353
16422
16354
16423
16355
16424
16356
16425
16357
16426
16358
16427
16359
16428
16360
16429
16361
16430
16362
16431
16363
16432
16364
16433
16365
16434
16366
16435
16367
16436
16368
16437
16369
16438
16439
20060
16371
16440
16372
16441
16373
16442
16374
16443
16375
16444
16376
16445
16377
16446
16378
16447
16379
16448
16380
16449
16381
16450
16382
16451
16383
16452
16384
16453
16385
16454
16386
16455
16387
16456
16388
16457
16389
16458
16390
16459
16391
16460
16392
16461
16393
16462
16394
16463
16395
16464
16396
16465
16397
16466
16398
16467
16399
16468
16400
16469
16401
16470
16402
16471
16403
16472
16404
16473
16405
16474
16406
16475
16407
16476
16408
16477
16409
16478
16410
16479
16411
16480
16412
16481
16413
16482
16414
16483
16415
16484
16416
16485
16417
16486
16418
16487
16419
16488
16420
16489
16421
16490
16422
16491
16423
16492
16424
16493
16425
16494
16426
16495
16427
16496
16428
16497
16429
16498
16430
16499
16431
16500
16432
16501
16433
16502
16434
16503
16435
16504
16436
16505
16437
16506
16438
16507
16439
16508
16509
20124
16441
16510
16442
16511
16443
16512
16444
16513
16445
16514
16446
16515
16447
16516
16448
16517
16449
16518
16450
16519
16451
16520
16452
16521
16453
16522
16454
16523
16455
16524
16456
16525
16457
16526
16458
16527
16459
16528
16460
16529
16461
16530
16462
16531
16463
16532
16464
16533
16465
16534
16466
16535
16467
16536
16468
16537
16469
16538
16470
16539
16471
16540
16472
16541
16473
16542
16474
16543
16475
16544
16476
16545
16477
16546
16478
16547
16479
16548
16480
16549
16481
16550
16482
16551
16483
16552
16484
16553
16485
16554
16486
16555
16487
16556
16488
16557
16489
16558
16490
16559
16491
16560
16492
16561
16493
16562
16494
16563
16495
16564
16496
16565
16497
16566
16498
16567
16499
16568
16500
16569
16501
16570
16502
16571
16503
16572
16504
16573
16505
16574
16506
16575
16507
16576
16508
16577
16509
16578
16579
20188
16511
16580
16512
16581
16513
16582
16514
16583
16515
16584
16516
16585
16517
16586
16518
16587
16519
16588
16520
16589
16521
16590
16522
16591
16523
16592
16524
16593
16525
16594
16526
16595
16527
16596
16528
16597
16529
16598
16530
16599
16531
16600
16532
16601
16533
16602
16534
16603
16535
16604
16536
16605
16537
16606
16538
16607
16539
16608
16540
16609
16541
16610
16542
16611
16543
16612
16544
16613
16545
16614
16546
16615
16547
16616
16548
16617
16549
16618
16550
16619
16551
16620
16552
16621
16553
16622
16554
16623
16555
16624
16556
16625
16557
16626
16558
16627
16559
16628
16560
16629
16561
16630
16562
16631
16563
16632
16564
16633
16565
16634
16566
16635
16567
16636
16568
16637
16569
16638
16570
16639
16571
16640
16572
16641
16573
16642
16574
16643
16575
16644
16576
16645
16577
16646
16578
16647
16579
16648
16649
20252
16581
16650
16582
16651
16583
16652
16584
16653
16585
16654
16586
16655
16587
16656
16588
16657
16589
16658
16590
16659
16591
16660
16592
16661
16593
16662
16594
16663
16595
16664
16596
16665
16597
16666
16598
16667
16599
16668
16600
16669
16601
16670
16602
16671
16603
16672
16604
16673
16605
16674
16606
16675
16607
16676
16608
16677
16609
16678
16610
16679
16611
16680
16612
16681
16613
16682
16614
16683
16615
16684
16616
16685
16617
16686
16618
16687
16619
16688
16620
16689
16621
16690
16622
16691
16623
16692
16624
16693
16625
16694
16626
16695
16627
16696
16628
16697
16629
16698
16630
16699
16631
16700
16632
16701
16633
16702
16634
16703
16635
16704
16636
16705
16637
16706
16638
16707
16639
16708
16640
16709
16641
16710
16642
16711
16643
16712
16644
16713
16645
16714
16646
16715
16647
16716
16648
16717
16649
16718
16719
20316
16651
16720
16652
16721
16653
16722
16654
16723
16655
16724
16656
16725
16657
16726
16658
16727
16659
16728
16660
16729
16661
16730
16662
16731
16663
16732
16664
16733
16665
16734
16666
16735
16667
16736
16668
16737
16669
16738
16670
16739
16671
16740
16672
16741
16673
16742
16674
16743
16675
16744
16676
16745
16677
16746
16678
16747
16679
16748
16680
16749
16681
16750
16682
16751
16683
16752
16684
16753
16685
16754
16686
16755
16687
16756
16688
16757
16689
16758
16690
16759
16691
16760
16692
16761
16693
16762
16694
16763
16695
16764
16696
16765
16697
16766
16698
16767
16699
16768
16700
16769
16701
16770
16702
16771
16703
16772
16704
16773
16705
16774
16706
16775
16707
16776
16708
16777
16709
16778
16710
16779
16711
16780
16712
16781
16713
16782
16714
16783
16715
16784
16716
16785
16717
16786
16718
16787
16719
16788
16789
20380
16721
16790
16722
16791
16723
16792
16724
16793
16725
16794
16726
16795
16727
16796
16728
16797
16729
16798
16730
16799
16731
16800
16732
16801
16733
16802
16734
16803
16735
16804
16736
16805
16737
16806
16738
16807
16739
16808
16740
16809
16741
16810
16742
16811
16743
16812
16744
16813
16745
16814
16746
16815
16747
16816
16748
16817
16749
16818
16750
16819
16751
16820
16752
16821
16753
16822
16754
16823
16755
16824
16756
16825
16757
16826
16758
16827
16759
16828
16760
16829
16761
16830
16762
16831
16763
16832
16764
16833
16765
16834
16766
16835
16767
16836
16768
16837
16769
16838
16770
16839
16771
16840
16772
16841
16773
16842
16774
16843
16775
16844
16776
16845
16777
16846
16778
16847
16779
16848
16780
16849
16781
16850
16782
16851
16783
16852
16784
16853
16785
16854
16786
16855
16787
16856
16788
16857
16789
16858
16859
20444
16791
16860
16792
16861
16793
16862
16794
16863
16795
16864
16796
16865
16797
16866
16798
16867
16799
16868
16800
16869
16801
16870
16802
16871
16803
16872
16804
16873
16805
16874
16806
16875
16807
16876
16808
16877
16809
16878
16810
16879
16811
16880
16812
16881
16813
16882
16814
16883
16815
16884
16816
16885
16817
16886
16818
16887
16819
16888
16820
16889
16821
16890
16822
16891
16823
16892
16824
16893
16825
16894
16826
16895
16827
16896
16828
16897
16829
16898
16830
16899
16831
16900
16832
16901
16833
16902
16834
16903
16835
16904
16836
16905
16837
16906
16838
16907
16839
16908
16840
16909
16841
16910
16842
16911
16843
16912
16844
16913
16845
16914
16846
16915
16847
16916
16848
16917
16849
16918
16850
16919
16851
16920
16852
16921
16853
16922
16854
16923
16855
16924
16856
16925
16857
16926
16858
16927
16859
16928
16929
20508
16861
16930
16862
16931
16863
16932
16864
16933
16865
16934
16866
16935
16867
16936
16868
16937
16869
16938
16870
16939
16871
16940
16872
16941
16873
16942
16874
16943
16875
16944
16876
16945
16877
16946
16878
16947
16879
16948
16880
16949
16881
16950
16882
16951
16883
16952
16884
16953
16885
16954
16886
16955
16887
16956
16888
16957
16889
16958
16890
16959
16891
16960
16892
16961
16893
16962
16894
16963
16895
16964
16896
16965
16897
16966
16898
16967
16899
16968
16900
16969
16901
16970
16902
16971
16903
16972
16904
16973
16905
16974
16906
16975
16907
16976
16908
16977
16909
16978
16910
16979
16911
16980
16912
16981
16913
16982
16914
16983
16915
16984
16916
16985
16917
16986
16918
16987
16919
16988
16920
16989
16921
16990
16922
16991
16923
16992
16924
16993
16925
16994
16926
16995
16927
16996
16928
16997
16929
16998
16999
20572
16931
17000
16932
17001
16933
17002
16934
17003
16935
17004
16936
17005
16937
17006
16938
17007
16939
17008
16940
17009
16941
17010
16942
17011
16943
17012
16944
17013
16945
17014
16946
17015
16947
17016
16948
17017
16949
17018
16950
17019
16951
17020
16952
17021
16953
17022
16954
17023
16955
17024
16956
17025
16957
17026
16958
17027
16959
17028
16960
17029
16961
17030
16962
17031
16963
17032
16964
17033
16965
17034
16966
17035
16967
17036
16968
17037
16969
17038
16970
17039
16971
17040
16972
17041
16973
17042
16974
17043
16975
17044
16976
17045
16977
17046
16978
17047
16979
17048
16980
17049
16981
17050
16982
17051
16983
17052
16984
17053
16985
17054
16986
17055
16987
17056
16988
17057
16989
17058
16990
17059
16991
17060
16992
17061
16993
17062
16994
17063
16995
17064
16996
17065
16997
17066
16998
17067
16999
17068
17069
20636
17001
17070
17002
17071
17003
17072
17004
17073
17005
17074
17006
17075
17007
17076
17008
17077
17009
17078
17010
17079
17011
17080
17012
17081
17013
17082
17014
17083
17015
17084
17016
17085
17017
17086
17018
17087
17019
17088
17020
17089
17021
17090
17022
17091
17023
17092
17024
17093
17025
17094
17026
17095
17027
17096
17028
17097
17029
17098
17030
17099
17031
17100
17032
17101
17033
17102
17034
17103
17035
17104
17036
17105
17037
17106
17038
17107
17039
17108
17040
17109
17041
17110
17042
17111
17043
17112
17044
17113
17045
17114
17046
17115
17047
17116
17048
17117
17049
17118
17050
17119
17051
17120
17052
17121
17053
17122
17054
17123
17055
17124
17056
17125
17057
17126
17058
17127
17059
17128
17060
17129
17061
17130
17062
17131
17063
17132
17064
17133
17065
17134
17066
17135
17067
17136
17068
17137
17069
17138
17139
20700
17071
17140
17072
17141
17073
17142
17074
17143
17075
17144
17076
17145
17077
17146
17078
17147
17079
17148
17080
17149
17081
17150
17082
17151
17083
17152
17084
17153
17085
17154
17086
17155
17087
17156
17088
17157
17089
17158
17090
17159
17091
17160
17092
17161
17093
17162
17094
17163
17095
17164
17096
17165
17097
17166
17098
17167
17099
17168
17100
17169
17101
17170
17102
17171
17103
17172
17104
17173
17105
17174
17106
17175
17107
17176
17108
17177
17109
17178
17110
17179
17111
17180
17112
17181
17113
17182
17114
17183
17115
17184
17116
17185
17117
17186
17118
17187
17119
17188
17120
17189
17121
17190
17122
17191
17123
17192
17124
17193
17125
17194
17126
17195
17127
17196
17128
17197
17129
17198
17130
17199
17131
17200
17132
17201
17133
17202
17134
17203
17135
17204
17136
17205
17137
17206
17138
17207
17139
17208
17209
20764
17141
17210
17142
17211
17143
17212
17144
17213
17145
17214
17146
17215
17147
17216
17148
17217
17149
17218
17150
17219
17151
17220
17152
17221
17153
17222
17154
17223
17155
17224
17156
17225
17157
17226
17158
17227
17159
17228
17160
17229
17161
17230
17162
17231
17163
17232
17164
17233
17165
17234
17166
17235
17167
17236
17168
17237
17169
17238
17170
17239
17171
17240
17172
17241
17173
17242
17174
17243
17175
17244
17176
17245
17177
17246
17178
17247
17179
17248
17180
17249
17181
17250
17182
17251
17183
17252
17184
17253
17185
17254
17186
17255
17187
17256
17188
17257
17189
17258
17190
17259
17191
17260
17192
17261
17193
17262
17194
17263
17195
17264
17196
17265
17197
17266
17198
17267
17199
17268
17200
17269
17201
17270
17202
17271
17203
17272
17204
17273
17205
17274
17206
17275
17207
17276
17208
17277
17209
17278
17279
20828
17211
17280
17212
17281
17213
17282
17214
17283
17215
17284
17216
17285
17217
17286
17218
17287
17219
17288
17220
17289
17221
17290
17222
17291
17223
17292
17224
17293
17225
17294
17226
17295
17227
17296
17228
17297
17229
17298
17230
17299
17231
17300
17232
17301
17233
17302
17234
17303
17235
17304
17236
17305
17237
17306
17238
17307
17239
17308
17240
17309
17241
17310
17242
17311
17243
17312
17244
17313
17245
17314
17246
17315
17247
17316
17248
17317
17249
17318
17250
17319
17251
17320
17252
17321
17253
17322
17254
17323
17255
17324
17256
17325
17257
17326
17258
17327
17259
17328
17260
17329
17261
17330
17262
17331
17263
17332
17264
17333
17265
17334
17266
17335
17267
17336
17268
17337
17269
17338
17270
17339
17271
17340
17272
17341
17273
17342
17274
17343
17275
17344
17276
17345
17277
17346
17278
17347
17279
17348
17349
20892
17281
17350
17282
17351
17283
17352
17284
17353
17285
17354
17286
17355
17287
17356
17288
17357
17289
17358
17290
17359
17291
17360
17292
17361
17293
17362
17294
17363
17295
17364
17296
17365
17297
17366
17298
17367
17299
17368
17300
17369
17301
17370
17302
17371
17303
17372
17304
17373
17305
17374
17306
17375
17307
17376
17308
17377
17309
17378
17310
17379
17311
17380
17312
17381
17313
17382
17314
17383
17315
17384
17316
17385
17317
17386
17318
17387
17319
17388
17320
17389
17321
17390
17322
17391
17323
17392
17324
17393
17325
17394
17326
17395
17327
17396
17328
17397
17329
17398
17330
17399
17331
17400
17332
17401
17333
17402
17334
17403
17335
17404
17336
17405
17337
17406
17338
17407
17339
17408
17340
17409
17341
17410
17342
17411
17343
17412
17344
17413
17345
17414
17346
17415
17347
17416
17348
17417
17349
17418
17419
20956
17351
17420
17352
17421
17353
17422
17354
17423
17355
17424
17356
17425
17357
17426
17358
17427
17359
17428
17360
17429
17361
17430
17362
17431
17363
17432
17364
17433
17365
17434
17366
17435
17367
17436
17368
17437
17369
17438
17370
17439
17371
17440
17372
17441
17373
17442
17374
17443
17375
17444
17376
17445
17377
17446
17378
17447
17379
17448
17380
17449
17381
17450
17382
17451
17383
17452
17384
17453
17385
17454
17386
17455
17387
17456
17388
17457
17389
17458
17390
17459
17391
17460
17392
17461
17393
17462
17394
17463
17395
17464
17396
17465
17397
17466
17398
17467
17399
17468
17400
17469
17401
17470
17402
17471
17403
17472
17404
17473
17405
17474
17406
17475
17407
17476
17408
17477
17409
17478
17410
17479
17411
17480
17412
17481
17413
17482
17414
17483
17415
17484
17416
17485
17417
17486
17418
17487
17419
17488
17489
21020
17421
17490
17422
17491
17423
17492
17424
17493
17425
17494
17426
17495
17427
17496
17428
17497
17429
17498
17430
17499
17431
17500
17432
17501
17433
17502
17434
17503
17435
17504
17436
17505
17437
17506
17438
17507
17439
17508
17440
17509
17441
17510
17442
17511
17443
17512
17444
17513
17445
17514
17446
17515
17447
17516
17448
17517
17449
17518
17450
17519
17451
17520
17452
17521
17453
17522
17454
17523
17455
17524
17456
17525
17457
17526
17458
17527
17459
17528
17460
17529
17461
17530
17462
17531
17463
17532
17464
17533
17465
17534
17466
17535
17467
17536
17468
17537
17469
17538
17470
17539
17471
17540
17472
17541
17473
17542
17474
17543
17475
17544
17476
17545
17477
17546
17478
17547
17479
17548
17480
17549
17481
17550
17482
17551
17483
17552
17484
17553
17485
17554
17486
17555
17487
17556
17488
17557
17489
17558
17559
21084
17491
17560
17492
17561
17493
17562
17494
17563
17495
17564
17496
17565
17497
17566
17498
17567
17499
17568
17500
17569
17501
17570
17502
17571
17503
17572
17504
17573
17505
17574
17506
17575
17507
17576
17508
17577
17509
17578
17510
17579
17511
17580
17512
17581
17513
17582
17514
17583
17515
17584
17516
17585
17517
17586
17518
17587
17519
17588
17520
17589
17521
17590
17522
17591
17523
17592
17524
17593
17525
17594
17526
17595
17527
17596
17528
17597
17529
17598
17530
17599
17531
17600
17532
17601
17533
17602
17534
17603
17535
17604
17536
17605
17537
17606
17538
17607
17539
17608
17540
17609
17541
17610
17542
17611
17543
17612
17544
17613
17545
17614
17546
17615
17547
17616
17548
17617
17549
17618
17550
17619
17551
17620
17552
17621
17553
17622
17554
17623
17555
17624
17556
17625
17557
17626
17558
17627
17559
17628
17629
21148
17561
17630
17562
17631
17563
17632
17564
17633
17565
17634
17566
17635
17567
17636
17568
17637
17569
17638
17570
17639
17571
17640
17572
17641
17573
17642
17574
17643
17575
17644
17576
17645
17577
17646
17578
17647
17579
17648
17580
17649
17581
17650
17582
17651
17583
17652
17584
17653
17585
17654
17586
17655
17587
17656
17588
17657
17589
17658
17590
17659
17591
17660
17592
17661
17593
17662
17594
17663
17595
17664
17596
17665
17597
17666
17598
17667
17599
17668
17600
17669
17601
17670
17602
17671
17603
17672
17604
17673
17605
17674
17606
17675
17607
17676
17608
17677
17609
17678
17610
17679
17611
17680
17612
17681
17613
17682
17614
17683
17615
17684
17616
17685
17617
17686
17618
17687
17619
17688
17620
17689
17621
17690
17622
17691
17623
17692
17624
17693
17625
17694
17626
17695
17627
17696
17628
17697
17629
17698
17699
21212
17631
17700
17632
17701
17633
17702
17634
17703
17635
17704
17636
17705
17637
17706
17638
17707
17639
17708
17640
17709
17641
17710
17642
17711
17643
17712
17644
17713
17645
17714
17646
17715
17647
17716
17648
17717
17649
17718
17650
17719
17651
17720
17652
17721
17653
17722
17654
17723
17655
17724
17656
17725
17657
17726
17658
17727
17659
17728
17660
17729
17661
17730
17662
17731
17663
17732
17664
17733
17665
17734
17666
17735
17667
17736
17668
17737
17669
17738
17670
17739
17671
17740
17672
17741
17673
17742
17674
17743
17675
17744
17676
17745
17677
17746
17678
17747
17679
17748
17680
17749
17681
17750
17682
17751
17683
17752
17684
17753
17685
17754
17686
17755
17687
17756
17688
17757
17689
17758
17690
17759
17691
17760
17692
17761
17693
17762
17694
17763
17695
17764
17696
17765
17697
17766
17698
17767
17699
17768
17769
21276
17701
17770
17702
17771
17703
17772
17704
17773
17705
17774
17706
17775
17707
17776
17708
17777
17709
17778
17710
17779
17711
17780
17712
17781
17713
17782
17714
17783
17715
17784
17716
17785
17717
17786
17718
17787
17719
17788
17720
17789
17721
17790
17722
17791
17723
17792
17724
17793
17725
17794
17726
17795
17727
17796
17728
17797
17729
17798
17730
17799
17731
17800
17732
17801
17733
17802
17734
17803
17735
17804
17736
17805
17737
17806
17738
17807
17739
17808
17740
17809
17741
17810
17742
17811
17743
17812
17744
17813
17745
17814
17746
17815
17747
17816
17748
17817
17749
17818
17750
17819
17751
17820
17752
17821
17753
17822
17754
17823
17755
17824
17756
17825
17757
17826
17758
17827
17759
17828
17760
17829
17761
17830
17762
17831
17763
17832
17764
17833
17765
17834
17766
17835
17767
17836
17768
17837
17769
17838
17839
21340
17771
17840
17772
17841
17773
17842
17774
17843
17775
17844
17776
17845
17777
17846
17778
17847
17779
17848
17780
17849
17781
17850
17782
17851
17783
17852
17784
17853
17785
17854
17786
17855
17787
17856
17788
17857
17789
17858
17790
17859
17791
17860
17792
17861
17793
17862
17794
17863
17795
17864
17796
17865
17797
17866
17798
17867
17799
17868
17800
17869
17801
17870
17802
17871
17803
17872
17804
17873
17805
17874
17806
17875
17807
17876
17808
17877
17809
17878
17810
17879
17811
17880
17812
17881
17813
17882
17814
17883
17815
17884
17816
17885
17817
17886
17818
17887
17819
17888
17820
17889
17821
17890
17822
17891
17823
17892
17824
17893
17825
17894
17826
17895
17827
17896
17828
17897
17829
17898
17830
17899
17831
17900
17832
17901
17833
17902
17834
17903
17835
17904
17836
17905
17837
17906
17838
17907
17839
17908
17909
21404
17841
17910
17842
17911
17843
17912
17844
17913
17845
17914
17846
17915
17847
17916
17848
17917
17849
17918
17850
17919
17851
17920
17852
17921
17853
17922
17854
17923
17855
17924
17856
17925
17857
17926
17858
17927
17859
17928
17860
17929
17861
17930
17862
17931
17863
17932
17864
17933
17865
17934
17866
17935
17867
17936
17868
17937
17869
17938
17870
17939
17871
17940
17872
17941
17873
17942
17874
17943
17875
17944
17876
17945
17877
17946
17878
17947
17879
17948
17880
17949
17881
17950
17882
17951
17883
17952
17884
17953
17885
17954
17886
17955
17887
17956
17888
17957
17889
17958
17890
17959
17891
17960
17892
17961
17893
17962
17894
17963
17895
17964
17896
17965
17897
17966
17898
17967
17899
17968
17900
17969
17901
17970
17902
17971
17903
17972
17904
17973
17905
17974
17906
17975
17907
17976
17908
17977
17909
17978
17979
21468
17911
17980
17912
17981
17913
17982
17914
17983
17915
17984
17916
17985
17917
17986
17918
17987
17919
17988
17920
17989
17921
17990
17922
17991
17923
17992
17924
17993
17925
17994
17926
17995
17927
17996
17928
17997
17929
17998
17930
17999
17931
18000
17932
18001
17933
18002
17934
18003
17935
18004
17936
18005
17937
18006
17938
18007
17939
18008
17940
18009
17941
18010
17942
18011
17943
18012
17944
18013
17945
18014
17946
18015
17947
18016
17948
18017
17949
18018
17950
18019
17951
18020
17952
18021
17953
18022
17954
18023
17955
18024
17956
18025
17957
18026
17958
18027
17959
18028
17960
18029
17961
18030
17962
18031
17963
18032
17964
18033
17965
18034
17966
18035
17967
18036
17968
18037
17969
18038
17970
18039
17971
18040
17972
18041
17973
18042
17974
18043
17975
18044
17976
18045
17977
18046
17978
18047
17979
18048
18049
21532
17981
18050
17982
18051
17983
18052
17984
18053
17985
18054
17986
18055
17987
18056
17988
18057
17989
18058
17990
18059
17991
18060
17992
18061
17993
18062
17994
18063
17995
18064
17996
18065
17997
18066
17998
18067
17999
18068
18000
18069
18001
18070
18002
18071
18003
18072
18004
18073
18005
18074
18006
18075
18007
18076
18008
18077
18009
18078
18010
18079
18011
18080
18012
18081
18013
18082
18014
18083
18015
18084
18016
18085
18017
18086
18018
18087
18019
18088
18020
18089
18021
18090
18022
18091
18023
18092
18024
18093
18025
18094
18026
18095
18027
18096
18028
18097
18029
18098
18030
18099
18031
18100
18032
18101
18033
18102
18034
18103
18035
18104
18036
18105
18037
18106
18038
18107
18039
18108
18040
18109
18041
18110
18042
18111
18043
18112
18044
18113
18045
18114
18046
18115
18047
18116
18048
18117
18049
18118
18119
21596
18051
18120
18052
18121
18053
18122
18054
18123
18055
18124
18056
18125
18057
18126
18058
18127
18059
18128
18060
18129
18061
18130
18062
18131
18063
18132
18064
18133
18065
18134
18066
18135
18067
18136
18068
18137
18069
18138
18070
18139
18071
18140
18072
18141
18073
18142
18074
18143
18075
18144
18076
18145
18077
18146
18078
18147
18079
18148
18080
18149
18081
18150
18082
18151
18083
18152
18084
18153
18085
18154
18086
18155
18087
18156
18088
18157
18089
18158
18090
18159
18091
18160
18092
18161
18093
18162
18094
18163
18095
18164
18096
18165
18097
18166
18098
18167
18099
18168
18100
18169
18101
18170
18102
18171
18103
18172
18104
18173
18105
18174
18106
18175
18107
18176
18108
18177
18109
18178
18110
18179
18111
18180
18112
18181
18113
18182
18114
18183
18115
18184
18116
18185
18117
18186
18118
18187
18119
18188
18189
21660
18121
18190
18122
18191
18123
18192
18124
18193
18125
18194
18126
18195
18127
18196
18128
18197
18129
18198
18130
18199
18131
18200
18132
18201
18133
18202
18134
18203
18135
18204
18136
18205
18137
18206
18138
18207
18139
18208
18140
18209
18141
18210
18142
18211
18143
18212
18144
18213
18145
18214
18146
18215
18147
18216
18148
18217
18149
18218
18150
18219
18151
18220
18152
18221
18153
18222
18154
18223
18155
18224
18156
18225
18157
18226
18158
18227
18159
18228
18160
18229
18161
18230
18162
18231
18163
18232
18164
18233
18165
18234
18166
18235
18167
18236
18168
18237
18169
18238
18170
18239
18171
18240
18172
18241
18173
18242
18174
18243
18175
18244
18176
18245
18177
18246
18178
18247
18179
18248
18180
18249
18181
18250
18182
18251
18183
18252
18184
18253
18185
18254
18186
18255
18187
18256
18188
18257
18189
18258
18259
21724
18191
18260
18192
18261
18193
18262
18194
18263
18195
18264
18196
18265
18197
18266
18198
18267
18199
18268
18200
18269
18201
18270
18202
18271
18203
18272
18204
18273
18205
18274
18206
18275
18207
18276
18208
18277
18209
18278
18210
18279
18211
18280
18212
18281
18213
18282
18214
18283
18215
18284
18216
18285
18217
18286
18218
18287
18219
18288
18220
18289
18221
18290
18222
18291
18223
18292
18224
18293
18225
18294
18226
18295
18227
18296
18228
18297
18229
18298
18230
18299
18231
18300
18232
18301
18233
18302
18234
18303
18235
18304
18236
18305
18237
18306
18238
18307
18239
18308
18240
18309
18241
18310
18242
18311
18243
18312
18244
18313
18245
18314
18246
18315
18247
18316
18248
18317
18249
18318
18250
18319
18251
18320
18252
18321
18253
18322
18254
18323
18255
18324
18256
18325
18257
18326
18258
18327
18259
18328
18329
21788
18261
18330
18262
18331
18263
18332
18264
18333
18265
18334
18266
18335
18267
18336
18268
18337
18269
18338
18270
18339
18271
18340
18272
18341
18273
18342
18274
18343
18275
18344
18276
18345
18277
18346
18278
18347
18279
18348
18280
18349
18281
18350
18282
18351
18283
18352
18284
18353
18285
18354
18286
18355
18287
18356
18288
18357
18289
18358
18290
18359
18291
18360
18292
18361
18293
18362
18294
18363
18295
18364
18296
18365
18297
18366
18298
18367
18299
18368
18300
18369
18301
18370
18302
18371
18303
18372
18304
18373
18305
18374
18306
18375
18307
18376
18308
18377
18309
18378
18310
18379
18311
18380
18312
18381
18313
18382
18314
18383
18315
18384
18316
18385
18317
18386
18318
18387
18319
18388
18320
18389
18321
18390
18322
18391
18323
18392
18324
18393
18325
18394
18326
18395
18327
18396
18328
18397
18329
18398
18399
21852
18331
18400
18332
18401
18333
18402
18334
18403
18335
18404
18336
18405
18337
18406
18338
18407
18339
18408
18340
18409
18341
18410
18342
18411
18343
18412
18344
18413
18345
18414
18346
18415
18347
18416
18348
18417
18349
18418
18350
18419
18351
18420
18352
18421
18353
18422
18354
18423
18355
18424
18356
18425
18357
18426
18358
18427
18359
18428
18360
18429
18361
18430
18362
18431
18363
18432
18364
18433
18365
18434
18366
18435
18367
18436
18368
18437
18369
18438
18370
18439
18371
18440
18372
18441
18373
18442
18374
18443
18375
18444
18376
18445
18377
18446
18378
18447
18379
18448
18380
18449
18381
18450
18382
18451
18383
18452
18384
18453
18385
18454
18386
18455
18387
18456
18388
18457
18389
18458
18390
18459
18391
18460
18392
18461
18393
18462
18394
18463
18395
18464
18396
18465
18397
18466
18398
18467
18399
18468
18469
21916
18401
18470
18402
18471
18403
18472
18404
18473
18405
18474
18406
18475
18407
18476
18408
18477
18409
18478
18410
18479
18411
18480
18412
18481
18413
18482
18414
18483
18415
18484
18416
18485
18417
18486
18418
18487
18419
18488
18420
18489
18421
18490
18422
18491
18423
18492
18424
18493
18425
18494
18426
18495
18427
18496
18428
18497
18429
18498
18430
18499
18431
18500
18432
18501
18433
18502
18434
18503
18435
18504
18436
18505
18437
18506
18438
18507
18439
18508
18440
18509
18441
18510
18442
18511
18443
18512
18444
18513
18445
18514
18446
18515
18447
18516
18448
18517
18449
18518
18450
18519
18451
18520
18452
18521
18453
18522
18454
18523
18455
18524
18456
18525
18457
18526
18458
18527
18459
18528
18460
18529
18461
18530
18462
18531
18463
18532
18464
18533
18465
18534
18466
18535
18467
18536
18468
18537
18469
18538
18539
21980
18471
18540
18472
18541
18473
18542
18474
18543
18475
18544
18476
18545
18477
18546
18478
18547
18479
18548
18480
18549
18481
18550
18482
18551
18483
18552
18484
18553
18485
18554
18486
18555
18487
18556
18488
18557
18489
18558
18490
18559
18491
18560
18492
18561
18493
18562
18494
18563
18495
18564
18496
18565
18497
18566
18498
18567
18499
18568
18500
18569
18501
18570
18502
18571
18503
18572
18504
18573
18505
18574
18506
18575
18507
18576
18508
18577
18509
18578
18510
18579
18511
18580
18512
18581
18513
18582
18514
18583
18515
18584
18516
18585
18517
18586
18518
18587
18519
18588
18520
18589
18521
18590
18522
18591
18523
18592
18524
18593
18525
18594
18526
18595
18527
18596
18528
18597
18529
18598
18530
18599
18531
18600
18532
18601
18533
18602
18534
18603
18535
18604
18536
18605
18537
18606
18538
18607
18539
18608
18609
22044
18541
18610
18542
18611
18543
18612
18544
18613
18545
18614
18546
18615
18547
18616
18548
18617
18549
18618
18550
18619
18551
18620
18552
18621
18553
18622
18554
18623
18555
18624
18556
18625
18557
18626
18558
18627
18559
18628
18560
18629
18561
18630
18562
18631
18563
18632
18564
18633
18565
18634
18566
18635
18567
18636
18568
18637
18569
18638
18570
18639
18571
18640
18572
18641
18573
18642
18574
18643
18575
18644
18576
18645
18577
18646
18578
18647
18579
18648
18580
18649
18581
18650
18582
18651
18583
18652
18584
18653
18585
18654
18586
18655
18587
18656
18588
18657
18589
18658
18590
18659
18591
18660
18592
18661
18593
18662
18594
18663
18595
18664
18596
18665
18597
18666
18598
18667
18599
18668
18600
18669
18601
18670
18602
18671
18603
18672
18604
18673
18605
18674
18606
18675
18607
18676
18608
18677
18609
18678
18679
22108
18611
18680
18612
18681
18613
18682
18614
18683
18615
18684
18616
18685
18617
18686
18618
18687
18619
18688
18620
18689
18621
18690
18622
18691
18623
18692
18624
18693
18625
18694
18626
18695
18627
18696
18628
18697
18629
18698
18630
18699
18631
18700
18632
18701
18633
18702
18634
18703
18635
18704
18636
18705
18637
18706
18638
18707
18639
18708
18640
18709
18641
18710
18642
18711
18643
18712
18644
18713
18645
18714
18646
18715
18647
18716
18648
18717
18649
18718
18650
18719
18651
18720
18652
18721
18653
18722
18654
18723
18655
18724
18656
18725
18657
18726
18658
18727
18659
18728
18660
18729
18661
18730
18662
18731
18663
18732
18664
18733
18665
18734
18666
18735
18667
18736
18668
18737
18669
18738
18670
18739
18671
18740
18672
18741
18673
18742
18674
18743
18675
18744
18676
18745
18677
18746
18678
18747
18679
18748
18749
22172
18681
18750
18682
18751
18683
18752
18684
18753
18685
18754
18686
18755
18687
18756
18688
18757
18689
18758
18690
18759
18691
18760
18692
18761
18693
18762
18694
18763
18695
18764
18696
18765
18697
18766
18698
18767
18699
18768
18700
18769
18701
18770
18702
18771
18703
18772
18704
18773
18705
18774
18706
18775
18707
18776
18708
18777
18709
18778
18710
18779
18711
18780
18712
18781
18713
18782
18714
18783
18715
18784
18716
18785
18717
18786
18718
18787
18719
18788
18720
18789
18721
18790
18722
18791
18723
18792
18724
18793
18725
18794
18726
18795
18727
18796
18728
18797
18729
18798
18730
18799
18731
18800
18732
18801
18733
18802
18734
18803
18735
18804
18736
18805
18737
18806
18738
18807
18739
18808
18740
18809
18741
18810
18742
18811
18743
18812
18744
18813
18745
18814
18746
18815
18747
18816
18748
18817
18749
18818
18819
22236
18751
18820
18752
18821
18753
18822
18754
18823
18755
18824
18756
18825
18757
18826
18758
18827
18759
18828
18760
18829
18761
18830
18762
18831
18763
18832
18764
18833
18765
18834
18766
18835
18767
18836
18768
18837
18769
18838
18770
18839
18771
18840
18772
18841
18773
18842
18774
18843
18775
18844
18776
18845
18777
18846
18778
18847
18779
18848
18780
18849
18781
18850
18782
18851
18783
18852
18784
18853
18785
18854
18786
18855
18787
18856
18788
18857
18789
18858
18790
18859
18791
18860
18792
18861
18793
18862
18794
18863
18795
18864
18796
18865
18797
18866
18798
18867
18799
18868
18800
18869
18801
18870
18802
18871
18803
18872
18804
18873
18805
18874
18806
18875
18807
18876
18808
18877
18809
18878
18810
18879
18811
18880
18812
18881
18813
18882
18814
18883
18815
18884
18816
18885
18817
18886
18818
18887
18819
18888
18889
22300
18821
18890
18822
18891
18823
18892
18824
18893
18825
18894
18826
18895
18827
18896
18828
18897
18829
18898
18830
18899
18831
18900
18832
18901
18833
18902
18834
18903
18835
18904
18836
18905
18837
18906
18838
18907
18839
18908
18840
18909
18841
18910
18842
18911
18843
18912
18844
18913
18845
18914
18846
18915
18847
18916
18848
18917
18849
18918
18850
18919
18851
18920
18852
18921
18853
18922
18854
18923
18855
18924
18856
18925
18857
18926
18858
18927
18859
18928
18860
18929
18861
18930
18862
18931
18863
18932
18864
18933
18865
18934
18866
18935
18867
18936
18868
18937
18869
18938
18870
18939
18871
18940
18872
18941
18873
18942
18874
18943
18875
18944
18876
18945
18877
18946
18878
18947
18879
18948
18880
18949
18881
18950
18882
18951
18883
18952
18884
18953
18885
18954
18886
18955
18887
18956
18888
18957
18889
18958
18959
22364
18891
18960
18892
18961
18893
18962
18894
18963
18895
18964
18896
18965
18897
18966
18898
18967
18899
18968
18900
18969
18901
18970
18902
18971
18903
18972
18904
18973
18905
18974
18906
18975
18907
18976
18908
18977
18909
18978
18910
18979
18911
18980
18912
18981
18913
18982
18914
18983
18915
18984
18916
18985
18917
18986
18918
18987
18919
18988
18920
18989
18921
18990
18922
18991
18923
18992
18924
18993
18925
18994
18926
18995
18927
18996
18928
18997
18929
18998
18930
18999
18931
19000
18932
19001
18933
19002
18934
19003
18935
19004
18936
19005
18937
19006
18938
19007
18939
19008
18940
19009
18941
19010
18942
19011
18943
19012
18944
19013
18945
19014
18946
19015
18947
19016
18948
19017
18949
19018
18950
19019
18951
19020
18952
19021
18953
19022
18954
19023
18955
19024
18956
19025
18957
19026
18958
19027
18959
19028
19029
22428
18961
19030
18962
19031
18963
19032
18964
19033
18965
19034
18966
19035
18967
19036
18968
19037
18969
19038
18970
19039
18971
19040
18972
19041
18973
19042
18974
19043
18975
19044
18976
19045
18977
19046
18978
19047
18979
19048
18980
19049
18981
19050
18982
19051
18983
19052
18984
19053
18985
19054
18986
19055
18987
19056
18988
19057
18989
19058
18990
19059
18991
19060
18992
19061
18993
19062
18994
19063
18995
19064
18996
19065
18997
19066
18998
19067
18999
19068
19000
19069
19001
19070
19002
19071
19003
19072
19004
19073
19005
19074
19006
19075
19007
19076
19008
19077
19009
19078
19010
19079
19011
19080
19012
19081
19013
19082
19014
19083
19015
19084
19016
19085
19017
19086
19018
19087
19019
19088
19020
19089
19021
19090
19022
19091
19023
19092
19024
19093
19025
19094
19026
19095
19027
19096
19028
19097
19029
19098
19099
22492
19031
32025
19032
32026
19033
32027
19034
32028
19035
32029
19036
32030
19037
32031
19038
32032
19039
32033
19040
32034
19041
32035
19042
32036
19043
32037
19044
32038
19045
32039
19046
32040
19047
32041
19048
32042
19049
32043
19050
32044
19051
32045
19052
32046
19053
32047
19054
32048
19055
32049
19056
32050
19057
32051
19058
32052
19059
32053
19060
32054
19061
32055
19062
32056
19063
32057
19064
32058
19065
32059
19066
32060
19067
32061
19068
32062
19069
32063
19070
32064
19071
32065
19072
32066
19073
32067
19074
32068
19075
32069
19076
32070
19077
32071
19078
32072
19079
32073
19080
32074
19081
32075
19082
32076
19083
32077
19084
32078
19085
32079
19086
32080
19087
32081
19088
32082
19089
32083
19090
32084
19091
32085
19092
32086
19093
32087
19094
32088
19095
32089
19096
32090
19097
32091
19098
32092
19099
32093
22556
32094
19101
19164
19102
19165
19103
19166
19104
19167
19105
19168
19106
19169
19107
19170
19108
19171
19109
19172
19110
19173
19111
19174
19112
19175
19113
19176
19114
19177
19115
19178
19116
19179
19117
19180
19118
19181
19119
19182
19120
19183
19121
19184
19122
19185
19123
19186
19124
19187
19125
19188
19126
19189
19127
19190
19128
19191
19129
19192
19130
19193
19131
19194
19132
19195
19133
19196
19134
19197
19135
19198
19136
19199
19137
19200
19138
19201
19139
19202
19140
19203
19141
19204
19142
19205
19143
19206
19144
19207
19145
19208
19146
19209
19147
19210
19148
19211
19149
19212
19150
19213
19151
19214
19152
19215
19153
19216
19154
19217
19155
19218
19156
19219
19157
19220
19158
19221
19159
19222
19160
19223
19161
19224
19162
19225
19163
19226
19227
22620
19165
19228
19166
19229
19167
19230
19168
19231
19169
19232
19170
19233
19171
19234
19172
19235
19173
19236
19174
19237
19175
19238
19176
19239
19177
19240
19178
19241
19179
19242
19180
19243
19181
19244
19182
19245
19183
19246
19184
19247
19185
19248
19186
19249
19187
19250
19188
19251
19189
19252
19190
19253
19191
19254
19192
19255
19193
19256
19194
19257
19195
19258
19196
19259
19197
19260
19198
19261
19199
19262
19200
19263
19201
19264
19202
19265
19203
19266
19204
19267
19205
19268
19206
19269
19207
19270
19208
19271
19209
19272
19210
19273
19211
19274
19212
19275
19213
19276
19214
19277
19215
19278
19216
19279
19217
19280
19218
19281
19219
19282
19220
19283
19221
19284
19222
19285
19223
19286
19224
19287
19225
19288
19226
19289
19227
19290
19291
22644
19229
19292
19230
19293
19231
19294
19232
19295
19233
19296
19234
19297
19235
19298
19236
19299
19237
19300
19238
19301
19239
19302
19240
19303
19241
19304
19242
19305
19243
19306
19244
19307
19245
19308
19246
19309
19247
19310
19248
19311
19249
19312
19250
19313
19251
19314
19252
19315
19253
19316
19254
19317
19255
19318
19256
19319
19257
19320
19258
19321
19259
19322
19260
19323
19261
19324
19262
19325
19263
19326
19264
19327
19265
19328
19266
19329
19267
19330
19268
19331
19269
19332
19270
19333
19271
19334
19272
19335
19273
19336
19274
19337
19275
19338
19276
19339
19277
19340
19278
19341
19279
19342
19280
19343
19281
19344
19282
19345
19283
19346
19284
19347
19285
19348
19286
19349
19287
19350
19288
19351
19289
19352
19290
19353
19291
19354
19355
22668
19293
19356
19294
19357
19295
19358
19296
19359
19297
19360
19298
19361
19299
19362
19300
19363
19301
19364
19302
19365
19303
19366
19304
19367
19305
19368
19306
19369
19307
19370
19308
19371
19309
19372
19310
19373
19311
19374
19312
19375
19313
19376
19314
19377
19315
19378
19316
19379
19317
19380
19318
19381
19319
19382
19320
19383
19321
19384
19322
19385
19323
19386
19324
19387
19325
19388
19326
19389
19327
19390
19328
19391
19329
19392
19330
19393
19331
19394
19332
19395
19333
19396
19334
19397
19335
19398
19336
19399
19337
19400
19338
19401
19339
19402
19340
19403
19341
19404
19342
19405
19343
19406
19344
19407
19345
19408
19346
19409
19347
19410
19348
19411
19349
19412
19350
19413
19351
19414
19352
19415
19353
19416
19354
19417
19355
19418
19419
22692
19357
19420
19358
19421
19359
19422
19360
19423
19361
19424
19362
19425
19363
19426
19364
19427
19365
19428
19366
19429
19367
19430
19368
19431
19369
19432
19370
19433
19371
19434
19372
19435
19373
19436
19374
19437
19375
19438
19376
19439
19377
19440
19378
19441
19379
19442
19380
19443
19381
19444
19382
19445
19383
19446
19384
19447
19385
19448
19386
19449
19387
19450
19388
19451
19389
19452
19390
19453
19391
19454
19392
19455
19393
19456
19394
19457
19395
19458
19396
19459
19397
19460
19398
19461
19399
19462
19400
19463
19401
19464
19402
19465
19403
19466
19404
19467
19405
19468
19406
19469
19407
19470
19408
19471
19409
19472
19410
19473
19411
19474
19412
19475
19413
19476
19414
19477
19415
19478
19416
19479
19417
19480
19418
19481
19419
19482
19483
22716
19421
19484
19422
19485
19423
19486
19424
19487
19425
19488
19426
19489
19427
19490
19428
19491
19429
19492
19430
19493
19431
19494
19432
19495
19433
19496
19434
19497
19435
19498
19436
19499
19437
19500
19438
19501
19439
19502
19440
19503
19441
19504
19442
19505
19443
19506
19444
19507
19445
19508
19446
19509
19447
19510
19448
19511
19449
19512
19450
19513
19451
19514
19452
19515
19453
19516
19454
19517
19455
19518
19456
19519
19457
19520
19458
19521
19459
19522
19460
19523
19461
19524
19462
19525
19463
19526
19464
19527
19465
19528
19466
19529
19467
19530
19468
19531
19469
19532
19470
19533
19471
19534
19472
19535
19473
19536
19474
19537
19475
19538
19476
19539
19477
19540
19478
19541
19479
19542
19480
19543
19481
19544
19482
19545
19483
19546
19547
22740
19485
19548
19486
19549
19487
19550
19488
19551
19489
19552
19490
19553
19491
19554
19492
19555
19493
19556
19494
19557
19495
19558
19496
19559
19497
19560
19498
19561
19499
19562
19500
19563
19501
19564
19502
19565
19503
19566
19504
19567
19505
19568
19506
19569
19507
19570
19508
19571
19509
19572
19510
19573
19511
19574
19512
19575
19513
19576
19514
19577
19515
19578
19516
19579
19517
19580
19518
19581
19519
19582
19520
19583
19521
19584
19522
19585
19523
19586
19524
19587
19525
19588
19526
19589
19527
19590
19528
19591
19529
19592
19530
19593
19531
19594
19532
19595
19533
19596
19534
19597
19535
19598
19536
19599
19537
19600
19538
19601
19539
19602
19540
19603
19541
19604
19542
19605
19543
19606
19544
19607
19545
19608
19546
19609
19547
19610
19611
22764
19549
19612
19550
19613
19551
19614
19552
19615
19553
19616
19554
19617
19555
19618
19556
19619
19557
19620
19558
19621
19559
19622
19560
19623
19561
19624
19562
19625
19563
19626
19564
19627
19565
19628
19566
19629
19567
19630
19568
19631
19569
19632
19570
19633
19571
19634
19572
19635
19573
19636
19574
19637
19575
19638
19576
19639
19577
19640
19578
19641
19579
19642
19580
19643
19581
19644
19582
19645
19583
19646
19584
19647
19585
19648
19586
19649
19587
19650
19588
19651
19589
19652
19590
19653
19591
19654
19592
19655
19593
19656
19594
19657
19595
19658
19596
19659
19597
19660
19598
19661
19599
19662
19600
19663
19601
19664
19602
19665
19603
19666
19604
19667
19605
19668
19606
19669
19607
19670
19608
19671
19609
19672
19610
19673
19611
19674
19675
22788
19613
19676
19614
19677
19615
19678
19616
19679
19617
19680
19618
19681
19619
19682
19620
19683
19621
19684
19622
19685
19623
19686
19624
19687
19625
19688
19626
19689
19627
19690
19628
19691
19629
19692
19630
19693
19631
19694
19632
19695
19633
19696
19634
19697
19635
19698
19636
19699
19637
19700
19638
19701
19639
19702
19640
19703
19641
19704
19642
19705
19643
19706
19644
19707
19645
19708
19646
19709
19647
19710
19648
19711
19649
19712
19650
19713
19651
19714
19652
19715
19653
19716
19654
19717
19655
19718
19656
19719
19657
19720
19658
19721
19659
19722
19660
19723
19661
19724
19662
19725
19663
19726
19664
19727
19665
19728
19666
19729
19667
19730
19668
19731
19669
19732
19670
19733
19671
19734
19672
19735
19673
19736
19674
19737
19675
19738
19739
22812
19677
19740
19678
19741
19679
19742
19680
19743
19681
19744
19682
19745
19683
19746
19684
19747
19685
19748
19686
19749
19687
19750
19688
19751
19689
19752
19690
19753
19691
19754
19692
19755
19693
19756
19694
19757
19695
19758
19696
19759
19697
19760
19698
19761
19699
19762
19700
19763
19701
19764
19702
19765
19703
19766
19704
19767
19705
19768
19706
19769
19707
19770
19708
19771
19709
19772
19710
19773
19711
19774
19712
19775
19713
19776
19714
19777
19715
19778
19716
19779
19717
19780
19718
19781
19719
19782
19720
19783
19721
19784
19722
19785
19723
19786
19724
19787
19725
19788
19726
19789
19727
19790
19728
19791
19729
19792
19730
19793
19731
19794
19732
19795
19733
19796
19734
19797
19735
19798
19736
19799
19737
19800
19738
19801
19739
19802
19803
22836
19741
19804
19742
19805
19743
19806
19744
19807
19745
19808
19746
19809
19747
19810
19748
19811
19749
19812
19750
19813
19751
19814
19752
19815
19753
19816
19754
19817
19755
19818
19756
19819
19757
19820
19758
19821
19759
19822
19760
19823
19761
19824
19762
19825
19763
19826
19764
19827
19765
19828
19766
19829
19767
19830
19768
19831
19769
19832
19770
19833
19771
19834
19772
19835
19773
19836
19774
19837
19775
19838
19776
19839
19777
19840
19778
19841
19779
19842
19780
19843
19781
19844
19782
19845
19783
19846
19784
19847
19785
19848
19786
19849
19787
19850
19788
19851
19789
19852
19790
19853
19791
19854
19792
19855
19793
19856
19794
19857
19795
19858
19796
19859
19797
19860
19798
19861
19799
19862
19800
19863
19801
19864
19802
19865
19803
19866
19867
22860
19805
19868
19806
19869
19807
19870
19808
19871
19809
19872
19810
19873
19811
19874
19812
19875
19813
19876
19814
19877
19815
19878
19816
19879
19817
19880
19818
19881
19819
19882
19820
19883
19821
19884
19822
19885
19823
19886
19824
19887
19825
19888
19826
19889
19827
19890
19828
19891
19829
19892
19830
19893
19831
19894
19832
19895
19833
19896
19834
19897
19835
19898
19836
19899
19837
19900
19838
19901
19839
19902
19840
19903
19841
19904
19842
19905
19843
19906
19844
19907
19845
19908
19846
19909
19847
19910
19848
19911
19849
19912
19850
19913
19851
19914
19852
19915
19853
19916
19854
19917
19855
19918
19856
19919
19857
19920
19858
19921
19859
19922
19860
19923
19861
19924
19862
19925
19863
19926
19864
19927
19865
19928
19866
19929
19867
19930
19931
22884
19869
19932
19870
19933
19871
19934
19872
19935
19873
19936
19874
19937
19875
19938
19876
19939
19877
19940
19878
19941
19879
19942
19880
19943
19881
19944
19882
19945
19883
19946
19884
19947
19885
19948
19886
19949
19887
19950
19888
19951
19889
19952
19890
19953
19891
19954
19892
19955
19893
19956
19894
19957
19895
19958
19896
19959
19897
19960
19898
19961
19899
19962
19900
19963
19901
19964
19902
19965
19903
19966
19904
19967
19905
19968
19906
19969
19907
19970
19908
19971
19909
19972
19910
19973
19911
19974
19912
19975
19913
19976
19914
19977
19915
19978
19916
19979
19917
19980
19918
19981
19919
19982
19920
19983
19921
19984
19922
19985
19923
19986
19924
19987
19925
19988
19926
19989
19927
19990
19928
19991
19929
19992
19930
19993
19931
19994
19995
22908
19933
19996
19934
19997
19935
19998
19936
19999
19937
20000
19938
20001
19939
20002
19940
20003
19941
20004
19942
20005
19943
20006
19944
20007
19945
20008
19946
20009
19947
20010
19948
20011
19949
20012
19950
20013
19951
20014
19952
20015
19953
20016
19954
20017
19955
20018
19956
20019
19957
20020
19958
20021
19959
20022
19960
20023
19961
20024
19962
20025
19963
20026
19964
20027
19965
20028
19966
20029
19967
20030
19968
20031
19969
20032
19970
20033
19971
20034
19972
20035
19973
20036
19974
20037
19975
20038
19976
20039
19977
20040
19978
20041
19979
20042
19980
20043
19981
20044
19982
20045
19983
20046
19984
20047
19985
20048
19986
20049
19987
20050
19988
20051
19989
20052
19990
20053
19991
20054
19992
20055
19993
20056
19994
20057
19995
20058
20059
22932
19997
20060
19998
20061
19999
20062
20000
20063
20001
20064
20002
20065
20003
20066
20004
20067
20005
20068
20006
20069
20007
20070
20008
20071
20009
20072
20010
20073
20011
20074
20012
20075
20013
20076
20014
20077
20015
20078
20016
20079
20017
20080
20018
20081
20019
20082
20020
20083
20021
20084
20022
20085
20023
20086
20024
20087
20025
20088
20026
20089
20027
20090
20028
20091
20029
20092
20030
20093
20031
20094
20032
20095
20033
20096
20034
20097
20035
20098
20036
20099
20037
20100
20038
20101
20039
20102
20040
20103
20041
20104
20042
20105
20043
20106
20044
20107
20045
20108
20046
20109
20047
20110
20048
20111
20049
20112
20050
20113
20051
20114
20052
20115
20053
20116
20054
20117
20055
20118
20056
20119
20057
20120
20058
20121
20059
20122
20123
22956
20061
20124
20062
20125
20063
20126
20064
20127
20065
20128
20066
20129
20067
20130
20068
20131
20069
20132
20070
20133
20071
20134
20072
20135
20073
20136
20074
20137
20075
20138
20076
20139
20077
20140
20078
20141
20079
20142
20080
20143
20081
20144
20082
20145
20083
20146
20084
20147
20085
20148
20086
20149
20087
20150
20088
20151
20089
20152
20090
20153
20091
20154
20092
20155
20093
20156
20094
20157
20095
20158
20096
20159
20097
20160
20098
20161
20099
20162
20100
20163
20101
20164
20102
20165
20103
20166
20104
20167
20105
20168
20106
20169
20107
20170
20108
20171
20109
20172
20110
20173
20111
20174
20112
20175
20113
20176
20114
20177
20115
20178
20116
20179
20117
20180
20118
20181
20119
20182
20120
20183
20121
20184
20122
20185
20123
20186
20187
22980
20125
20188
20126
20189
20127
20190
20128
20191
20129
20192
20130
20193
20131
20194
20132
20195
20133
20196
20134
20197
20135
20198
20136
20199
20137
20200
20138
20201
20139
20202
20140
20203
20141
20204
20142
20205
20143
20206
20144
20207
20145
20208
20146
20209
20147
20210
20148
20211
20149
20212
20150
20213
20151
20214
20152
20215
20153
20216
20154
20217
20155
20218
20156
20219
20157
20220
20158
20221
20159
20222
20160
20223
20161
20224
20162
20225
20163
20226
20164
20227
20165
20228
20166
20229
20167
20230
20168
20231
20169
20232
20170
20233
20171
20234
20172
20235
20173
20236
20174
20237
20175
20238
20176
20239
20177
20240
20178
20241
20179
20242
20180
20243
20181
20244
20182
20245
20183
20246
20184
20247
20185
20248
20186
20249
20187
20250
20251
23004
20189
20252
20190
20253
20191
20254
20192
20255
20193
20256
20194
20257
20195
20258
20196
20259
20197
20260
20198
20261
20199
20262
20200
20263
20201
20264
20202
20265
20203
20266
20204
20267
20205
20268
20206
20269
20207
20270
20208
20271
20209
20272
20210
20273
20211
20274
20212
20275
20213
20276
20214
20277
20215
20278
20216
20279
20217
20280
20218
20281
20219
20282
20220
20283
20221
20284
20222
20285
20223
20286
20224
20287
20225
20288
20226
20289
20227
20290
20228
20291
20229
20292
20230
20293
20231
20294
20232
20295
20233
20296
20234
20297
20235
20298
20236
20299
20237
20300
20238
20301
20239
20302
20240
20303
20241
20304
20242
20305
20243
20306
20244
20307
20245
20308
20246
20309
20247
20310
20248
20311
20249
20312
20250
20313
20251
20314
20315
23028
20253
20316
20254
20317
20255
20318
20256
20319
20257
20320
20258
20321
20259
20322
20260
20323
20261
20324
20262
20325
20263
20326
20264
20327
20265
20328
20266
20329
20267
20330
20268
20331
20269
20332
20270
20333
20271
20334
20272
20335
20273
20336
20274
20337
20275
20338
20276
20339
20277
20340
20278
20341
20279
20342
20280
20343
20281
20344
20282
20345
20283
20346
20284
20347
20285
20348
20286
20349
20287
20350
20288
20351
20289
20352
20290
20353
20291
20354
20292
20355
20293
20356
20294
20357
20295
20358
20296
20359
20297
20360
20298
20361
20299
20362
20300
20363
20301
20364
20302
20365
20303
20366
20304
20367
20305
20368
20306
20369
20307
20370
20308
20371
20309
20372
20310
20373
20311
20374
20312
20375
20313
20376
20314
20377
20315
20378
20379
23052
20317
20380
20318
20381
20319
20382
20320
20383
20321
20384
20322
20385
20323
20386
20324
20387
20325
20388
20326
20389
20327
20390
20328
20391
20329
20392
20330
20393
20331
20394
20332
20395
20333
20396
20334
20397
20335
20398
20336
20399
20337
20400
20338
20401
20339
20402
20340
20403
20341
20404
20342
20405
20343
20406
20344
20407
20345
20408
20346
20409
20347
20410
20348
20411
20349
20412
20350
20413
20351
20414
20352
20415
20353
20416
20354
20417
20355
20418
20356
20419
20357
20420
20358
20421
20359
20422
20360
20423
20361
20424
20362
20425
20363
20426
20364
20427
20365
20428
20366
20429
20367
20430
20368
20431
20369
20432
20370
20433
20371
20434
20372
20435
20373
20436
20374
20437
20375
20438
20376
20439
20377
20440
20378
20441
20379
20442
20443
23076
20381
20444
20382
20445
20383
20446
20384
20447
20385
20448
20386
20449
20387
20450
20388
20451
20389
20452
20390
20453
20391
20454
20392
20455
20393
20456
20394
20457
20395
20458
20396
20459
20397
20460
20398
20461
20399
20462
20400
20463
20401
20464
20402
20465
20403
20466
20404
20467
20405
20468
20406
20469
20407
20470
20408
20471
20409
20472
20410
20473
20411
20474
20412
20475
20413
20476
20414
20477
20415
20478
20416
20479
20417
20480
20418
20481
20419
20482
20420
20483
20421
20484
20422
20485
20423
20486
20424
20487
20425
20488
20426
20489
20427
20490
20428
20491
20429
20492
20430
20493
20431
20494
20432
20495
20433
20496
20434
20497
20435
20498
20436
20499
20437
20500
20438
20501
20439
20502
20440
20503
20441
20504
20442
20505
20443
20506
20507
23100
20445
20508
20446
20509
20447
20510
20448
20511
20449
20512
20450
20513
20451
20514
20452
20515
20453
20516
20454
20517
20455
20518
20456
20519
20457
20520
20458
20521
20459
20522
20460
20523
20461
20524
20462
20525
20463
20526
20464
20527
20465
20528
20466
20529
20467
20530
20468
20531
20469
20532
20470
20533
20471
20534
20472
20535
20473
20536
20474
20537
20475
20538
20476
20539
20477
20540
20478
20541
20479
20542
20480
20543
20481
20544
20482
20545
20483
20546
20484
20547
20485
20548
20486
20549
20487
20550
20488
20551
20489
20552
20490
20553
20491
20554
20492
20555
20493
20556
20494
20557
20495
20558
20496
20559
20497
20560
20498
20561
20499
20562
20500
20563
20501
20564
20502
20565
20503
20566
20504
20567
20505
20568
20506
20569
20507
20570
20571
23124
20509
20572
20510
20573
20511
20574
20512
20575
20513
20576
20514
20577
20515
20578
20516
20579
20517
20580
20518
20581
20519
20582
20520
20583
20521
20584
20522
20585
20523
20586
20524
20587
20525
20588
20526
20589
20527
20590
20528
20591
20529
20592
20530
20593
20531
20594
20532
20595
20533
20596
20534
20597
20535
20598
20536
20599
20537
20600
20538
20601
20539
20602
20540
20603
20541
20604
20542
20605
20543
20606
20544
20607
20545
20608
20546
20609
20547
20610
20548
20611
20549
20612
20550
20613
20551
20614
20552
20615
20553
20616
20554
20617
20555
20618
20556
20619
20557
20620
20558
20621
20559
20622
20560
20623
20561
20624
20562
20625
20563
20626
20564
20627
20565
20628
20566
20629
20567
20630
20568
20631
20569
20632
20570
20633
20571
20634
20635
23148
20573
20636
20574
20637
20575
20638
20576
20639
20577
20640
20578
20641
20579
20642
20580
20643
20581
20644
20582
20645
20583
20646
20584
20647
20585
20648
20586
20649
20587
20650
20588
20651
20589
20652
20590
20653
20591
20654
20592
20655
20593
20656
20594
20657
20595
20658
20596
20659
20597
20660
20598
20661
20599
20662
20600
20663
20601
20664
20602
20665
20603
20666
20604
20667
20605
20668
20606
20669
20607
20670
20608
20671
20609
20672
20610
20673
20611
20674
20612
20675
20613
20676
20614
20677
20615
20678
20616
20679
20617
20680
20618
20681
20619
20682
20620
20683
20621
20684
20622
20685
20623
20686
20624
20687
20625
20688
20626
20689
20627
20690
20628
20691
20629
20692
20630
20693
20631
20694
20632
20695
20633
20696
20634
20697
20635
20698
20699
23172
20637
20700
20638
20701
20639
20702
20640
20703
20641
20704
20642
20705
20643
20706
20644
20707
20645
20708
20646
20709
20647
20710
20648
20711
20649
20712
20650
20713
20651
20714
20652
20715
20653
20716
20654
20717
20655
20718
20656
20719
20657
20720
20658
20721
20659
20722
20660
20723
20661
20724
20662
20725
20663
20726
20664
20727
20665
20728
20666
20729
20667
20730
20668
20731
20669
20732
20670
20733
20671
20734
20672
20735
20673
20736
20674
20737
20675
20738
20676
20739
20677
20740
20678
20741
20679
20742
20680
20743
20681
20744
20682
20745
20683
20746
20684
20747
20685
20748
20686
20749
20687
20750
20688
20751
20689
20752
20690
20753
20691
20754
20692
20755
20693
20756
20694
20757
20695
20758
20696
20759
20697
20760
20698
20761
20699
20762
20763
23196
20701
20764
20702
20765
20703
20766
20704
20767
20705
20768
20706
20769
20707
20770
20708
20771
20709
20772
20710
20773
20711
20774
20712
20775
20713
20776
20714
20777
20715
20778
20716
20779
20717
20780
20718
20781
20719
20782
20720
20783
20721
20784
20722
20785
20723
20786
20724
20787
20725
20788
20726
20789
20727
20790
20728
20791
20729
20792
20730
20793
20731
20794
20732
20795
20733
20796
20734
20797
20735
20798
20736
20799
20737
20800
20738
20801
20739
20802
20740
20803
20741
20804
20742
20805
20743
20806
20744
20807
20745
20808
20746
20809
20747
20810
20748
20811
20749
20812
20750
20813
20751
20814
20752
20815
20753
20816
20754
20817
20755
20818
20756
20819
20757
20820
20758
20821
20759
20822
20760
20823
20761
20824
20762
20825
20763
20826
20827
23220
20765
20828
20766
20829
20767
20830
20768
20831
20769
20832
20770
20833
20771
20834
20772
20835
20773
20836
20774
20837
20775
20838
20776
20839
20777
20840
20778
20841
20779
20842
20780
20843
20781
20844
20782
20845
20783
20846
20784
20847
20785
20848
20786
20849
20787
20850
20788
20851
20789
20852
20790
20853
20791
20854
20792
20855
20793
20856
20794
20857
20795
20858
20796
20859
20797
20860
20798
20861
20799
20862
20800
20863
20801
20864
20802
20865
20803
20866
20804
20867
20805
20868
20806
20869
20807
20870
20808
20871
20809
20872
20810
20873
20811
20874
20812
20875
20813
20876
20814
20877
20815
20878
20816
20879
20817
20880
20818
20881
20819
20882
20820
20883
20821
20884
20822
20885
20823
20886
20824
20887
20825
20888
20826
20889
20827
20890
20891
23244
20829
20892
20830
20893
20831
20894
20832
20895
20833
20896
20834
20897
20835
20898
20836
20899
20837
20900
20838
20901
20839
20902
20840
20903
20841
20904
20842
20905
20843
20906
20844
20907
20845
20908
20846
20909
20847
20910
20848
20911
20849
20912
20850
20913
20851
20914
20852
20915
20853
20916
20854
20917
20855
20918
20856
20919
20857
20920
20858
20921
20859
20922
20860
20923
20861
20924
20862
20925
20863
20926
20864
20927
20865
20928
20866
20929
20867
20930
20868
20931
20869
20932
20870
20933
20871
20934
20872
20935
20873
20936
20874
20937
20875
20938
20876
20939
20877
20940
20878
20941
20879
20942
20880
20943
20881
20944
20882
20945
20883
20946
20884
20947
20885
20948
20886
20949
20887
20950
20888
20951
20889
20952
20890
20953
20891
20954
20955
23268
20893
20956
20894
20957
20895
20958
20896
20959
20897
20960
20898
20961
20899
20962
20900
20963
20901
20964
20902
20965
20903
20966
20904
20967
20905
20968
20906
20969
20907
20970
20908
20971
20909
20972
20910
20973
20911
20974
20912
20975
20913
20976
20914
20977
20915
20978
20916
20979
20917
20980
20918
20981
20919
20982
20920
20983
20921
20984
20922
20985
20923
20986
20924
20987
20925
20988
20926
20989
20927
20990
20928
20991
20929
20992
20930
20993
20931
20994
20932
20995
20933
20996
20934
20997
20935
20998
20936
20999
20937
21000
20938
21001
20939
21002
20940
21003
20941
21004
20942
21005
20943
21006
20944
21007
20945
21008
20946
21009
20947
21010
20948
21011
20949
21012
20950
21013
20951
21014
20952
21015
20953
21016
20954
21017
20955
21018
21019
23292
20957
21020
20958
21021
20959
21022
20960
21023
20961
21024
20962
21025
20963
21026
20964
21027
20965
21028
20966
21029
20967
21030
20968
21031
20969
21032
20970
21033
20971
21034
20972
21035
20973
21036
20974
21037
20975
21038
20976
21039
20977
21040
20978
21041
20979
21042
20980
21043
20981
21044
20982
21045
20983
21046
20984
21047
20985
21048
20986
21049
20987
21050
20988
21051
20989
21052
20990
21053
20991
21054
20992
21055
20993
21056
20994
21057
20995
21058
20996
21059
20997
21060
20998
21061
20999
21062
21000
21063
21001
21064
21002
21065
21003
21066
21004
21067
21005
21068
21006
21069
21007
21070
21008
21071
21009
21072
21010
21073
21011
21074
21012
21075
21013
21076
21014
21077
21015
21078
21016
21079
21017
21080
21018
21081
21019
21082
21083
23316
21021
21084
21022
21085
21023
21086
21024
21087
21025
21088
21026
21089
21027
21090
21028
21091
21029
21092
21030
21093
21031
21094
21032
21095
21033
21096
21034
21097
21035
21098
21036
21099
21037
21100
21038
21101
21039
21102
21040
21103
21041
21104
21042
21105
21043
21106
21044
21107
21045
21108
21046
21109
21047
21110
21048
21111
21049
21112
21050
21113
21051
21114
21052
21115
21053
21116
21054
21117
21055
21118
21056
21119
21057
21120
21058
21121
21059
21122
21060
21123
21061
21124
21062
21125
21063
21126
21064
21127
21065
21128
21066
21129
21067
21130
21068
21131
21069
21132
21070
21133
21071
21134
21072
21135
21073
21136
21074
21137
21075
21138
21076
21139
21077
21140
21078
21141
21079
21142
21080
21143
21081
21144
21082
21145
21083
21146
21147
23340
21085
21148
21086
21149
21087
21150
21088
21151
21089
21152
21090
21153
21091
21154
21092
21155
21093
21156
21094
21157
21095
21158
21096
21159
21097
21160
21098
21161
21099
21162
21100
21163
21101
21164
21102
21165
21103
21166
21104
21167
21105
21168
21106
21169
21107
21170
21108
21171
21109
21172
21110
21173
21111
21174
21112
21175
21113
21176
21114
21177
21115
21178
21116
21179
21117
21180
21118
21181
21119
21182
21120
21183
21121
21184
21122
21185
21123
21186
21124
21187
21125
21188
21126
21189
21127
21190
21128
21191
21129
21192
21130
21193
21131
21194
21132
21195
21133
21196
21134
21197
21135
21198
21136
21199
21137
21200
21138
21201
21139
21202
21140
21203
21141
21204
21142
21205
21143
21206
21144
21207
21145
21208
21146
21209
21147
21210
21211
23364
21149
21212
21150
21213
21151
21214
21152
21215
21153
21216
21154
21217
21155
21218
21156
21219
21157
21220
21158
21221
21159
21222
21160
21223
21161
21224
21162
21225
21163
21226
21164
21227
21165
21228
21166
21229
21167
21230
21168
21231
21169
21232
21170
21233
21171
21234
21172
21235
21173
21236
21174
21237
21175
21238
21176
21239
21177
21240
21178
21241
21179
21242
21180
21243
21181
21244
21182
21245
21183
21246
21184
21247
21185
21248
21186
21249
21187
21250
21188
21251
21189
21252
21190
21253
21191
21254
21192
21255
21193
21256
21194
21257
21195
21258
21196
21259
21197
21260
21198
21261
21199
21262
21200
21263
21201
21264
21202
21265
21203
21266
21204
21267
21205
21268
21206
21269
21207
21270
21208
21271
21209
21272
21210
21273
21211
21274
21275
23388
21213
21276
21214
21277
21215
21278
21216
21279
21217
21280
21218
21281
21219
21282
21220
21283
21221
21284
21222
21285
21223
21286
21224
21287
21225
21288
21226
21289
21227
21290
21228
21291
21229
21292
21230
21293
21231
21294
21232
21295
21233
21296
21234
21297
21235
21298
21236
21299
21237
21300
21238
21301
21239
21302
21240
21303
21241
21304
21242
21305
21243
21306
21244
21307
21245
21308
21246
21309
21247
21310
21248
21311
21249
21312
21250
21313
21251
21314
21252
21315
21253
21316
21254
21317
21255
21318
21256
21319
21257
21320
21258
21321
21259
21322
21260
21323
21261
21324
21262
21325
21263
21326
21264
21327
21265
21328
21266
21329
21267
21330
21268
21331
21269
21332
21270
21333
21271
21334
21272
21335
21273
21336
21274
21337
21275
21338
21339
23412
21277
21340
21278
21341
21279
21342
21280
21343
21281
21344
21282
21345
21283
21346
21284
21347
21285
21348
21286
21349
21287
21350
21288
21351
21289
21352
21290
21353
21291
21354
21292
21355
21293
21356
21294
21357
21295
21358
21296
21359
21297
21360
21298
21361
21299
21362
21300
21363
21301
21364
21302
21365
21303
21366
21304
21367
21305
21368
21306
21369
21307
21370
21308
21371
21309
21372
21310
21373
21311
21374
21312
21375
21313
21376
21314
21377
21315
21378
21316
21379
21317
21380
21318
21381
21319
21382
21320
21383
21321
21384
21322
21385
21323
21386
21324
21387
21325
21388
21326
21389
21327
21390
21328
21391
21329
21392
21330
21393
21331
21394
21332
21395
21333
21396
21334
21397
21335
21398
21336
21399
21337
21400
21338
21401
21339
21402
21403
23436
21341
21404
21342
21405
21343
21406
21344
21407
21345
21408
21346
21409
21347
21410
21348
21411
21349
21412
21350
21413
21351
21414
21352
21415
21353
21416
21354
21417
21355
21418
21356
21419
21357
21420
21358
21421
21359
21422
21360
21423
21361
21424
21362
21425
21363
21426
21364
21427
21365
21428
21366
21429
21367
21430
21368
21431
21369
21432
21370
21433
21371
21434
21372
21435
21373
21436
21374
21437
21375
21438
21376
21439
21377
21440
21378
21441
21379
21442
21380
21443
21381
21444
21382
21445
21383
21446
21384
21447
21385
21448
21386
21449
21387
21450
21388
21451
21389
21452
21390
21453
21391
21454
21392
21455
21393
21456
21394
21457
21395
21458
21396
21459
21397
21460
21398
21461
21399
21462
21400
21463
21401
21464
21402
21465
21403
21466
21467
23460
21405
21468
21406
21469
21407
21470
21408
21471
21409
21472
21410
21473
21411
21474
21412
21475
21413
21476
21414
21477
21415
21478
21416
21479
21417
21480
21418
21481
21419
21482
21420
21483
21421
21484
21422
21485
21423
21486
21424
21487
21425
21488
21426
21489
21427
21490
21428
21491
21429
21492
21430
21493
21431
21494
21432
21495
21433
21496
21434
21497
21435
21498
21436
21499
21437
21500
21438
21501
21439
21502
21440
21503
21441
21504
21442
21505
21443
21506
21444
21507
21445
21508
21446
21509
21447
21510
21448
21511
21449
21512
21450
21513
21451
21514
21452
21515
21453
21516
21454
21517
21455
21518
21456
21519
21457
21520
21458
21521
21459
21522
21460
21523
21461
21524
21462
21525
21463
21526
21464
21527
21465
21528
21466
21529
21467
21530
21531
23484
21469
21532
21470
21533
21471
21534
21472
21535
21473
21536
21474
21537
21475
21538
21476
21539
21477
21540
21478
21541
21479
21542
21480
21543
21481
21544
21482
21545
21483
21546
21484
21547
21485
21548
21486
21549
21487
21550
21488
21551
21489
21552
21490
21553
21491
21554
21492
21555
21493
21556
21494
21557
21495
21558
21496
21559
21497
21560
21498
21561
21499
21562
21500
21563
21501
21564
21502
21565
21503
21566
21504
21567
21505
21568
21506
21569
21507
21570
21508
21571
21509
21572
21510
21573
21511
21574
21512
21575
21513
21576
21514
21577
21515
21578
21516
21579
21517
21580
21518
21581
21519
21582
21520
21583
21521
21584
21522
21585
21523
21586
21524
21587
21525
21588
21526
21589
21527
21590
21528
21591
21529
21592
21530
21593
21531
21594
21595
23508
21533
21596
21534
21597
21535
21598
21536
21599
21537
21600
21538
21601
21539
21602
21540
21603
21541
21604
21542
21605
21543
21606
21544
21607
21545
21608
21546
21609
21547
21610
21548
21611
21549
21612
21550
21613
21551
21614
21552
21615
21553
21616
21554
21617
21555
21618
21556
21619
21557
21620
21558
21621
21559
21622
21560
21623
21561
21624
21562
21625
21563
21626
21564
21627
21565
21628
21566
21629
21567
21630
21568
21631
21569
21632
21570
21633
21571
21634
21572
21635
21573
21636
21574
21637
21575
21638
21576
21639
21577
21640
21578
21641
21579
21642
21580
21643
21581
21644
21582
21645
21583
21646
21584
21647
21585
21648
21586
21649
21587
21650
21588
21651
21589
21652
21590
21653
21591
21654
21592
21655
21593
21656
21594
21657
21595
21658
21659
23532
21597
21660
21598
21661
21599
21662
21600
21663
21601
21664
21602
21665
21603
21666
21604
21667
21605
21668
21606
21669
21607
21670
21608
21671
21609
21672
21610
21673
21611
21674
21612
21675
21613
21676
21614
21677
21615
21678
21616
21679
21617
21680
21618
21681
21619
21682
21620
21683
21621
21684
21622
21685
21623
21686
21624
21687
21625
21688
21626
21689
21627
21690
21628
21691
21629
21692
21630
21693
21631
21694
21632
21695
21633
21696
21634
21697
21635
21698
21636
21699
21637
21700
21638
21701
21639
21702
21640
21703
21641
21704
21642
21705
21643
21706
21644
21707
21645
21708
21646
21709
21647
21710
21648
21711
21649
21712
21650
21713
21651
21714
21652
21715
21653
21716
21654
21717
21655
21718
21656
21719
21657
21720
21658
21721
21659
21722
21723
23556
21661
21724
21662
21725
21663
21726
21664
21727
21665
21728
21666
21729
21667
21730
21668
21731
21669
21732
21670
21733
21671
21734
21672
21735
21673
21736
21674
21737
21675
21738
21676
21739
21677
21740
21678
21741
21679
21742
21680
21743
21681
21744
21682
21745
21683
21746
21684
21747
21685
21748
21686
21749
21687
21750
21688
21751
21689
21752
21690
21753
21691
21754
21692
21755
21693
21756
21694
21757
21695
21758
21696
21759
21697
21760
21698
21761
21699
21762
21700
21763
21701
21764
21702
21765
21703
21766
21704
21767
21705
21768
21706
21769
21707
21770
21708
21771
21709
21772
21710
21773
21711
21774
21712
21775
21713
21776
21714
21777
21715
21778
21716
21779
21717
21780
21718
21781
21719
21782
21720
21783
21721
21784
21722
21785
21723
21786
21787
23580
21725
21788
21726
21789
21727
21790
21728
21791
21729
21792
21730
21793
21731
21794
21732
21795
21733
21796
21734
21797
21735
21798
21736
21799
21737
21800
21738
21801
21739
21802
21740
21803
21741
21804
21742
21805
21743
21806
21744
21807
21745
21808
21746
21809
21747
21810
21748
21811
21749
21812
21750
21813
21751
21814
21752
21815
21753
21816
21754
21817
21755
21818
21756
21819
21757
21820
21758
21821
21759
21822
21760
21823
21761
21824
21762
21825
21763
21826
21764
21827
21765
21828
21766
21829
21767
21830
21768
21831
21769
21832
21770
21833
21771
21834
21772
21835
21773
21836
21774
21837
21775
21838
21776
21839
21777
21840
21778
21841
21779
21842
21780
21843
21781
21844
21782
21845
21783
21846
21784
21847
21785
21848
21786
21849
21787
21850
21851
23604
21789
21852
21790
21853
21791
21854
21792
21855
21793
21856
21794
21857
21795
21858
21796
21859
21797
21860
21798
21861
21799
21862
21800
21863
21801
21864
21802
21865
21803
21866
21804
21867
21805
21868
21806
21869
21807
21870
21808
21871
21809
21872
21810
21873
21811
21874
21812
21875
21813
21876
21814
21877
21815
21878
21816
21879
21817
21880
21818
21881
21819
21882
21820
21883
21821
21884
21822
21885
21823
21886
21824
21887
21825
21888
21826
21889
21827
21890
21828
21891
21829
21892
21830
21893
21831
21894
21832
21895
21833
21896
21834
21897
21835
21898
21836
21899
21837
21900
21838
21901
21839
21902
21840
21903
21841
21904
21842
21905
21843
21906
21844
21907
21845
21908
21846
21909
21847
21910
21848
21911
21849
21912
21850
21913
21851
21914
21915
23628
21853
21916
21854
21917
21855
21918
21856
21919
21857
21920
21858
21921
21859
21922
21860
21923
21861
21924
21862
21925
21863
21926
21864
21927
21865
21928
21866
21929
21867
21930
21868
21931
21869
21932
21870
21933
21871
21934
21872
21935
21873
21936
21874
21937
21875
21938
21876
21939
21877
21940
21878
21941
21879
21942
21880
21943
21881
21944
21882
21945
21883
21946
21884
21947
21885
21948
21886
21949
21887
21950
21888
21951
21889
21952
21890
21953
21891
21954
21892
21955
21893
21956
21894
21957
21895
21958
21896
21959
21897
21960
21898
21961
21899
21962
21900
21963
21901
21964
21902
21965
21903
21966
21904
21967
21905
21968
21906
21969
21907
21970
21908
21971
21909
21972
21910
21973
21911
21974
21912
21975
21913
21976
21914
21977
21915
21978
21979
23652
21917
21980
21918
21981
21919
21982
21920
21983
21921
21984
21922
21985
21923
21986
21924
21987
21925
21988
21926
21989
21927
21990
21928
21991
21929
21992
21930
21993
21931
21994
21932
21995
21933
21996
21934
21997
21935
21998
21936
21999
21937
22000
21938
22001
21939
22002
21940
22003
21941
22004
21942
22005
21943
22006
21944
22007
21945
22008
21946
22009
21947
22010
21948
22011
21949
22012
21950
22013
21951
22014
21952
22015
21953
22016
21954
22017
21955
22018
21956
22019
21957
22020
21958
22021
21959
22022
21960
22023
21961
22024
21962
22025
21963
22026
21964
22027
21965
22028
21966
22029
21967
22030
21968
22031
21969
22032
21970
22033
21971
22034
21972
22035
21973
22036
21974
22037
21975
22038
21976
22039
21977
22040
21978
22041
21979
22042
22043
23676
21981
22044
21982
22045
21983
22046
21984
22047
21985
22048
21986
22049
21987
22050
21988
22051
21989
22052
21990
22053
21991
22054
21992
22055
21993
22056
21994
22057
21995
22058
21996
22059
21997
22060
21998
22061
21999
22062
22000
22063
22001
22064
22002
22065
22003
22066
22004
22067
22005
22068
22006
22069
22007
22070
22008
22071
22009
22072
22010
22073
22011
22074
22012
22075
22013
22076
22014
22077
22015
22078
22016
22079
22017
22080
22018
22081
22019
22082
22020
22083
22021
22084
22022
22085
22023
22086
22024
22087
22025
22088
22026
22089
22027
22090
22028
22091
22029
22092
22030
22093
22031
22094
22032
22095
22033
22096
22034
22097
22035
22098
22036
22099
22037
22100
22038
22101
22039
22102
22040
22103
22041
22104
22042
22105
22043
22106
22107
23700
22045
22108
22046
22109
22047
22110
22048
22111
22049
22112
22050
22113
22051
22114
22052
22115
22053
22116
22054
22117
22055
22118
22056
22119
22057
22120
22058
22121
22059
22122
22060
22123
22061
22124
22062
22125
22063
22126
22064
22127
22065
22128
22066
22129
22067
22130
22068
22131
22069
22132
22070
22133
22071
22134
22072
22135
22073
22136
22074
22137
22075
22138
22076
22139
22077
22140
22078
22141
22079
22142
22080
22143
22081
22144
22082
22145
22083
22146
22084
22147
22085
22148
22086
22149
22087
22150
22088
22151
22089
22152
22090
22153
22091
22154
22092
22155
22093
22156
22094
22157
22095
22158
22096
22159
22097
22160
22098
22161
22099
22162
22100
22163
22101
22164
22102
22165
22103
22166
22104
22167
22105
22168
22106
22169
22107
22170
22171
23724
22109
22172
22110
22173
22111
22174
22112
22175
22113
22176
22114
22177
22115
22178
22116
22179
22117
22180
22118
22181
22119
22182
22120
22183
22121
22184
22122
22185
22123
22186
22124
22187
22125
22188
22126
22189
22127
22190
22128
22191
22129
22192
22130
22193
22131
22194
22132
22195
22133
22196
22134
22197
22135
22198
22136
22199
22137
22200
22138
22201
22139
22202
22140
22203
22141
22204
22142
22205
22143
22206
22144
22207
22145
22208
22146
22209
22147
22210
22148
22211
22149
22212
22150
22213
22151
22214
22152
22215
22153
22216
22154
22217
22155
22218
22156
22219
22157
22220
22158
22221
22159
22222
22160
22223
22161
22224
22162
22225
22163
22226
22164
22227
22165
22228
22166
22229
22167
22230
22168
22231
22169
22232
22170
22233
22171
22234
22235
23748
22173
22236
22174
22237
22175
22238
22176
22239
22177
22240
22178
22241
22179
22242
22180
22243
22181
22244
22182
22245
22183
22246
22184
22247
22185
22248
22186
22249
22187
22250
22188
22251
22189
22252
22190
22253
22191
22254
22192
22255
22193
22256
22194
22257
22195
22258
22196
22259
22197
22260
22198
22261
22199
22262
22200
22263
22201
22264
22202
22265
22203
22266
22204
22267
22205
22268
22206
22269
22207
22270
22208
22271
22209
22272
22210
22273
22211
22274
22212
22275
22213
22276
22214
22277
22215
22278
22216
22279
22217
22280
22218
22281
22219
22282
22220
22283
22221
22284
22222
22285
22223
22286
22224
22287
22225
22288
22226
22289
22227
22290
22228
22291
22229
22292
22230
22293
22231
22294
22232
22295
22233
22296
22234
22297
22235
22298
22299
23772
22237
22300
22238
22301
22239
22302
22240
22303
22241
22304
22242
22305
22243
22306
22244
22307
22245
22308
22246
22309
22247
22310
22248
22311
22249
22312
22250
22313
22251
22314
22252
22315
22253
22316
22254
22317
22255
22318
22256
22319
22257
22320
22258
22321
22259
22322
22260
22323
22261
22324
22262
22325
22263
22326
22264
22327
22265
22328
22266
22329
22267
22330
22268
22331
22269
22332
22270
22333
22271
22334
22272
22335
22273
22336
22274
22337
22275
22338
22276
22339
22277
22340
22278
22341
22279
22342
22280
22343
22281
22344
22282
22345
22283
22346
22284
22347
22285
22348
22286
22349
22287
22350
22288
22351
22289
22352
22290
22353
22291
22354
22292
22355
22293
22356
22294
22357
22295
22358
22296
22359
22297
22360
22298
22361
22299
22362
22363
23796
22301
22364
22302
22365
22303
22366
22304
22367
22305
22368
22306
22369
22307
22370
22308
22371
22309
22372
22310
22373
22311
22374
22312
22375
22313
22376
22314
22377
22315
22378
22316
22379
22317
22380
22318
22381
22319
22382
22320
22383
22321
22384
22322
22385
22323
22386
22324
22387
22325
22388
22326
22389
22327
22390
22328
22391
22329
22392
22330
22393
22331
22394
22332
22395
22333
22396
22334
22397
22335
22398
22336
22399
22337
22400
22338
22401
22339
22402
22340
22403
22341
22404
22342
22405
22343
22406
22344
22407
22345
22408
22346
22409
22347
22410
22348
22411
22349
22412
22350
22413
22351
22414
22352
22415
22353
22416
22354
22417
22355
22418
22356
22419
22357
22420
22358
22421
22359
22422
22360
22423
22361
22424
22362
22425
22363
22426
22427
23820
22365
22428
22366
22429
22367
22430
22368
22431
22369
22432
22370
22433
22371
22434
22372
22435
22373
22436
22374
22437
22375
22438
22376
22439
22377
22440
22378
22441
22379
22442
22380
22443
22381
22444
22382
22445
22383
22446
22384
22447
22385
22448
22386
22449
22387
22450
22388
22451
22389
22452
22390
22453
22391
22454
22392
22455
22393
22456
22394
22457
22395
22458
22396
22459
22397
22460
22398
22461
22399
22462
22400
22463
22401
22464
22402
22465
22403
22466
22404
22467
22405
22468
22406
22469
22407
22470
22408
22471
22409
22472
22410
22473
22411
22474
22412
22475
22413
22476
22414
22477
22415
22478
22416
22479
22417
22480
22418
22481
22419
22482
22420
22483
22421
22484
22422
22485
22423
22486
22424
22487
22425
22488
22426
22489
22427
22490
22491
23844
22429
22492
22430
22493
22431
22494
22432
22495
22433
22496
22434
22497
22435
22498
22436
22499
22437
22500
22438
22501
22439
22502
22440
22503
22441
22504
22442
22505
22443
22506
22444
22507
22445
22508
22446
22509
22447
22510
22448
22511
22449
22512
22450
22513
22451
22514
22452
22515
22453
22516
22454
22517
22455
22518
22456
22519
22457
22520
22458
22521
22459
22522
22460
22523
22461
22524
22462
22525
22463
22526
22464
22527
22465
22528
22466
22529
22467
22530
22468
22531
22469
22532
22470
22533
22471
22534
22472
22535
22473
22536
22474
22537
22475
22538
22476
22539
22477
22540
22478
22541
22479
22542
22480
22543
22481
22544
22482
22545
22483
22546
22484
22547
22485
22548
22486
22549
22487
22550
22488
22551
22489
22552
22490
22553
22491
22554
22555
23868
22493
22556
22494
22557
22495
22558
22496
22559
22497
22560
22498
22561
22499
22562
22500
22563
22501
22564
22502
22565
22503
22566
22504
22567
22505
22568
22506
22569
22507
22570
22508
22571
22509
22572
22510
22573
22511
22574
22512
22575
22513
22576
22514
22577
22515
22578
22516
22579
22517
22580
22518
22581
22519
22582
22520
22583
22521
22584
22522
22585
22523
22586
22524
22587
22525
22588
22526
22589
22527
22590
22528
22591
22529
22592
22530
22593
22531
22594
22532
22595
22533
22596
22534
22597
22535
22598
22536
22599
22537
22600
22538
22601
22539
22602
22540
22603
22541
22604
22542
22605
22543
22606
22544
22607
22545
22608
22546
22609
22547
22610
22548
22611
22549
22612
22550
22613
22551
22614
22552
22615
22553
22616
22554
22617
22555
22618
22619
23892
22557
34475
22558
34476
22559
34477
22560
34478
22561
34479
22562
34480
22563
34481
22564
34482
22565
34483
22566
34484
22567
34485
22568
34486
22569
34487
22570
34488
22571
34489
22572
34490
22573
34491
22574
34492
22575
34493
22576
34494
22577
34495
22578
34496
22579
34497
22580
34498
22581
34499
22582
34500
22583
34501
22584
34502
22585
34503
22586
34504
22587
34505
22588
34506
22589
34507
22590
34508
22591
34509
22592
34510
22593
34511
22594
34512
22595
34513
22596
34514
22597
34515
22598
34516
22599
34517
22600
34518
22601
34519
22602
34520
22603
34521
22604
34522
22605
34523
22606
34524
22607
34525
22608
34526
22609
34527
22610
34528
22611
34529
22612
34530
22613
34531
22614
34532
22615
34533
22616
34534
22617
34535
22618
34536
22619
34537
23916
34538
22621
22644
22622
22645
22623
22646
22624
22647
22625
22648
22626
22649
22627
22650
22628
22651
22629
22652
22630
22653
22631
22654
22632
22655
22633
22656
22634
22657
22635
22658
22636
22659
22637
22660
22638
22661
22639
22662
22640
22663
22641
22664
22642
22665
22643
22666
22667
23940
22645
22668
22646
22669
22647
22670
22648
22671
22649
22672
22650
22673
22651
22674
22652
22675
22653
22676
22654
22677
22655
22678
22656
22679
22657
22680
22658
22681
22659
22682
22660
22683
22661
22684
22662
22685
22663
22686
22664
22687
22665
22688
22666
22689
22667
22690
22691
24012
22669
22692
22670
22693
22671
22694
22672
22695
22673
22696
22674
22697
22675
22698
22676
22699
22677
22700
22678
22701
22679
22702
22680
22703
22681
22704
22682
22705
22683
22706
22684
22707
22685
22708
22686
22709
22687
22710
22688
22711
22689
22712
22690
22713
22691
22714
22715
24084
22693
22716
22694
22717
22695
22718
22696
22719
22697
22720
22698
22721
22699
22722
22700
22723
22701
22724
22702
22725
22703
22726
22704
22727
22705
22728
22706
22729
22707
22730
22708
22731
22709
22732
22710
22733
22711
22734
22712
22735
22713
22736
22714
22737
22715
22738
22739
24156
22717
22740
22718
22741
22719
22742
22720
22743
22721
22744
22722
22745
22723
22746
22724
22747
22725
22748
22726
22749
22727
22750
22728
22751
22729
22752
22730
22753
22731
22754
22732
22755
22733
22756
22734
22757
22735
22758
22736
22759
22737
22760
22738
22761
22739
22762
22763
24228
22741
22764
22742
22765
22743
22766
22744
22767
22745
22768
22746
22769
22747
22770
22748
22771
22749
22772
22750
22773
22751
22774
22752
22775
22753
22776
22754
22777
22755
22778
22756
22779
22757
22780
22758
22781
22759
22782
22760
22783
22761
22784
22762
22785
22763
22786
22787
24300
22765
22788
22766
22789
22767
22790
22768
22791
22769
22792
22770
22793
22771
22794
22772
22795
22773
22796
22774
22797
22775
22798
22776
22799
22777
22800
22778
22801
22779
22802
22780
22803
22781
22804
22782
22805
22783
22806
22784
22807
22785
22808
22786
22809
22787
22810
22811
24372
22789
22812
22790
22813
22791
22814
22792
22815
22793
22816
22794
22817
22795
22818
22796
22819
22797
22820
22798
22821
22799
22822
22800
22823
22801
22824
22802
22825
22803
22826
22804
22827
22805
22828
22806
22829
22807
22830
22808
22831
22809
22832
22810
22833
22811
22834
22835
24444
22813
22836
22814
22837
22815
22838
22816
22839
22817
22840
22818
22841
22819
22842
22820
22843
22821
22844
22822
22845
22823
22846
22824
22847
22825
22848
22826
22849
22827
22850
22828
22851
22829
22852
22830
22853
22831
22854
22832
22855
22833
22856
22834
22857
22835
22858
22859
24516
22837
22860
22838
22861
22839
22862
22840
22863
22841
22864
22842
22865
22843
22866
22844
22867
22845
22868
22846
22869
22847
22870
22848
22871
22849
22872
22850
22873
22851
22874
22852
22875
22853
22876
22854
22877
22855
22878
22856
22879
22857
22880
22858
22881
22859
22882
22883
24588
22861
22884
22862
22885
22863
22886
22864
22887
22865
22888
22866
22889
22867
22890
22868
22891
22869
22892
22870
22893
22871
22894
22872
22895
22873
22896
22874
22897
22875
22898
22876
22899
22877
22900
22878
22901
22879
22902
22880
22903
22881
22904
22882
22905
22883
22906
22907
24660
22885
22908
22886
22909
22887
22910
22888
22911
22889
22912
22890
22913
22891
22914
22892
22915
22893
22916
22894
22917
22895
22918
22896
22919
22897
22920
22898
22921
22899
22922
22900
22923
22901
22924
22902
22925
22903
22926
22904
22927
22905
22928
22906
22929
22907
22930
22931
24732
22909
22932
22910
22933
22911
22934
22912
22935
22913
22936
22914
22937
22915
22938
22916
22939
22917
22940
22918
22941
22919
22942
22920
22943
22921
22944
22922
22945
22923
22946
22924
22947
22925
22948
22926
22949
22927
22950
22928
22951
22929
22952
22930
22953
22931
22954
22955
24804
22933
22956
22934
22957
22935
22958
22936
22959
22937
22960
22938
22961
22939
22962
22940
22963
22941
22964
22942
22965
22943
22966
22944
22967
22945
22968
22946
22969
22947
22970
22948
22971
22949
22972
22950
22973
22951
22974
22952
22975
22953
22976
22954
22977
22955
22978
22979
24876
22957
22980
22958
22981
22959
22982
22960
22983
22961
22984
22962
22985
22963
22986
22964
22987
22965
22988
22966
22989
22967
22990
22968
22991
22969
22992
22970
22993
22971
22994
22972
22995
22973
22996
22974
22997
22975
22998
22976
22999
22977
23000
22978
23001
22979
23002
23003
24948
22981
23004
22982
23005
22983
23006
22984
23007
22985
23008
22986
23009
22987
23010
22988
23011
22989
23012
22990
23013
22991
23014
22992
23015
22993
23016
22994
23017
22995
23018
22996
23019
22997
23020
22998
23021
22999
23022
23000
23023
23001
23024
23002
23025
23003
23026
23027
25020
23005
23028
23006
23029
23007
23030
23008
23031
23009
23032
23010
23033
23011
23034
23012
23035
23013
23036
23014
23037
23015
23038
23016
23039
23017
23040
23018
23041
23019
23042
23020
23043
23021
23044
23022
23045
23023
23046
23024
23047
23025
23048
23026
23049
23027
23050
23051
25092
23029
23052
23030
23053
23031
23054
23032
23055
23033
23056
23034
23057
23035
23058
23036
23059
23037
23060
23038
23061
23039
23062
23040
23063
23041
23064
23042
23065
23043
23066
23044
23067
23045
23068
23046
23069
23047
23070
23048
23071
23049
23072
23050
23073
23051
23074
23075
25164
23053
23076
23054
23077
23055
23078
23056
23079
23057
23080
23058
23081
23059
23082
23060
23083
23061
23084
23062
23085
23063
23086
23064
23087
23065
23088
23066
23089
23067
23090
23068
23091
23069
23092
23070
23093
23071
23094
23072
23095
23073
23096
23074
23097
23075
23098
23099
25236
23077
23100
23078
23101
23079
23102
23080
23103
23081
23104
23082
23105
23083
23106
23084
23107
23085
23108
23086
23109
23087
23110
23088
23111
23089
23112
23090
23113
23091
23114
23092
23115
23093
23116
23094
23117
23095
23118
23096
23119
23097
23120
23098
23121
23099
23122
23123
25308
23101
23124
23102
23125
23103
23126
23104
23127
23105
23128
23106
23129
23107
23130
23108
23131
23109
23132
23110
23133
23111
23134
23112
23135
23113
23136
23114
23137
23115
23138
23116
23139
23117
23140
23118
23141
23119
23142
23120
23143
23121
23144
23122
23145
23123
23146
23147
25380
23125
23148
23126
23149
23127
23150
23128
23151
23129
23152
23130
23153
23131
23154
23132
23155
23133
23156
23134
23157
23135
23158
23136
23159
23137
23160
23138
23161
23139
23162
23140
23163
23141
23164
23142
23165
23143
23166
23144
23167
23145
23168
23146
23169
23147
23170
23171
25452
23149
23172
23150
23173
23151
23174
23152
23175
23153
23176
23154
23177
23155
23178
23156
23179
23157
23180
23158
23181
23159
23182
23160
23183
23161
23184
23162
23185
23163
23186
23164
23187
23165
23188
23166
23189
23167
23190
23168
23191
23169
23192
23170
23193
23171
23194
23195
25524
23173
23196
23174
23197
23175
23198
23176
23199
23177
23200
23178
23201
23179
23202
23180
23203
23181
23204
23182
23205
23183
23206
23184
23207
23185
23208
23186
23209
23187
23210
23188
23211
23189
23212
23190
23213
23191
23214
23192
23215
23193
23216
23194
23217
23195
23218
23219
25596
23197
23220
23198
23221
23199
23222
23200
23223
23201
23224
23202
23225
23203
23226
23204
23227
23205
23228
23206
23229
23207
23230
23208
23231
23209
23232
23210
23233
23211
23234
23212
23235
23213
23236
23214
23237
23215
23238
23216
23239
23217
23240
23218
23241
23219
23242
23243
25668
23221
23244
23222
23245
23223
23246
23224
23247
23225
23248
23226
23249
23227
23250
23228
23251
23229
23252
23230
23253
23231
23254
23232
23255
23233
23256
23234
23257
23235
23258
23236
23259
23237
23260
23238
23261
23239
23262
23240
23263
23241
23264
23242
23265
23243
23266
23267
25740
23245
23268
23246
23269
23247
23270
23248
23271
23249
23272
23250
23273
23251
23274
23252
23275
23253
23276
23254
23277
23255
23278
23256
23279
23257
23280
23258
23281
23259
23282
23260
23283
23261
23284
23262
23285
23263
23286
23264
23287
23265
23288
23266
23289
23267
23290
23291
25812
23269
23292
23270
23293
23271
23294
23272
23295
23273
23296
23274
23297
23275
23298
23276
23299
23277
23300
23278
23301
23279
23302
23280
23303
23281
23304
23282
23305
23283
23306
23284
23307
23285
23308
23286
23309
23287
23310
23288
23311
23289
23312
23290
23313
23291
23314
23315
25884
23293
23316
23294
23317
23295
23318
23296
23319
23297
23320
23298
23321
23299
23322
23300
23323
23301
23324
23302
23325
23303
23326
23304
23327
23305
23328
23306
23329
23307
23330
23308
23331
23309
23332
23310
23333
23311
23334
23312
23335
23313
23336
23314
23337
23315
23338
23339
25956
23317
23340
23318
23341
23319
23342
23320
23343
23321
23344
23322
23345
23323
23346
23324
23347
23325
23348
23326
23349
23327
23350
23328
23351
23329
23352
23330
23353
23331
23354
23332
23355
23333
23356
23334
23357
23335
23358
23336
23359
23337
23360
23338
23361
23339
23362
23363
26028
23341
23364
23342
23365
23343
23366
23344
23367
23345
23368
23346
23369
23347
23370
23348
23371
23349
23372
23350
23373
23351
23374
23352
23375
23353
23376
23354
23377
23355
23378
23356
23379
23357
23380
23358
23381
23359
23382
23360
23383
23361
23384
23362
23385
23363
23386
23387
26100
23365
23388
23366
23389
23367
23390
23368
23391
23369
23392
23370
23393
23371
23394
23372
23395
23373
23396
23374
23397
23375
23398
23376
23399
23377
23400
23378
23401
23379
23402
23380
23403
23381
23404
23382
23405
23383
23406
23384
23407
23385
23408
23386
23409
23387
23410
23411
26172
23389
23412
23390
23413
23391
23414
23392
23415
23393
23416
23394
23417
23395
23418
23396
23419
23397
23420
23398
23421
23399
23422
23400
23423
23401
23424
23402
23425
23403
23426
23404
23427
23405
23428
23406
23429
23407
23430
23408
23431
23409
23432
23410
23433
23411
23434
23435
26244
23413
23436
23414
23437
23415
23438
23416
23439
23417
23440
23418
23441
23419
23442
23420
23443
23421
23444
23422
23445
23423
23446
23424
23447
23425
23448
23426
23449
23427
23450
23428
23451
23429
23452
23430
23453
23431
23454
23432
23455
23433
23456
23434
23457
23435
23458
23459
26316
23437
23460
23438
23461
23439
23462
23440
23463
23441
23464
23442
23465
23443
23466
23444
23467
23445
23468
23446
23469
23447
23470
23448
23471
23449
23472
23450
23473
23451
23474
23452
23475
23453
23476
23454
23477
23455
23478
23456
23479
23457
23480
23458
23481
23459
23482
23483
26388
23461
23484
23462
23485
23463
23486
23464
23487
23465
23488
23466
23489
23467
23490
23468
23491
23469
23492
23470
23493
23471
23494
23472
23495
23473
23496
23474
23497
23475
23498
23476
23499
23477
23500
23478
23501
23479
23502
23480
23503
23481
23504
23482
23505
23483
23506
23507
26460
23485
23508
23486
23509
23487
23510
23488
23511
23489
23512
23490
23513
23491
23514
23492
23515
23493
23516
23494
23517
23495
23518
23496
23519
23497
23520
23498
23521
23499
23522
23500
23523
23501
23524
23502
23525
23503
23526
23504
23527
23505
23528
23506
23529
23507
23530
23531
26532
23509
23532
23510
23533
23511
23534
23512
23535
23513
23536
23514
23537
23515
23538
23516
23539
23517
23540
23518
23541
23519
23542
23520
23543
23521
23544
23522
23545
23523
23546
23524
23547
23525
23548
23526
23549
23527
23550
23528
23551
23529
23552
23530
23553
23531
23554
23555
26604
23533
23556
23534
23557
23535
23558
23536
23559
23537
23560
23538
23561
23539
23562
23540
23563
23541
23564
23542
23565
23543
23566
23544
23567
23545
23568
23546
23569
23547
23570
23548
23571
23549
23572
23550
23573
23551
23574
23552
23575
23553
23576
23554
23577
23555
23578
23579
26676
23557
23580
23558
23581
23559
23582
23560
23583
23561
23584
23562
23585
23563
23586
23564
23587
23565
23588
23566
23589
23567
23590
23568
23591
23569
23592
23570
23593
23571
23594
23572
23595
23573
23596
23574
23597
23575
23598
23576
23599
23577
23600
23578
23601
23579
23602
23603
26748
23581
23604
23582
23605
23583
23606
23584
23607
23585
23608
23586
23609
23587
23610
23588
23611
23589
23612
23590
23613
23591
23614
23592
23615
23593
23616
23594
23617
23595
23618
23596
23619
23597
23620
23598
23621
23599
23622
23600
23623
23601
23624
23602
23625
23603
23626
23627
26820
23605
23628
23606
23629
23607
23630
23608
23631
23609
23632
23610
23633
23611
23634
23612
23635
23613
23636
23614
23637
23615
23638
23616
23639
23617
23640
23618
23641
23619
23642
23620
23643
23621
23644
23622
23645
23623
23646
23624
23647
23625
23648
23626
23649
23627
23650
23651
26892
23629
23652
23630
23653
23631
23654
23632
23655
23633
23656
23634
23657
23635
23658
23636
23659
23637
23660
23638
23661
23639
23662
23640
23663
23641
23664
23642
23665
23643
23666
23644
23667
23645
23668
23646
23669
23647
23670
23648
23671
23649
23672
23650
23673
23651
23674
23675
26964
23653
23676
23654
23677
23655
23678
23656
23679
23657
23680
23658
23681
23659
23682
23660
23683
23661
23684
23662
23685
23663
23686
23664
23687
23665
23688
23666
23689
23667
23690
23668
23691
23669
23692
23670
23693
23671
23694
23672
23695
23673
23696
23674
23697
23675
23698
23699
27036
23677
23700
23678
23701
23679
23702
23680
23703
23681
23704
23682
23705
23683
23706
23684
23707
23685
23708
23686
23709
23687
23710
23688
23711
23689
23712
23690
23713
23691
23714
23692
23715
23693
23716
23694
23717
23695
23718
23696
23719
23697
23720
23698
23721
23699
23722
23723
27108
23701
23724
23702
23725
23703
23726
23704
23727
23705
23728
23706
23729
23707
23730
23708
23731
23709
23732
23710
23733
23711
23734
23712
23735
23713
23736
23714
23737
23715
23738
23716
23739
23717
23740
23718
23741
23719
23742
23720
23743
23721
23744
23722
23745
23723
23746
23747
27180
23725
23748
23726
23749
23727
23750
23728
23751
23729
23752
23730
23753
23731
23754
23732
23755
23733
23756
23734
23757
23735
23758
23736
23759
23737
23760
23738
23761
23739
23762
23740
23763
23741
23764
23742
23765
23743
23766
23744
23767
23745
23768
23746
23769
23747
23770
23771
27252
23749
23772
23750
23773
23751
23774
23752
23775
23753
23776
23754
23777
23755
23778
23756
23779
23757
23780
23758
23781
23759
23782
23760
23783
23761
23784
23762
23785
23763
23786
23764
23787
23765
23788
23766
23789
23767
23790
23768
23791
23769
23792
23770
23793
23771
23794
23795
27324
23773
23796
23774
23797
23775
23798
23776
23799
23777
23800
23778
23801
23779
23802
23780
23803
23781
23804
23782
23805
23783
23806
23784
23807
23785
23808
23786
23809
23787
23810
23788
23811
23789
23812
23790
23813
23791
23814
23792
23815
23793
23816
23794
23817
23795
23818
23819
27396
23797
23820
23798
23821
23799
23822
23800
23823
23801
23824
23802
23825
23803
23826
23804
23827
23805
23828
23806
23829
23807
23830
23808
23831
23809
23832
23810
23833
23811
23834
23812
23835
23813
23836
23814
23837
23815
23838
23816
23839
23817
23840
23818
23841
23819
23842
23843
27468
23821
23844
23822
23845
23823
23846
23824
23847
23825
23848
23826
23849
23827
23850
23828
23851
23829
23852
23830
23853
23831
23854
23832
23855
23833
23856
23834
23857
23835
23858
23836
23859
23837
23860
23838
23861
23839
23862
23840
23863
23841
23864
23842
23865
23843
23866
23867
27540
23845
23868
23846
23869
23847
23870
23848
23871
23849
23872
23850
23873
23851
23874
23852
23875
23853
23876
23854
23877
23855
23878
23856
23879
23857
23880
23858
23881
23859
23882
23860
23883
23861
23884
23862
23885
23863
23886
23864
23887
23865
23888
23866
23889
23867
23890
23891
27612
23869
23892
23870
23893
23871
23894
23872
23895
23873
23896
23874
23897
23875
23898
23876
23899
23877
23900
23878
23901
23879
23902
23880
23903
23881
23904
23882
23905
23883
23906
23884
23907
23885
23908
23886
23909
23887
23910
23888
23911
23889
23912
23890
23913
23891
23914
23915
27684
23893
23916
23894
23917
23895
23918
23896
23919
23897
23920
23898
23921
23899
23922
23900
23923
23901
23924
23902
23925
23903
23926
23904
23927
23905
23928
23906
23929
23907
23930
23908
23931
23909
23932
23910
23933
23911
23934
23912
23935
23913
23936
23914
23937
23915
23938
23939
27756
23917
36715
23918
36716
23919
36717
23920
36718
23921
36719
23922
36720
23923
36721
23924
36722
23925
36723
23926
36724
23927
36725
23928
36726
23929
36727
23930
36728
23931
36729
23932
36730
23933
36731
23934
36732
23935
36733
23936
36734
23937
36735
23938
36736
23939
36737
27828
36738
23941
24012
23942
24013
23943
24014
23944
24015
23945
24016
23946
24017
23947
24018
23948
24019
23949
24020
23950
24021
23951
24022
23952
24023
23953
24024
23954
24025
23955
24026
23956
24027
23957
24028
23958
24029
23959
24030
23960
24031
23961
24032
23962
24033
23963
24034
23964
24035
23965
24036
23966
24037
23967
24038
23968
24039
23969
24040
23970
24041
23971
24042
23972
24043
23973
24044
23974
24045
23975
24046
23976
24047
23977
24048
23978
24049
23979
24050
23980
24051
23981
24052
23982
24053
23983
24054
23984
24055
23985
24056
23986
24057
23987
24058
23988
24059
23989
24060
23990
24061
23991
24062
23992
24063
23993
24064
23994
24065
23995
24066
23996
24067
23997
24068
23998
24069
23999
24070
24000
24071
24001
24072
24002
24073
24003
24074
24004
24075
24005
24076
24006
24077
24007
24078
24008
24079
24009
24080
24010
24081
24011
24082
24083
27900
24013
24084
24014
24085
24015
24086
24016
24087
24017
24088
24018
24089
24019
24090
24020
24091
24021
24092
24022
24093
24023
24094
24024
24095
24025
24096
24026
24097
24027
24098
24028
24099
24029
24100
24030
24101
24031
24102
24032
24103
24033
24104
24034
24105
24035
24106
24036
24107
24037
24108
24038
24109
24039
24110
24040
24111
24041
24112
24042
24113
24043
24114
24044
24115
24045
24116
24046
24117
24047
24118
24048
24119
24049
24120
24050
24121
24051
24122
24052
24123
24053
24124
24054
24125
24055
24126
24056
24127
24057
24128
24058
24129
24059
24130
24060
24131
24061
24132
24062
24133
24063
24134
24064
24135
24065
24136
24066
24137
24067
24138
24068
24139
24069
24140
24070
24141
24071
24142
24072
24143
24073
24144
24074
24145
24075
24146
24076
24147
24077
24148
24078
24149
24079
24150
24080
24151
24081
24152
24082
24153
24083
24154
24155
27975
24085
24156
24086
24157
24087
24158
24088
24159
24089
24160
24090
24161
24091
24162
24092
24163
24093
24164
24094
24165
24095
24166
24096
24167
24097
24168
24098
24169
24099
24170
24100
24171
24101
24172
24102
24173
24103
24174
24104
24175
24105
24176
24106
24177
24107
24178
24108
24179
24109
24180
24110
24181
24111
24182
24112
24183
24113
24184
24114
24185
24115
24186
24116
24187
24117
24188
24118
24189
24119
24190
24120
24191
24121
24192
24122
24193
24123
24194
24124
24195
24125
24196
24126
24197
24127
24198
24128
24199
24129
24200
24130
24201
24131
24202
24132
24203
24133
24204
24134
24205
24135
24206
24136
24207
24137
24208
24138
24209
24139
24210
24140
24211
24141
24212
24142
24213
24143
24214
24144
24215
24145
24216
24146
24217
24147
24218
24148
24219
24149
24220
24150
24221
24151
24222
24152
24223
24153
24224
24154
24225
24155
24226
24227
28050
24157
24228
24158
24229
24159
24230
24160
24231
24161
24232
24162
24233
24163
24234
24164
24235
24165
24236
24166
24237
24167
24238
24168
24239
24169
24240
24170
24241
24171
24242
24172
24243
24173
24244
24174
24245
24175
24246
24176
24247
24177
24248
24178
24249
24179
24250
24180
24251
24181
24252
24182
24253
24183
24254
24184
24255
24185
24256
24186
24257
24187
24258
24188
24259
24189
24260
24190
24261
24191
24262
24192
24263
24193
24264
24194
24265
24195
24266
24196
24267
24197
24268
24198
24269
24199
24270
24200
24271
24201
24272
24202
24273
24203
24274
24204
24275
24205
24276
24206
24277
24207
24278
24208
24279
24209
24280
24210
24281
24211
24282
24212
24283
24213
24284
24214
24285
24215
24286
24216
24287
24217
24288
24218
24289
24219
24290
24220
24291
24221
24292
24222
24293
24223
24294
24224
24295
24225
24296
24226
24297
24227
24298
24299
28125
24229
24300
24230
24301
24231
24302
24232
24303
24233
24304
24234
24305
24235
24306
24236
24307
24237
24308
24238
24309
24239
24310
24240
24311
24241
24312
24242
24313
24243
24314
24244
24315
24245
24316
24246
24317
24247
24318
24248
24319
24249
24320
24250
24321
24251
24322
24252
24323
24253
24324
24254
24325
24255
24326
24256
24327
24257
24328
24258
24329
24259
24330
24260
24331
24261
24332
24262
24333
24263
24334
24264
24335
24265
24336
24266
24337
24267
24338
24268
24339
24269
24340
24270
24341
24271
24342
24272
24343
24273
24344
24274
24345
24275
24346
24276
24347
24277
24348
24278
24349
24279
24350
24280
24351
24281
24352
24282
24353
24283
24354
24284
24355
24285
24356
24286
24357
24287
24358
24288
24359
24289
24360
24290
24361
24291
24362
24292
24363
24293
24364
24294
24365
24295
24366
24296
24367
24297
24368
24298
24369
24299
24370
24371
28200
24301
24372
24302
24373
24303
24374
24304
24375
24305
24376
24306
24377
24307
24378
24308
24379
24309
24380
24310
24381
24311
24382
24312
24383
24313
24384
24314
24385
24315
24386
24316
24387
24317
24388
24318
24389
24319
24390
24320
24391
24321
24392
24322
24393
24323
24394
24324
24395
24325
24396
24326
24397
24327
24398
24328
24399
24329
24400
24330
24401
24331
24402
24332
24403
24333
24404
24334
24405
24335
24406
24336
24407
24337
24408
24338
24409
24339
24410
24340
24411
24341
24412
24342
24413
24343
24414
24344
24415
24345
24416
24346
24417
24347
24418
24348
24419
24349
24420
24350
24421
24351
24422
24352
24423
24353
24424
24354
24425
24355
24426
24356
24427
24357
24428
24358
24429
24359
24430
24360
24431
24361
24432
24362
24433
24363
24434
24364
24435
24365
24436
24366
24437
24367
24438
24368
24439
24369
24440
24370
24441
24371
24442
24443
28275
24373
24444
24374
24445
24375
24446
24376
24447
24377
24448
24378
24449
24379
24450
24380
24451
24381
24452
24382
24453
24383
24454
24384
24455
24385
24456
24386
24457
24387
24458
24388
24459
24389
24460
24390
24461
24391
24462
24392
24463
24393
24464
24394
24465
24395
24466
24396
24467
24397
24468
24398
24469
24399
24470
24400
24471
24401
24472
24402
24473
24403
24474
24404
24475
24405
24476
24406
24477
24407
24478
24408
24479
24409
24480
24410
24481
24411
24482
24412
24483
24413
24484
24414
24485
24415
24486
24416
24487
24417
24488
24418
24489
24419
24490
24420
24491
24421
24492
24422
24493
24423
24494
24424
24495
24425
24496
24426
24497
24427
24498
24428
24499
24429
24500
24430
24501
24431
24502
24432
24503
24433
24504
24434
24505
24435
24506
24436
24507
24437
24508
24438
24509
24439
24510
24440
24511
24441
24512
24442
24513
24443
24514
24515
28350
24445
24516
24446
24517
24447
24518
24448
24519
24449
24520
24450
24521
24451
24522
24452
24523
24453
24524
24454
24525
24455
24526
24456
24527
24457
24528
24458
24529
24459
24530
24460
24531
24461
24532
24462
24533
24463
24534
24464
24535
24465
24536
24466
24537
24467
24538
24468
24539
24469
24540
24470
24541
24471
24542
24472
24543
24473
24544
24474
24545
24475
24546
24476
24547
24477
24548
24478
24549
24479
24550
24480
24551
24481
24552
24482
24553
24483
24554
24484
24555
24485
24556
24486
24557
24487
24558
24488
24559
24489
24560
24490
24561
24491
24562
24492
24563
24493
24564
24494
24565
24495
24566
24496
24567
24497
24568
24498
24569
24499
24570
24500
24571
24501
24572
24502
24573
24503
24574
24504
24575
24505
24576
24506
24577
24507
24578
24508
24579
24509
24580
24510
24581
24511
24582
24512
24583
24513
24584
24514
24585
24515
24586
24587
28425
24517
24588
24518
24589
24519
24590
24520
24591
24521
24592
24522
24593
24523
24594
24524
24595
24525
24596
24526
24597
24527
24598
24528
24599
24529
24600
24530
24601
24531
24602
24532
24603
24533
24604
24534
24605
24535
24606
24536
24607
24537
24608
24538
24609
24539
24610
24540
24611
24541
24612
24542
24613
24543
24614
24544
24615
24545
24616
24546
24617
24547
24618
24548
24619
24549
24620
24550
24621
24551
24622
24552
24623
24553
24624
24554
24625
24555
24626
24556
24627
24557
24628
24558
24629
24559
24630
24560
24631
24561
24632
24562
24633
24563
24634
24564
24635
24565
24636
24566
24637
24567
24638
24568
24639
24569
24640
24570
24641
24571
24642
24572
24643
24573
24644
24574
24645
24575
24646
24576
24647
24577
24648
24578
24649
24579
24650
24580
24651
24581
24652
24582
24653
24583
24654
24584
24655
24585
24656
24586
24657
24587
24658
24659
28500
24589
24660
24590
24661
24591
24662
24592
24663
24593
24664
24594
24665
24595
24666
24596
24667
24597
24668
24598
24669
24599
24670
24600
24671
24601
24672
24602
24673
24603
24674
24604
24675
24605
24676
24606
24677
24607
24678
24608
24679
24609
24680
24610
24681
24611
24682
24612
24683
24613
24684
24614
24685
24615
24686
24616
24687
24617
24688
24618
24689
24619
24690
24620
24691
24621
24692
24622
24693
24623
24694
24624
24695
24625
24696
24626
24697
24627
24698
24628
24699
24629
24700
24630
24701
24631
24702
24632
24703
24633
24704
24634
24705
24635
24706
24636
24707
24637
24708
24638
24709
24639
24710
24640
24711
24641
24712
24642
24713
24643
24714
24644
24715
24645
24716
24646
24717
24647
24718
24648
24719
24649
24720
24650
24721
24651
24722
24652
24723
24653
24724
24654
24725
24655
24726
24656
24727
24657
24728
24658
24729
24659
24730
24731
28575
24661
24732
24662
24733
24663
24734
24664
24735
24665
24736
24666
24737
24667
24738
24668
24739
24669
24740
24670
24741
24671
24742
24672
24743
24673
24744
24674
24745
24675
24746
24676
24747
24677
24748
24678
24749
24679
24750
24680
24751
24681
24752
24682
24753
24683
24754
24684
24755
24685
24756
24686
24757
24687
24758
24688
24759
24689
24760
24690
24761
24691
24762
24692
24763
24693
24764
24694
24765
24695
24766
24696
24767
24697
24768
24698
24769
24699
24770
24700
24771
24701
24772
24702
24773
24703
24774
24704
24775
24705
24776
24706
24777
24707
24778
24708
24779
24709
24780
24710
24781
24711
24782
24712
24783
24713
24784
24714
24785
24715
24786
24716
24787
24717
24788
24718
24789
24719
24790
24720
24791
24721
24792
24722
24793
24723
24794
24724
24795
24725
24796
24726
24797
24727
24798
24728
24799
24729
24800
24730
24801
24731
24802
24803
28650
24733
24804
24734
24805
24735
24806
24736
24807
24737
24808
24738
24809
24739
24810
24740
24811
24741
24812
24742
24813
24743
24814
24744
24815
24745
24816
24746
24817
24747
24818
24748
24819
24749
24820
24750
24821
24751
24822
24752
24823
24753
24824
24754
24825
24755
24826
24756
24827
24757
24828
24758
24829
24759
24830
24760
24831
24761
24832
24762
24833
24763
24834
24764
24835
24765
24836
24766
24837
24767
24838
24768
24839
24769
24840
24770
24841
24771
24842
24772
24843
24773
24844
24774
24845
24775
24846
24776
24847
24777
24848
24778
24849
24779
24850
24780
24851
24781
24852
24782
24853
24783
24854
24784
24855
24785
24856
24786
24857
24787
24858
24788
24859
24789
24860
24790
24861
24791
24862
24792
24863
24793
24864
24794
24865
24795
24866
24796
24867
24797
24868
24798
24869
24799
24870
24800
24871
24801
24872
24802
24873
24803
24874
24875
28725
24805
24876
24806
24877
24807
24878
24808
24879
24809
24880
24810
24881
24811
24882
24812
24883
24813
24884
24814
24885
24815
24886
24816
24887
24817
24888
24818
24889
24819
24890
24820
24891
24821
24892
24822
24893
24823
24894
24824
24895
24825
24896
24826
24897
24827
24898
24828
24899
24829
24900
24830
24901
24831
24902
24832
24903
24833
24904
24834
24905
24835
24906
24836
24907
24837
24908
24838
24909
24839
24910
24840
24911
24841
24912
24842
24913
24843
24914
24844
24915
24845
24916
24846
24917
24847
24918
24848
24919
24849
24920
24850
24921
24851
24922
24852
24923
24853
24924
24854
24925
24855
24926
24856
24927
24857
24928
24858
24929
24859
24930
24860
24931
24861
24932
24862
24933
24863
24934
24864
24935
24865
24936
24866
24937
24867
24938
24868
24939
24869
24940
24870
24941
24871
24942
24872
24943
24873
24944
24874
24945
24875
24946
24947
28800
24877
24948
24878
24949
24879
24950
24880
24951
24881
24952
24882
24953
24883
24954
24884
24955
24885
24956
24886
24957
24887
24958
24888
24959
24889
24960
24890
24961
24891
24962
24892
24963
24893
24964
24894
24965
24895
24966
24896
24967
24897
24968
24898
24969
24899
24970
24900
24971
24901
24972
24902
24973
24903
24974
24904
24975
24905
24976
24906
24977
24907
24978
24908
24979
24909
24980
24910
24981
24911
24982
24912
24983
24913
24984
24914
24985
24915
24986
24916
24987
24917
24988
24918
24989
24919
24990
24920
24991
24921
24992
24922
24993
24923
24994
24924
24995
24925
24996
24926
24997
24927
24998
24928
24999
24929
25000
24930
25001
24931
25002
24932
25003
24933
25004
24934
25005
24935
25006
24936
25007
24937
25008
24938
25009
24939
25010
24940
25011
24941
25012
24942
25013
24943
25014
24944
25015
24945
25016
24946
25017
24947
25018
25019
28875
24949
25020
24950
25021
24951
25022
24952
25023
24953
25024
24954
25025
24955
25026
24956
25027
24957
25028
24958
25029
24959
25030
24960
25031
24961
25032
24962
25033
24963
25034
24964
25035
24965
25036
24966
25037
24967
25038
24968
25039
24969
25040
24970
25041
24971
25042
24972
25043
24973
25044
24974
25045
24975
25046
24976
25047
24977
25048
24978
25049
24979
25050
24980
25051
24981
25052
24982
25053
24983
25054
24984
25055
24985
25056
24986
25057
24987
25058
24988
25059
24989
25060
24990
25061
24991
25062
24992
25063
24993
25064
24994
25065
24995
25066
24996
25067
24997
25068
24998
25069
24999
25070
25000
25071
25001
25072
25002
25073
25003
25074
25004
25075
25005
25076
25006
25077
25007
25078
25008
25079
25009
25080
25010
25081
25011
25082
25012
25083
25013
25084
25014
25085
25015
25086
25016
25087
25017
25088
25018
25089
25019
25090
25091
28950
25021
25092
25022
25093
25023
25094
25024
25095
25025
25096
25026
25097
25027
25098
25028
25099
25029
25100
25030
25101
25031
25102
25032
25103
25033
25104
25034
25105
25035
25106
25036
25107
25037
25108
25038
25109
25039
25110
25040
25111
25041
25112
25042
25113
25043
25114
25044
25115
25045
25116
25046
25117
25047
25118
25048
25119
25049
25120
25050
25121
25051
25122
25052
25123
25053
25124
25054
25125
25055
25126
25056
25127
25057
25128
25058
25129
25059
25130
25060
25131
25061
25132
25062
25133
25063
25134
25064
25135
25065
25136
25066
25137
25067
25138
25068
25139
25069
25140
25070
25141
25071
25142
25072
25143
25073
25144
25074
25145
25075
25146
25076
25147
25077
25148
25078
25149
25079
25150
25080
25151
25081
25152
25082
25153
25083
25154
25084
25155
25085
25156
25086
25157
25087
25158
25088
25159
25089
25160
25090
25161
25091
25162
25163
29025
25093
25164
25094
25165
25095
25166
25096
25167
25097
25168
25098
25169
25099
25170
25100
25171
25101
25172
25102
25173
25103
25174
25104
25175
25105
25176
25106
25177
25107
25178
25108
25179
25109
25180
25110
25181
25111
25182
25112
25183
25113
25184
25114
25185
25115
25186
25116
25187
25117
25188
25118
25189
25119
25190
25120
25191
25121
25192
25122
25193
25123
25194
25124
25195
25125
25196
25126
25197
25127
25198
25128
25199
25129
25200
25130
25201
25131
25202
25132
25203
25133
25204
25134
25205
25135
25206
25136
25207
25137
25208
25138
25209
25139
25210
25140
25211
25141
25212
25142
25213
25143
25214
25144
25215
25145
25216
25146
25217
25147
25218
25148
25219
25149
25220
25150
25221
25151
25222
25152
25223
25153
25224
25154
25225
25155
25226
25156
25227
25157
25228
25158
25229
25159
25230
25160
25231
25161
25232
25162
25233
25163
25234
25235
29100
25165
25236
25166
25237
25167
25238
25168
25239
25169
25240
25170
25241
25171
25242
25172
25243
25173
25244
25174
25245
25175
25246
25176
25247
25177
25248
25178
25249
25179
25250
25180
25251
25181
25252
25182
25253
25183
25254
25184
25255
25185
25256
25186
25257
25187
25258
25188
25259
25189
25260
25190
25261
25191
25262
25192
25263
25193
25264
25194
25265
25195
25266
25196
25267
25197
25268
25198
25269
25199
25270
25200
25271
25201
25272
25202
25273
25203
25274
25204
25275
25205
25276
25206
25277
25207
25278
25208
25279
25209
25280
25210
25281
25211
25282
25212
25283
25213
25284
25214
25285
25215
25286
25216
25287
25217
25288
25218
25289
25219
25290
25220
25291
25221
25292
25222
25293
25223
25294
25224
25295
25225
25296
25226
25297
25227
25298
25228
25299
25229
25300
25230
25301
25231
25302
25232
25303
25233
25304
25234
25305
25235
25306
25307
29175
25237
25308
25238
25309
25239
25310
25240
25311
25241
25312
25242
25313
25243
25314
25244
25315
25245
25316
25246
25317
25247
25318
25248
25319
25249
25320
25250
25321
25251
25322
25252
25323
25253
25324
25254
25325
25255
25326
25256
25327
25257
25328
25258
25329
25259
25330
25260
25331
25261
25332
25262
25333
25263
25334
25264
25335
25265
25336
25266
25337
25267
25338
25268
25339
25269
25340
25270
25341
25271
25342
25272
25343
25273
25344
25274
25345
25275
25346
25276
25347
25277
25348
25278
25349
25279
25350
25280
25351
25281
25352
25282
25353
25283
25354
25284
25355
25285
25356
25286
25357
25287
25358
25288
25359
25289
25360
25290
25361
25291
25362
25292
25363
25293
25364
25294
25365
25295
25366
25296
25367
25297
25368
25298
25369
25299
25370
25300
25371
25301
25372
25302
25373
25303
25374
25304
25375
25305
25376
25306
25377
25307
25378
25379
29250
25309
25380
25310
25381
25311
25382
25312
25383
25313
25384
25314
25385
25315
25386
25316
25387
25317
25388
25318
25389
25319
25390
25320
25391
25321
25392
25322
25393
25323
25394
25324
25395
25325
25396
25326
25397
25327
25398
25328
25399
25329
25400
25330
25401
25331
25402
25332
25403
25333
25404
25334
25405
25335
25406
25336
25407
25337
25408
25338
25409
25339
25410
25340
25411
25341
25412
25342
25413
25343
25414
25344
25415
25345
25416
25346
25417
25347
25418
25348
25419
25349
25420
25350
25421
25351
25422
25352
25423
25353
25424
25354
25425
25355
25426
25356
25427
25357
25428
25358
25429
25359
25430
25360
25431
25361
25432
25362
25433
25363
25434
25364
25435
25365
25436
25366
25437
25367
25438
25368
25439
25369
25440
25370
25441
25371
25442
25372
25443
25373
25444
25374
25445
25375
25446
25376
25447
25377
25448
25378
25449
25379
25450
25451
29325
25381
25452
25382
25453
25383
25454
25384
25455
25385
25456
25386
25457
25387
25458
25388
25459
25389
25460
25390
25461
25391
25462
25392
25463
25393
25464
25394
25465
25395
25466
25396
25467
25397
25468
25398
25469
25399
25470
25400
25471
25401
25472
25402
25473
25403
25474
25404
25475
25405
25476
25406
25477
25407
25478
25408
25479
25409
25480
25410
25481
25411
25482
25412
25483
25413
25484
25414
25485
25415
25486
25416
25487
25417
25488
25418
25489
25419
25490
25420
25491
25421
25492
25422
25493
25423
25494
25424
25495
25425
25496
25426
25497
25427
25498
25428
25499
25429
25500
25430
25501
25431
25502
25432
25503
25433
25504
25434
25505
25435
25506
25436
25507
25437
25508
25438
25509
25439
25510
25440
25511
25441
25512
25442
25513
25443
25514
25444
25515
25445
25516
25446
25517
25447
25518
25448
25519
25449
25520
25450
25521
25451
25522
25523
29400
25453
25524
25454
25525
25455
25526
25456
25527
25457
25528
25458
25529
25459
25530
25460
25531
25461
25532
25462
25533
25463
25534
25464
25535
25465
25536
25466
25537
25467
25538
25468
25539
25469
25540
25470
25541
25471
25542
25472
25543
25473
25544
25474
25545
25475
25546
25476
25547
25477
25548
25478
25549
25479
25550
25480
25551
25481
25552
25482
25553
25483
25554
25484
25555
25485
25556
25486
25557
25487
25558
25488
25559
25489
25560
25490
25561
25491
25562
25492
25563
25493
25564
25494
25565
25495
25566
25496
25567
25497
25568
25498
25569
25499
25570
25500
25571
25501
25572
25502
25573
25503
25574
25504
25575
25505
25576
25506
25577
25507
25578
25508
25579
25509
25580
25510
25581
25511
25582
25512
25583
25513
25584
25514
25585
25515
25586
25516
25587
25517
25588
25518
25589
25519
25590
25520
25591
25521
25592
25522
25593
25523
25594
25595
29475
25525
25596
25526
25597
25527
25598
25528
25599
25529
25600
25530
25601
25531
25602
25532
25603
25533
25604
25534
25605
25535
25606
25536
25607
25537
25608
25538
25609
25539
25610
25540
25611
25541
25612
25542
25613
25543
25614
25544
25615
25545
25616
25546
25617
25547
25618
25548
25619
25549
25620
25550
25621
25551
25622
25552
25623
25553
25624
25554
25625
25555
25626
25556
25627
25557
25628
25558
25629
25559
25630
25560
25631
25561
25632
25562
25633
25563
25634
25564
25635
25565
25636
25566
25637
25567
25638
25568
25639
25569
25640
25570
25641
25571
25642
25572
25643
25573
25644
25574
25645
25575
25646
25576
25647
25577
25648
25578
25649
25579
25650
25580
25651
25581
25652
25582
25653
25583
25654
25584
25655
25585
25656
25586
25657
25587
25658
25588
25659
25589
25660
25590
25661
25591
25662
25592
25663
25593
25664
25594
25665
25595
25666
25667
29550
25597
25668
25598
25669
25599
25670
25600
25671
25601
25672
25602
25673
25603
25674
25604
25675
25605
25676
25606
25677
25607
25678
25608
25679
25609
25680
25610
25681
25611
25682
25612
25683
25613
25684
25614
25685
25615
25686
25616
25687
25617
25688
25618
25689
25619
25690
25620
25691
25621
25692
25622
25693
25623
25694
25624
25695
25625
25696
25626
25697
25627
25698
25628
25699
25629
25700
25630
25701
25631
25702
25632
25703
25633
25704
25634
25705
25635
25706
25636
25707
25637
25708
25638
25709
25639
25710
25640
25711
25641
25712
25642
25713
25643
25714
25644
25715
25645
25716
25646
25717
25647
25718
25648
25719
25649
25720
25650
25721
25651
25722
25652
25723
25653
25724
25654
25725
25655
25726
25656
25727
25657
25728
25658
25729
25659
25730
25660
25731
25661
25732
25662
25733
25663
25734
25664
25735
25665
25736
25666
25737
25667
25738
25739
29625
25669
25740
25670
25741
25671
25742
25672
25743
25673
25744
25674
25745
25675
25746
25676
25747
25677
25748
25678
25749
25679
25750
25680
25751
25681
25752
25682
25753
25683
25754
25684
25755
25685
25756
25686
25757
25687
25758
25688
25759
25689
25760
25690
25761
25691
25762
25692
25763
25693
25764
25694
25765
25695
25766
25696
25767
25697
25768
25698
25769
25699
25770
25700
25771
25701
25772
25702
25773
25703
25774
25704
25775
25705
25776
25706
25777
25707
25778
25708
25779
25709
25780
25710
25781
25711
25782
25712
25783
25713
25784
25714
25785
25715
25786
25716
25787
25717
25788
25718
25789
25719
25790
25720
25791
25721
25792
25722
25793
25723
25794
25724
25795
25725
25796
25726
25797
25727
25798
25728
25799
25729
25800
25730
25801
25731
25802
25732
25803
25733
25804
25734
25805
25735
25806
25736
25807
25737
25808
25738
25809
25739
25810
25811
29700
25741
25812
25742
25813
25743
25814
25744
25815
25745
25816
25746
25817
25747
25818
25748
25819
25749
25820
25750
25821
25751
25822
25752
25823
25753
25824
25754
25825
25755
25826
25756
25827
25757
25828
25758
25829
25759
25830
25760
25831
25761
25832
25762
25833
25763
25834
25764
25835
25765
25836
25766
25837
25767
25838
25768
25839
25769
25840
25770
25841
25771
25842
25772
25843
25773
25844
25774
25845
25775
25846
25776
25847
25777
25848
25778
25849
25779
25850
25780
25851
25781
25852
25782
25853
25783
25854
25784
25855
25785
25856
25786
25857
25787
25858
25788
25859
25789
25860
25790
25861
25791
25862
25792
25863
25793
25864
25794
25865
25795
25866
25796
25867
25797
25868
25798
25869
25799
25870
25800
25871
25801
25872
25802
25873
25803
25874
25804
25875
25805
25876
25806
25877
25807
25878
25808
25879
25809
25880
25810
25881
25811
25882
25883
29775
25813
25884
25814
25885
25815
25886
25816
25887
25817
25888
25818
25889
25819
25890
25820
25891
25821
25892
25822
25893
25823
25894
25824
25895
25825
25896
25826
25897
25827
25898
25828
25899
25829
25900
25830
25901
25831
25902
25832
25903
25833
25904
25834
25905
25835
25906
25836
25907
25837
25908
25838
25909
25839
25910
25840
25911
25841
25912
25842
25913
25843
25914
25844
25915
25845
25916
25846
25917
25847
25918
25848
25919
25849
25920
25850
25921
25851
25922
25852
25923
25853
25924
25854
25925
25855
25926
25856
25927
25857
25928
25858
25929
25859
25930
25860
25931
25861
25932
25862
25933
25863
25934
25864
25935
25865
25936
25866
25937
25867
25938
25868
25939
25869
25940
25870
25941
25871
25942
25872
25943
25873
25944
25874
25945
25875
25946
25876
25947
25877
25948
25878
25949
25879
25950
25880
25951
25881
25952
25882
25953
25883
25954
25955
29850
25885
25956
25886
25957
25887
25958
25888
25959
25889
25960
25890
25961
25891
25962
25892
25963
25893
25964
25894
25965
25895
25966
25896
25967
25897
25968
25898
25969
25899
25970
25900
25971
25901
25972
25902
25973
25903
25974
25904
25975
25905
25976
25906
25977
25907
25978
25908
25979
25909
25980
25910
25981
25911
25982
25912
25983
25913
25984
25914
25985
25915
25986
25916
25987
25917
25988
25918
25989
25919
25990
25920
25991
25921
25992
25922
25993
25923
25994
25924
25995
25925
25996
25926
25997
25927
25998
25928
25999
25929
26000
25930
26001
25931
26002
25932
26003
25933
26004
25934
26005
25935
26006
25936
26007
25937
26008
25938
26009
25939
26010
25940
26011
25941
26012
25942
26013
25943
26014
25944
26015
25945
26016
25946
26017
25947
26018
25948
26019
25949
26020
25950
26021
25951
26022
25952
26023
25953
26024
25954
26025
25955
26026
26027
29925
25957
26028
25958
26029
25959
26030
25960
26031
25961
26032
25962
26033
25963
26034
25964
26035
25965
26036
25966
26037
25967
26038
25968
26039
25969
26040
25970
26041
25971
26042
25972
26043
25973
26044
25974
26045
25975
26046
25976
26047
25977
26048
25978
26049
25979
26050
25980
26051
25981
26052
25982
26053
25983
26054
25984
26055
25985
26056
25986
26057
25987
26058
25988
26059
25989
26060
25990
26061
25991
26062
25992
26063
25993
26064
25994
26065
25995
26066
25996
26067
25997
26068
25998
26069
25999
26070
26000
26071
26001
26072
26002
26073
26003
26074
26004
26075
26005
26076
26006
26077
26007
26078
26008
26079
26009
26080
26010
26081
26011
26082
26012
26083
26013
26084
26014
26085
26015
26086
26016
26087
26017
26088
26018
26089
26019
26090
26020
26091
26021
26092
26022
26093
26023
26094
26024
26095
26025
26096
26026
26097
26027
26098
26099
30000
26029
26100
26030
26101
26031
26102
26032
26103
26033
26104
26034
26105
26035
26106
26036
26107
26037
26108
26038
26109
26039
26110
26040
26111
26041
26112
26042
26113
26043
26114
26044
26115
26045
26116
26046
26117
26047
26118
26048
26119
26049
26120
26050
26121
26051
26122
26052
26123
26053
26124
26054
26125
26055
26126
26056
26127
26057
26128
26058
26129
26059
26130
26060
26131
26061
26132
26062
26133
26063
26134
26064
26135
26065
26136
26066
26137
26067
26138
26068
26139
26069
26140
26070
26141
26071
26142
26072
26143
26073
26144
26074
26145
26075
26146
26076
26147
26077
26148
26078
26149
26079
26150
26080
26151
26081
26152
26082
26153
26083
26154
26084
26155
26085
26156
26086
26157
26087
26158
26088
26159
26089
26160
26090
26161
26091
26162
26092
26163
26093
26164
26094
26165
26095
26166
26096
26167
26097
26168
26098
26169
26099
26170
26171
30075
26101
26172
26102
26173
26103
26174
26104
26175
26105
26176
26106
26177
26107
26178
26108
26179
26109
26180
26110
26181
26111
26182
26112
26183
26113
26184
26114
26185
26115
26186
26116
26187
26117
26188
26118
26189
26119
26190
26120
26191
26121
26192
26122
26193
26123
26194
26124
26195
26125
26196
26126
26197
26127
26198
26128
26199
26129
26200
26130
26201
26131
26202
26132
26203
26133
26204
26134
26205
26135
26206
26136
26207
26137
26208
26138
26209
26139
26210
26140
26211
26141
26212
26142
26213
26143
26214
26144
26215
26145
26216
26146
26217
26147
26218
26148
26219
26149
26220
26150
26221
26151
26222
26152
26223
26153
26224
26154
26225
26155
26226
26156
26227
26157
26228
26158
26229
26159
26230
26160
26231
26161
26232
26162
26233
26163
26234
26164
26235
26165
26236
26166
26237
26167
26238
26168
26239
26169
26240
26170
26241
26171
26242
26243
30150
26173
26244
26174
26245
26175
26246
26176
26247
26177
26248
26178
26249
26179
26250
26180
26251
26181
26252
26182
26253
26183
26254
26184
26255
26185
26256
26186
26257
26187
26258
26188
26259
26189
26260
26190
26261
26191
26262
26192
26263
26193
26264
26194
26265
26195
26266
26196
26267
26197
26268
26198
26269
26199
26270
26200
26271
26201
26272
26202
26273
26203
26274
26204
26275
26205
26276
26206
26277
26207
26278
26208
26279
26209
26280
26210
26281
26211
26282
26212
26283
26213
26284
26214
26285
26215
26286
26216
26287
26217
26288
26218
26289
26219
26290
26220
26291
26221
26292
26222
26293
26223
26294
26224
26295
26225
26296
26226
26297
26227
26298
26228
26299
26229
26300
26230
26301
26231
26302
26232
26303
26233
26304
26234
26305
26235
26306
26236
26307
26237
26308
26238
26309
26239
26310
26240
26311
26241
26312
26242
26313
26243
26314
26315
30225
26245
26316
26246
26317
26247
26318
26248
26319
26249
26320
26250
26321
26251
26322
26252
26323
26253
26324
26254
26325
26255
26326
26256
26327
26257
26328
26258
26329
26259
26330
26260
26331
26261
26332
26262
26333
26263
26334
26264
26335
26265
26336
26266
26337
26267
26338
26268
26339
26269
26340
26270
26341
26271
26342
26272
26343
26273
26344
26274
26345
26275
26346
26276
26347
26277
26348
26278
26349
26279
26350
26280
26351
26281
26352
26282
26353
26283
26354
26284
26355
26285
26356
26286
26357
26287
26358
26288
26359
26289
26360
26290
26361
26291
26362
26292
26363
26293
26364
26294
26365
26295
26366
26296
26367
26297
26368
26298
26369
26299
26370
26300
26371
26301
26372
26302
26373
26303
26374
26304
26375
26305
26376
26306
26377
26307
26378
26308
26379
26309
26380
26310
26381
26311
26382
26312
26383
26313
26384
26314
26385
26315
26386
26387
30300
26317
26388
26318
26389
26319
26390
26320
26391
26321
26392
26322
26393
26323
26394
26324
26395
26325
26396
26326
26397
26327
26398
26328
26399
26329
26400
26330
26401
26331
26402
26332
26403
26333
26404
26334
26405
26335
26406
26336
26407
26337
26408
26338
26409
26339
26410
26340
26411
26341
26412
26342
26413
26343
26414
26344
26415
26345
26416
26346
26417
26347
26418
26348
26419
26349
26420
26350
26421
26351
26422
26352
26423
26353
26424
26354
26425
26355
26426
26356
26427
26357
26428
26358
26429
26359
26430
26360
26431
26361
26432
26362
26433
26363
26434
26364
26435
26365
26436
26366
26437
26367
26438
26368
26439
26369
26440
26370
26441
26371
26442
26372
26443
26373
26444
26374
26445
26375
26446
26376
26447
26377
26448
26378
26449
26379
26450
26380
26451
26381
26452
26382
26453
26383
26454
26384
26455
26385
26456
26386
26457
26387
26458
26459
30375
26389
26460
26390
26461
26391
26462
26392
26463
26393
26464
26394
26465
26395
26466
26396
26467
26397
26468
26398
26469
26399
26470
26400
26471
26401
26472
26402
26473
26403
26474
26404
26475
26405
26476
26406
26477
26407
26478
26408
26479
26409
26480
26410
26481
26411
26482
26412
26483
26413
26484
26414
26485
26415
26486
26416
26487
26417
26488
26418
26489
26419
26490
26420
26491
26421
26492
26422
26493
26423
26494
26424
26495
26425
26496
26426
26497
26427
26498
26428
26499
26429
26500
26430
26501
26431
26502
26432
26503
26433
26504
26434
26505
26435
26506
26436
26507
26437
26508
26438
26509
26439
26510
26440
26511
26441
26512
26442
26513
26443
26514
26444
26515
26445
26516
26446
26517
26447
26518
26448
26519
26449
26520
26450
26521
26451
26522
26452
26523
26453
26524
26454
26525
26455
26526
26456
26527
26457
26528
26458
26529
26459
26530
26531
30450
26461
26532
26462
26533
26463
26534
26464
26535
26465
26536
26466
26537
26467
26538
26468
26539
26469
26540
26470
26541
26471
26542
26472
26543
26473
26544
26474
26545
26475
26546
26476
26547
26477
26548
26478
26549
26479
26550
26480
26551
26481
26552
26482
26553
26483
26554
26484
26555
26485
26556
26486
26557
26487
26558
26488
26559
26489
26560
26490
26561
26491
26562
26492
26563
26493
26564
26494
26565
26495
26566
26496
26567
26497
26568
26498
26569
26499
26570
26500
26571
26501
26572
26502
26573
26503
26574
26504
26575
26505
26576
26506
26577
26507
26578
26508
26579
26509
26580
26510
26581
26511
26582
26512
26583
26513
26584
26514
26585
26515
26586
26516
26587
26517
26588
26518
26589
26519
26590
26520
26591
26521
26592
26522
26593
26523
26594
26524
26595
26525
26596
26526
26597
26527
26598
26528
26599
26529
26600
26530
26601
26531
26602
26603
30525
26533
26604
26534
26605
26535
26606
26536
26607
26537
26608
26538
26609
26539
26610
26540
26611
26541
26612
26542
26613
26543
26614
26544
26615
26545
26616
26546
26617
26547
26618
26548
26619
26549
26620
26550
26621
26551
26622
26552
26623
26553
26624
26554
26625
26555
26626
26556
26627
26557
26628
26558
26629
26559
26630
26560
26631
26561
26632
26562
26633
26563
26634
26564
26635
26565
26636
26566
26637
26567
26638
26568
26639
26569
26640
26570
26641
26571
26642
26572
26643
26573
26644
26574
26645
26575
26646
26576
26647
26577
26648
26578
26649
26579
26650
26580
26651
26581
26652
26582
26653
26583
26654
26584
26655
26585
26656
26586
26657
26587
26658
26588
26659
26589
26660
26590
26661
26591
26662
26592
26663
26593
26664
26594
26665
26595
26666
26596
26667
26597
26668
26598
26669
26599
26670
26600
26671
26601
26672
26602
26673
26603
26674
26675
30600
26605
26676
26606
26677
26607
26678
26608
26679
26609
26680
26610
26681
26611
26682
26612
26683
26613
26684
26614
26685
26615
26686
26616
26687
26617
26688
26618
26689
26619
26690
26620
26691
26621
26692
26622
26693
26623
26694
26624
26695
26625
26696
26626
26697
26627
26698
26628
26699
26629
26700
26630
26701
26631
26702
26632
26703
26633
26704
26634
26705
26635
26706
26636
26707
26637
26708
26638
26709
26639
26710
26640
26711
26641
26712
26642
26713
26643
26714
26644
26715
26645
26716
26646
26717
26647
26718
26648
26719
26649
26720
26650
26721
26651
26722
26652
26723
26653
26724
26654
26725
26655
26726
26656
26727
26657
26728
26658
26729
26659
26730
26660
26731
26661
26732
26662
26733
26663
26734
26664
26735
26665
26736
26666
26737
26667
26738
26668
26739
26669
26740
26670
26741
26671
26742
26672
26743
26673
26744
26674
26745
26675
26746
26747
30675
26677
26748
26678
26749
26679
26750
26680
26751
26681
26752
26682
26753
26683
26754
26684
26755
26685
26756
26686
26757
26687
26758
26688
26759
26689
26760
26690
26761
26691
26762
26692
26763
26693
26764
26694
26765
26695
26766
26696
26767
26697
26768
26698
26769
26699
26770
26700
26771
26701
26772
26702
26773
26703
26774
26704
26775
26705
26776
26706
26777
26707
26778
26708
26779
26709
26780
26710
26781
26711
26782
26712
26783
26713
26784
26714
26785
26715
26786
26716
26787
26717
26788
26718
26789
26719
26790
26720
26791
26721
26792
26722
26793
26723
26794
26724
26795
26725
26796
26726
26797
26727
26798
26728
26799
26729
26800
26730
26801
26731
26802
26732
26803
26733
26804
26734
26805
26735
26806
26736
26807
26737
26808
26738
26809
26739
26810
26740
26811
26741
26812
26742
26813
26743
26814
26744
26815
26745
26816
26746
26817
26747
26818
26819
30750
26749
26820
26750
26821
26751
26822
26752
26823
26753
26824
26754
26825
26755
26826
26756
26827
26757
26828
26758
26829
26759
26830
26760
26831
26761
26832
26762
26833
26763
26834
26764
26835
26765
26836
26766
26837
26767
26838
26768
26839
26769
26840
26770
26841
26771
26842
26772
26843
26773
26844
26774
26845
26775
26846
26776
26847
26777
26848
26778
26849
26779
26850
26780
26851
26781
26852
26782
26853
26783
26854
26784
26855
26785
26856
26786
26857
26787
26858
26788
26859
26789
26860
26790
26861
26791
26862
26792
26863
26793
26864
26794
26865
26795
26866
26796
26867
26797
26868
26798
26869
26799
26870
26800
26871
26801
26872
26802
26873
26803
26874
26804
26875
26805
26876
26806
26877
26807
26878
26808
26879
26809
26880
26810
26881
26811
26882
26812
26883
26813
26884
26814
26885
26815
26886
26816
26887
26817
26888
26818
26889
26819
26890
26891
30825
26821
26892
26822
26893
26823
26894
26824
26895
26825
26896
26826
26897
26827
26898
26828
26899
26829
26900
26830
26901
26831
26902
26832
26903
26833
26904
26834
26905
26835
26906
26836
26907
26837
26908
26838
26909
26839
26910
26840
26911
26841
26912
26842
26913
26843
26914
26844
26915
26845
26916
26846
26917
26847
26918
26848
26919
26849
26920
26850
26921
26851
26922
26852
26923
26853
26924
26854
26925
26855
26926
26856
26927
26857
26928
26858
26929
26859
26930
26860
26931
26861
26932
26862
26933
26863
26934
26864
26935
26865
26936
26866
26937
26867
26938
26868
26939
26869
26940
26870
26941
26871
26942
26872
26943
26873
26944
26874
26945
26875
26946
26876
26947
26877
26948
26878
26949
26879
26950
26880
26951
26881
26952
26882
26953
26883
26954
26884
26955
26885
26956
26886
26957
26887
26958
26888
26959
26889
26960
26890
26961
26891
26962
26963
30900
26893
26964
26894
26965
26895
26966
26896
26967
26897
26968
26898
26969
26899
26970
26900
26971
26901
26972
26902
26973
26903
26974
26904
26975
26905
26976
26906
26977
26907
26978
26908
26979
26909
26980
26910
26981
26911
26982
26912
26983
26913
26984
26914
26985
26915
26986
26916
26987
26917
26988
26918
26989
26919
26990
26920
26991
26921
26992
26922
26993
26923
26994
26924
26995
26925
26996
26926
26997
26927
26998
26928
26999
26929
27000
26930
27001
26931
27002
26932
27003
26933
27004
26934
27005
26935
27006
26936
27007
26937
27008
26938
27009
26939
27010
26940
27011
26941
27012
26942
27013
26943
27014
26944
27015
26945
27016
26946
27017
26947
27018
26948
27019
26949
27020
26950
27021
26951
27022
26952
27023
26953
27024
26954
27025
26955
27026
26956
27027
26957
27028
26958
27029
26959
27030
26960
27031
26961
27032
26962
27033
26963
27034
27035
30975
26965
27036
26966
27037
26967
27038
26968
27039
26969
27040
26970
27041
26971
27042
26972
27043
26973
27044
26974
27045
26975
27046
26976
27047
26977
27048
26978
27049
26979
27050
26980
27051
26981
27052
26982
27053
26983
27054
26984
27055
26985
27056
26986
27057
26987
27058
26988
27059
26989
27060
26990
27061
26991
27062
26992
27063
26993
27064
26994
27065
26995
27066
26996
27067
26997
27068
26998
27069
26999
27070
27000
27071
27001
27072
27002
27073
27003
27074
27004
27075
27005
27076
27006
27077
27007
27078
27008
27079
27009
27080
27010
27081
27011
27082
27012
27083
27013
27084
27014
27085
27015
27086
27016
27087
27017
27088
27018
27089
27019
27090
27020
27091
27021
27092
27022
27093
27023
27094
27024
27095
27025
27096
27026
27097
27027
27098
27028
27099
27029
27100
27030
27101
27031
27102
27032
27103
27033
27104
27034
27105
27035
27106
27107
31050
27037
27108
27038
27109
27039
27110
27040
27111
27041
27112
27042
27113
27043
27114
27044
27115
27045
27116
27046
27117
27047
27118
27048
27119
27049
27120
27050
27121
27051
27122
27052
27123
27053
27124
27054
27125
27055
27126
27056
27127
27057
27128
27058
27129
27059
27130
27060
27131
27061
27132
27062
27133
27063
27134
27064
27135
27065
27136
27066
27137
27067
27138
27068
27139
27069
27140
27070
27141
27071
27142
27072
27143
27073
27144
27074
27145
27075
27146
27076
27147
27077
27148
27078
27149
27079
27150
27080
27151
27081
27152
27082
27153
27083
27154
27084
27155
27085
27156
27086
27157
27087
27158
27088
27159
27089
27160
27090
27161
27091
27162
27092
27163
27093
27164
27094
27165
27095
27166
27096
27167
27097
27168
27098
27169
27099
27170
27100
27171
27101
27172
27102
27173
27103
27174
27104
27175
27105
27176
27106
27177
27107
27178
27179
31125
27109
27180
27110
27181
27111
27182
27112
27183
27113
27184
27114
27185
27115
27186
27116
27187
27117
27188
27118
27189
27119
27190
27120
27191
27121
27192
27122
27193
27123
27194
27124
27195
27125
27196
27126
27197
27127
27198
27128
27199
27129
27200
27130
27201
27131
27202
27132
27203
27133
27204
27134
27205
27135
27206
27136
27207
27137
27208
27138
27209
27139
27210
27140
27211
27141
27212
27142
27213
27143
27214
27144
27215
27145
27216
27146
27217
27147
27218
27148
27219
27149
27220
27150
27221
27151
27222
27152
27223
27153
27224
27154
27225
27155
27226
27156
27227
27157
27228
27158
27229
27159
27230
27160
27231
27161
27232
27162
27233
27163
27234
27164
27235
27165
27236
27166
27237
27167
27238
27168
27239
27169
27240
27170
27241
27171
27242
27172
27243
27173
27244
27174
27245
27175
27246
27176
27247
27177
27248
27178
27249
27179
27250
27251
31200
27181
27252
27182
27253
27183
27254
27184
27255
27185
27256
27186
27257
27187
27258
27188
27259
27189
27260
27190
27261
27191
27262
27192
27263
27193
27264
27194
27265
27195
27266
27196
27267
27197
27268
27198
27269
27199
27270
27200
27271
27201
27272
27202
27273
27203
27274
27204
27275
27205
27276
27206
27277
27207
27278
27208
27279
27209
27280
27210
27281
27211
27282
27212
27283
27213
27284
27214
27285
27215
27286
27216
27287
27217
27288
27218
27289
27219
27290
27220
27291
27221
27292
27222
27293
27223
27294
27224
27295
27225
27296
27226
27297
27227
27298
27228
27299
27229
27300
27230
27301
27231
27302
27232
27303
27233
27304
27234
27305
27235
27306
27236
27307
27237
27308
27238
27309
27239
27310
27240
27311
27241
27312
27242
27313
27243
27314
27244
27315
27245
27316
27246
27317
27247
27318
27248
27319
27249
27320
27250
27321
27251
27322
27323
31275
27253
27324
27254
27325
27255
27326
27256
27327
27257
27328
27258
27329
27259
27330
27260
27331
27261
27332
27262
27333
27263
27334
27264
27335
27265
27336
27266
27337
27267
27338
27268
27339
27269
27340
27270
27341
27271
27342
27272
27343
27273
27344
27274
27345
27275
27346
27276
27347
27277
27348
27278
27349
27279
27350
27280
27351
27281
27352
27282
27353
27283
27354
27284
27355
27285
27356
27286
27357
27287
27358
27288
27359
27289
27360
27290
27361
27291
27362
27292
27363
27293
27364
27294
27365
27295
27366
27296
27367
27297
27368
27298
27369
27299
27370
27300
27371
27301
27372
27302
27373
27303
27374
27304
27375
27305
27376
27306
27377
27307
27378
27308
27379
27309
27380
27310
27381
27311
27382
27312
27383
27313
27384
27314
27385
27315
27386
27316
27387
27317
27388
27318
27389
27319
27390
27320
27391
27321
27392
27322
27393
27323
27394
27395
31350
27325
27396
27326
27397
27327
27398
27328
27399
27329
27400
27330
27401
27331
27402
27332
27403
27333
27404
27334
27405
27335
27406
27336
27407
27337
27408
27338
27409
27339
27410
27340
27411
27341
27412
27342
27413
27343
27414
27344
27415
27345
27416
27346
27417
27347
27418
27348
27419
27349
27420
27350
27421
27351
27422
27352
27423
27353
27424
27354
27425
27355
27426
27356
27427
27357
27428
27358
27429
27359
27430
27360
27431
27361
27432
27362
27433
27363
27434
27364
27435
27365
27436
27366
27437
27367
27438
27368
27439
27369
27440
27370
27441
27371
27442
27372
27443
27373
27444
27374
27445
27375
27446
27376
27447
27377
27448
27378
27449
27379
27450
27380
27451
27381
27452
27382
27453
27383
27454
27384
27455
27385
27456
27386
27457
27387
27458
27388
27459
27389
27460
27390
27461
27391
27462
27392
27463
27393
27464
27394
27465
27395
27466
27467
31425
27397
27468
27398
27469
27399
27470
27400
27471
27401
27472
27402
27473
27403
27474
27404
27475
27405
27476
27406
27477
27407
27478
27408
27479
27409
27480
27410
27481
27411
27482
27412
27483
27413
27484
27414
27485
27415
27486
27416
27487
27417
27488
27418
27489
27419
27490
27420
27491
27421
27492
27422
27493
27423
27494
27424
27495
27425
27496
27426
27497
27427
27498
27428
27499
27429
27500
27430
27501
27431
27502
27432
27503
27433
27504
27434
27505
27435
27506
27436
27507
27437
27508
27438
27509
27439
27510
27440
27511
27441
27512
27442
27513
27443
27514
27444
27515
27445
27516
27446
27517
27447
27518
27448
27519
27449
27520
27450
27521
27451
27522
27452
27523
27453
27524
27454
27525
27455
27526
27456
27527
27457
27528
27458
27529
27459
27530
27460
27531
27461
27532
27462
27533
27463
27534
27464
27535
27465
27536
27466
27537
27467
27538
27539
31500
27469
27540
27470
27541
27471
27542
27472
27543
27473
27544
27474
27545
27475
27546
27476
27547
27477
27548
27478
27549
27479
27550
27480
27551
27481
27552
27482
27553
27483
27554
27484
27555
27485
27556
27486
27557
27487
27558
27488
27559
27489
27560
27490
27561
27491
27562
27492
27563
27493
27564
27494
27565
27495
27566
27496
27567
27497
27568
27498
27569
27499
27570
27500
27571
27501
27572
27502
27573
27503
27574
27504
27575
27505
27576
27506
27577
27507
27578
27508
27579
27509
27580
27510
27581
27511
27582
27512
27583
27513
27584
27514
27585
27515
27586
27516
27587
27517
27588
27518
27589
27519
27590
27520
27591
27521
27592
27522
27593
27523
27594
27524
27595
27525
27596
27526
27597
27527
27598
27528
27599
27529
27600
27530
27601
27531
27602
27532
27603
27533
27604
27534
27605
27535
27606
27536
27607
27537
27608
27538
27609
27539
27610
27611
31575
27541
27612
27542
27613
27543
27614
27544
27615
27545
27616
27546
27617
27547
27618
27548
27619
27549
27620
27550
27621
27551
27622
27552
27623
27553
27624
27554
27625
27555
27626
27556
27627
27557
27628
27558
27629
27559
27630
27560
27631
27561
27632
27562
27633
27563
27634
27564
27635
27565
27636
27566
27637
27567
27638
27568
27639
27569
27640
27570
27641
27571
27642
27572
27643
27573
27644
27574
27645
27575
27646
27576
27647
27577
27648
27578
27649
27579
27650
27580
27651
27581
27652
27582
27653
27583
27654
27584
27655
27585
27656
27586
27657
27587
27658
27588
27659
27589
27660
27590
27661
27591
27662
27592
27663
27593
27664
27594
27665
27595
27666
27596
27667
27597
27668
27598
27669
27599
27670
27600
27671
27601
27672
27602
27673
27603
27674
27604
27675
27605
27676
27606
27677
27607
27678
27608
27679
27609
27680
27610
27681
27611
27682
27683
31650
27613
27684
27614
27685
27615
27686
27616
27687
27617
27688
27618
27689
27619
27690
27620
27691
27621
27692
27622
27693
27623
27694
27624
27695
27625
27696
27626
27697
27627
27698
27628
27699
27629
27700
27630
27701
27631
27702
27632
27703
27633
27704
27634
27705
27635
27706
27636
27707
27637
27708
27638
27709
27639
27710
27640
27711
27641
27712
27642
27713
27643
27714
27644
27715
27645
27716
27646
27717
27647
27718
27648
27719
27649
27720
27650
27721
27651
27722
27652
27723
27653
27724
27654
27725
27655
27726
27656
27727
27657
27728
27658
27729
27659
27730
27660
27731
27661
27732
27662
27733
27663
27734
27664
27735
27665
27736
27666
27737
27667
27738
27668
27739
27669
27740
27670
27741
27671
27742
27672
27743
27673
27744
27674
27745
27675
27746
27676
27747
27677
27748
27678
27749
27679
27750
27680
27751
27681
27752
27682
27753
27683
27754
27755
31725
27685
27756
27686
27757
27687
27758
27688
27759
27689
27760
27690
27761
27691
27762
27692
27763
27693
27764
27694
27765
27695
27766
27696
27767
27697
27768
27698
27769
27699
27770
27700
27771
27701
27772
27702
27773
27703
27774
27704
27775
27705
27776
27706
27777
27707
27778
27708
27779
27709
27780
27710
27781
27711
27782
27712
27783
27713
27784
27714
27785
27715
27786
27716
27787
27717
27788
27718
27789
27719
27790
27720
27791
27721
27792
27722
27793
27723
27794
27724
27795
27725
27796
27726
27797
27727
27798
27728
27799
27729
27800
27730
27801
27731
27802
27732
27803
27733
27804
27734
27805
27735
27806
27736
27807
27737
27808
27738
27809
27739
27810
27740
27811
27741
27812
27742
27813
27743
27814
27744
27815
27745
27816
27746
27817
27747
27818
27748
27819
27749
27820
27750
27821
27751
27822
27752
27823
27753
27824
27754
27825
27755
27826
27827
31800
27757
27828
27758
27829
27759
27830
27760
27831
27761
27832
27762
27833
27763
27834
27764
27835
27765
27836
27766
27837
27767
27838
27768
27839
27769
27840
27770
27841
27771
27842
27772
27843
27773
27844
27774
27845
27775
27846
27776
27847
27777
27848
27778
27849
27779
27850
27780
27851
27781
27852
27782
27853
27783
27854
27784
27855
27785
27856
27786
27857
27787
27858
27788
27859
27789
27860
27790
27861
27791
27862
27792
27863
27793
27864
27794
27865
27795
27866
27796
27867
27797
27868
27798
27869
27799
27870
27800
27871
27801
27872
27802
27873
27803
27874
27804
27875
27805
27876
27806
27877
27807
27878
27808
27879
27809
27880
27810
27881
27811
27882
27812
27883
27813
27884
27814
27885
27815
27886
27816
27887
27817
27888
27818
27889
27819
27890
27820
27891
27821
27892
27822
27893
27823
27894
27824
27895
27825
27896
27826
27897
27827
27898
27899
31875
27829
37555
27830
37556
27831
37557
27832
37558
27833
37559
27834
37560
27835
37561
27836
37562
27837
37563
27838
37564
27839
37565
27840
37566
27841
37567
27842
37568
27843
37569
27844
37570
27845
37571
27846
37572
27847
37573
27848
37574
27849
37575
27850
37576
27851
37577
27852
37578
27853
37579
27854
37580
27855
37581
27856
37582
27857
37583
27858
37584
27859
37585
27860
37586
27861
37587
27862
37588
27863
37589
27864
37590
27865
37591
27866
37592
27867
37593
27868
37594
27869
37595
27870
37596
27871
37597
27872
37598
27873
37599
27874
37600
27875
37601
27876
37602
27877
37603
27878
37604
27879
37605
27880
37606
27881
37607
27882
37608
27883
37609
27884
37610
27885
37611
27886
37612
27887
37613
27888
37614
27889
37615
27890
37616
27891
37617
27892
37618
27893
37619
27894
37620
27895
37621
27896
37622
27897
37623
27898
37624
27899
37625
31950
37626
27901
27975
27902
27976
27903
27977
27904
27978
27905
27979
27906
27980
27907
27981
27908
27982
27909
27983
27910
27984
27911
27985
27912
27986
27913
27987
27914
27988
27915
27989
27916
27990
27917
27991
27918
27992
27919
27993
27920
27994
27921
27995
27922
27996
27923
27997
27924
27998
27925
27999
27926
28000
27927
28001
27928
28002
27929
28003
27930
28004
27931
28005
27932
28006
27933
28007
27934
28008
27935
28009
27936
28010
27937
28011
27938
28012
27939
28013
27940
28014
27941
28015
27942
28016
27943
28017
27944
28018
27945
28019
27946
28020
27947
28021
27948
28022
27949
28023
27950
28024
27951
28025
27952
28026
27953
28027
27954
28028
27955
28029
27956
28030
27957
28031
27958
28032
27959
28033
27960
28034
27961
28035
27962
28036
27963
28037
27964
28038
27965
28039
27966
28040
27967
28041
27968
28042
27969
28043
27970
28044
27971
28045
27972
28046
27973
28047
27974
28048
28049
27976
28050
27977
28051
27978
28052
27979
28053
27980
28054
27981
28055
27982
28056
27983
28057
27984
28058
27985
28059
27986
28060
27987
28061
27988
28062
27989
28063
27990
28064
27991
28065
27992
28066
27993
28067
27994
28068
27995
28069
27996
28070
27997
28071
27998
28072
27999
28073
28000
28074
28001
28075
28002
28076
28003
28077
28004
28078
28005
28079
28006
28080
28007
28081
28008
28082
28009
28083
28010
28084
28011
28085
28012
28086
28013
28087
28014
28088
28015
28089
28016
28090
28017
28091
28018
28092
28019
28093
28020
28094
28021
28095
28022
28096
28023
28097
28024
28098
28025
28099
28026
28100
28027
28101
28028
28102
28029
28103
28030
28104
28031
28105
28032
28106
28033
28107
28034
28108
28035
28109
28036
28110
28037
28111
28038
28112
28039
28113
28040
28114
28041
28115
28042
28116
28043
28117
28044
28118
28045
28119
28046
28120
28047
28121
28048
28122
28049
28123
28124
28051
28125
28052
28126
28053
28127
28054
28128
28055
28129
28056
28130
28057
28131
28058
28132
28059
28133
28060
28134
28061
28135
28062
28136
28063
28137
28064
28138
28065
28139
28066
28140
28067
28141
28068
28142
28069
28143
28070
28144
28071
28145
28072
28146
28073
28147
28074
28148
28075
28149
28076
28150
28077
28151
28078
28152
28079
28153
28080
28154
28081
28155
28082
28156
28083
28157
28084
28158
28085
28159
28086
28160
28087
28161
28088
28162
28089
28163
28090
28164
28091
28165
28092
28166
28093
28167
28094
28168
28095
28169
28096
28170
28097
28171
28098
28172
28099
28173
28100
28174
28101
28175
28102
28176
28103
28177
28104
28178
28105
28179
28106
28180
28107
28181
28108
28182
28109
28183
28110
28184
28111
28185
28112
28186
28113
28187
28114
28188
28115
28189
28116
28190
28117
28191
28118
28192
28119
28193
28120
28194
28121
28195
28122
28196
28123
28197
28124
28198
28199
28126
28200
28127
28201
28128
28202
28129
28203
28130
28204
28131
28205
28132
28206
28133
28207
28134
28208
28135
28209
28136
28210
28137
28211
28138
28212
28139
28213
28140
28214
28141
28215
28142
28216
28143
28217
28144
28218
28145
28219
28146
28220
28147
28221
28148
28222
28149
28223
28150
28224
28151
28225
28152
28226
28153
28227
28154
28228
28155
28229
28156
28230
28157
28231
28158
28232
28159
28233
28160
28234
28161
28235
28162
28236
28163
28237
28164
28238
28165
28239
28166
28240
28167
28241
28168
28242
28169
28243
28170
28244
28171
28245
28172
28246
28173
28247
28174
28248
28175
28249
28176
28250
28177
28251
28178
28252
28179
28253
28180
28254
28181
28255
28182
28256
28183
28257
28184
28258
28185
28259
28186
28260
28187
28261
28188
28262
28189
28263
28190
28264
28191
28265
28192
28266
28193
28267
28194
28268
28195
28269
28196
28270
28197
28271
28198
28272
28199
28273
28274
28201
28275
28202
28276
28203
28277
28204
28278
28205
28279
28206
28280
28207
28281
28208
28282
28209
28283
28210
28284
28211
28285
28212
28286
28213
28287
28214
28288
28215
28289
28216
28290
28217
28291
28218
28292
28219
28293
28220
28294
28221
28295
28222
28296
28223
28297
28224
28298
28225
28299
28226
28300
28227
28301
28228
28302
28229
28303
28230
28304
28231
28305
28232
28306
28233
28307
28234
28308
28235
28309
28236
28310
28237
28311
28238
28312
28239
28313
28240
28314
28241
28315
28242
28316
28243
28317
28244
28318
28245
28319
28246
28320
28247
28321
28248
28322
28249
28323
28250
28324
28251
28325
28252
28326
28253
28327
28254
28328
28255
28329
28256
28330
28257
28331
28258
28332
28259
28333
28260
28334
28261
28335
28262
28336
28263
28337
28264
28338
28265
28339
28266
28340
28267
28341
28268
28342
28269
28343
28270
28344
28271
28345
28272
28346
28273
28347
28274
28348
28349
28276
28350
28277
28351
28278
28352
28279
28353
28280
28354
28281
28355
28282
28356
28283
28357
28284
28358
28285
28359
28286
28360
28287
28361
28288
28362
28289
28363
28290
28364
28291
28365
28292
28366
28293
28367
28294
28368
28295
28369
28296
28370
28297
28371
28298
28372
28299
28373
28300
28374
28301
28375
28302
28376
28303
28377
28304
28378
28305
28379
28306
28380
28307
28381
28308
28382
28309
28383
28310
28384
28311
28385
28312
28386
28313
28387
28314
28388
28315
28389
28316
28390
28317
28391
28318
28392
28319
28393
28320
28394
28321
28395
28322
28396
28323
28397
28324
28398
28325
28399
28326
28400
28327
28401
28328
28402
28329
28403
28330
28404
28331
28405
28332
28406
28333
28407
28334
28408
28335
28409
28336
28410
28337
28411
28338
28412
28339
28413
28340
28414
28341
28415
28342
28416
28343
28417
28344
28418
28345
28419
28346
28420
28347
28421
28348
28422
28349
28423
28424
28351
28425
28352
28426
28353
28427
28354
28428
28355
28429
28356
28430
28357
28431
28358
28432
28359
28433
28360
28434
28361
28435
28362
28436
28363
28437
28364
28438
28365
28439
28366
28440
28367
28441
28368
28442
28369
28443
28370
28444
28371
28445
28372
28446
28373
28447
28374
28448
28375
28449
28376
28450
28377
28451
28378
28452
28379
28453
28380
28454
28381
28455
28382
28456
28383
28457
28384
28458
28385
28459
28386
28460
28387
28461
28388
28462
28389
28463
28390
28464
28391
28465
28392
28466
28393
28467
28394
28468
28395
28469
28396
28470
28397
28471
28398
28472
28399
28473
28400
28474
28401
28475
28402
28476
28403
28477
28404
28478
28405
28479
28406
28480
28407
28481
28408
28482
28409
28483
28410
28484
28411
28485
28412
28486
28413
28487
28414
28488
28415
28489
28416
28490
28417
28491
28418
28492
28419
28493
28420
28494
28421
28495
28422
28496
28423
28497
28424
28498
28499
28426
28500
28427
28501
28428
28502
28429
28503
28430
28504
28431
28505
28432
28506
28433
28507
28434
28508
28435
28509
28436
28510
28437
28511
28438
28512
28439
28513
28440
28514
28441
28515
28442
28516
28443
28517
28444
28518
28445
28519
28446
28520
28447
28521
28448
28522
28449
28523
28450
28524
28451
28525
28452
28526
28453
28527
28454
28528
28455
28529
28456
28530
28457
28531
28458
28532
28459
28533
28460
28534
28461
28535
28462
28536
28463
28537
28464
28538
28465
28539
28466
28540
28467
28541
28468
28542
28469
28543
28470
28544
28471
28545
28472
28546
28473
28547
28474
28548
28475
28549
28476
28550
28477
28551
28478
28552
28479
28553
28480
28554
28481
28555
28482
28556
28483
28557
28484
28558
28485
28559
28486
28560
28487
28561
28488
28562
28489
28563
28490
28564
28491
28565
28492
28566
28493
28567
28494
28568
28495
28569
28496
28570
28497
28571
28498
28572
28499
28573
28574
28501
28575
28502
28576
28503
28577
28504
28578
28505
28579
28506
28580
28507
28581
28508
28582
28509
28583
28510
28584
28511
28585
28512
28586
28513
28587
28514
28588
28515
28589
28516
28590
28517
28591
28518
28592
28519
28593
28520
28594
28521
28595
28522
28596
28523
28597
28524
28598
28525
28599
28526
28600
28527
28601
28528
28602
28529
28603
28530
28604
28531
28605
28532
28606
28533
28607
28534
28608
28535
28609
28536
28610
28537
28611
28538
28612
28539
28613
28540
28614
28541
28615
28542
28616
28543
28617
28544
28618
28545
28619
28546
28620
28547
28621
28548
28622
28549
28623
28550
28624
28551
28625
28552
28626
28553
28627
28554
28628
28555
28629
28556
28630
28557
28631
28558
28632
28559
28633
28560
28634
28561
28635
28562
28636
28563
28637
28564
28638
28565
28639
28566
28640
28567
28641
28568
28642
28569
28643
28570
28644
28571
28645
28572
28646
28573
28647
28574
28648
28649
28576
28650
28577
28651
28578
28652
28579
28653
28580
28654
28581
28655
28582
28656
28583
28657
28584
28658
28585
28659
28586
28660
28587
28661
28588
28662
28589
28663
28590
28664
28591
28665
28592
28666
28593
28667
28594
28668
28595
28669
28596
28670
28597
28671
28598
28672
28599
28673
28600
28674
28601
28675
28602
28676
28603
28677
28604
28678
28605
28679
28606
28680
28607
28681
28608
28682
28609
28683
28610
28684
28611
28685
28612
28686
28613
28687
28614
28688
28615
28689
28616
28690
28617
28691
28618
28692
28619
28693
28620
28694
28621
28695
28622
28696
28623
28697
28624
28698
28625
28699
28626
28700
28627
28701
28628
28702
28629
28703
28630
28704
28631
28705
28632
28706
28633
28707
28634
28708
28635
28709
28636
28710
28637
28711
28638
28712
28639
28713
28640
28714
28641
28715
28642
28716
28643
28717
28644
28718
28645
28719
28646
28720
28647
28721
28648
28722
28649
28723
28724
28651
28725
28652
28726
28653
28727
28654
28728
28655
28729
28656
28730
28657
28731
28658
28732
28659
28733
28660
28734
28661
28735
28662
28736
28663
28737
28664
28738
28665
28739
28666
28740
28667
28741
28668
28742
28669
28743
28670
28744
28671
28745
28672
28746
28673
28747
28674
28748
28675
28749
28676
28750
28677
28751
28678
28752
28679
28753
28680
28754
28681
28755
28682
28756
28683
28757
28684
28758
28685
28759
28686
28760
28687
28761
28688
28762
28689
28763
28690
28764
28691
28765
28692
28766
28693
28767
28694
28768
28695
28769
28696
28770
28697
28771
28698
28772
28699
28773
28700
28774
28701
28775
28702
28776
28703
28777
28704
28778
28705
28779
28706
28780
28707
28781
28708
28782
28709
28783
28710
28784
28711
28785
28712
28786
28713
28787
28714
28788
28715
28789
28716
28790
28717
28791
28718
28792
28719
28793
28720
28794
28721
28795
28722
28796
28723
28797
28724
28798
28799
28726
28800
28727
28801
28728
28802
28729
28803
28730
28804
28731
28805
28732
28806
28733
28807
28734
28808
28735
28809
28736
28810
28737
28811
28738
28812
28739
28813
28740
28814
28741
28815
28742
28816
28743
28817
28744
28818
28745
28819
28746
28820
28747
28821
28748
28822
28749
28823
28750
28824
28751
28825
28752
28826
28753
28827
28754
28828
28755
28829
28756
28830
28757
28831
28758
28832
28759
28833
28760
28834
28761
28835
28762
28836
28763
28837
28764
28838
28765
28839
28766
28840
28767
28841
28768
28842
28769
28843
28770
28844
28771
28845
28772
28846
28773
28847
28774
28848
28775
28849
28776
28850
28777
28851
28778
28852
28779
28853
28780
28854
28781
28855
28782
28856
28783
28857
28784
28858
28785
28859
28786
28860
28787
28861
28788
28862
28789
28863
28790
28864
28791
28865
28792
28866
28793
28867
28794
28868
28795
28869
28796
28870
28797
28871
28798
28872
28799
28873
28874
28801
28875
28802
28876
28803
28877
28804
28878
28805
28879
28806
28880
28807
28881
28808
28882
28809
28883
28810
28884
28811
28885
28812
28886
28813
28887
28814
28888
28815
28889
28816
28890
28817
28891
28818
28892
28819
28893
28820
28894
28821
28895
28822
28896
28823
28897
28824
28898
28825
28899
28826
28900
28827
28901
28828
28902
28829
28903
28830
28904
28831
28905
28832
28906
28833
28907
28834
28908
28835
28909
28836
28910
28837
28911
28838
28912
28839
28913
28840
28914
28841
28915
28842
28916
28843
28917
28844
28918
28845
28919
28846
28920
28847
28921
28848
28922
28849
28923
28850
28924
28851
28925
28852
28926
28853
28927
28854
28928
28855
28929
28856
28930
28857
28931
28858
28932
28859
28933
28860
28934
28861
28935
28862
28936
28863
28937
28864
28938
28865
28939
28866
28940
28867
28941
28868
28942
28869
28943
28870
28944
28871
28945
28872
28946
28873
28947
28874
28948
28949
28876
28950
28877
28951
28878
28952
28879
28953
28880
28954
28881
28955
28882
28956
28883
28957
28884
28958
28885
28959
28886
28960
28887
28961
28888
28962
28889
28963
28890
28964
28891
28965
28892
28966
28893
28967
28894
28968
28895
28969
28896
28970
28897
28971
28898
28972
28899
28973
28900
28974
28901
28975
28902
28976
28903
28977
28904
28978
28905
28979
28906
28980
28907
28981
28908
28982
28909
28983
28910
28984
28911
28985
28912
28986
28913
28987
28914
28988
28915
28989
28916
28990
28917
28991
28918
28992
28919
28993
28920
28994
28921
28995
28922
28996
28923
28997
28924
28998
28925
28999
28926
29000
28927
29001
28928
29002
28929
29003
28930
29004
28931
29005
28932
29006
28933
29007
28934
29008
28935
29009
28936
29010
28937
29011
28938
29012
28939
29013
28940
29014
28941
29015
28942
29016
28943
29017
28944
29018
28945
29019
28946
29020
28947
29021
28948
29022
28949
29023
29024
28951
29025
28952
29026
28953
29027
28954
29028
28955
29029
28956
29030
28957
29031
28958
29032
28959
29033
28960
29034
28961
29035
28962
29036
28963
29037
28964
29038
28965
29039
28966
29040
28967
29041
28968
29042
28969
29043
28970
29044
28971
29045
28972
29046
28973
29047
28974
29048
28975
29049
28976
29050
28977
29051
28978
29052
28979
29053
28980
29054
28981
29055
28982
29056
28983
29057
28984
29058
28985
29059
28986
29060
28987
29061
28988
29062
28989
29063
28990
29064
28991
29065
28992
29066
28993
29067
28994
29068
28995
29069
28996
29070
28997
29071
28998
29072
28999
29073
29000
29074
29001
29075
29002
29076
29003
29077
29004
29078
29005
29079
29006
29080
29007
29081
29008
29082
29009
29083
29010
29084
29011
29085
29012
29086
29013
29087
29014
29088
29015
29089
29016
29090
29017
29091
29018
29092
29019
29093
29020
29094
29021
29095
29022
29096
29023
29097
29024
29098
29099
29026
29100
29027
29101
29028
29102
29029
29103
29030
29104
29031
29105
29032
29106
29033
29107
29034
29108
29035
29109
29036
29110
29037
29111
29038
29112
29039
29113
29040
29114
29041
29115
29042
29116
29043
29117
29044
29118
29045
29119
29046
29120
29047
29121
29048
29122
29049
29123
29050
29124
29051
29125
29052
29126
29053
29127
29054
29128
29055
29129
29056
29130
29057
29131
29058
29132
29059
29133
29060
29134
29061
29135
29062
29136
29063
29137
29064
29138
29065
29139
29066
29140
29067
29141
29068
29142
29069
29143
29070
29144
29071
29145
29072
29146
29073
29147
29074
29148
29075
29149
29076
29150
29077
29151
29078
29152
29079
29153
29080
29154
29081
29155
29082
29156
29083
29157
29084
29158
29085
29159
29086
29160
29087
29161
29088
29162
29089
29163
29090
29164
29091
29165
29092
29166
29093
29167
29094
29168
29095
29169
29096
29170
29097
29171
29098
29172
29099
29173
29174
29101
29175
29102
29176
29103
29177
29104
29178
29105
29179
29106
29180
29107
29181
29108
29182
29109
29183
29110
29184
29111
29185
29112
29186
29113
29187
29114
29188
29115
29189
29116
29190
29117
29191
29118
29192
29119
29193
29120
29194
29121
29195
29122
29196
29123
29197
29124
29198
29125
29199
29126
29200
29127
29201
29128
29202
29129
29203
29130
29204
29131
29205
29132
29206
29133
29207
29134
29208
29135
29209
29136
29210
29137
29211
29138
29212
29139
29213
29140
29214
29141
29215
29142
29216
29143
29217
29144
29218
29145
29219
29146
29220
29147
29221
29148
29222
29149
29223
29150
29224
29151
29225
29152
29226
29153
29227
29154
29228
29155
29229
29156
29230
29157
29231
29158
29232
29159
29233
29160
29234
29161
29235
29162
29236
29163
29237
29164
29238
29165
29239
29166
29240
29167
29241
29168
29242
29169
29243
29170
29244
29171
29245
29172
29246
29173
29247
29174
29248
29249
29176
29250
29177
29251
29178
29252
29179
29253
29180
29254
29181
29255
29182
29256
29183
29257
29184
29258
29185
29259
29186
29260
29187
29261
29188
29262
29189
29263
29190
29264
29191
29265
29192
29266
29193
29267
29194
29268
29195
29269
29196
29270
29197
29271
29198
29272
29199
29273
29200
29274
29201
29275
29202
29276
29203
29277
29204
29278
29205
29279
29206
29280
29207
29281
29208
29282
29209
29283
29210
29284
29211
29285
29212
29286
29213
29287
29214
29288
29215
29289
29216
29290
29217
29291
29218
29292
29219
29293
29220
29294
29221
29295
29222
29296
29223
29297
29224
29298
29225
29299
29226
29300
29227
29301
29228
29302
29229
29303
29230
29304
29231
29305
29232
29306
29233
29307
29234
29308
29235
29309
29236
29310
29237
29311
29238
29312
29239
29313
29240
29314
29241
29315
29242
29316
29243
29317
29244
29318
29245
29319
29246
29320
29247
29321
29248
29322
29249
29323
29324
29251
29325
29252
29326
29253
29327
29254
29328
29255
29329
29256
29330
29257
29331
29258
29332
29259
29333
29260
29334
29261
29335
29262
29336
29263
29337
29264
29338
29265
29339
29266
29340
29267
29341
29268
29342
29269
29343
29270
29344
29271
29345
29272
29346
29273
29347
29274
29348
29275
29349
29276
29350
29277
29351
29278
29352
29279
29353
29280
29354
29281
29355
29282
29356
29283
29357
29284
29358
29285
29359
29286
29360
29287
29361
29288
29362
29289
29363
29290
29364
29291
29365
29292
29366
29293
29367
29294
29368
29295
29369
29296
29370
29297
29371
29298
29372
29299
29373
29300
29374
29301
29375
29302
29376
29303
29377
29304
29378
29305
29379
29306
29380
29307
29381
29308
29382
29309
29383
29310
29384
29311
29385
29312
29386
29313
29387
29314
29388
29315
29389
29316
29390
29317
29391
29318
29392
29319
29393
29320
29394
29321
29395
29322
29396
29323
29397
29324
29398
29399
29326
29400
29327
29401
29328
29402
29329
29403
29330
29404
29331
29405
29332
29406
29333
29407
29334
29408
29335
29409
29336
29410
29337
29411
29338
29412
29339
29413
29340
29414
29341
29415
29342
29416
29343
29417
29344
29418
29345
29419
29346
29420
29347
29421
29348
29422
29349
29423
29350
29424
29351
29425
29352
29426
29353
29427
29354
29428
29355
29429
29356
29430
29357
29431
29358
29432
29359
29433
29360
29434
29361
29435
29362
29436
29363
29437
29364
29438
29365
29439
29366
29440
29367
29441
29368
29442
29369
29443
29370
29444
29371
29445
29372
29446
29373
29447
29374
29448
29375
29449
29376
29450
29377
29451
29378
29452
29379
29453
29380
29454
29381
29455
29382
29456
29383
29457
29384
29458
29385
29459
29386
29460
29387
29461
29388
29462
29389
29463
29390
29464
29391
29465
29392
29466
29393
29467
29394
29468
29395
29469
29396
29470
29397
29471
29398
29472
29399
29473
29474
29401
29475
29402
29476
29403
29477
29404
29478
29405
29479
29406
29480
29407
29481
29408
29482
29409
29483
29410
29484
29411
29485
29412
29486
29413
29487
29414
29488
29415
29489
29416
29490
29417
29491
29418
29492
29419
29493
29420
29494
29421
29495
29422
29496
29423
29497
29424
29498
29425
29499
29426
29500
29427
29501
29428
29502
29429
29503
29430
29504
29431
29505
29432
29506
29433
29507
29434
29508
29435
29509
29436
29510
29437
29511
29438
29512
29439
29513
29440
29514
29441
29515
29442
29516
29443
29517
29444
29518
29445
29519
29446
29520
29447
29521
29448
29522
29449
29523
29450
29524
29451
29525
29452
29526
29453
29527
29454
29528
29455
29529
29456
29530
29457
29531
29458
29532
29459
29533
29460
29534
29461
29535
29462
29536
29463
29537
29464
29538
29465
29539
29466
29540
29467
29541
29468
29542
29469
29543
29470
29544
29471
29545
29472
29546
29473
29547
29474
29548
29549
29476
29550
29477
29551
29478
29552
29479
29553
29480
29554
29481
29555
29482
29556
29483
29557
29484
29558
29485
29559
29486
29560
29487
29561
29488
29562
29489
29563
29490
29564
29491
29565
29492
29566
29493
29567
29494
29568
29495
29569
29496
29570
29497
29571
29498
29572
29499
29573
29500
29574
29501
29575
29502
29576
29503
29577
29504
29578
29505
29579
29506
29580
29507
29581
29508
29582
29509
29583
29510
29584
29511
29585
29512
29586
29513
29587
29514
29588
29515
29589
29516
29590
29517
29591
29518
29592
29519
29593
29520
29594
29521
29595
29522
29596
29523
29597
29524
29598
29525
29599
29526
29600
29527
29601
29528
29602
29529
29603
29530
29604
29531
29605
29532
29606
29533
29607
29534
29608
29535
29609
29536
29610
29537
29611
29538
29612
29539
29613
29540
29614
29541
29615
29542
29616
29543
29617
29544
29618
29545
29619
29546
29620
29547
29621
29548
29622
29549
29623
29624
29551
29625
29552
29626
29553
29627
29554
29628
29555
29629
29556
29630
29557
29631
29558
29632
29559
29633
29560
29634
29561
29635
29562
29636
29563
29637
29564
29638
29565
29639
29566
29640
29567
29641
29568
29642
29569
29643
29570
29644
29571
29645
29572
29646
29573
29647
29574
29648
29575
29649
29576
29650
29577
29651
29578
29652
29579
29653
29580
29654
29581
29655
29582
29656
29583
29657
29584
29658
29585
29659
29586
29660
29587
29661
29588
29662
29589
29663
29590
29664
29591
29665
29592
29666
29593
29667
29594
29668
29595
29669
29596
29670
29597
29671
29598
29672
29599
29673
29600
29674
29601
29675
29602
29676
29603
29677
29604
29678
29605
29679
29606
29680
29607
29681
29608
29682
29609
29683
29610
29684
29611
29685
29612
29686
29613
29687
29614
29688
29615
29689
29616
29690
29617
29691
29618
29692
29619
29693
29620
29694
29621
29695
29622
29696
29623
29697
29624
29698
29699
29626
29700
29627
29701
29628
29702
29629
29703
29630
29704
29631
29705
29632
29706
29633
29707
29634
29708
29635
29709
29636
29710
29637
29711
29638
29712
29639
29713
29640
29714
29641
29715
29642
29716
29643
29717
29644
29718
29645
29719
29646
29720
29647
29721
29648
29722
29649
29723
29650
29724
29651
29725
29652
29726
29653
29727
29654
29728
29655
29729
29656
29730
29657
29731
29658
29732
29659
29733
29660
29734
29661
29735
29662
29736
29663
29737
29664
29738
29665
29739
29666
29740
29667
29741
29668
29742
29669
29743
29670
29744
29671
29745
29672
29746
29673
29747
29674
29748
29675
29749
29676
29750
29677
29751
29678
29752
29679
29753
29680
29754
29681
29755
29682
29756
29683
29757
29684
29758
29685
29759
29686
29760
29687
29761
29688
29762
29689
29763
29690
29764
29691
29765
29692
29766
29693
29767
29694
29768
29695
29769
29696
29770
29697
29771
29698
29772
29699
29773
29774
29701
29775
29702
29776
29703
29777
29704
29778
29705
29779
29706
29780
29707
29781
29708
29782
29709
29783
29710
29784
29711
29785
29712
29786
29713
29787
29714
29788
29715
29789
29716
29790
29717
29791
29718
29792
29719
29793
29720
29794
29721
29795
29722
29796
29723
29797
29724
29798
29725
29799
29726
29800
29727
29801
29728
29802
29729
29803
29730
29804
29731
29805
29732
29806
29733
29807
29734
29808
29735
29809
29736
29810
29737
29811
29738
29812
29739
29813
29740
29814
29741
29815
29742
29816
29743
29817
29744
29818
29745
29819
29746
29820
29747
29821
29748
29822
29749
29823
29750
29824
29751
29825
29752
29826
29753
29827
29754
29828
29755
29829
29756
29830
29757
29831
29758
29832
29759
29833
29760
29834
29761
29835
29762
29836
29763
29837
29764
29838
29765
29839
29766
29840
29767
29841
29768
29842
29769
29843
29770
29844
29771
29845
29772
29846
29773
29847
29774
29848
29849
29776
29850
29777
29851
29778
29852
29779
29853
29780
29854
29781
29855
29782
29856
29783
29857
29784
29858
29785
29859
29786
29860
29787
29861
29788
29862
29789
29863
29790
29864
29791
29865
29792
29866
29793
29867
29794
29868
29795
29869
29796
29870
29797
29871
29798
29872
29799
29873
29800
29874
29801
29875
29802
29876
29803
29877
29804
29878
29805
29879
29806
29880
29807
29881
29808
29882
29809
29883
29810
29884
29811
29885
29812
29886
29813
29887
29814
29888
29815
29889
29816
29890
29817
29891
29818
29892
29819
29893
29820
29894
29821
29895
29822
29896
29823
29897
29824
29898
29825
29899
29826
29900
29827
29901
29828
29902
29829
29903
29830
29904
29831
29905
29832
29906
29833
29907
29834
29908
29835
29909
29836
29910
29837
29911
29838
29912
29839
29913
29840
29914
29841
29915
29842
29916
29843
29917
29844
29918
29845
29919
29846
29920
29847
29921
29848
29922
29849
29923
29924
29851
29925
29852
29926
29853
29927
29854
29928
29855
29929
29856
29930
29857
29931
29858
29932
29859
29933
29860
29934
29861
29935
29862
29936
29863
29937
29864
29938
29865
29939
29866
29940
29867
29941
29868
29942
29869
29943
29870
29944
29871
29945
29872
29946
29873
29947
29874
29948
29875
29949
29876
29950
29877
29951
29878
29952
29879
29953
29880
29954
29881
29955
29882
29956
29883
29957
29884
29958
29885
29959
29886
29960
29887
29961
29888
29962
29889
29963
29890
29964
29891
29965
29892
29966
29893
29967
29894
29968
29895
29969
29896
29970
29897
29971
29898
29972
29899
29973
29900
29974
29901
29975
29902
29976
29903
29977
29904
29978
29905
29979
29906
29980
29907
29981
29908
29982
29909
29983
29910
29984
29911
29985
29912
29986
29913
29987
29914
29988
29915
29989
29916
29990
29917
29991
29918
29992
29919
29993
29920
29994
29921
29995
29922
29996
29923
29997
29924
29998
29999
29926
30000
29927
30001
29928
30002
29929
30003
29930
30004
29931
30005
29932
30006
29933
30007
29934
30008
29935
30009
29936
30010
29937
30011
29938
30012
29939
30013
29940
30014
29941
30015
29942
30016
29943
30017
29944
30018
29945
30019
29946
30020
29947
30021
29948
30022
29949
30023
29950
30024
29951
30025
29952
30026
29953
30027
29954
30028
29955
30029
29956
30030
29957
30031
29958
30032
29959
30033
29960
30034
29961
30035
29962
30036
29963
30037
29964
30038
29965
30039
29966
30040
29967
30041
29968
30042
29969
30043
29970
30044
29971
30045
29972
30046
29973
30047
29974
30048
29975
30049
29976
30050
29977
30051
29978
30052
29979
30053
29980
30054
29981
30055
29982
30056
29983
30057
29984
30058
29985
30059
29986
30060
29987
30061
29988
30062
29989
30063
29990
30064
29991
30065
29992
30066
29993
30067
29994
30068
29995
30069
29996
30070
29997
30071
29998
30072
29999
30073
30074
30001
30075
30002
30076
30003
30077
30004
30078
30005
30079
30006
30080
30007
30081
30008
30082
30009
30083
30010
30084
30011
30085
30012
30086
30013
30087
30014
30088
30015
30089
30016
30090
30017
30091
30018
30092
30019
30093
30020
30094
30021
30095
30022
30096
30023
30097
30024
30098
30025
30099
30026
30100
30027
30101
30028
30102
30029
30103
30030
30104
30031
30105
30032
30106
30033
30107
30034
30108
30035
30109
30036
30110
30037
30111
30038
30112
30039
30113
30040
30114
30041
30115
30042
30116
30043
30117
30044
30118
30045
30119
30046
30120
30047
30121
30048
30122
30049
30123
30050
30124
30051
30125
30052
30126
30053
30127
30054
30128
30055
30129
30056
30130
30057
30131
30058
30132
30059
30133
30060
30134
30061
30135
30062
30136
30063
30137
30064
30138
30065
30139
30066
30140
30067
30141
30068
30142
30069
30143
30070
30144
30071
30145
30072
30146
30073
30147
30074
30148
30149
30076
30150
30077
30151
30078
30152
30079
30153
30080
30154
30081
30155
30082
30156
30083
30157
30084
30158
30085
30159
30086
30160
30087
30161
30088
30162
30089
30163
30090
30164
30091
30165
30092
30166
30093
30167
30094
30168
30095
30169
30096
30170
30097
30171
30098
30172
30099
30173
30100
30174
30101
30175
30102
30176
30103
30177
30104
30178
30105
30179
30106
30180
30107
30181
30108
30182
30109
30183
30110
30184
30111
30185
30112
30186
30113
30187
30114
30188
30115
30189
30116
30190
30117
30191
30118
30192
30119
30193
30120
30194
30121
30195
30122
30196
30123
30197
30124
30198
30125
30199
30126
30200
30127
30201
30128
30202
30129
30203
30130
30204
30131
30205
30132
30206
30133
30207
30134
30208
30135
30209
30136
30210
30137
30211
30138
30212
30139
30213
30140
30214
30141
30215
30142
30216
30143
30217
30144
30218
30145
30219
30146
30220
30147
30221
30148
30222
30149
30223
30224
30151
30225
30152
30226
30153
30227
30154
30228
30155
30229
30156
30230
30157
30231
30158
30232
30159
30233
30160
30234
30161
30235
30162
30236
30163
30237
30164
30238
30165
30239
30166
30240
30167
30241
30168
30242
30169
30243
30170
30244
30171
30245
30172
30246
30173
30247
30174
30248
30175
30249
30176
30250
30177
30251
30178
30252
30179
30253
30180
30254
30181
30255
30182
30256
30183
30257
30184
30258
30185
30259
30186
30260
30187
30261
30188
30262
30189
30263
30190
30264
30191
30265
30192
30266
30193
30267
30194
30268
30195
30269
30196
30270
30197
30271
30198
30272
30199
30273
30200
30274
30201
30275
30202
30276
30203
30277
30204
30278
30205
30279
30206
30280
30207
30281
30208
30282
30209
30283
30210
30284
30211
30285
30212
30286
30213
30287
30214
30288
30215
30289
30216
30290
30217
30291
30218
30292
30219
30293
30220
30294
30221
30295
30222
30296
30223
30297
30224
30298
30299
30226
30300
30227
30301
30228
30302
30229
30303
30230
30304
30231
30305
30232
30306
30233
30307
30234
30308
30235
30309
30236
30310
30237
30311
30238
30312
30239
30313
30240
30314
30241
30315
30242
30316
30243
30317
30244
30318
30245
30319
30246
30320
30247
30321
30248
30322
30249
30323
30250
30324
30251
30325
30252
30326
30253
30327
30254
30328
30255
30329
30256
30330
30257
30331
30258
30332
30259
30333
30260
30334
30261
30335
30262
30336
30263
30337
30264
30338
30265
30339
30266
30340
30267
30341
30268
30342
30269
30343
30270
30344
30271
30345
30272
30346
30273
30347
30274
30348
30275
30349
30276
30350
30277
30351
30278
30352
30279
30353
30280
30354
30281
30355
30282
30356
30283
30357
30284
30358
30285
30359
30286
30360
30287
30361
30288
30362
30289
30363
30290
30364
30291
30365
30292
30366
30293
30367
30294
30368
30295
30369
30296
30370
30297
30371
30298
30372
30299
30373
30374
30301
30375
30302
30376
30303
30377
30304
30378
30305
30379
30306
30380
30307
30381
30308
30382
30309
30383
30310
30384
30311
30385
30312
30386
30313
30387
30314
30388
30315
30389
30316
30390
30317
30391
30318
30392
30319
30393
30320
30394
30321
30395
30322
30396
30323
30397
30324
30398
30325
30399
30326
30400
30327
30401
30328
30402
30329
30403
30330
30404
30331
30405
30332
30406
30333
30407
30334
30408
30335
30409
30336
30410
30337
30411
30338
30412
30339
30413
30340
30414
30341
30415
30342
30416
30343
30417
30344
30418
30345
30419
30346
30420
30347
30421
30348
30422
30349
30423
30350
30424
30351
30425
30352
30426
30353
30427
30354
30428
30355
30429
30356
30430
30357
30431
30358
30432
30359
30433
30360
30434
30361
30435
30362
30436
30363
30437
30364
30438
30365
30439
30366
30440
30367
30441
30368
30442
30369
30443
30370
30444
30371
30445
30372
30446
30373
30447
30374
30448
30449
30376
30450
30377
30451
30378
30452
30379
30453
30380
30454
30381
30455
30382
30456
30383
30457
30384
30458
30385
30459
30386
30460
30387
30461
30388
30462
30389
30463
30390
30464
30391
30465
30392
30466
30393
30467
30394
30468
30395
30469
30396
30470
30397
30471
30398
30472
30399
30473
30400
30474
30401
30475
30402
30476
30403
30477
30404
30478
30405
30479
30406
30480
30407
30481
30408
30482
30409
30483
30410
30484
30411
30485
30412
30486
30413
30487
30414
30488
30415
30489
30416
30490
30417
30491
30418
30492
30419
30493
30420
30494
30421
30495
30422
30496
30423
30497
30424
30498
30425
30499
30426
30500
30427
30501
30428
30502
30429
30503
30430
30504
30431
30505
30432
30506
30433
30507
30434
30508
30435
30509
30436
30510
30437
30511
30438
30512
30439
30513
30440
30514
30441
30515
30442
30516
30443
30517
30444
30518
30445
30519
30446
30520
30447
30521
30448
30522
30449
30523
30524
30451
30525
30452
30526
30453
30527
30454
30528
30455
30529
30456
30530
30457
30531
30458
30532
30459
30533
30460
30534
30461
30535
30462
30536
30463
30537
30464
30538
30465
30539
30466
30540
30467
30541
30468
30542
30469
30543
30470
30544
30471
30545
30472
30546
30473
30547
30474
30548
30475
30549
30476
30550
30477
30551
30478
30552
30479
30553
30480
30554
30481
30555
30482
30556
30483
30557
30484
30558
30485
30559
30486
30560
30487
30561
30488
30562
30489
30563
30490
30564
30491
30565
30492
30566
30493
30567
30494
30568
30495
30569
30496
30570
30497
30571
30498
30572
30499
30573
30500
30574
30501
30575
30502
30576
30503
30577
30504
30578
30505
30579
30506
30580
30507
30581
30508
30582
30509
30583
30510
30584
30511
30585
30512
30586
30513
30587
30514
30588
30515
30589
30516
30590
30517
30591
30518
30592
30519
30593
30520
30594
30521
30595
30522
30596
30523
30597
30524
30598
30599
30526
30600
30527
30601
30528
30602
30529
30603
30530
30604
30531
30605
30532
30606
30533
30607
30534
30608
30535
30609
30536
30610
30537
30611
30538
30612
30539
30613
30540
30614
30541
30615
30542
30616
30543
30617
30544
30618
30545
30619
30546
30620
30547
30621
30548
30622
30549
30623
30550
30624
30551
30625
30552
30626
30553
30627
30554
30628
30555
30629
30556
30630
30557
30631
30558
30632
30559
30633
30560
30634
30561
30635
30562
30636
30563
30637
30564
30638
30565
30639
30566
30640
30567
30641
30568
30642
30569
30643
30570
30644
30571
30645
30572
30646
30573
30647
30574
30648
30575
30649
30576
30650
30577
30651
30578
30652
30579
30653
30580
30654
30581
30655
30582
30656
30583
30657
30584
30658
30585
30659
30586
30660
30587
30661
30588
30662
30589
30663
30590
30664
30591
30665
30592
30666
30593
30667
30594
30668
30595
30669
30596
30670
30597
30671
30598
30672
30599
30673
30674
30601
30675
30602
30676
30603
30677
30604
30678
30605
30679
30606
30680
30607
30681
30608
30682
30609
30683
30610
30684
30611
30685
30612
30686
30613
30687
30614
30688
30615
30689
30616
30690
30617
30691
30618
30692
30619
30693
30620
30694
30621
30695
30622
30696
30623
30697
30624
30698
30625
30699
30626
30700
30627
30701
30628
30702
30629
30703
30630
30704
30631
30705
30632
30706
30633
30707
30634
30708
30635
30709
30636
30710
30637
30711
30638
30712
30639
30713
30640
30714
30641
30715
30642
30716
30643
30717
30644
30718
30645
30719
30646
30720
30647
30721
30648
30722
30649
30723
30650
30724
30651
30725
30652
30726
30653
30727
30654
30728
30655
30729
30656
30730
30657
30731
30658
30732
30659
30733
30660
30734
30661
30735
30662
30736
30663
30737
30664
30738
30665
30739
30666
30740
30667
30741
30668
30742
30669
30743
30670
30744
30671
30745
30672
30746
30673
30747
30674
30748
30749
30676
30750
30677
30751
30678
30752
30679
30753
30680
30754
30681
30755
30682
30756
30683
30757
30684
30758
30685
30759
30686
30760
30687
30761
30688
30762
30689
30763
30690
30764
30691
30765
30692
30766
30693
30767
30694
30768
30695
30769
30696
30770
30697
30771
30698
30772
30699
30773
30700
30774
30701
30775
30702
30776
30703
30777
30704
30778
30705
30779
30706
30780
30707
30781
30708
30782
30709
30783
30710
30784
30711
30785
30712
30786
30713
30787
30714
30788
30715
30789
30716
30790
30717
30791
30718
30792
30719
30793
30720
30794
30721
30795
30722
30796
30723
30797
30724
30798
30725
30799
30726
30800
30727
30801
30728
30802
30729
30803
30730
30804
30731
30805
30732
30806
30733
30807
30734
30808
30735
30809
30736
30810
30737
30811
30738
30812
30739
30813
30740
30814
30741
30815
30742
30816
30743
30817
30744
30818
30745
30819
30746
30820
30747
30821
30748
30822
30749
30823
30824
30751
30825
30752
30826
30753
30827
30754
30828
30755
30829
30756
30830
30757
30831
30758
30832
30759
30833
30760
30834
30761
30835
30762
30836
30763
30837
30764
30838
30765
30839
30766
30840
30767
30841
30768
30842
30769
30843
30770
30844
30771
30845
30772
30846
30773
30847
30774
30848
30775
30849
30776
30850
30777
30851
30778
30852
30779
30853
30780
30854
30781
30855
30782
30856
30783
30857
30784
30858
30785
30859
30786
30860
30787
30861
30788
30862
30789
30863
30790
30864
30791
30865
30792
30866
30793
30867
30794
30868
30795
30869
30796
30870
30797
30871
30798
30872
30799
30873
30800
30874
30801
30875
30802
30876
30803
30877
30804
30878
30805
30879
30806
30880
30807
30881
30808
30882
30809
30883
30810
30884
30811
30885
30812
30886
30813
30887
30814
30888
30815
30889
30816
30890
30817
30891
30818
30892
30819
30893
30820
30894
30821
30895
30822
30896
30823
30897
30824
30898
30899
30826
30900
30827
30901
30828
30902
30829
30903
30830
30904
30831
30905
30832
30906
30833
30907
30834
30908
30835
30909
30836
30910
30837
30911
30838
30912
30839
30913
30840
30914
30841
30915
30842
30916
30843
30917
30844
30918
30845
30919
30846
30920
30847
30921
30848
30922
30849
30923
30850
30924
30851
30925
30852
30926
30853
30927
30854
30928
30855
30929
30856
30930
30857
30931
30858
30932
30859
30933
30860
30934
30861
30935
30862
30936
30863
30937
30864
30938
30865
30939
30866
30940
30867
30941
30868
30942
30869
30943
30870
30944
30871
30945
30872
30946
30873
30947
30874
30948
30875
30949
30876
30950
30877
30951
30878
30952
30879
30953
30880
30954
30881
30955
30882
30956
30883
30957
30884
30958
30885
30959
30886
30960
30887
30961
30888
30962
30889
30963
30890
30964
30891
30965
30892
30966
30893
30967
30894
30968
30895
30969
30896
30970
30897
30971
30898
30972
30899
30973
30974
30901
30975
30902
30976
30903
30977
30904
30978
30905
30979
30906
30980
30907
30981
30908
30982
30909
30983
30910
30984
30911
30985
30912
30986
30913
30987
30914
30988
30915
30989
30916
30990
30917
30991
30918
30992
30919
30993
30920
30994
30921
30995
30922
30996
30923
30997
30924
30998
30925
30999
30926
31000
30927
31001
30928
31002
30929
31003
30930
31004
30931
31005
30932
31006
30933
31007
30934
31008
30935
31009
30936
31010
30937
31011
30938
31012
30939
31013
30940
31014
30941
31015
30942
31016
30943
31017
30944
31018
30945
31019
30946
31020
30947
31021
30948
31022
30949
31023
30950
31024
30951
31025
30952
31026
30953
31027
30954
31028
30955
31029
30956
31030
30957
31031
30958
31032
30959
31033
30960
31034
30961
31035
30962
31036
30963
31037
30964
31038
30965
31039
30966
31040
30967
31041
30968
31042
30969
31043
30970
31044
30971
31045
30972
31046
30973
31047
30974
31048
31049
30976
31050
30977
31051
30978
31052
30979
31053
30980
31054
30981
31055
30982
31056
30983
31057
30984
31058
30985
31059
30986
31060
30987
31061
30988
31062
30989
31063
30990
31064
30991
31065
30992
31066
30993
31067
30994
31068
30995
31069
30996
31070
30997
31071
30998
31072
30999
31073
31000
31074
31001
31075
31002
31076
31003
31077
31004
31078
31005
31079
31006
31080
31007
31081
31008
31082
31009
31083
31010
31084
31011
31085
31012
31086
31013
31087
31014
31088
31015
31089
31016
31090
31017
31091
31018
31092
31019
31093
31020
31094
31021
31095
31022
31096
31023
31097
31024
31098
31025
31099
31026
31100
31027
31101
31028
31102
31029
31103
31030
31104
31031
31105
31032
31106
31033
31107
31034
31108
31035
31109
31036
31110
31037
31111
31038
31112
31039
31113
31040
31114
31041
31115
31042
31116
31043
31117
31044
31118
31045
31119
31046
31120
31047
31121
31048
31122
31049
31123
31124
31051
31125
31052
31126
31053
31127
31054
31128
31055
31129
31056
31130
31057
31131
31058
31132
31059
31133
31060
31134
31061
31135
31062
31136
31063
31137
31064
31138
31065
31139
31066
31140
31067
31141
31068
31142
31069
31143
31070
31144
31071
31145
31072
31146
31073
31147
31074
31148
31075
31149
31076
31150
31077
31151
31078
31152
31079
31153
31080
31154
31081
31155
31082
31156
31083
31157
31084
31158
31085
31159
31086
31160
31087
31161
31088
31162
31089
31163
31090
31164
31091
31165
31092
31166
31093
31167
31094
31168
31095
31169
31096
31170
31097
31171
31098
31172
31099
31173
31100
31174
31101
31175
31102
31176
31103
31177
31104
31178
31105
31179
31106
31180
31107
31181
31108
31182
31109
31183
31110
31184
31111
31185
31112
31186
31113
31187
31114
31188
31115
31189
31116
31190
31117
31191
31118
31192
31119
31193
31120
31194
31121
31195
31122
31196
31123
31197
31124
31198
31199
31126
31200
31127
31201
31128
31202
31129
31203
31130
31204
31131
31205
31132
31206
31133
31207
31134
31208
31135
31209
31136
31210
31137
31211
31138
31212
31139
31213
31140
31214
31141
31215
31142
31216
31143
31217
31144
31218
31145
31219
31146
31220
31147
31221
31148
31222
31149
31223
31150
31224
31151
31225
31152
31226
31153
31227
31154
31228
31155
31229
31156
31230
31157
31231
31158
31232
31159
31233
31160
31234
31161
31235
31162
31236
31163
31237
31164
31238
31165
31239
31166
31240
31167
31241
31168
31242
31169
31243
31170
31244
31171
31245
31172
31246
31173
31247
31174
31248
31175
31249
31176
31250
31177
31251
31178
31252
31179
31253
31180
31254
31181
31255
31182
31256
31183
31257
31184
31258
31185
31259
31186
31260
31187
31261
31188
31262
31189
31263
31190
31264
31191
31265
31192
31266
31193
31267
31194
31268
31195
31269
31196
31270
31197
31271
31198
31272
31199
31273
31274
31201
31275
31202
31276
31203
31277
31204
31278
31205
31279
31206
31280
31207
31281
31208
31282
31209
31283
31210
31284
31211
31285
31212
31286
31213
31287
31214
31288
31215
31289
31216
31290
31217
31291
31218
31292
31219
31293
31220
31294
31221
31295
31222
31296
31223
31297
31224
31298
31225
31299
31226
31300
31227
31301
31228
31302
31229
31303
31230
31304
31231
31305
31232
31306
31233
31307
31234
31308
31235
31309
31236
31310
31237
31311
31238
31312
31239
31313
31240
31314
31241
31315
31242
31316
31243
31317
31244
31318
31245
31319
31246
31320
31247
31321
31248
31322
31249
31323
31250
31324
31251
31325
31252
31326
31253
31327
31254
31328
31255
31329
31256
31330
31257
31331
31258
31332
31259
31333
31260
31334
31261
31335
31262
31336
31263
31337
31264
31338
31265
31339
31266
31340
31267
31341
31268
31342
31269
31343
31270
31344
31271
31345
31272
31346
31273
31347
31274
31348
31349
31276
31350
31277
31351
31278
31352
31279
31353
31280
31354
31281
31355
31282
31356
31283
31357
31284
31358
31285
31359
31286
31360
31287
31361
31288
31362
31289
31363
31290
31364
31291
31365
31292
31366
31293
31367
31294
31368
31295
31369
31296
31370
31297
31371
31298
31372
31299
31373
31300
31374
31301
31375
31302
31376
31303
31377
31304
31378
31305
31379
31306
31380
31307
31381
31308
31382
31309
31383
31310
31384
31311
31385
31312
31386
31313
31387
31314
31388
31315
31389
31316
31390
31317
31391
31318
31392
31319
31393
31320
31394
31321
31395
31322
31396
31323
31397
31324
31398
31325
31399
31326
31400
31327
31401
31328
31402
31329
31403
31330
31404
31331
31405
31332
31406
31333
31407
31334
31408
31335
31409
31336
31410
31337
31411
31338
31412
31339
31413
31340
31414
31341
31415
31342
31416
31343
31417
31344
31418
31345
31419
31346
31420
31347
31421
31348
31422
31349
31423
31424
31351
31425
31352
31426
31353
31427
31354
31428
31355
31429
31356
31430
31357
31431
31358
31432
31359
31433
31360
31434
31361
31435
31362
31436
31363
31437
31364
31438
31365
31439
31366
31440
31367
31441
31368
31442
31369
31443
31370
31444
31371
31445
31372
31446
31373
31447
31374
31448
31375
31449
31376
31450
31377
31451
31378
31452
31379
31453
31380
31454
31381
31455
31382
31456
31383
31457
31384
31458
31385
31459
31386
31460
31387
31461
31388
31462
31389
31463
31390
31464
31391
31465
31392
31466
31393
31467
31394
31468
31395
31469
31396
31470
31397
31471
31398
31472
31399
31473
31400
31474
31401
31475
31402
31476
31403
31477
31404
31478
31405
31479
31406
31480
31407
31481
31408
31482
31409
31483
31410
31484
31411
31485
31412
31486
31413
31487
31414
31488
31415
31489
31416
31490
31417
31491
31418
31492
31419
31493
31420
31494
31421
31495
31422
31496
31423
31497
31424
31498
31499
31426
31500
31427
31501
31428
31502
31429
31503
31430
31504
31431
31505
31432
31506
31433
31507
31434
31508
31435
31509
31436
31510
31437
31511
31438
31512
31439
31513
31440
31514
31441
31515
31442
31516
31443
31517
31444
31518
31445
31519
31446
31520
31447
31521
31448
31522
31449
31523
31450
31524
31451
31525
31452
31526
31453
31527
31454
31528
31455
31529
31456
31530
31457
31531
31458
31532
31459
31533
31460
31534
31461
31535
31462
31536
31463
31537
31464
31538
31465
31539
31466
31540
31467
31541
31468
31542
31469
31543
31470
31544
31471
31545
31472
31546
31473
31547
31474
31548
31475
31549
31476
31550
31477
31551
31478
31552
31479
31553
31480
31554
31481
31555
31482
31556
31483
31557
31484
31558
31485
31559
31486
31560
31487
31561
31488
31562
31489
31563
31490
31564
31491
31565
31492
31566
31493
31567
31494
31568
31495
31569
31496
31570
31497
31571
31498
31572
31499
31573
31574
31501
31575
31502
31576
31503
31577
31504
31578
31505
31579
31506
31580
31507
31581
31508
31582
31509
31583
31510
31584
31511
31585
31512
31586
31513
31587
31514
31588
31515
31589
31516
31590
31517
31591
31518
31592
31519
31593
31520
31594
31521
31595
31522
31596
31523
31597
31524
31598
31525
31599
31526
31600
31527
31601
31528
31602
31529
31603
31530
31604
31531
31605
31532
31606
31533
31607
31534
31608
31535
31609
31536
31610
31537
31611
31538
31612
31539
31613
31540
31614
31541
31615
31542
31616
31543
31617
31544
31618
31545
31619
31546
31620
31547
31621
31548
31622
31549
31623
31550
31624
31551
31625
31552
31626
31553
31627
31554
31628
31555
31629
31556
31630
31557
31631
31558
31632
31559
31633
31560
31634
31561
31635
31562
31636
31563
31637
31564
31638
31565
31639
31566
31640
31567
31641
31568
31642
31569
31643
31570
31644
31571
31645
31572
31646
31573
31647
31574
31648
31649
31576
31650
31577
31651
31578
31652
31579
31653
31580
31654
31581
31655
31582
31656
31583
31657
31584
31658
31585
31659
31586
31660
31587
31661
31588
31662
31589
31663
31590
31664
31591
31665
31592
31666
31593
31667
31594
31668
31595
31669
31596
31670
31597
31671
31598
31672
31599
31673
31600
31674
31601
31675
31602
31676
31603
31677
31604
31678
31605
31679
31606
31680
31607
31681
31608
31682
31609
31683
31610
31684
31611
31685
31612
31686
31613
31687
31614
31688
31615
31689
31616
31690
31617
31691
31618
31692
31619
31693
31620
31694
31621
31695
31622
31696
31623
31697
31624
31698
31625
31699
31626
31700
31627
31701
31628
31702
31629
31703
31630
31704
31631
31705
31632
31706
31633
31707
31634
31708
31635
31709
31636
31710
31637
31711
31638
31712
31639
31713
31640
31714
31641
31715
31642
31716
31643
31717
31644
31718
31645
31719
31646
31720
31647
31721
31648
31722
31649
31723
31724
31651
31725
31652
31726
31653
31727
31654
31728
31655
31729
31656
31730
31657
31731
31658
31732
31659
31733
31660
31734
31661
31735
31662
31736
31663
31737
31664
31738
31665
31739
31666
31740
31667
31741
31668
31742
31669
31743
31670
31744
31671
31745
31672
31746
31673
31747
31674
31748
31675
31749
31676
31750
31677
31751
31678
31752
31679
31753
31680
31754
31681
31755
31682
31756
31683
31757
31684
31758
31685
31759
31686
31760
31687
31761
31688
31762
31689
31763
31690
31764
31691
31765
31692
31766
31693
31767
31694
31768
31695
31769
31696
31770
31697
31771
31698
31772
31699
31773
31700
31774
31701
31775
31702
31776
31703
31777
31704
31778
31705
31779
31706
31780
31707
31781
31708
31782
31709
31783
31710
31784
31711
31785
31712
31786
31713
31787
31714
31788
31715
31789
31716
31790
31717
31791
31718
31792
31719
31793
31720
31794
31721
31795
31722
31796
31723
31797
31724
31798
31799
31726
31800
31727
31801
31728
31802
31729
31803
31730
31804
31731
31805
31732
31806
31733
31807
31734
31808
31735
31809
31736
31810
31737
31811
31738
31812
31739
31813
31740
31814
31741
31815
31742
31816
31743
31817
31744
31818
31745
31819
31746
31820
31747
31821
31748
31822
31749
31823
31750
31824
31751
31825
31752
31826
31753
31827
31754
31828
31755
31829
31756
31830
31757
31831
31758
31832
31759
31833
31760
31834
31761
31835
31762
31836
31763
31837
31764
31838
31765
31839
31766
31840
31767
31841
31768
31842
31769
31843
31770
31844
31771
31845
31772
31846
31773
31847
31774
31848
31775
31849
31776
31850
31777
31851
31778
31852
31779
31853
31780
31854
31781
31855
31782
31856
31783
31857
31784
31858
31785
31859
31786
31860
31787
31861
31788
31862
31789
31863
31790
31864
31791
31865
31792
31866
31793
31867
31794
31868
31795
31869
31796
31870
31797
31871
31798
31872
31799
31873
31874
31801
31875
31802
31876
31803
31877
31804
31878
31805
31879
31806
31880
31807
31881
31808
31882
31809
31883
31810
31884
31811
31885
31812
31886
31813
31887
31814
31888
31815
31889
31816
31890
31817
31891
31818
31892
31819
31893
31820
31894
31821
31895
31822
31896
31823
31897
31824
31898
31825
31899
31826
31900
31827
31901
31828
31902
31829
31903
31830
31904
31831
31905
31832
31906
31833
31907
31834
31908
31835
31909
31836
31910
31837
31911
31838
31912
31839
31913
31840
31914
31841
31915
31842
31916
31843
31917
31844
31918
31845
31919
31846
31920
31847
31921
31848
31922
31849
31923
31850
31924
31851
31925
31852
31926
31853
31927
31854
31928
31855
31929
31856
31930
31857
31931
31858
31932
31859
31933
31860
31934
31861
31935
31862
31936
31863
31937
31864
31938
31865
31939
31866
31940
31867
31941
31868
31942
31869
31943
31870
31944
31871
31945
31872
31946
31873
31947
31874
31948
31949
31876
31950
31877
31951
31878
31952
31879
31953
31880
31954
31881
31955
31882
31956
31883
31957
31884
31958
31885
31959
31886
31960
31887
31961
31888
31962
31889
31963
31890
31964
31891
31965
31892
31966
31893
31967
31894
31968
31895
31969
31896
31970
31897
31971
31898
31972
31899
31973
31900
31974
31901
31975
31902
31976
31903
31977
31904
31978
31905
31979
31906
31980
31907
31981
31908
31982
31909
31983
31910
31984
31911
31985
31912
31986
31913
31987
31914
31988
31915
31989
31916
31990
31917
31991
31918
31992
31919
31993
31920
31994
31921
31995
31922
31996
31923
31997
31924
31998
31925
31999
31926
32000
31927
32001
31928
32002
31929
32003
31930
32004
31931
32005
31932
32006
31933
32007
31934
32008
31935
32009
31936
32010
31937
32011
31938
32012
31939
32013
31940
32014
31941
32015
31942
32016
31943
32017
31944
32018
31945
32019
31946
32020
31947
32021
31948
32022
31949
32023
32024
31951
40075
31952
40076
31953
40077
31954
40078
31955
40079
31956
40080
31957
40081
31958
40082
31959
40083
31960
40084
31961
40085
31962
40086
31963
40087
31964
40088
31965
40089
31966
40090
31967
40091
31968
40092
31969
40093
31970
40094
31971
40095
31972
40096
31973
40097
31974
40098
31975
40099
31976
40100
31977
40101
31978
40102
31979
40103
31980
40104
31981
40105
31982
40106
31983
40107
31984
40108
31985
40109
31986
40110
31987
40111
31988
40112
31989
40113
31990
40114
31991
40115
31992
40116
31993
40117
31994
40118
31995
40119
31996
40120
31997
40121
31998
40122
31999
40123
32000
40124
32001
40125
32002
40126
32003
40127
32004
40128
32005
40129
32006
40130
32007
40131
32008
40132
32009
40133
32010
40134
32011
40135
32012
40136
32013
40137
32014
40138
32015
40139
32016
40140
32017
40141
32018
40142
32019
40143
32020
40144
32021
40145
32022
40146
32023
40147
32024
40148
40149
32026
32095
32027
32096
32028
32097
32029
32098
32030
32099
32031
32100
32032
32101
32033
32102
32034
32103
32035
32104
32036
32105
32037
32106
32038
32107
32039
32108
32040
32109
32041
32110
32042
32111
32043
32112
32044
32113
32045
32114
32046
32115
32047
32116
32048
32117
32049
32118
32050
32119
32051
32120
32052
32121
32053
32122
32054
32123
32055
32124
32056
32125
32057
32126
32058
32127
32059
32128
32060
32129
32061
32130
32062
32131
32063
32132
32064
32133
32065
32134
32066
32135
32067
32136
32068
32137
32069
32138
32070
32139
32071
32140
32072
32141
32073
32142
32074
32143
32075
32144
32076
32145
32077
32146
32078
32147
32079
32148
32080
32149
32081
32150
32082
32151
32083
32152
32084
32153
32085
32154
32086
32155
32087
32156
32088
32157
32089
32158
32090
32159
32091
32160
32092
32161
32093
32162
32094
32163
32164
34475
32096
32165
32097
32166
32098
32167
32099
32168
32100
32169
32101
32170
32102
32171
32103
32172
32104
32173
32105
32174
32106
32175
32107
32176
32108
32177
32109
32178
32110
32179
32111
32180
32112
32181
32113
32182
32114
32183
32115
32184
32116
32185
32117
32186
32118
32187
32119
32188
32120
32189
32121
32190
32122
32191
32123
32192
32124
32193
32125
32194
32126
32195
32127
32196
32128
32197
32129
32198
32130
32199
32131
32200
32132
32201
32133
32202
32134
32203
32135
32204
32136
32205
32137
32206
32138
32207
32139
32208
32140
32209
32141
32210
32142
32211
32143
32212
32144
32213
32145
32214
32146
32215
32147
32216
32148
32217
32149
32218
32150
32219
32151
32220
32152
32221
32153
32222
32154
32223
32155
32224
32156
32225
32157
32226
32158
32227
32159
32228
32160
32229
32161
32230
32162
32231
32163
32232
32164
32233
32234
34539
32166
32235
32167
32236
32168
32237
32169
32238
32170
32239
32171
32240
32172
32241
32173
32242
32174
32243
32175
32244
32176
32245
32177
32246
32178
32247
32179
32248
32180
32249
32181
32250
32182
32251
32183
32252
32184
32253
32185
32254
32186
32255
32187
32256
32188
32257
32189
32258
32190
32259
32191
32260
32192
32261
32193
32262
32194
32263
32195
32264
32196
32265
32197
32266
32198
32267
32199
32268
32200
32269
32201
32270
32202
32271
32203
32272
32204
32273
32205
32274
32206
32275
32207
32276
32208
32277
32209
32278
32210
32279
32211
32280
32212
32281
32213
32282
32214
32283
32215
32284
32216
32285
32217
32286
32218
32287
32219
32288
32220
32289
32221
32290
32222
32291
32223
32292
32224
32293
32225
32294
32226
32295
32227
32296
32228
32297
32229
32298
32230
32299
32231
32300
32232
32301
32233
32302
32234
32303
32304
34603
32236
32305
32237
32306
32238
32307
32239
32308
32240
32309
32241
32310
32242
32311
32243
32312
32244
32313
32245
32314
32246
32315
32247
32316
32248
32317
32249
32318
32250
32319
32251
32320
32252
32321
32253
32322
32254
32323
32255
32324
32256
32325
32257
32326
32258
32327
32259
32328
32260
32329
32261
32330
32262
32331
32263
32332
32264
32333
32265
32334
32266
32335
32267
32336
32268
32337
32269
32338
32270
32339
32271
32340
32272
32341
32273
32342
32274
32343
32275
32344
32276
32345
32277
32346
32278
32347
32279
32348
32280
32349
32281
32350
32282
32351
32283
32352
32284
32353
32285
32354
32286
32355
32287
32356
32288
32357
32289
32358
32290
32359
32291
32360
32292
32361
32293
32362
32294
32363
32295
32364
32296
32365
32297
32366
32298
32367
32299
32368
32300
32369
32301
32370
32302
32371
32303
32372
32304
32373
32374
34667
32306
32375
32307
32376
32308
32377
32309
32378
32310
32379
32311
32380
32312
32381
32313
32382
32314
32383
32315
32384
32316
32385
32317
32386
32318
32387
32319
32388
32320
32389
32321
32390
32322
32391
32323
32392
32324
32393
32325
32394
32326
32395
32327
32396
32328
32397
32329
32398
32330
32399
32331
32400
32332
32401
32333
32402
32334
32403
32335
32404
32336
32405
32337
32406
32338
32407
32339
32408
32340
32409
32341
32410
32342
32411
32343
32412
32344
32413
32345
32414
32346
32415
32347
32416
32348
32417
32349
32418
32350
32419
32351
32420
32352
32421
32353
32422
32354
32423
32355
32424
32356
32425
32357
32426
32358
32427
32359
32428
32360
32429
32361
32430
32362
32431
32363
32432
32364
32433
32365
32434
32366
32435
32367
32436
32368
32437
32369
32438
32370
32439
32371
32440
32372
32441
32373
32442
32374
32443
32444
34731
32376
32445
32377
32446
32378
32447
32379
32448
32380
32449
32381
32450
32382
32451
32383
32452
32384
32453
32385
32454
32386
32455
32387
32456
32388
32457
32389
32458
32390
32459
32391
32460
32392
32461
32393
32462
32394
32463
32395
32464
32396
32465
32397
32466
32398
32467
32399
32468
32400
32469
32401
32470
32402
32471
32403
32472
32404
32473
32405
32474
32406
32475
32407
32476
32408
32477
32409
32478
32410
32479
32411
32480
32412
32481
32413
32482
32414
32483
32415
32484
32416
32485
32417
32486
32418
32487
32419
32488
32420
32489
32421
32490
32422
32491
32423
32492
32424
32493
32425
32494
32426
32495
32427
32496
32428
32497
32429
32498
32430
32499
32431
32500
32432
32501
32433
32502
32434
32503
32435
32504
32436
32505
32437
32506
32438
32507
32439
32508
32440
32509
32441
32510
32442
32511
32443
32512
32444
32513
32514
34795
32446
32515
32447
32516
32448
32517
32449
32518
32450
32519
32451
32520
32452
32521
32453
32522
32454
32523
32455
32524
32456
32525
32457
32526
32458
32527
32459
32528
32460
32529
32461
32530
32462
32531
32463
32532
32464
32533
32465
32534
32466
32535
32467
32536
32468
32537
32469
32538
32470
32539
32471
32540
32472
32541
32473
32542
32474
32543
32475
32544
32476
32545
32477
32546
32478
32547
32479
32548
32480
32549
32481
32550
32482
32551
32483
32552
32484
32553
32485
32554
32486
32555
32487
32556
32488
32557
32489
32558
32490
32559
32491
32560
32492
32561
32493
32562
32494
32563
32495
32564
32496
32565
32497
32566
32498
32567
32499
32568
32500
32569
32501
32570
32502
32571
32503
32572
32504
32573
32505
32574
32506
32575
32507
32576
32508
32577
32509
32578
32510
32579
32511
32580
32512
32581
32513
32582
32514
32583
32584
34859
32516
32585
32517
32586
32518
32587
32519
32588
32520
32589
32521
32590
32522
32591
32523
32592
32524
32593
32525
32594
32526
32595
32527
32596
32528
32597
32529
32598
32530
32599
32531
32600
32532
32601
32533
32602
32534
32603
32535
32604
32536
32605
32537
32606
32538
32607
32539
32608
32540
32609
32541
32610
32542
32611
32543
32612
32544
32613
32545
32614
32546
32615
32547
32616
32548
32617
32549
32618
32550
32619
32551
32620
32552
32621
32553
32622
32554
32623
32555
32624
32556
32625
32557
32626
32558
32627
32559
32628
32560
32629
32561
32630
32562
32631
32563
32632
32564
32633
32565
32634
32566
32635
32567
32636
32568
32637
32569
32638
32570
32639
32571
32640
32572
32641
32573
32642
32574
32643
32575
32644
32576
32645
32577
32646
32578
32647
32579
32648
32580
32649
32581
32650
32582
32651
32583
32652
32584
32653
32654
34923
32586
32655
32587
32656
32588
32657
32589
32658
32590
32659
32591
32660
32592
32661
32593
32662
32594
32663
32595
32664
32596
32665
32597
32666
32598
32667
32599
32668
32600
32669
32601
32670
32602
32671
32603
32672
32604
32673
32605
32674
32606
32675
32607
32676
32608
32677
32609
32678
32610
32679
32611
32680
32612
32681
32613
32682
32614
32683
32615
32684
32616
32685
32617
32686
32618
32687
32619
32688
32620
32689
32621
32690
32622
32691
32623
32692
32624
32693
32625
32694
32626
32695
32627
32696
32628
32697
32629
32698
32630
32699
32631
32700
32632
32701
32633
32702
32634
32703
32635
32704
32636
32705
32637
32706
32638
32707
32639
32708
32640
32709
32641
32710
32642
32711
32643
32712
32644
32713
32645
32714
32646
32715
32647
32716
32648
32717
32649
32718
32650
32719
32651
32720
32652
32721
32653
32722
32654
32723
32724
34987
32656
32725
32657
32726
32658
32727
32659
32728
32660
32729
32661
32730
32662
32731
32663
32732
32664
32733
32665
32734
32666
32735
32667
32736
32668
32737
32669
32738
32670
32739
32671
32740
32672
32741
32673
32742
32674
32743
32675
32744
32676
32745
32677
32746
32678
32747
32679
32748
32680
32749
32681
32750
32682
32751
32683
32752
32684
32753
32685
32754
32686
32755
32687
32756
32688
32757
32689
32758
32690
32759
32691
32760
32692
32761
32693
32762
32694
32763
32695
32764
32696
32765
32697
32766
32698
32767
32699
32768
32700
32769
32701
32770
32702
32771
32703
32772
32704
32773
32705
32774
32706
32775
32707
32776
32708
32777
32709
32778
32710
32779
32711
32780
32712
32781
32713
32782
32714
32783
32715
32784
32716
32785
32717
32786
32718
32787
32719
32788
32720
32789
32721
32790
32722
32791
32723
32792
32724
32793
32794
35051
32726
32795
32727
32796
32728
32797
32729
32798
32730
32799
32731
32800
32732
32801
32733
32802
32734
32803
32735
32804
32736
32805
32737
32806
32738
32807
32739
32808
32740
32809
32741
32810
32742
32811
32743
32812
32744
32813
32745
32814
32746
32815
32747
32816
32748
32817
32749
32818
32750
32819
32751
32820
32752
32821
32753
32822
32754
32823
32755
32824
32756
32825
32757
32826
32758
32827
32759
32828
32760
32829
32761
32830
32762
32831
32763
32832
32764
32833
32765
32834
32766
32835
32767
32836
32768
32837
32769
32838
32770
32839
32771
32840
32772
32841
32773
32842
32774
32843
32775
32844
32776
32845
32777
32846
32778
32847
32779
32848
32780
32849
32781
32850
32782
32851
32783
32852
32784
32853
32785
32854
32786
32855
32787
32856
32788
32857
32789
32858
32790
32859
32791
32860
32792
32861
32793
32862
32794
32863
32864
35115
32796
32865
32797
32866
32798
32867
32799
32868
32800
32869
32801
32870
32802
32871
32803
32872
32804
32873
32805
32874
32806
32875
32807
32876
32808
32877
32809
32878
32810
32879
32811
32880
32812
32881
32813
32882
32814
32883
32815
32884
32816
32885
32817
32886
32818
32887
32819
32888
32820
32889
32821
32890
32822
32891
32823
32892
32824
32893
32825
32894
32826
32895
32827
32896
32828
32897
32829
32898
32830
32899
32831
32900
32832
32901
32833
32902
32834
32903
32835
32904
32836
32905
32837
32906
32838
32907
32839
32908
32840
32909
32841
32910
32842
32911
32843
32912
32844
32913
32845
32914
32846
32915
32847
32916
32848
32917
32849
32918
32850
32919
32851
32920
32852
32921
32853
32922
32854
32923
32855
32924
32856
32925
32857
32926
32858
32927
32859
32928
32860
32929
32861
32930
32862
32931
32863
32932
32864
32933
32934
35179
32866
32935
32867
32936
32868
32937
32869
32938
32870
32939
32871
32940
32872
32941
32873
32942
32874
32943
32875
32944
32876
32945
32877
32946
32878
32947
32879
32948
32880
32949
32881
32950
32882
32951
32883
32952
32884
32953
32885
32954
32886
32955
32887
32956
32888
32957
32889
32958
32890
32959
32891
32960
32892
32961
32893
32962
32894
32963
32895
32964
32896
32965
32897
32966
32898
32967
32899
32968
32900
32969
32901
32970
32902
32971
32903
32972
32904
32973
32905
32974
32906
32975
32907
32976
32908
32977
32909
32978
32910
32979
32911
32980
32912
32981
32913
32982
32914
32983
32915
32984
32916
32985
32917
32986
32918
32987
32919
32988
32920
32989
32921
32990
32922
32991
32923
32992
32924
32993
32925
32994
32926
32995
32927
32996
32928
32997
32929
32998
32930
32999
32931
33000
32932
33001
32933
33002
32934
33003
33004
35243
32936
33005
32937
33006
32938
33007
32939
33008
32940
33009
32941
33010
32942
33011
32943
33012
32944
33013
32945
33014
32946
33015
32947
33016
32948
33017
32949
33018
32950
33019
32951
33020
32952
33021
32953
33022
32954
33023
32955
33024
32956
33025
32957
33026
32958
33027
32959
33028
32960
33029
32961
33030
32962
33031
32963
33032
32964
33033
32965
33034
32966
33035
32967
33036
32968
33037
32969
33038
32970
33039
32971
33040
32972
33041
32973
33042
32974
33043
32975
33044
32976
33045
32977
33046
32978
33047
32979
33048
32980
33049
32981
33050
32982
33051
32983
33052
32984
33053
32985
33054
32986
33055
32987
33056
32988
33057
32989
33058
32990
33059
32991
33060
32992
33061
32993
33062
32994
33063
32995
33064
32996
33065
32997
33066
32998
33067
32999
33068
33000
33069
33001
33070
33002
33071
33003
33072
33004
33073
33074
35307
33006
33075
33007
33076
33008
33077
33009
33078
33010
33079
33011
33080
33012
33081
33013
33082
33014
33083
33015
33084
33016
33085
33017
33086
33018
33087
33019
33088
33020
33089
33021
33090
33022
33091
33023
33092
33024
33093
33025
33094
33026
33095
33027
33096
33028
33097
33029
33098
33030
33099
33031
33100
33032
33101
33033
33102
33034
33103
33035
33104
33036
33105
33037
33106
33038
33107
33039
33108
33040
33109
33041
33110
33042
33111
33043
33112
33044
33113
33045
33114
33046
33115
33047
33116
33048
33117
33049
33118
33050
33119
33051
33120
33052
33121
33053
33122
33054
33123
33055
33124
33056
33125
33057
33126
33058
33127
33059
33128
33060
33129
33061
33130
33062
33131
33063
33132
33064
33133
33065
33134
33066
33135
33067
33136
33068
33137
33069
33138
33070
33139
33071
33140
33072
33141
33073
33142
33074
33143
33144
35371
33076
33145
33077
33146
33078
33147
33079
33148
33080
33149
33081
33150
33082
33151
33083
33152
33084
33153
33085
33154
33086
33155
33087
33156
33088
33157
33089
33158
33090
33159
33091
33160
33092
33161
33093
33162
33094
33163
33095
33164
33096
33165
33097
33166
33098
33167
33099
33168
33100
33169
33101
33170
33102
33171
33103
33172
33104
33173
33105
33174
33106
33175
33107
33176
33108
33177
33109
33178
33110
33179
33111
33180
33112
33181
33113
33182
33114
33183
33115
33184
33116
33185
33117
33186
33118
33187
33119
33188
33120
33189
33121
33190
33122
33191
33123
33192
33124
33193
33125
33194
33126
33195
33127
33196
33128
33197
33129
33198
33130
33199
33131
33200
33132
33201
33133
33202
33134
33203
33135
33204
33136
33205
33137
33206
33138
33207
33139
33208
33140
33209
33141
33210
33142
33211
33143
33212
33144
33213
33214
35435
33146
33215
33147
33216
33148
33217
33149
33218
33150
33219
33151
33220
33152
33221
33153
33222
33154
33223
33155
33224
33156
33225
33157
33226
33158
33227
33159
33228
33160
33229
33161
33230
33162
33231
33163
33232
33164
33233
33165
33234
33166
33235
33167
33236
33168
33237
33169
33238
33170
33239
33171
33240
33172
33241
33173
33242
33174
33243
33175
33244
33176
33245
33177
33246
33178
33247
33179
33248
33180
33249
33181
33250
33182
33251
33183
33252
33184
33253
33185
33254
33186
33255
33187
33256
33188
33257
33189
33258
33190
33259
33191
33260
33192
33261
33193
33262
33194
33263
33195
33264
33196
33265
33197
33266
33198
33267
33199
33268
33200
33269
33201
33270
33202
33271
33203
33272
33204
33273
33205
33274
33206
33275
33207
33276
33208
33277
33209
33278
33210
33279
33211
33280
33212
33281
33213
33282
33214
33283
33284
35499
33216
33285
33217
33286
33218
33287
33219
33288
33220
33289
33221
33290
33222
33291
33223
33292
33224
33293
33225
33294
33226
33295
33227
33296
33228
33297
33229
33298
33230
33299
33231
33300
33232
33301
33233
33302
33234
33303
33235
33304
33236
33305
33237
33306
33238
33307
33239
33308
33240
33309
33241
33310
33242
33311
33243
33312
33244
33313
33245
33314
33246
33315
33247
33316
33248
33317
33249
33318
33250
33319
33251
33320
33252
33321
33253
33322
33254
33323
33255
33324
33256
33325
33257
33326
33258
33327
33259
33328
33260
33329
33261
33330
33262
33331
33263
33332
33264
33333
33265
33334
33266
33335
33267
33336
33268
33337
33269
33338
33270
33339
33271
33340
33272
33341
33273
33342
33274
33343
33275
33344
33276
33345
33277
33346
33278
33347
33279
33348
33280
33349
33281
33350
33282
33351
33283
33352
33284
33353
33354
35563
33286
33355
33287
33356
33288
33357
33289
33358
33290
33359
33291
33360
33292
33361
33293
33362
33294
33363
33295
33364
33296
33365
33297
33366
33298
33367
33299
33368
33300
33369
33301
33370
33302
33371
33303
33372
33304
33373
33305
33374
33306
33375
33307
33376
33308
33377
33309
33378
33310
33379
33311
33380
33312
33381
33313
33382
33314
33383
33315
33384
33316
33385
33317
33386
33318
33387
33319
33388
33320
33389
33321
33390
33322
33391
33323
33392
33324
33393
33325
33394
33326
33395
33327
33396
33328
33397
33329
33398
33330
33399
33331
33400
33332
33401
33333
33402
33334
33403
33335
33404
33336
33405
33337
33406
33338
33407
33339
33408
33340
33409
33341
33410
33342
33411
33343
33412
33344
33413
33345
33414
33346
33415
33347
33416
33348
33417
33349
33418
33350
33419
33351
33420
33352
33421
33353
33422
33354
33423
33424
35627
33356
33425
33357
33426
33358
33427
33359
33428
33360
33429
33361
33430
33362
33431
33363
33432
33364
33433
33365
33434
33366
33435
33367
33436
33368
33437
33369
33438
33370
33439
33371
33440
33372
33441
33373
33442
33374
33443
33375
33444
33376
33445
33377
33446
33378
33447
33379
33448
33380
33449
33381
33450
33382
33451
33383
33452
33384
33453
33385
33454
33386
33455
33387
33456
33388
33457
33389
33458
33390
33459
33391
33460
33392
33461
33393
33462
33394
33463
33395
33464
33396
33465
33397
33466
33398
33467
33399
33468
33400
33469
33401
33470
33402
33471
33403
33472
33404
33473
33405
33474
33406
33475
33407
33476
33408
33477
33409
33478
33410
33479
33411
33480
33412
33481
33413
33482
33414
33483
33415
33484
33416
33485
33417
33486
33418
33487
33419
33488
33420
33489
33421
33490
33422
33491
33423
33492
33424
33493
33494
35691
33426
33495
33427
33496
33428
33497
33429
33498
33430
33499
33431
33500
33432
33501
33433
33502
33434
33503
33435
33504
33436
33505
33437
33506
33438
33507
33439
33508
33440
33509
33441
33510
33442
33511
33443
33512
33444
33513
33445
33514
33446
33515
33447
33516
33448
33517
33449
33518
33450
33519
33451
33520
33452
33521
33453
33522
33454
33523
33455
33524
33456
33525
33457
33526
33458
33527
33459
33528
33460
33529
33461
33530
33462
33531
33463
33532
33464
33533
33465
33534
33466
33535
33467
33536
33468
33537
33469
33538
33470
33539
33471
33540
33472
33541
33473
33542
33474
33543
33475
33544
33476
33545
33477
33546
33478
33547
33479
33548
33480
33549
33481
33550
33482
33551
33483
33552
33484
33553
33485
33554
33486
33555
33487
33556
33488
33557
33489
33558
33490
33559
33491
33560
33492
33561
33493
33562
33494
33563
33564
35755
33496
33565
33497
33566
33498
33567
33499
33568
33500
33569
33501
33570
33502
33571
33503
33572
33504
33573
33505
33574
33506
33575
33507
33576
33508
33577
33509
33578
33510
33579
33511
33580
33512
33581
33513
33582
33514
33583
33515
33584
33516
33585
33517
33586
33518
33587
33519
33588
33520
33589
33521
33590
33522
33591
33523
33592
33524
33593
33525
33594
33526
33595
33527
33596
33528
33597
33529
33598
33530
33599
33531
33600
33532
33601
33533
33602
33534
33603
33535
33604
33536
33605
33537
33606
33538
33607
33539
33608
33540
33609
33541
33610
33542
33611
33543
33612
33544
33613
33545
33614
33546
33615
33547
33616
33548
33617
33549
33618
33550
33619
33551
33620
33552
33621
33553
33622
33554
33623
33555
33624
33556
33625
33557
33626
33558
33627
33559
33628
33560
33629
33561
33630
33562
33631
33563
33632
33564
33633
33634
35819
33566
33635
33567
33636
33568
33637
33569
33638
33570
33639
33571
33640
33572
33641
33573
33642
33574
33643
33575
33644
33576
33645
33577
33646
33578
33647
33579
33648
33580
33649
33581
33650
33582
33651
33583
33652
33584
33653
33585
33654
33586
33655
33587
33656
33588
33657
33589
33658
33590
33659
33591
33660
33592
33661
33593
33662
33594
33663
33595
33664
33596
33665
33597
33666
33598
33667
33599
33668
33600
33669
33601
33670
33602
33671
33603
33672
33604
33673
33605
33674
33606
33675
33607
33676
33608
33677
33609
33678
33610
33679
33611
33680
33612
33681
33613
33682
33614
33683
33615
33684
33616
33685
33617
33686
33618
33687
33619
33688
33620
33689
33621
33690
33622
33691
33623
33692
33624
33693
33625
33694
33626
33695
33627
33696
33628
33697
33629
33698
33630
33699
33631
33700
33632
33701
33633
33702
33634
33703
33704
35883
33636
33705
33637
33706
33638
33707
33639
33708
33640
33709
33641
33710
33642
33711
33643
33712
33644
33713
33645
33714
33646
33715
33647
33716
33648
33717
33649
33718
33650
33719
33651
33720
33652
33721
33653
33722
33654
33723
33655
33724
33656
33725
33657
33726
33658
33727
33659
33728
33660
33729
33661
33730
33662
33731
33663
33732
33664
33733
33665
33734
33666
33735
33667
33736
33668
33737
33669
33738
33670
33739
33671
33740
33672
33741
33673
33742
33674
33743
33675
33744
33676
33745
33677
33746
33678
33747
33679
33748
33680
33749
33681
33750
33682
33751
33683
33752
33684
33753
33685
33754
33686
33755
33687
33756
33688
33757
33689
33758
33690
33759
33691
33760
33692
33761
33693
33762
33694
33763
33695
33764
33696
33765
33697
33766
33698
33767
33699
33768
33700
33769
33701
33770
33702
33771
33703
33772
33704
33773
33774
35947
33706
33775
33707
33776
33708
33777
33709
33778
33710
33779
33711
33780
33712
33781
33713
33782
33714
33783
33715
33784
33716
33785
33717
33786
33718
33787
33719
33788
33720
33789
33721
33790
33722
33791
33723
33792
33724
33793
33725
33794
33726
33795
33727
33796
33728
33797
33729
33798
33730
33799
33731
33800
33732
33801
33733
33802
33734
33803
33735
33804
33736
33805
33737
33806
33738
33807
33739
33808
33740
33809
33741
33810
33742
33811
33743
33812
33744
33813
33745
33814
33746
33815
33747
33816
33748
33817
33749
33818
33750
33819
33751
33820
33752
33821
33753
33822
33754
33823
33755
33824
33756
33825
33757
33826
33758
33827
33759
33828
33760
33829
33761
33830
33762
33831
33763
33832
33764
33833
33765
33834
33766
33835
33767
33836
33768
33837
33769
33838
33770
33839
33771
33840
33772
33841
33773
33842
33774
33843
33844
36011
33776
33845
33777
33846
33778
33847
33779
33848
33780
33849
33781
33850
33782
33851
33783
33852
33784
33853
33785
33854
33786
33855
33787
33856
33788
33857
33789
33858
33790
33859
33791
33860
33792
33861
33793
33862
33794
33863
33795
33864
33796
33865
33797
33866
33798
33867
33799
33868
33800
33869
33801
33870
33802
33871
33803
33872
33804
33873
33805
33874
33806
33875
33807
33876
33808
33877
33809
33878
33810
33879
33811
33880
33812
33881
33813
33882
33814
33883
33815
33884
33816
33885
33817
33886
33818
33887
33819
33888
33820
33889
33821
33890
33822
33891
33823
33892
33824
33893
33825
33894
33826
33895
33827
33896
33828
33897
33829
33898
33830
33899
33831
33900
33832
33901
33833
33902
33834
33903
33835
33904
33836
33905
33837
33906
33838
33907
33839
33908
33840
33909
33841
33910
33842
33911
33843
33912
33844
33913
33914
36075
33846
33915
33847
33916
33848
33917
33849
33918
33850
33919
33851
33920
33852
33921
33853
33922
33854
33923
33855
33924
33856
33925
33857
33926
33858
33927
33859
33928
33860
33929
33861
33930
33862
33931
33863
33932
33864
33933
33865
33934
33866
33935
33867
33936
33868
33937
33869
33938
33870
33939
33871
33940
33872
33941
33873
33942
33874
33943
33875
33944
33876
33945
33877
33946
33878
33947
33879
33948
33880
33949
33881
33950
33882
33951
33883
33952
33884
33953
33885
33954
33886
33955
33887
33956
33888
33957
33889
33958
33890
33959
33891
33960
33892
33961
33893
33962
33894
33963
33895
33964
33896
33965
33897
33966
33898
33967
33899
33968
33900
33969
33901
33970
33902
33971
33903
33972
33904
33973
33905
33974
33906
33975
33907
33976
33908
33977
33909
33978
33910
33979
33911
33980
33912
33981
33913
33982
33914
33983
33984
36139
33916
33985
33917
33986
33918
33987
33919
33988
33920
33989
33921
33990
33922
33991
33923
33992
33924
33993
33925
33994
33926
33995
33927
33996
33928
33997
33929
33998
33930
33999
33931
34000
33932
34001
33933
34002
33934
34003
33935
34004
33936
34005
33937
34006
33938
34007
33939
34008
33940
34009
33941
34010
33942
34011
33943
34012
33944
34013
33945
34014
33946
34015
33947
34016
33948
34017
33949
34018
33950
34019
33951
34020
33952
34021
33953
34022
33954
34023
33955
34024
33956
34025
33957
34026
33958
34027
33959
34028
33960
34029
33961
34030
33962
34031
33963
34032
33964
34033
33965
34034
33966
34035
33967
34036
33968
34037
33969
34038
33970
34039
33971
34040
33972
34041
33973
34042
33974
34043
33975
34044
33976
34045
33977
34046
33978
34047
33979
34048
33980
34049
33981
34050
33982
34051
33983
34052
33984
34053
34054
36203
33986
34055
33987
34056
33988
34057
33989
34058
33990
34059
33991
34060
33992
34061
33993
34062
33994
34063
33995
34064
33996
34065
33997
34066
33998
34067
33999
34068
34000
34069
34001
34070
34002
34071
34003
34072
34004
34073
34005
34074
34006
34075
34007
34076
34008
34077
34009
34078
34010
34079
34011
34080
34012
34081
34013
34082
34014
34083
34015
34084
34016
34085
34017
34086
34018
34087
34019
34088
34020
34089
34021
34090
34022
34091
34023
34092
34024
34093
34025
34094
34026
34095
34027
34096
34028
34097
34029
34098
34030
34099
34031
34100
34032
34101
34033
34102
34034
34103
34035
34104
34036
34105
34037
34106
34038
34107
34039
34108
34040
34109
34041
34110
34042
34111
34043
34112
34044
34113
34045
34114
34046
34115
34047
34116
34048
34117
34049
34118
34050
34119
34051
34120
34052
34121
34053
34122
34054
34123
34124
36267
34056
34125
34057
34126
34058
34127
34059
34128
34060
34129
34061
34130
34062
34131
34063
34132
34064
34133
34065
34134
34066
34135
34067
34136
34068
34137
34069
34138
34070
34139
34071
34140
34072
34141
34073
34142
34074
34143
34075
34144
34076
34145
34077
34146
34078
34147
34079
34148
34080
34149
34081
34150
34082
34151
34083
34152
34084
34153
34085
34154
34086
34155
34087
34156
34088
34157
34089
34158
34090
34159
34091
34160
34092
34161
34093
34162
34094
34163
34095
34164
34096
34165
34097
34166
34098
34167
34099
34168
34100
34169
34101
34170
34102
34171
34103
34172
34104
34173
34105
34174
34106
34175
34107
34176
34108
34177
34109
34178
34110
34179
34111
34180
34112
34181
34113
34182
34114
34183
34115
34184
34116
34185
34117
34186
34118
34187
34119
34188
34120
34189
34121
34190
34122
34191
34123
34192
34124
34193
34194
36331
34126
34195
34127
34196
34128
34197
34129
34198
34130
34199
34131
34200
34132
34201
34133
34202
34134
34203
34135
34204
34136
34205
34137
34206
34138
34207
34139
34208
34140
34209
34141
34210
34142
34211
34143
34212
34144
34213
34145
34214
34146
34215
34147
34216
34148
34217
34149
34218
34150
34219
34151
34220
34152
34221
34153
34222
34154
34223
34155
34224
34156
34225
34157
34226
34158
34227
34159
34228
34160
34229
34161
34230
34162
34231
34163
34232
34164
34233
34165
34234
34166
34235
34167
34236
34168
34237
34169
34238
34170
34239
34171
34240
34172
34241
34173
34242
34174
34243
34175
34244
34176
34245
34177
34246
34178
34247
34179
34248
34180
34249
34181
34250
34182
34251
34183
34252
34184
34253
34185
34254
34186
34255
34187
34256
34188
34257
34189
34258
34190
34259
34191
34260
34192
34261
34193
34262
34194
34263
34264
36395
34196
34265
34197
34266
34198
34267
34199
34268
34200
34269
34201
34270
34202
34271
34203
34272
34204
34273
34205
34274
34206
34275
34207
34276
34208
34277
34209
34278
34210
34279
34211
34280
34212
34281
34213
34282
34214
34283
34215
34284
34216
34285
34217
34286
34218
34287
34219
34288
34220
34289
34221
34290
34222
34291
34223
34292
34224
34293
34225
34294
34226
34295
34227
34296
34228
34297
34229
34298
34230
34299
34231
34300
34232
34301
34233
34302
34234
34303
34235
34304
34236
34305
34237
34306
34238
34307
34239
34308
34240
34309
34241
34310
34242
34311
34243
34312
34244
34313
34245
34314
34246
34315
34247
34316
34248
34317
34249
34318
34250
34319
34251
34320
34252
34321
34253
34322
34254
34323
34255
34324
34256
34325
34257
34326
34258
34327
34259
34328
34260
34329
34261
34330
34262
34331
34263
34332
34264
34333
34334
36459
34266
34335
34267
34336
34268
34337
34269
34338
34270
34339
34271
34340
34272
34341
34273
34342
34274
34343
34275
34344
34276
34345
34277
34346
34278
34347
34279
34348
34280
34349
34281
34350
34282
34351
34283
34352
34284
34353
34285
34354
34286
34355
34287
34356
34288
34357
34289
34358
34290
34359
34291
34360
34292
34361
34293
34362
34294
34363
34295
34364
34296
34365
34297
34366
34298
34367
34299
34368
34300
34369
34301
34370
34302
34371
34303
34372
34304
34373
34305
34374
34306
34375
34307
34376
34308
34377
34309
34378
34310
34379
34311
34380
34312
34381
34313
34382
34314
34383
34315
34384
34316
34385
34317
34386
34318
34387
34319
34388
34320
34389
34321
34390
34322
34391
34323
34392
34324
34393
34325
34394
34326
34395
34327
34396
34328
34397
34329
34398
34330
34399
34331
34400
34332
34401
34333
34402
34334
34403
34404
36523
34336
34405
34337
34406
34338
34407
34339
34408
34340
34409
34341
34410
34342
34411
34343
34412
34344
34413
34345
34414
34346
34415
34347
34416
34348
34417
34349
34418
34350
34419
34351
34420
34352
34421
34353
34422
34354
34423
34355
34424
34356
34425
34357
34426
34358
34427
34359
34428
34360
34429
34361
34430
34362
34431
34363
34432
34364
34433
34365
34434
34366
34435
34367
34436
34368
34437
34369
34438
34370
34439
34371
34440
34372
34441
34373
34442
34374
34443
34375
34444
34376
34445
34377
34446
34378
34447
34379
34448
34380
34449
34381
34450
34382
34451
34383
34452
34384
34453
34385
34454
34386
34455
34387
34456
34388
34457
34389
34458
34390
34459
34391
34460
34392
34461
34393
34462
34394
34463
34395
34464
34396
34465
34397
34466
34398
34467
34399
34468
34400
34469
34401
34470
34402
34471
34403
34472
34404
34473
34474
36587
34406
34407
34408
34409
34410
34411
34412
34413
34414
34415
34416
34417
34418
34419
34420
34421
34422
34423
34424
34425
34426
34427
34428
34429
34430
34431
34432
34433
34434
34435
34436
34437
34438
34439
34440
34441
34442
34443
34444
34445
34446
34447
34448
34449
34450
34451
34452
34453
34454
34455
34456
34457
34458
34459
34460
34461
34462
34463
34464
34465
34466
34467
34468
34469
34470
34471
34472
34473
34474
36651
34476
34539
34477
34540
34478
34541
34479
34542
34480
34543
34481
34544
34482
34545
34483
34546
34484
34547
34485
34548
34486
34549
34487
34550
34488
34551
34489
34552
34490
34553
34491
34554
34492
34555
34493
34556
34494
34557
34495
34558
34496
34559
34497
34560
34498
34561
34499
34562
34500
34563
34501
34564
34502
34565
34503
34566
34504
34567
34505
34568
34506
34569
34507
34570
34508
34571
34509
34572
34510
34573
34511
34574
34512
34575
34513
34576
34514
34577
34515
34578
34516
34579
34517
34580
34518
34581
34519
34582
34520
34583
34521
34584
34522
34585
34523
34586
34524
34587
34525
34588
34526
34589
34527
34590
34528
34591
34529
34592
34530
34593
34531
34594
34532
34595
34533
34596
34534
34597
34535
34598
34536
34599
34537
34600
34538
34601
34602
36715
34540
34603
34541
34604
34542
34605
34543
34606
34544
34607
34545
34608
34546
34609
34547
34610
34548
34611
34549
34612
34550
34613
34551
34614
34552
34615
34553
34616
34554
34617
34555
34618
34556
34619
34557
34620
34558
34621
34559
34622
34560
34623
34561
34624
34562
34625
34563
34626
34564
34627
34565
34628
34566
34629
34567
34630
34568
34631
34569
34632
34570
34633
34571
34634
34572
34635
34573
34636
34574
34637
34575
34638
34576
34639
34577
34640
34578
34641
34579
34642
34580
34643
34581
34644
34582
34645
34583
34646
34584
34647
34585
34648
34586
34649
34587
34650
34588
34651
34589
34652
34590
34653
34591
34654
34592
34655
34593
34656
34594
34657
34595
34658
34596
34659
34597
34660
34598
34661
34599
34662
34600
34663
34601
34664
34602
34665
34666
36739
34604
34667
34605
34668
34606
34669
34607
34670
34608
34671
34609
34672
34610
34673
34611
34674
34612
34675
34613
34676
34614
34677
34615
34678
34616
34679
34617
34680
34618
34681
34619
34682
34620
34683
34621
34684
34622
34685
34623
34686
34624
34687
34625
34688
34626
34689
34627
34690
34628
34691
34629
34692
34630
34693
34631
34694
34632
34695
34633
34696
34634
34697
34635
34698
34636
34699
34637
34700
34638
34701
34639
34702
34640
34703
34641
34704
34642
34705
34643
34706
34644
34707
34645
34708
34646
34709
34647
34710
34648
34711
34649
34712
34650
34713
34651
34714
34652
34715
34653
34716
34654
34717
34655
34718
34656
34719
34657
34720
34658
34721
34659
34722
34660
34723
34661
34724
34662
34725
34663
34726
34664
34727
34665
34728
34666
34729
34730
36763
34668
34731
34669
34732
34670
34733
34671
34734
34672
34735
34673
34736
34674
34737
34675
34738
34676
34739
34677
34740
34678
34741
34679
34742
34680
34743
34681
34744
34682
34745
34683
34746
34684
34747
34685
34748
34686
34749
34687
34750
34688
34751
34689
34752
34690
34753
34691
34754
34692
34755
34693
34756
34694
34757
34695
34758
34696
34759
34697
34760
34698
34761
34699
34762
34700
34763
34701
34764
34702
34765
34703
34766
34704
34767
34705
34768
34706
34769
34707
34770
34708
34771
34709
34772
34710
34773
34711
34774
34712
34775
34713
34776
34714
34777
34715
34778
34716
34779
34717
34780
34718
34781
34719
34782
34720
34783
34721
34784
34722
34785
34723
34786
34724
34787
34725
34788
34726
34789
34727
34790
34728
34791
34729
34792
34730
34793
34794
36787
34732
34795
34733
34796
34734
34797
34735
34798
34736
34799
34737
34800
34738
34801
34739
34802
34740
34803
34741
34804
34742
34805
34743
34806
34744
34807
34745
34808
34746
34809
34747
34810
34748
34811
34749
34812
34750
34813
34751
34814
34752
34815
34753
34816
34754
34817
34755
34818
34756
34819
34757
34820
34758
34821
34759
34822
34760
34823
34761
34824
34762
34825
34763
34826
34764
34827
34765
34828
34766
34829
34767
34830
34768
34831
34769
34832
34770
34833
34771
34834
34772
34835
34773
34836
34774
34837
34775
34838
34776
34839
34777
34840
34778
34841
34779
34842
34780
34843
34781
34844
34782
34845
34783
34846
34784
34847
34785
34848
34786
34849
34787
34850
34788
34851
34789
34852
34790
34853
34791
34854
34792
34855
34793
34856
34794
34857
34858
36811
34796
34859
34797
34860
34798
34861
34799
34862
34800
34863
34801
34864
34802
34865
34803
34866
34804
34867
34805
34868
34806
34869
34807
34870
34808
34871
34809
34872
34810
34873
34811
34874
34812
34875
34813
34876
34814
34877
34815
34878
34816
34879
34817
34880
34818
34881
34819
34882
34820
34883
34821
34884
34822
34885
34823
34886
34824
34887
34825
34888
34826
34889
34827
34890
34828
34891
34829
34892
34830
34893
34831
34894
34832
34895
34833
34896
34834
34897
34835
34898
34836
34899
34837
34900
34838
34901
34839
34902
34840
34903
34841
34904
34842
34905
34843
34906
34844
34907
34845
34908
34846
34909
34847
34910
34848
34911
34849
34912
34850
34913
34851
34914
34852
34915
34853
34916
34854
34917
34855
34918
34856
34919
34857
34920
34858
34921
34922
36835
34860
34923
34861
34924
34862
34925
34863
34926
34864
34927
34865
34928
34866
34929
34867
34930
34868
34931
34869
34932
34870
34933
34871
34934
34872
34935
34873
34936
34874
34937
34875
34938
34876
34939
34877
34940
34878
34941
34879
34942
34880
34943
34881
34944
34882
34945
34883
34946
34884
34947
34885
34948
34886
34949
34887
34950
34888
34951
34889
34952
34890
34953
34891
34954
34892
34955
34893
34956
34894
34957
34895
34958
34896
34959
34897
34960
34898
34961
34899
34962
34900
34963
34901
34964
34902
34965
34903
34966
34904
34967
34905
34968
34906
34969
34907
34970
34908
34971
34909
34972
34910
34973
34911
34974
34912
34975
34913
34976
34914
34977
34915
34978
34916
34979
34917
34980
34918
34981
34919
34982
34920
34983
34921
34984
34922
34985
34986
36859
34924
34987
34925
34988
34926
34989
34927
34990
34928
34991
34929
34992
34930
34993
34931
34994
34932
34995
34933
34996
34934
34997
34935
34998
34936
34999
34937
35000
34938
35001
34939
35002
34940
35003
34941
35004
34942
35005
34943
35006
34944
35007
34945
35008
34946
35009
34947
35010
34948
35011
34949
35012
34950
35013
34951
35014
34952
35015
34953
35016
34954
35017
34955
35018
34956
35019
34957
35020
34958
35021
34959
35022
34960
35023
34961
35024
34962
35025
34963
35026
34964
35027
34965
35028
34966
35029
34967
35030
34968
35031
34969
35032
34970
35033
34971
35034
34972
35035
34973
35036
34974
35037
34975
35038
34976
35039
34977
35040
34978
35041
34979
35042
34980
35043
34981
35044
34982
35045
34983
35046
34984
35047
34985
35048
34986
35049
35050
36883
34988
35051
34989
35052
34990
35053
34991
35054
34992
35055
34993
35056
34994
35057
34995
35058
34996
35059
34997
35060
34998
35061
34999
35062
35000
35063
35001
35064
35002
35065
35003
35066
35004
35067
35005
35068
35006
35069
35007
35070
35008
35071
35009
35072
35010
35073
35011
35074
35012
35075
35013
35076
35014
35077
35015
35078
35016
35079
35017
35080
35018
35081
35019
35082
35020
35083
35021
35084
35022
35085
35023
35086
35024
35087
35025
35088
35026
35089
35027
35090
35028
35091
35029
35092
35030
35093
35031
35094
35032
35095
35033
35096
35034
35097
35035
35098
35036
35099
35037
35100
35038
35101
35039
35102
35040
35103
35041
35104
35042
35105
35043
35106
35044
35107
35045
35108
35046
35109
35047
35110
35048
35111
35049
35112
35050
35113
35114
36907
35052
35115
35053
35116
35054
35117
35055
35118
35056
35119
35057
35120
35058
35121
35059
35122
35060
35123
35061
35124
35062
35125
35063
35126
35064
35127
35065
35128
35066
35129
35067
35130
35068
35131
35069
35132
35070
35133
35071
35134
35072
35135
35073
35136
35074
35137
35075
35138
35076
35139
35077
35140
35078
35141
35079
35142
35080
35143
35081
35144
35082
35145
35083
35146
35084
35147
35085
35148
35086
35149
35087
35150
35088
35151
35089
35152
35090
35153
35091
35154
35092
35155
35093
35156
35094
35157
35095
35158
35096
35159
35097
35160
35098
35161
35099
35162
35100
35163
35101
35164
35102
35165
35103
35166
35104
35167
35105
35168
35106
35169
35107
35170
35108
35171
35109
35172
35110
35173
35111
35174
35112
35175
35113
35176
35114
35177
35178
36931
35116
35179
35117
35180
35118
35181
35119
35182
35120
35183
35121
35184
35122
35185
35123
35186
35124
35187
35125
35188
35126
35189
35127
35190
35128
35191
35129
35192
35130
35193
35131
35194
35132
35195
35133
35196
35134
35197
35135
35198
35136
35199
35137
35200
35138
35201
35139
35202
35140
35203
35141
35204
35142
35205
35143
35206
35144
35207
35145
35208
35146
35209
35147
35210
35148
35211
35149
35212
35150
35213
35151
35214
35152
35215
35153
35216
35154
35217
35155
35218
35156
35219
35157
35220
35158
35221
35159
35222
35160
35223
35161
35224
35162
35225
35163
35226
35164
35227
35165
35228
35166
35229
35167
35230
35168
35231
35169
35232
35170
35233
35171
35234
35172
35235
35173
35236
35174
35237
35175
35238
35176
35239
35177
35240
35178
35241
35242
36955
35180
35243
35181
35244
35182
35245
35183
35246
35184
35247
35185
35248
35186
35249
35187
35250
35188
35251
35189
35252
35190
35253
35191
35254
35192
35255
35193
35256
35194
35257
35195
35258
35196
35259
35197
35260
35198
35261
35199
35262
35200
35263
35201
35264
35202
35265
35203
35266
35204
35267
35205
35268
35206
35269
35207
35270
35208
35271
35209
35272
35210
35273
35211
35274
35212
35275
35213
35276
35214
35277
35215
35278
35216
35279
35217
35280
35218
35281
35219
35282
35220
35283
35221
35284
35222
35285
35223
35286
35224
35287
35225
35288
35226
35289
35227
35290
35228
35291
35229
35292
35230
35293
35231
35294
35232
35295
35233
35296
35234
35297
35235
35298
35236
35299
35237
35300
35238
35301
35239
35302
35240
35303
35241
35304
35242
35305
35306
36979
35244
35307
35245
35308
35246
35309
35247
35310
35248
35311
35249
35312
35250
35313
35251
35314
35252
35315
35253
35316
35254
35317
35255
35318
35256
35319
35257
35320
35258
35321
35259
35322
35260
35323
35261
35324
35262
35325
35263
35326
35264
35327
35265
35328
35266
35329
35267
35330
35268
35331
35269
35332
35270
35333
35271
35334
35272
35335
35273
35336
35274
35337
35275
35338
35276
35339
35277
35340
35278
35341
35279
35342
35280
35343
35281
35344
35282
35345
35283
35346
35284
35347
35285
35348
35286
35349
35287
35350
35288
35351
35289
35352
35290
35353
35291
35354
35292
35355
35293
35356
35294
35357
35295
35358
35296
35359
35297
35360
35298
35361
35299
35362
35300
35363
35301
35364
35302
35365
35303
35366
35304
35367
35305
35368
35306
35369
35370
37003
35308
35371
35309
35372
35310
35373
35311
35374
35312
35375
35313
35376
35314
35377
35315
35378
35316
35379
35317
35380
35318
35381
35319
35382
35320
35383
35321
35384
35322
35385
35323
35386
35324
35387
35325
35388
35326
35389
35327
35390
35328
35391
35329
35392
35330
35393
35331
35394
35332
35395
35333
35396
35334
35397
35335
35398
35336
35399
35337
35400
35338
35401
35339
35402
35340
35403
35341
35404
35342
35405
35343
35406
35344
35407
35345
35408
35346
35409
35347
35410
35348
35411
35349
35412
35350
35413
35351
35414
35352
35415
35353
35416
35354
35417
35355
35418
35356
35419
35357
35420
35358
35421
35359
35422
35360
35423
35361
35424
35362
35425
35363
35426
35364
35427
35365
35428
35366
35429
35367
35430
35368
35431
35369
35432
35370
35433
35434
37027
35372
35435
35373
35436
35374
35437
35375
35438
35376
35439
35377
35440
35378
35441
35379
35442
35380
35443
35381
35444
35382
35445
35383
35446
35384
35447
35385
35448
35386
35449
35387
35450
35388
35451
35389
35452
35390
35453
35391
35454
35392
35455
35393
35456
35394
35457
35395
35458
35396
35459
35397
35460
35398
35461
35399
35462
35400
35463
35401
35464
35402
35465
35403
35466
35404
35467
35405
35468
35406
35469
35407
35470
35408
35471
35409
35472
35410
35473
35411
35474
35412
35475
35413
35476
35414
35477
35415
35478
35416
35479
35417
35480
35418
35481
35419
35482
35420
35483
35421
35484
35422
35485
35423
35486
35424
35487
35425
35488
35426
35489
35427
35490
35428
35491
35429
35492
35430
35493
35431
35494
35432
35495
35433
35496
35434
35497
35498
37051
35436
35499
35437
35500
35438
35501
35439
35502
35440
35503
35441
35504
35442
35505
35443
35506
35444
35507
35445
35508
35446
35509
35447
35510
35448
35511
35449
35512
35450
35513
35451
35514
35452
35515
35453
35516
35454
35517
35455
35518
35456
35519
35457
35520
35458
35521
35459
35522
35460
35523
35461
35524
35462
35525
35463
35526
35464
35527
35465
35528
35466
35529
35467
35530
35468
35531
35469
35532
35470
35533
35471
35534
35472
35535
35473
35536
35474
35537
35475
35538
35476
35539
35477
35540
35478
35541
35479
35542
35480
35543
35481
35544
35482
35545
35483
35546
35484
35547
35485
35548
35486
35549
35487
35550
35488
35551
35489
35552
35490
35553
35491
35554
35492
35555
35493
35556
35494
35557
35495
35558
35496
35559
35497
35560
35498
35561
35562
37075
35500
35563
35501
35564
35502
35565
35503
35566
35504
35567
35505
35568
35506
35569
35507
35570
35508
35571
35509
35572
35510
35573
35511
35574
35512
35575
35513
35576
35514
35577
35515
35578
35516
35579
35517
35580
35518
35581
35519
35582
35520
35583
35521
35584
35522
35585
35523
35586
35524
35587
35525
35588
35526
35589
35527
35590
35528
35591
35529
35592
35530
35593
35531
35594
35532
35595
35533
35596
35534
35597
35535
35598
35536
35599
35537
35600
35538
35601
35539
35602
35540
35603
35541
35604
35542
35605
35543
35606
35544
35607
35545
35608
35546
35609
35547
35610
35548
35611
35549
35612
35550
35613
35551
35614
35552
35615
35553
35616
35554
35617
35555
35618
35556
35619
35557
35620
35558
35621
35559
35622
35560
35623
35561
35624
35562
35625
35626
37099
35564
35627
35565
35628
35566
35629
35567
35630
35568
35631
35569
35632
35570
35633
35571
35634
35572
35635
35573
35636
35574
35637
35575
35638
35576
35639
35577
35640
35578
35641
35579
35642
35580
35643
35581
35644
35582
35645
35583
35646
35584
35647
35585
35648
35586
35649
35587
35650
35588
35651
35589
35652
35590
35653
35591
35654
35592
35655
35593
35656
35594
35657
35595
35658
35596
35659
35597
35660
35598
35661
35599
35662
35600
35663
35601
35664
35602
35665
35603
35666
35604
35667
35605
35668
35606
35669
35607
35670
35608
35671
35609
35672
35610
35673
35611
35674
35612
35675
35613
35676
35614
35677
35615
35678
35616
35679
35617
35680
35618
35681
35619
35682
35620
35683
35621
35684
35622
35685
35623
35686
35624
35687
35625
35688
35626
35689
35690
37123
35628
35691
35629
35692
35630
35693
35631
35694
35632
35695
35633
35696
35634
35697
35635
35698
35636
35699
35637
35700
35638
35701
35639
35702
35640
35703
35641
35704
35642
35705
35643
35706
35644
35707
35645
35708
35646
35709
35647
35710
35648
35711
35649
35712
35650
35713
35651
35714
35652
35715
35653
35716
35654
35717
35655
35718
35656
35719
35657
35720
35658
35721
35659
35722
35660
35723
35661
35724
35662
35725
35663
35726
35664
35727
35665
35728
35666
35729
35667
35730
35668
35731
35669
35732
35670
35733
35671
35734
35672
35735
35673
35736
35674
35737
35675
35738
35676
35739
35677
35740
35678
35741
35679
35742
35680
35743
35681
35744
35682
35745
35683
35746
35684
35747
35685
35748
35686
35749
35687
35750
35688
35751
35689
35752
35690
35753
35754
37147
35692
35755
35693
35756
35694
35757
35695
35758
35696
35759
35697
35760
35698
35761
35699
35762
35700
35763
35701
35764
35702
35765
35703
35766
35704
35767
35705
35768
35706
35769
35707
35770
35708
35771
35709
35772
35710
35773
35711
35774
35712
35775
35713
35776
35714
35777
35715
35778
35716
35779
35717
35780
35718
35781
35719
35782
35720
35783
35721
35784
35722
35785
35723
35786
35724
35787
35725
35788
35726
35789
35727
35790
35728
35791
35729
35792
35730
35793
35731
35794
35732
35795
35733
35796
35734
35797
35735
35798
35736
35799
35737
35800
35738
35801
35739
35802
35740
35803
35741
35804
35742
35805
35743
35806
35744
35807
35745
35808
35746
35809
35747
35810
35748
35811
35749
35812
35750
35813
35751
35814
35752
35815
35753
35816
35754
35817
35818
37171
35756
35819
35757
35820
35758
35821
35759
35822
35760
35823
35761
35824
35762
35825
35763
35826
35764
35827
35765
35828
35766
35829
35767
35830
35768
35831
35769
35832
35770
35833
35771
35834
35772
35835
35773
35836
35774
35837
35775
35838
35776
35839
35777
35840
35778
35841
35779
35842
35780
35843
35781
35844
35782
35845
35783
35846
35784
35847
35785
35848
35786
35849
35787
35850
35788
35851
35789
35852
35790
35853
35791
35854
35792
35855
35793
35856
35794
35857
35795
35858
35796
35859
35797
35860
35798
35861
35799
35862
35800
35863
35801
35864
35802
35865
35803
35866
35804
35867
35805
35868
35806
35869
35807
35870
35808
35871
35809
35872
35810
35873
35811
35874
35812
35875
35813
35876
35814
35877
35815
35878
35816
35879
35817
35880
35818
35881
35882
37195
35820
35883
35821
35884
35822
35885
35823
35886
35824
35887
35825
35888
35826
35889
35827
35890
35828
35891
35829
35892
35830
35893
35831
35894
35832
35895
35833
35896
35834
35897
35835
35898
35836
35899
35837
35900
35838
35901
35839
35902
35840
35903
35841
35904
35842
35905
35843
35906
35844
35907
35845
35908
35846
35909
35847
35910
35848
35911
35849
35912
35850
35913
35851
35914
35852
35915
35853
35916
35854
35917
35855
35918
35856
35919
35857
35920
35858
35921
35859
35922
35860
35923
35861
35924
35862
35925
35863
35926
35864
35927
35865
35928
35866
35929
35867
35930
35868
35931
35869
35932
35870
35933
35871
35934
35872
35935
35873
35936
35874
35937
35875
35938
35876
35939
35877
35940
35878
35941
35879
35942
35880
35943
35881
35944
35882
35945
35946
37219
35884
35947
35885
35948
35886
35949
35887
35950
35888
35951
35889
35952
35890
35953
35891
35954
35892
35955
35893
35956
35894
35957
35895
35958
35896
35959
35897
35960
35898
35961
35899
35962
35900
35963
35901
35964
35902
35965
35903
35966
35904
35967
35905
35968
35906
35969
35907
35970
35908
35971
35909
35972
35910
35973
35911
35974
35912
35975
35913
35976
35914
35977
35915
35978
35916
35979
35917
35980
35918
35981
35919
35982
35920
35983
35921
35984
35922
35985
35923
35986
35924
35987
35925
35988
35926
35989
35927
35990
35928
35991
35929
35992
35930
35993
35931
35994
35932
35995
35933
35996
35934
35997
35935
35998
35936
35999
35937
36000
35938
36001
35939
36002
35940
36003
35941
36004
35942
36005
35943
36006
35944
36007
35945
36008
35946
36009
36010
37243
35948
36011
35949
36012
35950
36013
35951
36014
35952
36015
35953
36016
35954
36017
35955
36018
35956
36019
35957
36020
35958
36021
35959
36022
35960
36023
35961
36024
35962
36025
35963
36026
35964
36027
35965
36028
35966
36029
35967
36030
35968
36031
35969
36032
35970
36033
35971
36034
35972
36035
35973
36036
35974
36037
35975
36038
35976
36039
35977
36040
35978
36041
35979
36042
35980
36043
35981
36044
35982
36045
35983
36046
35984
36047
35985
36048
35986
36049
35987
36050
35988
36051
35989
36052
35990
36053
35991
36054
35992
36055
35993
36056
35994
36057
35995
36058
35996
36059
35997
36060
35998
36061
35999
36062
36000
36063
36001
36064
36002
36065
36003
36066
36004
36067
36005
36068
36006
36069
36007
36070
36008
36071
36009
36072
36010
36073
36074
37267
36012
36075
36013
36076
36014
36077
36015
36078
36016
36079
36017
36080
36018
36081
36019
36082
36020
36083
36021
36084
36022
36085
36023
36086
36024
36087
36025
36088
36026
36089
36027
36090
36028
36091
36029
36092
36030
36093
36031
36094
36032
36095
36033
36096
36034
36097
36035
36098
36036
36099
36037
36100
36038
36101
36039
36102
36040
36103
36041
36104
36042
36105
36043
36106
36044
36107
36045
36108
36046
36109
36047
36110
36048
36111
36049
36112
36050
36113
36051
36114
36052
36115
36053
36116
36054
36117
36055
36118
36056
36119
36057
36120
36058
36121
36059
36122
36060
36123
36061
36124
36062
36125
36063
36126
36064
36127
36065
36128
36066
36129
36067
36130
36068
36131
36069
36132
36070
36133
36071
36134
36072
36135
36073
36136
36074
36137
36138
37291
36076
36139
36077
36140
36078
36141
36079
36142
36080
36143
36081
36144
36082
36145
36083
36146
36084
36147
36085
36148
36086
36149
36087
36150
36088
36151
36089
36152
36090
36153
36091
36154
36092
36155
36093
36156
36094
36157
36095
36158
36096
36159
36097
36160
36098
36161
36099
36162
36100
36163
36101
36164
36102
36165
36103
36166
36104
36167
36105
36168
36106
36169
36107
36170
36108
36171
36109
36172
36110
36173
36111
36174
36112
36175
36113
36176
36114
36177
36115
36178
36116
36179
36117
36180
36118
36181
36119
36182
36120
36183
36121
36184
36122
36185
36123
36186
36124
36187
36125
36188
36126
36189
36127
36190
36128
36191
36129
36192
36130
36193
36131
36194
36132
36195
36133
36196
36134
36197
36135
36198
36136
36199
36137
36200
36138
36201
36202
37315
36140
36203
36141
36204
36142
36205
36143
36206
36144
36207
36145
36208
36146
36209
36147
36210
36148
36211
36149
36212
36150
36213
36151
36214
36152
36215
36153
36216
36154
36217
36155
36218
36156
36219
36157
36220
36158
36221
36159
36222
36160
36223
36161
36224
36162
36225
36163
36226
36164
36227
36165
36228
36166
36229
36167
36230
36168
36231
36169
36232
36170
36233
36171
36234
36172
36235
36173
36236
36174
36237
36175
36238
36176
36239
36177
36240
36178
36241
36179
36242
36180
36243
36181
36244
36182
36245
36183
36246
36184
36247
36185
36248
36186
36249
36187
36250
36188
36251
36189
36252
36190
36253
36191
36254
36192
36255
36193
36256
36194
36257
36195
36258
36196
36259
36197
36260
36198
36261
36199
36262
36200
36263
36201
36264
36202
36265
36266
37339
36204
36267
36205
36268
36206
36269
36207
36270
36208
36271
36209
36272
36210
36273
36211
36274
36212
36275
36213
36276
36214
36277
36215
36278
36216
36279
36217
36280
36218
36281
36219
36282
36220
36283
36221
36284
36222
36285
36223
36286
36224
36287
36225
36288
36226
36289
36227
36290
36228
36291
36229
36292
36230
36293
36231
36294
36232
36295
36233
36296
36234
36297
36235
36298
36236
36299
36237
36300
36238
36301
36239
36302
36240
36303
36241
36304
36242
36305
36243
36306
36244
36307
36245
36308
36246
36309
36247
36310
36248
36311
36249
36312
36250
36313
36251
36314
36252
36315
36253
36316
36254
36317
36255
36318
36256
36319
36257
36320
36258
36321
36259
36322
36260
36323
36261
36324
36262
36325
36263
36326
36264
36327
36265
36328
36266
36329
36330
37363
36268
36331
36269
36332
36270
36333
36271
36334
36272
36335
36273
36336
36274
36337
36275
36338
36276
36339
36277
36340
36278
36341
36279
36342
36280
36343
36281
36344
36282
36345
36283
36346
36284
36347
36285
36348
36286
36349
36287
36350
36288
36351
36289
36352
36290
36353
36291
36354
36292
36355
36293
36356
36294
36357
36295
36358
36296
36359
36297
36360
36298
36361
36299
36362
36300
36363
36301
36364
36302
36365
36303
36366
36304
36367
36305
36368
36306
36369
36307
36370
36308
36371
36309
36372
36310
36373
36311
36374
36312
36375
36313
36376
36314
36377
36315
36378
36316
36379
36317
36380
36318
36381
36319
36382
36320
36383
36321
36384
36322
36385
36323
36386
36324
36387
36325
36388
36326
36389
36327
36390
36328
36391
36329
36392
36330
36393
36394
37387
36332
36395
36333
36396
36334
36397
36335
36398
36336
36399
36337
36400
36338
36401
36339
36402
36340
36403
36341
36404
36342
36405
36343
36406
36344
36407
36345
36408
36346
36409
36347
36410
36348
36411
36349
36412
36350
36413
36351
36414
36352
36415
36353
36416
36354
36417
36355
36418
36356
36419
36357
36420
36358
36421
36359
36422
36360
36423
36361
36424
36362
36425
36363
36426
36364
36427
36365
36428
36366
36429
36367
36430
36368
36431
36369
36432
36370
36433
36371
36434
36372
36435
36373
36436
36374
36437
36375
36438
36376
36439
36377
36440
36378
36441
36379
36442
36380
36443
36381
36444
36382
36445
36383
36446
36384
36447
36385
36448
36386
36449
36387
36450
36388
36451
36389
36452
36390
36453
36391
36454
36392
36455
36393
36456
36394
36457
36458
37411
36396
36459
36397
36460
36398
36461
36399
36462
36400
36463
36401
36464
36402
36465
36403
36466
36404
36467
36405
36468
36406
36469
36407
36470
36408
36471
36409
36472
36410
36473
36411
36474
36412
36475
36413
36476
36414
36477
36415
36478
36416
36479
36417
36480
36418
36481
36419
36482
36420
36483
36421
36484
36422
36485
36423
36486
36424
36487
36425
36488
36426
36489
36427
36490
36428
36491
36429
36492
36430
36493
36431
36494
36432
36495
36433
36496
36434
36497
36435
36498
36436
36499
36437
36500
36438
36501
36439
36502
36440
36503
36441
36504
36442
36505
36443
36506
36444
36507
36445
36508
36446
36509
36447
36510
36448
36511
36449
36512
36450
36513
36451
36514
36452
36515
36453
36516
36454
36517
36455
36518
36456
36519
36457
36520
36458
36521
36522
37435
36460
36523
36461
36524
36462
36525
36463
36526
36464
36527
36465
36528
36466
36529
36467
36530
36468
36531
36469
36532
36470
36533
36471
36534
36472
36535
36473
36536
36474
36537
36475
36538
36476
36539
36477
36540
36478
36541
36479
36542
36480
36543
36481
36544
36482
36545
36483
36546
36484
36547
36485
36548
36486
36549
36487
36550
36488
36551
36489
36552
36490
36553
36491
36554
36492
36555
36493
36556
36494
36557
36495
36558
36496
36559
36497
36560
36498
36561
36499
36562
36500
36563
36501
36564
36502
36565
36503
36566
36504
36567
36505
36568
36506
36569
36507
36570
36508
36571
36509
36572
36510
36573
36511
36574
36512
36575
36513
36576
36514
36577
36515
36578
36516
36579
36517
36580
36518
36581
36519
36582
36520
36583
36521
36584
36522
36585
36586
37459
36524
36587
36525
36588
36526
36589
36527
36590
36528
36591
36529
36592
36530
36593
36531
36594
36532
36595
36533
36596
36534
36597
36535
36598
36536
36599
36537
36600
36538
36601
36539
36602
36540
36603
36541
36604
36542
36605
36543
36606
36544
36607
36545
36608
36546
36609
36547
36610
36548
36611
36549
36612
36550
36613
36551
36614
36552
36615
36553
36616
36554
36617
36555
36618
36556
36619
36557
36620
36558
36621
36559
36622
36560
36623
36561
36624
36562
36625
36563
36626
36564
36627
36565
36628
36566
36629
36567
36630
36568
36631
36569
36632
36570
36633
36571
36634
36572
36635
36573
36636
36574
36637
36575
36638
36576
36639
36577
36640
36578
36641
36579
36642
36580
36643
36581
36644
36582
36645
36583
36646
36584
36647
36585
36648
36586
36649
36650
37483
36588
36651
36589
36652
36590
36653
36591
36654
36592
36655
36593
36656
36594
36657
36595
36658
36596
36659
36597
36660
36598
36661
36599
36662
36600
36663
36601
36664
36602
36665
36603
36666
36604
36667
36605
36668
36606
36669
36607
36670
36608
36671
36609
36672
36610
36673
36611
36674
36612
36675
36613
36676
36614
36677
36615
36678
36616
36679
36617
36680
36618
36681
36619
36682
36620
36683
36621
36684
36622
36685
36623
36686
36624
36687
36625
36688
36626
36689
36627
36690
36628
36691
36629
36692
36630
36693
36631
36694
36632
36695
36633
36696
36634
36697
36635
36698
36636
36699
36637
36700
36638
36701
36639
36702
36640
36703
36641
36704
36642
36705
36643
36706
36644
36707
36645
36708
36646
36709
36647
36710
36648
36711
36649
36712
36650
36713
36714
37507
36652
36653
36654
36655
36656
36657
36658
36659
36660
36661
36662
36663
36664
36665
36666
36667
36668
36669
36670
36671
36672
36673
36674
36675
36676
36677
36678
36679
36680
36681
36682
36683
36684
36685
36686
36687
36688
36689
36690
36691
36692
36693
36694
36695
36696
36697
36698
36699
36700
36701
36702
36703
36704
36705
36706
36707
36708
36709
36710
36711
36712
36713
36714
37531
36716
36739
36717
36740
36718
36741
36719
36742
36720
36743
36721
36744
36722
36745
36723
36746
36724
36747
36725
36748
36726
36749
36727
36750
36728
36751
36729
36752
36730
36753
36731
36754
36732
36755
36733
36756
36734
36757
36735
36758
36736
36759
36737
36760
36738
36761
36762
37555
36740
36763
36741
36764
36742
36765
36743
36766
36744
36767
36745
36768
36746
36769
36747
36770
36748
36771
36749
36772
36750
36773
36751
36774
36752
36775
36753
36776
36754
36777
36755
36778
36756
36779
36757
36780
36758
36781
36759
36782
36760
36783
36761
36784
36762
36785
36786
37627
36764
36787
36765
36788
36766
36789
36767
36790
36768
36791
36769
36792
36770
36793
36771
36794
36772
36795
36773
36796
36774
36797
36775
36798
36776
36799
36777
36800
36778
36801
36779
36802
36780
36803
36781
36804
36782
36805
36783
36806
36784
36807
36785
36808
36786
36809
36810
37699
36788
36811
36789
36812
36790
36813
36791
36814
36792
36815
36793
36816
36794
36817
36795
36818
36796
36819
36797
36820
36798
36821
36799
36822
36800
36823
36801
36824
36802
36825
36803
36826
36804
36827
36805
36828
36806
36829
36807
36830
36808
36831
36809
36832
36810
36833
36834
37771
36812
36835
36813
36836
36814
36837
36815
36838
36816
36839
36817
36840
36818
36841
36819
36842
36820
36843
36821
36844
36822
36845
36823
36846
36824
36847
36825
36848
36826
36849
36827
36850
36828
36851
36829
36852
36830
36853
36831
36854
36832
36855
36833
36856
36834
36857
36858
37843
36836
36859
36837
36860
36838
36861
36839
36862
36840
36863
36841
36864
36842
36865
36843
36866
36844
36867
36845
36868
36846
36869
36847
36870
36848
36871
36849
36872
36850
36873
36851
36874
36852
36875
36853
36876
36854
36877
36855
36878
36856
36879
36857
36880
36858
36881
36882
37915
36860
36883
36861
36884
36862
36885
36863
36886
36864
36887
36865
36888
36866
36889
36867
36890
36868
36891
36869
36892
36870
36893
36871
36894
36872
36895
36873
36896
36874
36897
36875
36898
36876
36899
36877
36900
36878
36901
36879
36902
36880
36903
36881
36904
36882
36905
36906
37987
36884
36907
36885
36908
36886
36909
36887
36910
36888
36911
36889
36912
36890
36913
36891
36914
36892
36915
36893
36916
36894
36917
36895
36918
36896
36919
36897
36920
36898
36921
36899
36922
36900
36923
36901
36924
36902
36925
36903
36926
36904
36927
36905
36928
36906
36929
36930
38059
36908
36931
36909
36932
36910
36933
36911
36934
36912
36935
36913
36936
36914
36937
36915
36938
36916
36939
36917
36940
36918
36941
36919
36942
36920
36943
36921
36944
36922
36945
36923
36946
36924
36947
36925
36948
36926
36949
36927
36950
36928
36951
36929
36952
36930
36953
36954
38131
36932
36955
36933
36956
36934
36957
36935
36958
36936
36959
36937
36960
36938
36961
36939
36962
36940
36963
36941
36964
36942
36965
36943
36966
36944
36967
36945
36968
36946
36969
36947
36970
36948
36971
36949
36972
36950
36973
36951
36974
36952
36975
36953
36976
36954
36977
36978
38203
36956
36979
36957
36980
36958
36981
36959
36982
36960
36983
36961
36984
36962
36985
36963
36986
36964
36987
36965
36988
36966
36989
36967
36990
36968
36991
36969
36992
36970
36993
36971
36994
36972
36995
36973
36996
36974
36997
36975
36998
36976
36999
36977
37000
36978
37001
37002
38275
36980
37003
36981
37004
36982
37005
36983
37006
36984
37007
36985
37008
36986
37009
36987
37010
36988
37011
36989
37012
36990
37013
36991
37014
36992
37015
36993
37016
36994
37017
36995
37018
36996
37019
36997
37020
36998
37021
36999
37022
37000
37023
37001
37024
37002
37025
37026
38347
37004
37027
37005
37028
37006
37029
37007
37030
37008
37031
37009
37032
37010
37033
37011
37034
37012
37035
37013
37036
37014
37037
37015
37038
37016
37039
37017
37040
37018
37041
37019
37042
37020
37043
37021
37044
37022
37045
37023
37046
37024
37047
37025
37048
37026
37049
37050
38419
37028
37051
37029
37052
37030
37053
37031
37054
37032
37055
37033
37056
37034
37057
37035
37058
37036
37059
37037
37060
37038
37061
37039
37062
37040
37063
37041
37064
37042
37065
37043
37066
37044
37067
37045
37068
37046
37069
37047
37070
37048
37071
37049
37072
37050
37073
37074
38491
37052
37075
37053
37076
37054
37077
37055
37078
37056
37079
37057
37080
37058
37081
37059
37082
37060
37083
37061
37084
37062
37085
37063
37086
37064
37087
37065
37088
37066
37089
37067
37090
37068
37091
37069
37092
37070
37093
37071
37094
37072
37095
37073
37096
37074
37097
37098
38563
37076
37099
37077
37100
37078
37101
37079
37102
37080
37103
37081
37104
37082
37105
37083
37106
37084
37107
37085
37108
37086
37109
37087
37110
37088
37111
37089
37112
37090
37113
37091
37114
37092
37115
37093
37116
37094
37117
37095
37118
37096
37119
37097
37120
37098
37121
37122
38635
37100
37123
37101
37124
37102
37125
37103
37126
37104
37127
37105
37128
37106
37129
37107
37130
37108
37131
37109
37132
37110
37133
37111
37134
37112
37135
37113
37136
37114
37137
37115
37138
37116
37139
37117
37140
37118
37141
37119
37142
37120
37143
37121
37144
37122
37145
37146
38707
37124
37147
37125
37148
37126
37149
37127
37150
37128
37151
37129
37152
37130
37153
37131
37154
37132
37155
37133
37156
37134
37157
37135
37158
37136
37159
37137
37160
37138
37161
37139
37162
37140
37163
37141
37164
37142
37165
37143
37166
37144
37167
37145
37168
37146
37169
37170
38779
37148
37171
37149
37172
37150
37173
37151
37174
37152
37175
37153
37176
37154
37177
37155
37178
37156
37179
37157
37180
37158
37181
37159
37182
37160
37183
37161
37184
37162
37185
37163
37186
37164
37187
37165
37188
37166
37189
37167
37190
37168
37191
37169
37192
37170
37193
37194
38851
37172
37195
37173
37196
37174
37197
37175
37198
37176
37199
37177
37200
37178
37201
37179
37202
37180
37203
37181
37204
37182
37205
37183
37206
37184
37207
37185
37208
37186
37209
37187
37210
37188
37211
37189
37212
37190
37213
37191
37214
37192
37215
37193
37216
37194
37217
37218
38923
37196
37219
37197
37220
37198
37221
37199
37222
37200
37223
37201
37224
37202
37225
37203
37226
37204
37227
37205
37228
37206
37229
37207
37230
37208
37231
37209
37232
37210
37233
37211
37234
37212
37235
37213
37236
37214
37237
37215
37238
37216
37239
37217
37240
37218
37241
37242
38995
37220
37243
37221
37244
37222
37245
37223
37246
37224
37247
37225
37248
37226
37249
37227
37250
37228
37251
37229
37252
37230
37253
37231
37254
37232
37255
37233
37256
37234
37257
37235
37258
37236
37259
37237
37260
37238
37261
37239
37262
37240
37263
37241
37264
37242
37265
37266
39067
37244
37267
37245
37268
37246
37269
37247
37270
37248
37271
37249
37272
37250
37273
37251
37274
37252
37275
37253
37276
37254
37277
37255
37278
37256
37279
37257
37280
37258
37281
37259
37282
37260
37283
37261
37284
37262
37285
37263
37286
37264
37287
37265
37288
37266
37289
37290
39139
37268
37291
37269
37292
37270
37293
37271
37294
37272
37295
37273
37296
37274
37297
37275
37298
37276
37299
37277
37300
37278
37301
37279
37302
37280
37303
37281
37304
37282
37305
37283
37306
37284
37307
37285
37308
37286
37309
37287
37310
37288
37311
37289
37312
37290
37313
37314
39211
37292
37315
37293
37316
37294
37317
37295
37318
37296
37319
37297
37320
37298
37321
37299
37322
37300
37323
37301
37324
37302
37325
37303
37326
37304
37327
37305
37328
37306
37329
37307
37330
37308
37331
37309
37332
37310
37333
37311
37334
37312
37335
37313
37336
37314
37337
37338
39283
37316
37339
37317
37340
37318
37341
37319
37342
37320
37343
37321
37344
37322
37345
37323
37346
37324
37347
37325
37348
37326
37349
37327
37350
37328
37351
37329
37352
37330
37353
37331
37354
37332
37355
37333
37356
37334
37357
37335
37358
37336
37359
37337
37360
37338
37361
37362
39355
37340
37363
37341
37364
37342
37365
37343
37366
37344
37367
37345
37368
37346
37369
37347
37370
37348
37371
37349
37372
37350
37373
37351
37374
37352
37375
37353
37376
37354
37377
37355
37378
37356
37379
37357
37380
37358
37381
37359
37382
37360
37383
37361
37384
37362
37385
37386
39427
37364
37387
37365
37388
37366
37389
37367
37390
37368
37391
37369
37392
37370
37393
37371
37394
37372
37395
37373
37396
37374
37397
37375
37398
37376
37399
37377
37400
37378
37401
37379
37402
37380
37403
37381
37404
37382
37405
37383
37406
37384
37407
37385
37408
37386
37409
37410
39499
37388
37411
37389
37412
37390
37413
37391
37414
37392
37415
37393
37416
37394
37417
37395
37418
37396
37419
37397
37420
37398
37421
37399
37422
37400
37423
37401
37424
37402
37425
37403
37426
37404
37427
37405
37428
37406
37429
37407
37430
37408
37431
37409
37432
37410
37433
37434
39571
37412
37435
37413
37436
37414
37437
37415
37438
37416
37439
37417
37440
37418
37441
37419
37442
37420
37443
37421
37444
37422
37445
37423
37446
37424
37447
37425
37448
37426
37449
37427
37450
37428
37451
37429
37452
37430
37453
37431
37454
37432
37455
37433
37456
37434
37457
37458
39643
37436
37459
37437
37460
37438
37461
37439
37462
37440
37463
37441
37464
37442
37465
37443
37466
37444
37467
37445
37468
37446
37469
37447
37470
37448
37471
37449
37472
37450
37473
37451
37474
37452
37475
37453
37476
37454
37477
37455
37478
37456
37479
37457
37480
37458
37481
37482
39715
37460
37483
37461
37484
37462
37485
37463
37486
37464
37487
37465
37488
37466
37489
37467
37490
37468
37491
37469
37492
37470
37493
37471
37494
37472
37495
37473
37496
37474
37497
37475
37498
37476
37499
37477
37500
37478
37501
37479
37502
37480
37503
37481
37504
37482
37505
37506
39787
37484
37507
37485
37508
37486
37509
37487
37510
37488
37511
37489
37512
37490
37513
37491
37514
37492
37515
37493
37516
37494
37517
37495
37518
37496
37519
37497
37520
37498
37521
37499
37522
37500
37523
37501
37524
37502
37525
37503
37526
37504
37527
37505
37528
37506
37529
37530
39859
37508
37531
37509
37532
37510
37533
37511
37534
37512
37535
37513
37536
37514
37537
37515
37538
37516
37539
37517
37540
37518
37541
37519
37542
37520
37543
37521
37544
37522
37545
37523
37546
37524
37547
37525
37548
37526
37549
37527
37550
37528
37551
37529
37552
37530
37553
37554
39931
37532
37533
37534
37535
37536
37537
37538
37539
37540
37541
37542
37543
37544
37545
37546
37547
37548
37549
37550
37551
37552
37553
37554
40003
37556
37627
37557
37628
37558
37629
37559
37630
37560
37631
37561
37632
37562
37633
37563
37634
37564
37635
37565
37636
37566
37637
37567
37638
37568
37639
37569
37640
37570
37641
37571
37642
37572
37643
37573
37644
37574
37645
37575
37646
37576
37647
37577
37648
37578
37649
37579
37650
37580
37651
37581
37652
37582
37653
37583
37654
37584
37655
37585
37656
37586
37657
37587
37658
37588
37659
37589
37660
37590
37661
37591
37662
37592
37663
37593
37664
37594
37665
37595
37666
37596
37667
37597
37668
37598
37669
37599
37670
37600
37671
37601
37672
37602
37673
37603
37674
37604
37675
37605
37676
37606
37677
37607
37678
37608
37679
37609
37680
37610
37681
37611
37682
37612
37683
37613
37684
37614
37685
37615
37686
37616
37687
37617
37688
37618
37689
37619
37690
37620
37691
37621
37692
37622
37693
37623
37694
37624
37695
37625
37696
37626
37697
37698
40075
37628
37699
37629
37700
37630
37701
37631
37702
37632
37703
37633
37704
37634
37705
37635
37706
37636
37707
37637
37708
37638
37709
37639
37710
37640
37711
37641
37712
37642
37713
37643
37714
37644
37715
37645
37716
37646
37717
37647
37718
37648
37719
37649
37720
37650
37721
37651
37722
37652
37723
37653
37724
37654
37725
37655
37726
37656
37727
37657
37728
37658
37729
37659
37730
37660
37731
37661
37732
37662
37733
37663
37734
37664
37735
37665
37736
37666
37737
37667
37738
37668
37739
37669
37740
37670
37741
37671
37742
37672
37743
37673
37744
37674
37745
37675
37746
37676
37747
37677
37748
37678
37749
37679
37750
37680
37751
37681
37752
37682
37753
37683
37754
37684
37755
37685
37756
37686
37757
37687
37758
37688
37759
37689
37760
37690
37761
37691
37762
37692
37763
37693
37764
37694
37765
37695
37766
37696
37767
37697
37768
37698
37769
37770
40150
37700
37771
37701
37772
37702
37773
37703
37774
37704
37775
37705
37776
37706
37777
37707
37778
37708
37779
37709
37780
37710
37781
37711
37782
37712
37783
37713
37784
37714
37785
37715
37786
37716
37787
37717
37788
37718
37789
37719
37790
37720
37791
37721
37792
37722
37793
37723
37794
37724
37795
37725
37796
37726
37797
37727
37798
37728
37799
37729
37800
37730
37801
37731
37802
37732
37803
37733
37804
37734
37805
37735
37806
37736
37807
37737
37808
37738
37809
37739
37810
37740
37811
37741
37812
37742
37813
37743
37814
37744
37815
37745
37816
37746
37817
37747
37818
37748
37819
37749
37820
37750
37821
37751
37822
37752
37823
37753
37824
37754
37825
37755
37826
37756
37827
37757
37828
37758
37829
37759
37830
37760
37831
37761
37832
37762
37833
37763
37834
37764
37835
37765
37836
37766
37837
37767
37838
37768
37839
37769
37840
37770
37841
37842
40225
37772
37843
37773
37844
37774
37845
37775
37846
37776
37847
37777
37848
37778
37849
37779
37850
37780
37851
37781
37852
37782
37853
37783
37854
37784
37855
37785
37856
37786
37857
37787
37858
37788
37859
37789
37860
37790
37861
37791
37862
37792
37863
37793
37864
37794
37865
37795
37866
37796
37867
37797
37868
37798
37869
37799
37870
37800
37871
37801
37872
37802
37873
37803
37874
37804
37875
37805
37876
37806
37877
37807
37878
37808
37879
37809
37880
37810
37881
37811
37882
37812
37883
37813
37884
37814
37885
37815
37886
37816
37887
37817
37888
37818
37889
37819
37890
37820
37891
37821
37892
37822
37893
37823
37894
37824
37895
37825
37896
37826
37897
37827
37898
37828
37899
37829
37900
37830
37901
37831
37902
37832
37903
37833
37904
37834
37905
37835
37906
37836
37907
37837
37908
37838
37909
37839
37910
37840
37911
37841
37912
37842
37913
37914
40300
37844
37915
37845
37916
37846
37917
37847
37918
37848
37919
37849
37920
37850
37921
37851
37922
37852
37923
37853
37924
37854
37925
37855
37926
37856
37927
37857
37928
37858
37929
37859
37930
37860
37931
37861
37932
37862
37933
37863
37934
37864
37935
37865
37936
37866
37937
37867
37938
37868
37939
37869
37940
37870
37941
37871
37942
37872
37943
37873
37944
37874
37945
37875
37946
37876
37947
37877
37948
37878
37949
37879
37950
37880
37951
37881
37952
37882
37953
37883
37954
37884
37955
37885
37956
37886
37957
37887
37958
37888
37959
37889
37960
37890
37961
37891
37962
37892
37963
37893
37964
37894
37965
37895
37966
37896
37967
37897
37968
37898
37969
37899
37970
37900
37971
37901
37972
37902
37973
37903
37974
37904
37975
37905
37976
37906
37977
37907
37978
37908
37979
37909
37980
37910
37981
37911
37982
37912
37983
37913
37984
37914
37985
37986
40375
37916
37987
37917
37988
37918
37989
37919
37990
37920
37991
37921
37992
37922
37993
37923
37994
37924
37995
37925
37996
37926
37997
37927
37998
37928
37999
37929
38000
37930
38001
37931
38002
37932
38003
37933
38004
37934
38005
37935
38006
37936
38007
37937
38008
37938
38009
37939
38010
37940
38011
37941
38012
37942
38013
37943
38014
37944
38015
37945
38016
37946
38017
37947
38018
37948
38019
37949
38020
37950
38021
37951
38022
37952
38023
37953
38024
37954
38025
37955
38026
37956
38027
37957
38028
37958
38029
37959
38030
37960
38031
37961
38032
37962
38033
37963
38034
37964
38035
37965
38036
37966
38037
37967
38038
37968
38039
37969
38040
37970
38041
37971
38042
37972
38043
37973
38044
37974
38045
37975
38046
37976
38047
37977
38048
37978
38049
37979
38050
37980
38051
37981
38052
37982
38053
37983
38054
37984
38055
37985
38056
37986
38057
38058
40450
37988
38059
37989
38060
37990
38061
37991
38062
37992
38063
37993
38064
37994
38065
37995
38066
37996
38067
37997
38068
37998
38069
37999
38070
38000
38071
38001
38072
38002
38073
38003
38074
38004
38075
38005
38076
38006
38077
38007
38078
38008
38079
38009
38080
38010
38081
38011
38082
38012
38083
38013
38084
38014
38085
38015
38086
38016
38087
38017
38088
38018
38089
38019
38090
38020
38091
38021
38092
38022
38093
38023
38094
38024
38095
38025
38096
38026
38097
38027
38098
38028
38099
38029
38100
38030
38101
38031
38102
38032
38103
38033
38104
38034
38105
38035
38106
38036
38107
38037
38108
38038
38109
38039
38110
38040
38111
38041
38112
38042
38113
38043
38114
38044
38115
38045
38116
38046
38117
38047
38118
38048
38119
38049
38120
38050
38121
38051
38122
38052
38123
38053
38124
38054
38125
38055
38126
38056
38127
38057
38128
38058
38129
38130
40525
38060
38131
38061
38132
38062
38133
38063
38134
38064
38135
38065
38136
38066
38137
38067
38138
38068
38139
38069
38140
38070
38141
38071
38142
38072
38143
38073
38144
38074
38145
38075
38146
38076
38147
38077
38148
38078
38149
38079
38150
38080
38151
38081
38152
38082
38153
38083
38154
38084
38155
38085
38156
38086
38157
38087
38158
38088
38159
38089
38160
38090
38161
38091
38162
38092
38163
38093
38164
38094
38165
38095
38166
38096
38167
38097
38168
38098
38169
38099
38170
38100
38171
38101
38172
38102
38173
38103
38174
38104
38175
38105
38176
38106
38177
38107
38178
38108
38179
38109
38180
38110
38181
38111
38182
38112
38183
38113
38184
38114
38185
38115
38186
38116
38187
38117
38188
38118
38189
38119
38190
38120
38191
38121
38192
38122
38193
38123
38194
38124
38195
38125
38196
38126
38197
38127
38198
38128
38199
38129
38200
38130
38201
38202
40600
38132
38203
38133
38204
38134
38205
38135
38206
38136
38207
38137
38208
38138
38209
38139
38210
38140
38211
38141
38212
38142
38213
38143
38214
38144
38215
38145
38216
38146
38217
38147
38218
38148
38219
38149
38220
38150
38221
38151
38222
38152
38223
38153
38224
38154
38225
38155
38226
38156
38227
38157
38228
38158
38229
38159
38230
38160
38231
38161
38232
38162
38233
38163
38234
38164
38235
38165
38236
38166
38237
38167
38238
38168
38239
38169
38240
38170
38241
38171
38242
38172
38243
38173
38244
38174
38245
38175
38246
38176
38247
38177
38248
38178
38249
38179
38250
38180
38251
38181
38252
38182
38253
38183
38254
38184
38255
38185
38256
38186
38257
38187
38258
38188
38259
38189
38260
38190
38261
38191
38262
38192
38263
38193
38264
38194
38265
38195
38266
38196
38267
38197
38268
38198
38269
38199
38270
38200
38271
38201
38272
38202
38273
38274
40675
38204
38275
38205
38276
38206
38277
38207
38278
38208
38279
38209
38280
38210
38281
38211
38282
38212
38283
38213
38284
38214
38285
38215
38286
38216
38287
38217
38288
38218
38289
38219
38290
38220
38291
38221
38292
38222
38293
38223
38294
38224
38295
38225
38296
38226
38297
38227
38298
38228
38299
38229
38300
38230
38301
38231
38302
38232
38303
38233
38304
38234
38305
38235
38306
38236
38307
38237
38308
38238
38309
38239
38310
38240
38311
38241
38312
38242
38313
38243
38314
38244
38315
38245
38316
38246
38317
38247
38318
38248
38319
38249
38320
38250
38321
38251
38322
38252
38323
38253
38324
38254
38325
38255
38326
38256
38327
38257
38328
38258
38329
38259
38330
38260
38331
38261
38332
38262
38333
38263
38334
38264
38335
38265
38336
38266
38337
38267
38338
38268
38339
38269
38340
38270
38341
38271
38342
38272
38343
38273
38344
38274
38345
38346
40750
38276
38347
38277
38348
38278
38349
38279
38350
38280
38351
38281
38352
38282
38353
38283
38354
38284
38355
38285
38356
38286
38357
38287
38358
38288
38359
38289
38360
38290
38361
38291
38362
38292
38363
38293
38364
38294
38365
38295
38366
38296
38367
38297
38368
38298
38369
38299
38370
38300
38371
38301
38372
38302
38373
38303
38374
38304
38375
38305
38376
38306
38377
38307
38378
38308
38379
38309
38380
38310
38381
38311
38382
38312
38383
38313
38384
38314
38385
38315
38386
38316
38387
38317
38388
38318
38389
38319
38390
38320
38391
38321
38392
38322
38393
38323
38394
38324
38395
38325
38396
38326
38397
38327
38398
38328
38399
38329
38400
38330
38401
38331
38402
38332
38403
38333
38404
38334
38405
38335
38406
38336
38407
38337
38408
38338
38409
38339
38410
38340
38411
38341
38412
38342
38413
38343
38414
38344
38415
38345
38416
38346
38417
38418
40825
38348
38419
38349
38420
38350
38421
38351
38422
38352
38423
38353
38424
38354
38425
38355
38426
38356
38427
38357
38428
38358
38429
38359
38430
38360
38431
38361
38432
38362
38433
38363
38434
38364
38435
38365
38436
38366
38437
38367
38438
38368
38439
38369
38440
38370
38441
38371
38442
38372
38443
38373
38444
38374
38445
38375
38446
38376
38447
38377
38448
38378
38449
38379
38450
38380
38451
38381
38452
38382
38453
38383
38454
38384
38455
38385
38456
38386
38457
38387
38458
38388
38459
38389
38460
38390
38461
38391
38462
38392
38463
38393
38464
38394
38465
38395
38466
38396
38467
38397
38468
38398
38469
38399
38470
38400
38471
38401
38472
38402
38473
38403
38474
38404
38475
38405
38476
38406
38477
38407
38478
38408
38479
38409
38480
38410
38481
38411
38482
38412
38483
38413
38484
38414
38485
38415
38486
38416
38487
38417
38488
38418
38489
38490
40900
38420
38491
38421
38492
38422
38493
38423
38494
38424
38495
38425
38496
38426
38497
38427
38498
38428
38499
38429
38500
38430
38501
38431
38502
38432
38503
38433
38504
38434
38505
38435
38506
38436
38507
38437
38508
38438
38509
38439
38510
38440
38511
38441
38512
38442
38513
38443
38514
38444
38515
38445
38516
38446
38517
38447
38518
38448
38519
38449
38520
38450
38521
38451
38522
38452
38523
38453
38524
38454
38525
38455
38526
38456
38527
38457
38528
38458
38529
38459
38530
38460
38531
38461
38532
38462
38533
38463
38534
38464
38535
38465
38536
38466
38537
38467
38538
38468
38539
38469
38540
38470
38541
38471
38542
38472
38543
38473
38544
38474
38545
38475
38546
38476
38547
38477
38548
38478
38549
38479
38550
38480
38551
38481
38552
38482
38553
38483
38554
38484
38555
38485
38556
38486
38557
38487
38558
38488
38559
38489
38560
38490
38561
38562
40975
38492
38563
38493
38564
38494
38565
38495
38566
38496
38567
38497
38568
38498
38569
38499
38570
38500
38571
38501
38572
38502
38573
38503
38574
38504
38575
38505
38576
38506
38577
38507
38578
38508
38579
38509
38580
38510
38581
38511
38582
38512
38583
38513
38584
38514
38585
38515
38586
38516
38587
38517
38588
38518
38589
38519
38590
38520
38591
38521
38592
38522
38593
38523
38594
38524
38595
38525
38596
38526
38597
38527
38598
38528
38599
38529
38600
38530
38601
38531
38602
38532
38603
38533
38604
38534
38605
38535
38606
38536
38607
38537
38608
38538
38609
38539
38610
38540
38611
38541
38612
38542
38613
38543
38614
38544
38615
38545
38616
38546
38617
38547
38618
38548
38619
38549
38620
38550
38621
38551
38622
38552
38623
38553
38624
38554
38625
38555
38626
38556
38627
38557
38628
38558
38629
38559
38630
38560
38631
38561
38632
38562
38633
38634
41050
38564
38635
38565
38636
38566
38637
38567
38638
38568
38639
38569
38640
38570
38641
38571
38642
38572
38643
38573
38644
38574
38645
38575
38646
38576
38647
38577
38648
38578
38649
38579
38650
38580
38651
38581
38652
38582
38653
38583
38654
38584
38655
38585
38656
38586
38657
38587
38658
38588
38659
38589
38660
38590
38661
38591
38662
38592
38663
38593
38664
38594
38665
38595
38666
38596
38667
38597
38668
38598
38669
38599
38670
38600
38671
38601
38672
38602
38673
38603
38674
38604
38675
38605
38676
38606
38677
38607
38678
38608
38679
38609
38680
38610
38681
38611
38682
38612
38683
38613
38684
38614
38685
38615
38686
38616
38687
38617
38688
38618
38689
38619
38690
38620
38691
38621
38692
38622
38693
38623
38694
38624
38695
38625
38696
38626
38697
38627
38698
38628
38699
38629
38700
38630
38701
38631
38702
38632
38703
38633
38704
38634
38705
38706
41125
38636
38707
38637
38708
38638
38709
38639
38710
38640
38711
38641
38712
38642
38713
38643
38714
38644
38715
38645
38716
38646
38717
38647
38718
38648
38719
38649
38720
38650
38721
38651
38722
38652
38723
38653
38724
38654
38725
38655
38726
38656
38727
38657
38728
38658
38729
38659
38730
38660
38731
38661
38732
38662
38733
38663
38734
38664
38735
38665
38736
38666
38737
38667
38738
38668
38739
38669
38740
38670
38741
38671
38742
38672
38743
38673
38744
38674
38745
38675
38746
38676
38747
38677
38748
38678
38749
38679
38750
38680
38751
38681
38752
38682
38753
38683
38754
38684
38755
38685
38756
38686
38757
38687
38758
38688
38759
38689
38760
38690
38761
38691
38762
38692
38763
38693
38764
38694
38765
38695
38766
38696
38767
38697
38768
38698
38769
38699
38770
38700
38771
38701
38772
38702
38773
38703
38774
38704
38775
38705
38776
38706
38777
38778
41200
38708
38779
38709
38780
38710
38781
38711
38782
38712
38783
38713
38784
38714
38785
38715
38786
38716
38787
38717
38788
38718
38789
38719
38790
38720
38791
38721
38792
38722
38793
38723
38794
38724
38795
38725
38796
38726
38797
38727
38798
38728
38799
38729
38800
38730
38801
38731
38802
38732
38803
38733
38804
38734
38805
38735
38806
38736
38807
38737
38808
38738
38809
38739
38810
38740
38811
38741
38812
38742
38813
38743
38814
38744
38815
38745
38816
38746
38817
38747
38818
38748
38819
38749
38820
38750
38821
38751
38822
38752
38823
38753
38824
38754
38825
38755
38826
38756
38827
38757
38828
38758
38829
38759
38830
38760
38831
38761
38832
38762
38833
38763
38834
38764
38835
38765
38836
38766
38837
38767
38838
38768
38839
38769
38840
38770
38841
38771
38842
38772
38843
38773
38844
38774
38845
38775
38846
38776
38847
38777
38848
38778
38849
38850
41275
38780
38851
38781
38852
38782
38853
38783
38854
38784
38855
38785
38856
38786
38857
38787
38858
38788
38859
38789
38860
38790
38861
38791
38862
38792
38863
38793
38864
38794
38865
38795
38866
38796
38867
38797
38868
38798
38869
38799
38870
38800
38871
38801
38872
38802
38873
38803
38874
38804
38875
38805
38876
38806
38877
38807
38878
38808
38879
38809
38880
38810
38881
38811
38882
38812
38883
38813
38884
38814
38885
38815
38886
38816
38887
38817
38888
38818
38889
38819
38890
38820
38891
38821
38892
38822
38893
38823
38894
38824
38895
38825
38896
38826
38897
38827
38898
38828
38899
38829
38900
38830
38901
38831
38902
38832
38903
38833
38904
38834
38905
38835
38906
38836
38907
38837
38908
38838
38909
38839
38910
38840
38911
38841
38912
38842
38913
38843
38914
38844
38915
38845
38916
38846
38917
38847
38918
38848
38919
38849
38920
38850
38921
38922
41350
38852
38923
38853
38924
38854
38925
38855
38926
38856
38927
38857
38928
38858
38929
38859
38930
38860
38931
38861
38932
38862
38933
38863
38934
38864
38935
38865
38936
38866
38937
38867
38938
38868
38939
38869
38940
38870
38941
38871
38942
38872
38943
38873
38944
38874
38945
38875
38946
38876
38947
38877
38948
38878
38949
38879
38950
38880
38951
38881
38952
38882
38953
38883
38954
38884
38955
38885
38956
38886
38957
38887
38958
38888
38959
38889
38960
38890
38961
38891
38962
38892
38963
38893
38964
38894
38965
38895
38966
38896
38967
38897
38968
38898
38969
38899
38970
38900
38971
38901
38972
38902
38973
38903
38974
38904
38975
38905
38976
38906
38977
38907
38978
38908
38979
38909
38980
38910
38981
38911
38982
38912
38983
38913
38984
38914
38985
38915
38986
38916
38987
38917
38988
38918
38989
38919
38990
38920
38991
38921
38992
38922
38993
38994
41425
38924
38995
38925
38996
38926
38997
38927
38998
38928
38999
38929
39000
38930
39001
38931
39002
38932
39003
38933
39004
38934
39005
38935
39006
38936
39007
38937
39008
38938
39009
38939
39010
38940
39011
38941
39012
38942
39013
38943
39014
38944
39015
38945
39016
38946
39017
38947
39018
38948
39019
38949
39020
38950
39021
38951
39022
38952
39023
38953
39024
38954
39025
38955
39026
38956
39027
38957
39028
38958
39029
38959
39030
38960
39031
38961
39032
38962
39033
38963
39034
38964
39035
38965
39036
38966
39037
38967
39038
38968
39039
38969
39040
38970
39041
38971
39042
38972
39043
38973
39044
38974
39045
38975
39046
38976
39047
38977
39048
38978
39049
38979
39050
38980
39051
38981
39052
38982
39053
38983
39054
38984
39055
38985
39056
38986
39057
38987
39058
38988
39059
38989
39060
38990
39061
38991
39062
38992
39063
38993
39064
38994
39065
39066
41500
38996
39067
38997
39068
38998
39069
38999
39070
39000
39071
39001
39072
39002
39073
39003
39074
39004
39075
39005
39076
39006
39077
39007
39078
39008
39079
39009
39080
39010
39081
39011
39082
39012
39083
39013
39084
39014
39085
39015
39086
39016
39087
39017
39088
39018
39089
39019
39090
39020
39091
39021
39092
39022
39093
39023
39094
39024
39095
39025
39096
39026
39097
39027
39098
39028
39099
39029
39100
39030
39101
39031
39102
39032
39103
39033
39104
39034
39105
39035
39106
39036
39107
39037
39108
39038
39109
39039
39110
39040
39111
39041
39112
39042
39113
39043
39114
39044
39115
39045
39116
39046
39117
39047
39118
39048
39119
39049
39120
39050
39121
39051
39122
39052
39123
39053
39124
39054
39125
39055
39126
39056
39127
39057
39128
39058
39129
39059
39130
39060
39131
39061
39132
39062
39133
39063
39134
39064
39135
39065
39136
39066
39137
39138
41575
39068
39139
39069
39140
39070
39141
39071
39142
39072
39143
39073
39144
39074
39145
39075
39146
39076
39147
39077
39148
39078
39149
39079
39150
39080
39151
39081
39152
39082
39153
39083
39154
39084
39155
39085
39156
39086
39157
39087
39158
39088
39159
39089
39160
39090
39161
39091
39162
39092
39163
39093
39164
39094
39165
39095
39166
39096
39167
39097
39168
39098
39169
39099
39170
39100
39171
39101
39172
39102
39173
39103
39174
39104
39175
39105
39176
39106
39177
39107
39178
39108
39179
39109
39180
39110
39181
39111
39182
39112
39183
39113
39184
39114
39185
39115
39186
39116
39187
39117
39188
39118
39189
39119
39190
39120
39191
39121
39192
39122
39193
39123
39194
39124
39195
39125
39196
39126
39197
39127
39198
39128
39199
39129
39200
39130
39201
39131
39202
39132
39203
39133
39204
39134
39205
39135
39206
39136
39207
39137
39208
39138
39209
39210
41650
39140
39211
39141
39212
39142
39213
39143
39214
39144
39215
39145
39216
39146
39217
39147
39218
39148
39219
39149
39220
39150
39221
39151
39222
39152
39223
39153
39224
39154
39225
39155
39226
39156
39227
39157
39228
39158
39229
39159
39230
39160
39231
39161
39232
39162
39233
39163
39234
39164
39235
39165
39236
39166
39237
39167
39238
39168
39239
39169
39240
39170
39241
39171
39242
39172
39243
39173
39244
39174
39245
39175
39246
39176
39247
39177
39248
39178
39249
39179
39250
39180
39251
39181
39252
39182
39253
39183
39254
39184
39255
39185
39256
39186
39257
39187
39258
39188
39259
39189
39260
39190
39261
39191
39262
39192
39263
39193
39264
39194
39265
39195
39266
39196
39267
39197
39268
39198
39269
39199
39270
39200
39271
39201
39272
39202
39273
39203
39274
39204
39275
39205
39276
39206
39277
39207
39278
39208
39279
39209
39280
39210
39281
39282
41725
39212
39283
39213
39284
39214
39285
39215
39286
39216
39287
39217
39288
39218
39289
39219
39290
39220
39291
39221
39292
39222
39293
39223
39294
39224
39295
39225
39296
39226
39297
39227
39298
39228
39299
39229
39300
39230
39301
39231
39302
39232
39303
39233
39304
39234
39305
39235
39306
39236
39307
39237
39308
39238
39309
39239
39310
39240
39311
39241
39312
39242
39313
39243
39314
39244
39315
39245
39316
39246
39317
39247
39318
39248
39319
39249
39320
39250
39321
39251
39322
39252
39323
39253
39324
39254
39325
39255
39326
39256
39327
39257
39328
39258
39329
39259
39330
39260
39331
39261
39332
39262
39333
39263
39334
39264
39335
39265
39336
39266
39337
39267
39338
39268
39339
39269
39340
39270
39341
39271
39342
39272
39343
39273
39344
39274
39345
39275
39346
39276
39347
39277
39348
39278
39349
39279
39350
39280
39351
39281
39352
39282
39353
39354
41800
39284
39355
39285
39356
39286
39357
39287
39358
39288
39359
39289
39360
39290
39361
39291
39362
39292
39363
39293
39364
39294
39365
39295
39366
39296
39367
39297
39368
39298
39369
39299
39370
39300
39371
39301
39372
39302
39373
39303
39374
39304
39375
39305
39376
39306
39377
39307
39378
39308
39379
39309
39380
39310
39381
39311
39382
39312
39383
39313
39384
39314
39385
39315
39386
39316
39387
39317
39388
39318
39389
39319
39390
39320
39391
39321
39392
39322
39393
39323
39394
39324
39395
39325
39396
39326
39397
39327
39398
39328
39399
39329
39400
39330
39401
39331
39402
39332
39403
39333
39404
39334
39405
39335
39406
39336
39407
39337
39408
39338
39409
39339
39410
39340
39411
39341
39412
39342
39413
39343
39414
39344
39415
39345
39416
39346
39417
39347
39418
39348
39419
39349
39420
39350
39421
39351
39422
39352
39423
39353
39424
39354
39425
39426
41875
39356
39427
39357
39428
39358
39429
39359
39430
39360
39431
39361
39432
39362
39433
39363
39434
39364
39435
39365
39436
39366
39437
39367
39438
39368
39439
39369
39440
39370
39441
39371
39442
39372
39443
39373
39444
39374
39445
39375
39446
39376
39447
39377
39448
39378
39449
39379
39450
39380
39451
39381
39452
39382
39453
39383
39454
39384
39455
39385
39456
39386
39457
39387
39458
39388
39459
39389
39460
39390
39461
39391
39462
39392
39463
39393
39464
39394
39465
39395
39466
39396
39467
39397
39468
39398
39469
39399
39470
39400
39471
39401
39472
39402
39473
39403
39474
39404
39475
39405
39476
39406
39477
39407
39478
39408
39479
39409
39480
39410
39481
39411
39482
39412
39483
39413
39484
39414
39485
39415
39486
39416
39487
39417
39488
39418
39489
39419
39490
39420
39491
39421
39492
39422
39493
39423
39494
39424
39495
39425
39496
39426
39497
39498
41950
39428
39499
39429
39500
39430
39501
39431
39502
39432
39503
39433
39504
39434
39505
39435
39506
39436
39507
39437
39508
39438
39509
39439
39510
39440
39511
39441
39512
39442
39513
39443
39514
39444
39515
39445
39516
39446
39517
39447
39518
39448
39519
39449
39520
39450
39521
39451
39522
39452
39523
39453
39524
39454
39525
39455
39526
39456
39527
39457
39528
39458
39529
39459
39530
39460
39531
39461
39532
39462
39533
39463
39534
39464
39535
39465
39536
39466
39537
39467
39538
39468
39539
39469
39540
39470
39541
39471
39542
39472
39543
39473
39544
39474
39545
39475
39546
39476
39547
39477
39548
39478
39549
39479
39550
39480
39551
39481
39552
39482
39553
39483
39554
39484
39555
39485
39556
39486
39557
39487
39558
39488
39559
39489
39560
39490
39561
39491
39562
39492
39563
39493
39564
39494
39565
39495
39566
39496
39567
39497
39568
39498
39569
39570
42025
39500
39571
39501
39572
39502
39573
39503
39574
39504
39575
39505
39576
39506
39577
39507
39578
39508
39579
39509
39580
39510
39581
39511
39582
39512
39583
39513
39584
39514
39585
39515
39586
39516
39587
39517
39588
39518
39589
39519
39590
39520
39591
39521
39592
39522
39593
39523
39594
39524
39595
39525
39596
39526
39597
39527
39598
39528
39599
39529
39600
39530
39601
39531
39602
39532
39603
39533
39604
39534
39605
39535
39606
39536
39607
39537
39608
39538
39609
39539
39610
39540
39611
39541
39612
39542
39613
39543
39614
39544
39615
39545
39616
39546
39617
39547
39618
39548
39619
39549
39620
39550
39621
39551
39622
39552
39623
39553
39624
39554
39625
39555
39626
39556
39627
39557
39628
39558
39629
39559
39630
39560
39631
39561
39632
39562
39633
39563
39634
39564
39635
39565
39636
39566
39637
39567
39638
39568
39639
39569
39640
39570
39641
39642
42100
39572
39643
39573
39644
39574
39645
39575
39646
39576
39647
39577
39648
39578
39649
39579
39650
39580
39651
39581
39652
39582
39653
39583
39654
39584
39655
39585
39656
39586
39657
39587
39658
39588
39659
39589
39660
39590
39661
39591
39662
39592
39663
39593
39664
39594
39665
39595
39666
39596
39667
39597
39668
39598
39669
39599
39670
39600
39671
39601
39672
39602
39673
39603
39674
39604
39675
39605
39676
39606
39677
39607
39678
39608
39679
39609
39680
39610
39681
39611
39682
39612
39683
39613
39684
39614
39685
39615
39686
39616
39687
39617
39688
39618
39689
39619
39690
39620
39691
39621
39692
39622
39693
39623
39694
39624
39695
39625
39696
39626
39697
39627
39698
39628
39699
39629
39700
39630
39701
39631
39702
39632
39703
39633
39704
39634
39705
39635
39706
39636
39707
39637
39708
39638
39709
39639
39710
39640
39711
39641
39712
39642
39713
39714
42175
39644
39715
39645
39716
39646
39717
39647
39718
39648
39719
39649
39720
39650
39721
39651
39722
39652
39723
39653
39724
39654
39725
39655
39726
39656
39727
39657
39728
39658
39729
39659
39730
39660
39731
39661
39732
39662
39733
39663
39734
39664
39735
39665
39736
39666
39737
39667
39738
39668
39739
39669
39740
39670
39741
39671
39742
39672
39743
39673
39744
39674
39745
39675
39746
39676
39747
39677
39748
39678
39749
39679
39750
39680
39751
39681
39752
39682
39753
39683
39754
39684
39755
39685
39756
39686
39757
39687
39758
39688
39759
39689
39760
39690
39761
39691
39762
39692
39763
39693
39764
39694
39765
39695
39766
39696
39767
39697
39768
39698
39769
39699
39770
39700
39771
39701
39772
39702
39773
39703
39774
39704
39775
39705
39776
39706
39777
39707
39778
39708
39779
39709
39780
39710
39781
39711
39782
39712
39783
39713
39784
39714
39785
39786
42250
39716
39787
39717
39788
39718
39789
39719
39790
39720
39791
39721
39792
39722
39793
39723
39794
39724
39795
39725
39796
39726
39797
39727
39798
39728
39799
39729
39800
39730
39801
39731
39802
39732
39803
39733
39804
39734
39805
39735
39806
39736
39807
39737
39808
39738
39809
39739
39810
39740
39811
39741
39812
39742
39813
39743
39814
39744
39815
39745
39816
39746
39817
39747
39818
39748
39819
39749
39820
39750
39821
39751
39822
39752
39823
39753
39824
39754
39825
39755
39826
39756
39827
39757
39828
39758
39829
39759
39830
39760
39831
39761
39832
39762
39833
39763
39834
39764
39835
39765
39836
39766
39837
39767
39838
39768
39839
39769
39840
39770
39841
39771
39842
39772
39843
39773
39844
39774
39845
39775
39846
39776
39847
39777
39848
39778
39849
39779
39850
39780
39851
39781
39852
39782
39853
39783
39854
39784
39855
39785
39856
39786
39857
39858
42325
39788
39859
39789
39860
39790
39861
39791
39862
39792
39863
39793
39864
39794
39865
39795
39866
39796
39867
39797
39868
39798
39869
39799
39870
39800
39871
39801
39872
39802
39873
39803
39874
39804
39875
39805
39876
39806
39877
39807
39878
39808
39879
39809
39880
39810
39881
39811
39882
39812
39883
39813
39884
39814
39885
39815
39886
39816
39887
39817
39888
39818
39889
39819
39890
39820
39891
39821
39892
39822
39893
39823
39894
39824
39895
39825
39896
39826
39897
39827
39898
39828
39899
39829
39900
39830
39901
39831
39902
39832
39903
39833
39904
39834
39905
39835
39906
39836
39907
39837
39908
39838
39909
39839
39910
39840
39911
39841
39912
39842
39913
39843
39914
39844
39915
39845
39916
39846
39917
39847
39918
39848
39919
39849
39920
39850
39921
39851
39922
39852
39923
39853
39924
39854
39925
39855
39926
39856
39927
39857
39928
39858
39929
39930
42400
39860
39931
39861
39932
39862
39933
39863
39934
39864
39935
39865
39936
39866
39937
39867
39938
39868
39939
39869
39940
39870
39941
39871
39942
39872
39943
39873
39944
39874
39945
39875
39946
39876
39947
39877
39948
39878
39949
39879
39950
39880
39951
39881
39952
39882
39953
39883
39954
39884
39955
39885
39956
39886
39957
39887
39958
39888
39959
39889
39960
39890
39961
39891
39962
39892
39963
39893
39964
39894
39965
39895
39966
39896
39967
39897
39968
39898
39969
39899
39970
39900
39971
39901
39972
39902
39973
39903
39974
39904
39975
39905
39976
39906
39977
39907
39978
39908
39979
39909
39980
39910
39981
39911
39982
39912
39983
39913
39984
39914
39985
39915
39986
39916
39987
39917
39988
39918
39989
39919
39990
39920
39991
39921
39992
39922
39993
39923
39994
39924
39995
39925
39996
39926
39997
39927
39998
39928
39999
39929
40000
39930
40001
40002
42475
39932
40003
39933
40004
39934
40005
39935
40006
39936
40007
39937
40008
39938
40009
39939
40010
39940
40011
39941
40012
39942
40013
39943
40014
39944
40015
39945
40016
39946
40017
39947
40018
39948
40019
39949
40020
39950
40021
39951
40022
39952
40023
39953
40024
39954
40025
39955
40026
39956
40027
39957
40028
39958
40029
39959
40030
39960
40031
39961
40032
39962
40033
39963
40034
39964
40035
39965
40036
39966
40037
39967
40038
39968
40039
39969
40040
39970
40041
39971
40042
39972
40043
39973
40044
39974
40045
39975
40046
39976
40047
39977
40048
39978
40049
39979
40050
39980
40051
39981
40052
39982
40053
39983
40054
39984
40055
39985
40056
39986
40057
39987
40058
39988
40059
39989
40060
39990
40061
39991
40062
39992
40063
39993
40064
39994
40065
39995
40066
39996
40067
39997
40068
39998
40069
39999
40070
40000
40071
40001
40072
40002
40073
40074
42550
40004
40005
40006
40007
40008
40009
40010
40011
40012
40013
40014
40015
40016
40017
40018
40019
40020
40021
40022
40023
40024
40025
40026
40027
40028
40029
40030
40031
40032
40033
40034
40035
40036
40037
40038
40039
40040
40041
40042
40043
40044
40045
40046
40047
40048
40049
40050
40051
40052
40053
40054
40055
40056
40057
40058
40059
40060
40061
40062
40063
40064
40065
40066
40067
40068
40069
40070
40071
40072
40073
40074
42625
40076
40150
40077
40151
40078
40152
40079
40153
40080
40154
40081
40155
40082
40156
40083
40157
40084
40158
40085
40159
40086
40160
40087
40161
40088
40162
40089
40163
40090
40164
40091
40165
40092
40166
40093
40167
40094
40168
40095
40169
40096
40170
40097
40171
40098
40172
40099
40173
40100
40174
40101
40175
40102
40176
40103
40177
40104
40178
40105
40179
40106
40180
40107
40181
40108
40182
40109
40183
40110
40184
40111
40185
40112
40186
40113
40187
40114
40188
40115
40189
40116
40190
40117
40191
40118
40192
40119
40193
40120
40194
40121
40195
40122
40196
40123
40197
40124
40198
40125
40199
40126
40200
40127
40201
40128
40202
40129
40203
40130
40204
40131
40205
40132
40206
40133
40207
40134
40208
40135
40209
40136
40210
40137
40211
40138
40212
40139
40213
40140
40214
40141
40215
40142
40216
40143
40217
40144
40218
40145
40219
40146
40220
40147
40221
40148
40222
40149
40223
40224
40151
40225
40152
40226
40153
40227
40154
40228
40155
40229
40156
40230
40157
40231
40158
40232
40159
40233
40160
40234
40161
40235
40162
40236
40163
40237
40164
40238
40165
40239
40166
40240
40167
40241
40168
40242
40169
40243
40170
40244
40171
40245
40172
40246
40173
40247
40174
40248
40175
40249
40176
40250
40177
40251
40178
40252
40179
40253
40180
40254
40181
40255
40182
40256
40183
40257
40184
40258
40185
40259
40186
40260
40187
40261
40188
40262
40189
40263
40190
40264
40191
40265
40192
40266
40193
40267
40194
40268
40195
40269
40196
40270
40197
40271
40198
40272
40199
40273
40200
40274
40201
40275
40202
40276
40203
40277
40204
40278
40205
40279
40206
40280
40207
40281
40208
40282
40209
40283
40210
40284
40211
40285
40212
40286
40213
40287
40214
40288
40215
40289
40216
40290
40217
40291
40218
40292
40219
40293
40220
40294
40221
40295
40222
40296
40223
40297
40224
40298
40299
40226
40300
40227
40301
40228
40302
40229
40303
40230
40304
40231
40305
40232
40306
40233
40307
40234
40308
40235
40309
40236
40310
40237
40311
40238
40312
40239
40313
40240
40314
40241
40315
40242
40316
40243
40317
40244
40318
40245
40319
40246
40320
40247
40321
40248
40322
40249
40323
40250
40324
40251
40325
40252
40326
40253
40327
40254
40328
40255
40329
40256
40330
40257
40331
40258
40332
40259
40333
40260
40334
40261
40335
40262
40336
40263
40337
40264
40338
40265
40339
40266
40340
40267
40341
40268
40342
40269
40343
40270
40344
40271
40345
40272
40346
40273
40347
40274
40348
40275
40349
40276
40350
40277
40351
40278
40352
40279
40353
40280
40354
40281
40355
40282
40356
40283
40357
40284
40358
40285
40359
40286
40360
40287
40361
40288
40362
40289
40363
40290
40364
40291
40365
40292
40366
40293
40367
40294
40368
40295
40369
40296
40370
40297
40371
40298
40372
40299
40373
40374
40301
40375
40302
40376
40303
40377
40304
40378
40305
40379
40306
40380
40307
40381
40308
40382
40309
40383
40310
40384
40311
40385
40312
40386
40313
40387
40314
40388
40315
40389
40316
40390
40317
40391
40318
40392
40319
40393
40320
40394
40321
40395
40322
40396
40323
40397
40324
40398
40325
40399
40326
40400
40327
40401
40328
40402
40329
40403
40330
40404
40331
40405
40332
40406
40333
40407
40334
40408
40335
40409
40336
40410
40337
40411
40338
40412
40339
40413
40340
40414
40341
40415
40342
40416
40343
40417
40344
40418
40345
40419
40346
40420
40347
40421
40348
40422
40349
40423
40350
40424
40351
40425
40352
40426
40353
40427
40354
40428
40355
40429
40356
40430
40357
40431
40358
40432
40359
40433
40360
40434
40361
40435
40362
40436
40363
40437
40364
40438
40365
40439
40366
40440
40367
40441
40368
40442
40369
40443
40370
40444
40371
40445
40372
40446
40373
40447
40374
40448
40449
40376
40450
40377
40451
40378
40452
40379
40453
40380
40454
40381
40455
40382
40456
40383
40457
40384
40458
40385
40459
40386
40460
40387
40461
40388
40462
40389
40463
40390
40464
40391
40465
40392
40466
40393
40467
40394
40468
40395
40469
40396
40470
40397
40471
40398
40472
40399
40473
40400
40474
40401
40475
40402
40476
40403
40477
40404
40478
40405
40479
40406
40480
40407
40481
40408
40482
40409
40483
40410
40484
40411
40485
40412
40486
40413
40487
40414
40488
40415
40489
40416
40490
40417
40491
40418
40492
40419
40493
40420
40494
40421
40495
40422
40496
40423
40497
40424
40498
40425
40499
40426
40500
40427
40501
40428
40502
40429
40503
40430
40504
40431
40505
40432
40506
40433
40507
40434
40508
40435
40509
40436
40510
40437
40511
40438
40512
40439
40513
40440
40514
40441
40515
40442
40516
40443
40517
40444
40518
40445
40519
40446
40520
40447
40521
40448
40522
40449
40523
40524
40451
40525
40452
40526
40453
40527
40454
40528
40455
40529
40456
40530
40457
40531
40458
40532
40459
40533
40460
40534
40461
40535
40462
40536
40463
40537
40464
40538
40465
40539
40466
40540
40467
40541
40468
40542
40469
40543
40470
40544
40471
40545
40472
40546
40473
40547
40474
40548
40475
40549
40476
40550
40477
40551
40478
40552
40479
40553
40480
40554
40481
40555
40482
40556
40483
40557
40484
40558
40485
40559
40486
40560
40487
40561
40488
40562
40489
40563
40490
40564
40491
40565
40492
40566
40493
40567
40494
40568
40495
40569
40496
40570
40497
40571
40498
40572
40499
40573
40500
40574
40501
40575
40502
40576
40503
40577
40504
40578
40505
40579
40506
40580
40507
40581
40508
40582
40509
40583
40510
40584
40511
40585
40512
40586
40513
40587
40514
40588
40515
40589
40516
40590
40517
40591
40518
40592
40519
40593
40520
40594
40521
40595
40522
40596
40523
40597
40524
40598
40599
40526
40600
40527
40601
40528
40602
40529
40603
40530
40604
40531
40605
40532
40606
40533
40607
40534
40608
40535
40609
40536
40610
40537
40611
40538
40612
40539
40613
40540
40614
40541
40615
40542
40616
40543
40617
40544
40618
40545
40619
40546
40620
40547
40621
40548
40622
40549
40623
40550
40624
40551
40625
40552
40626
40553
40627
40554
40628
40555
40629
40556
40630
40557
40631
40558
40632
40559
40633
40560
40634
40561
40635
40562
40636
40563
40637
40564
40638
40565
40639
40566
40640
40567
40641
40568
40642
40569
40643
40570
40644
40571
40645
40572
40646
40573
40647
40574
40648
40575
40649
40576
40650
40577
40651
40578
40652
40579
40653
40580
40654
40581
40655
40582
40656
40583
40657
40584
40658
40585
40659
40586
40660
40587
40661
40588
40662
40589
40663
40590
40664
40591
40665
40592
40666
40593
40667
40594
40668
40595
40669
40596
40670
40597
40671
40598
40672
40599
40673
40674
40601
40675
40602
40676
40603
40677
40604
40678
40605
40679
40606
40680
40607
40681
40608
40682
40609
40683
40610
40684
40611
40685
40612
40686
40613
40687
40614
40688
40615
40689
40616
40690
40617
40691
40618
40692
40619
40693
40620
40694
40621
40695
40622
40696
40623
40697
40624
40698
40625
40699
40626
40700
40627
40701
40628
40702
40629
40703
40630
40704
40631
40705
40632
40706
40633
40707
40634
40708
40635
40709
40636
40710
40637
40711
40638
40712
40639
40713
40640
40714
40641
40715
40642
40716
40643
40717
40644
40718
40645
40719
40646
40720
40647
40721
40648
40722
40649
40723
40650
40724
40651
40725
40652
40726
40653
40727
40654
40728
40655
40729
40656
40730
40657
40731
40658
40732
40659
40733
40660
40734
40661
40735
40662
40736
40663
40737
40664
40738
40665
40739
40666
40740
40667
40741
40668
40742
40669
40743
40670
40744
40671
40745
40672
40746
40673
40747
40674
40748
40749
40676
40750
40677
40751
40678
40752
40679
40753
40680
40754
40681
40755
40682
40756
40683
40757
40684
40758
40685
40759
40686
40760
40687
40761
40688
40762
40689
40763
40690
40764
40691
40765
40692
40766
40693
40767
40694
40768
40695
40769
40696
40770
40697
40771
40698
40772
40699
40773
40700
40774
40701
40775
40702
40776
40703
40777
40704
40778
40705
40779
40706
40780
40707
40781
40708
40782
40709
40783
40710
40784
40711
40785
40712
40786
40713
40787
40714
40788
40715
40789
40716
40790
40717
40791
40718
40792
40719
40793
40720
40794
40721
40795
40722
40796
40723
40797
40724
40798
40725
40799
40726
40800
40727
40801
40728
40802
40729
40803
40730
40804
40731
40805
40732
40806
40733
40807
40734
40808
40735
40809
40736
40810
40737
40811
40738
40812
40739
40813
40740
40814
40741
40815
40742
40816
40743
40817
40744
40818
40745
40819
40746
40820
40747
40821
40748
40822
40749
40823
40824
40751
40825
40752
40826
40753
40827
40754
40828
40755
40829
40756
40830
40757
40831
40758
40832
40759
40833
40760
40834
40761
40835
40762
40836
40763
40837
40764
40838
40765
40839
40766
40840
40767
40841
40768
40842
40769
40843
40770
40844
40771
40845
40772
40846
40773
40847
40774
40848
40775
40849
40776
40850
40777
40851
40778
40852
40779
40853
40780
40854
40781
40855
40782
40856
40783
40857
40784
40858
40785
40859
40786
40860
40787
40861
40788
40862
40789
40863
40790
40864
40791
40865
40792
40866
40793
40867
40794
40868
40795
40869
40796
40870
40797
40871
40798
40872
40799
40873
40800
40874
40801
40875
40802
40876
40803
40877
40804
40878
40805
40879
40806
40880
40807
40881
40808
40882
40809
40883
40810
40884
40811
40885
40812
40886
40813
40887
40814
40888
40815
40889
40816
40890
40817
40891
40818
40892
40819
40893
40820
40894
40821
40895
40822
40896
40823
40897
40824
40898
40899
40826
40900
40827
40901
40828
40902
40829
40903
40830
40904
40831
40905
40832
40906
40833
40907
40834
40908
40835
40909
40836
40910
40837
40911
40838
40912
40839
40913
40840
40914
40841
40915
40842
40916
40843
40917
40844
40918
40845
40919
40846
40920
40847
40921
40848
40922
40849
40923
40850
40924
40851
40925
40852
40926
40853
40927
40854
40928
40855
40929
40856
40930
40857
40931
40858
40932
40859
40933
40860
40934
40861
40935
40862
40936
40863
40937
40864
40938
40865
40939
40866
40940
40867
40941
40868
40942
40869
40943
40870
40944
40871
40945
40872
40946
40873
40947
40874
40948
40875
40949
40876
40950
40877
40951
40878
40952
40879
40953
40880
40954
40881
40955
40882
40956
40883
40957
40884
40958
40885
40959
40886
40960
40887
40961
40888
40962
40889
40963
40890
40964
40891
40965
40892
40966
40893
40967
40894
40968
40895
40969
40896
40970
40897
40971
40898
40972
40899
40973
40974
40901
40975
40902
40976
40903
40977
40904
40978
40905
40979
40906
40980
40907
40981
40908
40982
40909
40983
40910
40984
40911
40985
40912
40986
40913
40987
40914
40988
40915
40989
40916
40990
40917
40991
40918
40992
40919
40993
40920
40994
40921
40995
40922
40996
40923
40997
40924
40998
40925
40999
40926
41000
40927
41001
40928
41002
40929
41003
40930
41004
40931
41005
40932
41006
40933
41007
40934
41008
40935
41009
40936
41010
40937
41011
40938
41012
40939
41013
40940
41014
40941
41015
40942
41016
40943
41017
40944
41018
40945
41019
40946
41020
40947
41021
40948
41022
40949
41023
40950
41024
40951
41025
40952
41026
40953
41027
40954
41028
40955
41029
40956
41030
40957
41031
40958
41032
40959
41033
40960
41034
40961
41035
40962
41036
40963
41037
40964
41038
40965
41039
40966
41040
40967
41041
40968
41042
40969
41043
40970
41044
40971
41045
40972
41046
40973
41047
40974
41048
41049
40976
41050
40977
41051
40978
41052
40979
41053
40980
41054
40981
41055
40982
41056
40983
41057
40984
41058
40985
41059
40986
41060
40987
41061
40988
41062
40989
41063
40990
41064
40991
41065
40992
41066
40993
41067
40994
41068
40995
41069
40996
41070
40997
41071
40998
41072
40999
41073
41000
41074
41001
41075
41002
41076
41003
41077
41004
41078
41005
41079
41006
41080
41007
41081
41008
41082
41009
41083
41010
41084
41011
41085
41012
41086
41013
41087
41014
41088
41015
41089
41016
41090
41017
41091
41018
41092
41019
41093
41020
41094
41021
41095
41022
41096
41023
41097
41024
41098
41025
41099
41026
41100
41027
41101
41028
41102
41029
41103
41030
41104
41031
41105
41032
41106
41033
41107
41034
41108
41035
41109
41036
41110
41037
41111
41038
41112
41039
41113
41040
41114
41041
41115
41042
41116
41043
41117
41044
41118
41045
41119
41046
41120
41047
41121
41048
41122
41049
41123
41124
41051
41125
41052
41126
41053
41127
41054
41128
41055
41129
41056
41130
41057
41131
41058
41132
41059
41133
41060
41134
41061
41135
41062
41136
41063
41137
41064
41138
41065
41139
41066
41140
41067
41141
41068
41142
41069
41143
41070
41144
41071
41145
41072
41146
41073
41147
41074
41148
41075
41149
41076
41150
41077
41151
41078
41152
41079
41153
41080
41154
41081
41155
41082
41156
41083
41157
41084
41158
41085
41159
41086
41160
41087
41161
41088
41162
41089
41163
41090
41164
41091
41165
41092
41166
41093
41167
41094
41168
41095
41169
41096
41170
41097
41171
41098
41172
41099
41173
41100
41174
41101
41175
41102
41176
41103
41177
41104
41178
41105
41179
41106
41180
41107
41181
41108
41182
41109
41183
41110
41184
41111
41185
41112
41186
41113
41187
41114
41188
41115
41189
41116
41190
41117
41191
41118
41192
41119
41193
41120
41194
41121
41195
41122
41196
41123
41197
41124
41198
41199
41126
41200
41127
41201
41128
41202
41129
41203
41130
41204
41131
41205
41132
41206
41133
41207
41134
41208
41135
41209
41136
41210
41137
41211
41138
41212
41139
41213
41140
41214
41141
41215
41142
41216
41143
41217
41144
41218
41145
41219
41146
41220
41147
41221
41148
41222
41149
41223
41150
41224
41151
41225
41152
41226
41153
41227
41154
41228
41155
41229
41156
41230
41157
41231
41158
41232
41159
41233
41160
41234
41161
41235
41162
41236
41163
41237
41164
41238
41165
41239
41166
41240
41167
41241
41168
41242
41169
41243
41170
41244
41171
41245
41172
41246
41173
41247
41174
41248
41175
41249
41176
41250
41177
41251
41178
41252
41179
41253
41180
41254
41181
41255
41182
41256
41183
41257
41184
41258
41185
41259
41186
41260
41187
41261
41188
41262
41189
41263
41190
41264
41191
41265
41192
41266
41193
41267
41194
41268
41195
41269
41196
41270
41197
41271
41198
41272
41199
41273
41274
41201
41275
41202
41276
41203
41277
41204
41278
41205
41279
41206
41280
41207
41281
41208
41282
41209
41283
41210
41284
41211
41285
41212
41286
41213
41287
41214
41288
41215
41289
41216
41290
41217
41291
41218
41292
41219
41293
41220
41294
41221
41295
41222
41296
41223
41297
41224
41298
41225
41299
41226
41300
41227
41301
41228
41302
41229
41303
41230
41304
41231
41305
41232
41306
41233
41307
41234
41308
41235
41309
41236
41310
41237
41311
41238
41312
41239
41313
41240
41314
41241
41315
41242
41316
41243
41317
41244
41318
41245
41319
41246
41320
41247
41321
41248
41322
41249
41323
41250
41324
41251
41325
41252
41326
41253
41327
41254
41328
41255
41329
41256
41330
41257
41331
41258
41332
41259
41333
41260
41334
41261
41335
41262
41336
41263
41337
41264
41338
41265
41339
41266
41340
41267
41341
41268
41342
41269
41343
41270
41344
41271
41345
41272
41346
41273
41347
41274
41348
41349
41276
41350
41277
41351
41278
41352
41279
41353
41280
41354
41281
41355
41282
41356
41283
41357
41284
41358
41285
41359
41286
41360
41287
41361
41288
41362
41289
41363
41290
41364
41291
41365
41292
41366
41293
41367
41294
41368
41295
41369
41296
41370
41297
41371
41298
41372
41299
41373
41300
41374
41301
41375
41302
41376
41303
41377
41304
41378
41305
41379
41306
41380
41307
41381
41308
41382
41309
41383
41310
41384
41311
41385
41312
41386
41313
41387
41314
41388
41315
41389
41316
41390
41317
41391
41318
41392
41319
41393
41320
41394
41321
41395
41322
41396
41323
41397
41324
41398
41325
41399
41326
41400
41327
41401
41328
41402
41329
41403
41330
41404
41331
41405
41332
41406
41333
41407
41334
41408
41335
41409
41336
41410
41337
41411
41338
41412
41339
41413
41340
41414
41341
41415
41342
41416
41343
41417
41344
41418
41345
41419
41346
41420
41347
41421
41348
41422
41349
41423
41424
41351
41425
41352
41426
41353
41427
41354
41428
41355
41429
41356
41430
41357
41431
41358
41432
41359
41433
41360
41434
41361
41435
41362
41436
41363
41437
41364
41438
41365
41439
41366
41440
41367
41441
41368
41442
41369
41443
41370
41444
41371
41445
41372
41446
41373
41447
41374
41448
41375
41449
41376
41450
41377
41451
41378
41452
41379
41453
41380
41454
41381
41455
41382
41456
41383
41457
41384
41458
41385
41459
41386
41460
41387
41461
41388
41462
41389
41463
41390
41464
41391
41465
41392
41466
41393
41467
41394
41468
41395
41469
41396
41470
41397
41471
41398
41472
41399
41473
41400
41474
41401
41475
41402
41476
41403
41477
41404
41478
41405
41479
41406
41480
41407
41481
41408
41482
41409
41483
41410
41484
41411
41485
41412
41486
41413
41487
41414
41488
41415
41489
41416
41490
41417
41491
41418
41492
41419
41493
41420
41494
41421
41495
41422
41496
41423
41497
41424
41498
41499
41426
41500
41427
41501
41428
41502
41429
41503
41430
41504
41431
41505
41432
41506
41433
41507
41434
41508
41435
41509
41436
41510
41437
41511
41438
41512
41439
41513
41440
41514
41441
41515
41442
41516
41443
41517
41444
41518
41445
41519
41446
41520
41447
41521
41448
41522
41449
41523
41450
41524
41451
41525
41452
41526
41453
41527
41454
41528
41455
41529
41456
41530
41457
41531
41458
41532
41459
41533
41460
41534
41461
41535
41462
41536
41463
41537
41464
41538
41465
41539
41466
41540
41467
41541
41468
41542
41469
41543
41470
41544
41471
41545
41472
41546
41473
41547
41474
41548
41475
41549
41476
41550
41477
41551
41478
41552
41479
41553
41480
41554
41481
41555
41482
41556
41483
41557
41484
41558
41485
41559
41486
41560
41487
41561
41488
41562
41489
41563
41490
41564
41491
41565
41492
41566
41493
41567
41494
41568
41495
41569
41496
41570
41497
41571
41498
41572
41499
41573
41574
41501
41575
41502
41576
41503
41577
41504
41578
41505
41579
41506
41580
41507
41581
41508
41582
41509
41583
41510
41584
41511
41585
41512
41586
41513
41587
41514
41588
41515
41589
41516
41590
41517
41591
41518
41592
41519
41593
41520
41594
41521
41595
41522
41596
41523
41597
41524
41598
41525
41599
41526
41600
41527
41601
41528
41602
41529
41603
41530
41604
41531
41605
41532
41606
41533
41607
41534
41608
41535
41609
41536
41610
41537
41611
41538
41612
41539
41613
41540
41614
41541
41615
41542
41616
41543
41617
41544
41618
41545
41619
41546
41620
41547
41621
41548
41622
41549
41623
41550
41624
41551
41625
41552
41626
41553
41627
41554
41628
41555
41629
41556
41630
41557
41631
41558
41632
41559
41633
41560
41634
41561
41635
41562
41636
41563
41637
41564
41638
41565
41639
41566
41640
41567
41641
41568
41642
41569
41643
41570
41644
41571
41645
41572
41646
41573
41647
41574
41648
41649
41576
41650
41577
41651
41578
41652
41579
41653
41580
41654
41581
41655
41582
41656
41583
41657
41584
41658
41585
41659
41586
41660
41587
41661
41588
41662
41589
41663
41590
41664
41591
41665
41592
41666
41593
41667
41594
41668
41595
41669
41596
41670
41597
41671
41598
41672
41599
41673
41600
41674
41601
41675
41602
41676
41603
41677
41604
41678
41605
41679
41606
41680
41607
41681
41608
41682
41609
41683
41610
41684
41611
41685
41612
41686
41613
41687
41614
41688
41615
41689
41616
41690
41617
41691
41618
41692
41619
41693
41620
41694
41621
41695
41622
41696
41623
41697
41624
41698
41625
41699
41626
41700
41627
41701
41628
41702
41629
41703
41630
41704
41631
41705
41632
41706
41633
41707
41634
41708
41635
41709
41636
41710
41637
41711
41638
41712
41639
41713
41640
41714
41641
41715
41642
41716
41643
41717
41644
41718
41645
41719
41646
41720
41647
41721
41648
41722
41649
41723
41724
41651
41725
41652
41726
41653
41727
41654
41728
41655
41729
41656
41730
41657
41731
41658
41732
41659
41733
41660
41734
41661
41735
41662
41736
41663
41737
41664
41738
41665
41739
41666
41740
41667
41741
41668
41742
41669
41743
41670
41744
41671
41745
41672
41746
41673
41747
41674
41748
41675
41749
41676
41750
41677
41751
41678
41752
41679
41753
41680
41754
41681
41755
41682
41756
41683
41757
41684
41758
41685
41759
41686
41760
41687
41761
41688
41762
41689
41763
41690
41764
41691
41765
41692
41766
41693
41767
41694
41768
41695
41769
41696
41770
41697
41771
41698
41772
41699
41773
41700
41774
41701
41775
41702
41776
41703
41777
41704
41778
41705
41779
41706
41780
41707
41781
41708
41782
41709
41783
41710
41784
41711
41785
41712
41786
41713
41787
41714
41788
41715
41789
41716
41790
41717
41791
41718
41792
41719
41793
41720
41794
41721
41795
41722
41796
41723
41797
41724
41798
41799
41726
41800
41727
41801
41728
41802
41729
41803
41730
41804
41731
41805
41732
41806
41733
41807
41734
41808
41735
41809
41736
41810
41737
41811
41738
41812
41739
41813
41740
41814
41741
41815
41742
41816
41743
41817
41744
41818
41745
41819
41746
41820
41747
41821
41748
41822
41749
41823
41750
41824
41751
41825
41752
41826
41753
41827
41754
41828
41755
41829
41756
41830
41757
41831
41758
41832
41759
41833
41760
41834
41761
41835
41762
41836
41763
41837
41764
41838
41765
41839
41766
41840
41767
41841
41768
41842
41769
41843
41770
41844
41771
41845
41772
41846
41773
41847
41774
41848
41775
41849
41776
41850
41777
41851
41778
41852
41779
41853
41780
41854
41781
41855
41782
41856
41783
41857
41784
41858
41785
41859
41786
41860
41787
41861
41788
41862
41789
41863
41790
41864
41791
41865
41792
41866
41793
41867
41794
41868
41795
41869
41796
41870
41797
41871
41798
41872
41799
41873
41874
41801
41875
41802
41876
41803
41877
41804
41878
41805
41879
41806
41880
41807
41881
41808
41882
41809
41883
41810
41884
41811
41885
41812
41886
41813
41887
41814
41888
41815
41889
41816
41890
41817
41891
41818
41892
41819
41893
41820
41894
41821
41895
41822
41896
41823
41897
41824
41898
41825
41899
41826
41900
41827
41901
41828
41902
41829
41903
41830
41904
41831
41905
41832
41906
41833
41907
41834
41908
41835
41909
41836
41910
41837
41911
41838
41912
41839
41913
41840
41914
41841
41915
41842
41916
41843
41917
41844
41918
41845
41919
41846
41920
41847
41921
41848
41922
41849
41923
41850
41924
41851
41925
41852
41926
41853
41927
41854
41928
41855
41929
41856
41930
41857
41931
41858
41932
41859
41933
41860
41934
41861
41935
41862
41936
41863
41937
41864
41938
41865
41939
41866
41940
41867
41941
41868
41942
41869
41943
41870
41944
41871
41945
41872
41946
41873
41947
41874
41948
41949
41876
41950
41877
41951
41878
41952
41879
41953
41880
41954
41881
41955
41882
41956
41883
41957
41884
41958
41885
41959
41886
41960
41887
41961
41888
41962
41889
41963
41890
41964
41891
41965
41892
41966
41893
41967
41894
41968
41895
41969
41896
41970
41897
41971
41898
41972
41899
41973
41900
41974
41901
41975
41902
41976
41903
41977
41904
41978
41905
41979
41906
41980
41907
41981
41908
41982
41909
41983
41910
41984
41911
41985
41912
41986
41913
41987
41914
41988
41915
41989
41916
41990
41917
41991
41918
41992
41919
41993
41920
41994
41921
41995
41922
41996
41923
41997
41924
41998
41925
41999
41926
42000
41927
42001
41928
42002
41929
42003
41930
42004
41931
42005
41932
42006
41933
42007
41934
42008
41935
42009
41936
42010
41937
42011
41938
42012
41939
42013
41940
42014
41941
42015
41942
42016
41943
42017
41944
42018
41945
42019
41946
42020
41947
42021
41948
42022
41949
42023
42024
41951
42025
41952
42026
41953
42027
41954
42028
41955
42029
41956
42030
41957
42031
41958
42032
41959
42033
41960
42034
41961
42035
41962
42036
41963
42037
41964
42038
41965
42039
41966
42040
41967
42041
41968
42042
41969
42043
41970
42044
41971
42045
41972
42046
41973
42047
41974
42048
41975
42049
41976
42050
41977
42051
41978
42052
41979
42053
41980
42054
41981
42055
41982
42056
41983
42057
41984
42058
41985
42059
41986
42060
41987
42061
41988
42062
41989
42063
41990
42064
41991
42065
41992
42066
41993
42067
41994
42068
41995
42069
41996
42070
41997
42071
41998
42072
41999
42073
42000
42074
42001
42075
42002
42076
42003
42077
42004
42078
42005
42079
42006
42080
42007
42081
42008
42082
42009
42083
42010
42084
42011
42085
42012
42086
42013
42087
42014
42088
42015
42089
42016
42090
42017
42091
42018
42092
42019
42093
42020
42094
42021
42095
42022
42096
42023
42097
42024
42098
42099
42026
42100
42027
42101
42028
42102
42029
42103
42030
42104
42031
42105
42032
42106
42033
42107
42034
42108
42035
42109
42036
42110
42037
42111
42038
42112
42039
42113
42040
42114
42041
42115
42042
42116
42043
42117
42044
42118
42045
42119
42046
42120
42047
42121
42048
42122
42049
42123
42050
42124
42051
42125
42052
42126
42053
42127
42054
42128
42055
42129
42056
42130
42057
42131
42058
42132
42059
42133
42060
42134
42061
42135
42062
42136
42063
42137
42064
42138
42065
42139
42066
42140
42067
42141
42068
42142
42069
42143
42070
42144
42071
42145
42072
42146
42073
42147
42074
42148
42075
42149
42076
42150
42077
42151
42078
42152
42079
42153
42080
42154
42081
42155
42082
42156
42083
42157
42084
42158
42085
42159
42086
42160
42087
42161
42088
42162
42089
42163
42090
42164
42091
42165
42092
42166
42093
42167
42094
42168
42095
42169
42096
42170
42097
42171
42098
42172
42099
42173
42174
42101
42175
42102
42176
42103
42177
42104
42178
42105
42179
42106
42180
42107
42181
42108
42182
42109
42183
42110
42184
42111
42185
42112
42186
42113
42187
42114
42188
42115
42189
42116
42190
42117
42191
42118
42192
42119
42193
42120
42194
42121
42195
42122
42196
42123
42197
42124
42198
42125
42199
42126
42200
42127
42201
42128
42202
42129
42203
42130
42204
42131
42205
42132
42206
42133
42207
42134
42208
42135
42209
42136
42210
42137
42211
42138
42212
42139
42213
42140
42214
42141
42215
42142
42216
42143
42217
42144
42218
42145
42219
42146
42220
42147
42221
42148
42222
42149
42223
42150
42224
42151
42225
42152
42226
42153
42227
42154
42228
42155
42229
42156
42230
42157
42231
42158
42232
42159
42233
42160
42234
42161
42235
42162
42236
42163
42237
42164
42238
42165
42239
42166
42240
42167
42241
42168
42242
42169
42243
42170
42244
42171
42245
42172
42246
42173
42247
42174
42248
42249
42176
42250
42177
42251
42178
42252
42179
42253
42180
42254
42181
42255
42182
42256
42183
42257
42184
42258
42185
42259
42186
42260
42187
42261
42188
42262
42189
42263
42190
42264
42191
42265
42192
42266
42193
42267
42194
42268
42195
42269
42196
42270
42197
42271
42198
42272
42199
42273
42200
42274
42201
42275
42202
42276
42203
42277
42204
42278
42205
42279
42206
42280
42207
42281
42208
42282
42209
42283
42210
42284
42211
42285
42212
42286
42213
42287
42214
42288
42215
42289
42216
42290
42217
42291
42218
42292
42219
42293
42220
42294
42221
42295
42222
42296
42223
42297
42224
42298
42225
42299
42226
42300
42227
42301
42228
42302
42229
42303
42230
42304
42231
42305
42232
42306
42233
42307
42234
42308
42235
42309
42236
42310
42237
42311
42238
42312
42239
42313
42240
42314
42241
42315
42242
42316
42243
42317
42244
42318
42245
42319
42246
42320
42247
42321
42248
42322
42249
42323
42324
42251
42325
42252
42326
42253
42327
42254
42328
42255
42329
42256
42330
42257
42331
42258
42332
42259
42333
42260
42334
42261
42335
42262
42336
42263
42337
42264
42338
42265
42339
42266
42340
42267
42341
42268
42342
42269
42343
42270
42344
42271
42345
42272
42346
42273
42347
42274
42348
42275
42349
42276
42350
42277
42351
42278
42352
42279
42353
42280
42354
42281
42355
42282
42356
42283
42357
42284
42358
42285
42359
42286
42360
42287
42361
42288
42362
42289
42363
42290
42364
42291
42365
42292
42366
42293
42367
42294
42368
42295
42369
42296
42370
42297
42371
42298
42372
42299
42373
42300
42374
42301
42375
42302
42376
42303
42377
42304
42378
42305
42379
42306
42380
42307
42381
42308
42382
42309
42383
42310
42384
42311
42385
42312
42386
42313
42387
42314
42388
42315
42389
42316
42390
42317
42391
42318
42392
42319
42393
42320
42394
42321
42395
42322
42396
42323
42397
42324
42398
42399
42326
42400
42327
42401
42328
42402
42329
42403
42330
42404
42331
42405
42332
42406
42333
42407
42334
42408
42335
42409
42336
42410
42337
42411
42338
42412
42339
42413
42340
42414
42341
42415
42342
42416
42343
42417
42344
42418
42345
42419
42346
42420
42347
42421
42348
42422
42349
42423
42350
42424
42351
42425
42352
42426
42353
42427
42354
42428
42355
42429
42356
42430
42357
42431
42358
42432
42359
42433
42360
42434
42361
42435
42362
42436
42363
42437
42364
42438
42365
42439
42366
42440
42367
42441
42368
42442
42369
42443
42370
42444
42371
42445
42372
42446
42373
42447
42374
42448
42375
42449
42376
42450
42377
42451
42378
42452
42379
42453
42380
42454
42381
42455
42382
42456
42383
42457
42384
42458
42385
42459
42386
42460
42387
42461
42388
42462
42389
42463
42390
42464
42391
42465
42392
42466
42393
42467
42394
42468
42395
42469
42396
42470
42397
42471
42398
42472
42399
42473
42474
42401
42475
42402
42476
42403
42477
42404
42478
42405
42479
42406
42480
42407
42481
42408
42482
42409
42483
42410
42484
42411
42485
42412
42486
42413
42487
42414
42488
42415
42489
42416
42490
42417
42491
42418
42492
42419
42493
42420
42494
42421
42495
42422
42496
42423
42497
42424
42498
42425
42499
42426
42500
42427
42501
42428
42502
42429
42503
42430
42504
42431
42505
42432
42506
42433
42507
42434
42508
42435
42509
42436
42510
42437
42511
42438
42512
42439
42513
42440
42514
42441
42515
42442
42516
42443
42517
42444
42518
42445
42519
42446
42520
42447
42521
42448
42522
42449
42523
42450
42524
42451
42525
42452
42526
42453
42527
42454
42528
42455
42529
42456
42530
42457
42531
42458
42532
42459
42533
42460
42534
42461
42535
42462
42536
42463
42537
42464
42538
42465
42539
42466
42540
42467
42541
42468
42542
42469
42543
42470
42544
42471
42545
42472
42546
42473
42547
42474
42548
42549
42476
42550
42477
42551
42478
42552
42479
42553
42480
42554
42481
42555
42482
42556
42483
42557
42484
42558
42485
42559
42486
42560
42487
42561
42488
42562
42489
42563
42490
42564
42491
42565
42492
42566
42493
42567
42494
42568
42495
42569
42496
42570
42497
42571
42498
42572
42499
42573
42500
42574
42501
42575
42502
42576
42503
42577
42504
42578
42505
42579
42506
42580
42507
42581
42508
42582
42509
42583
42510
42584
42511
42585
42512
42586
42513
42587
42514
42588
42515
42589
42516
42590
42517
42591
42518
42592
42519
42593
42520
42594
42521
42595
42522
42596
42523
42597
42524
42598
42525
42599
42526
42600
42527
42601
42528
42602
42529
42603
42530
42604
42531
42605
42532
42606
42533
42607
42534
42608
42535
42609
42536
42610
42537
42611
42538
42612
42539
42613
42540
42614
42541
42615
42542
42616
42543
42617
42544
42618
42545
42619
42546
42620
42547
42621
42548
42622
42549
42623
42624
42551
42625
42552
42626
42553
42627
42554
42628
42555
42629
42556
42630
42557
42631
42558
42632
42559
42633
42560
42634
42561
42635
42562
42636
42563
42637
42564
42638
42565
42639
42566
42640
42567
42641
42568
42642
42569
42643
42570
42644
42571
42645
42572
42646
42573
42647
42574
42648
42575
42649
42576
42650
42577
42651
42578
42652
42579
42653
42580
42654
42581
42655
42582
42656
42583
42657
42584
42658
42585
42659
42586
42660
42587
42661
42588
42662
42589
42663
42590
42664
42591
42665
42592
42666
42593
42667
42594
42668
42595
42669
42596
42670
42597
42671
42598
42672
42599
42673
42600
42674
42601
42675
42602
42676
42603
42677
42604
42678
42605
42679
42606
42680
42607
42681
42608
42682
42609
42683
42610
42684
42611
42685
42612
42686
42613
42687
42614
42688
42615
42689
42616
42690
42617
42691
42618
42692
42619
42693
42620
42694
42621
42695
42622
42696
42623
42697
42624
42698
42699
42626
42627
42628
42629
42630
42631
42632
42633
42634
42635
42636
42637
42638
42639
42640
42641
42642
42643
42644
42645
42646
42647
42648
42649
42650
42651
42652
42653
42654
42655
42656
42657
42658
42659
42660
42661
42662
42663
42664
42665
42666
42667
42668
42669
42670
42671
42672
42673
42674
42675
42676
42677
42678
42679
42680
42681
42682
42683
42684
42685
42686
42687
42688
42689
42690
42691
42692
42693
42694
42695
42696
42697
42698
42699
42701
42724
42702
42725
42703
42726
42704
42727
42705
42728
42706
42729
42707
42730
42708
42731
42709
42732
42710
42733
42711
42734
42712
42735
42713
42736
42714
42737
42715
42738
42716
42739
42717
42740
42718
42741
42719
42742
42720
42743
42721
42744
42722
42745
42723
42746
42747
42892
42725
42748
42726
42749
42727
42750
42728
42751
42729
42752
42730
42753
42731
42754
42732
42755
42733
42756
42734
42757
42735
42758
42736
42759
42737
42760
42738
42761
42739
42762
42740
42763
42741
42764
42742
42765
42743
42766
42744
42767
42745
42768
42746
42769
42747
42770
42771
42908
42749
42772
42750
42773
42751
42774
42752
42775
42753
42776
42754
42777
42755
42778
42756
42779
42757
42780
42758
42781
42759
42782
42760
42783
42761
42784
42762
42785
42763
42786
42764
42787
42765
42788
42766
42789
42767
42790
42768
42791
42769
42792
42770
42793
42771
42794
42795
42924
42773
42796
42774
42797
42775
42798
42776
42799
42777
42800
42778
42801
42779
42802
42780
42803
42781
42804
42782
42805
42783
42806
42784
42807
42785
42808
42786
42809
42787
42810
42788
42811
42789
42812
42790
42813
42791
42814
42792
42815
42793
42816
42794
42817
42795
42818
42819
42940
42797
42820
42798
42821
42799
42822
42800
42823
42801
42824
42802
42825
42803
42826
42804
42827
42805
42828
42806
42829
42807
42830
42808
42831
42809
42832
42810
42833
42811
42834
42812
42835
42813
42836
42814
42837
42815
42838
42816
42839
42817
42840
42818
42841
42819
42842
42843
42956
42821
42844
42822
42845
42823
42846
42824
42847
42825
42848
42826
42849
42827
42850
42828
42851
42829
42852
42830
42853
42831
42854
42832
42855
42833
42856
42834
42857
42835
42858
42836
42859
42837
42860
42838
42861
42839
42862
42840
42863
42841
42864
42842
42865
42843
42866
42867
42972
42845
42868
42846
42869
42847
42870
42848
42871
42849
42872
42850
42873
42851
42874
42852
42875
42853
42876
42854
42877
42855
42878
42856
42879
42857
42880
42858
42881
42859
42882
42860
42883
42861
42884
42862
42885
42863
42886
42864
42887
42865
42888
42866
42889
42867
42890
42891
42988
42869
43244
42870
43245
42871
43246
42872
43247
42873
43248
42874
43249
42875
43250
42876
43251
42877
43252
42878
43253
42879
43254
42880
43255
42881
43256
42882
43257
42883
43258
42884
43259
42885
43260
42886
43261
42887
43262
42888
43263
42889
43264
42890
43265
42891
43266
43004
43267
42893
42908
42894
42909
42895
42910
42896
42911
42897
42912
42898
42913
42899
42914
42900
42915
42901
42916
42902
42917
42903
42918
42904
42919
42905
42920
42906
42921
42907
42922
42923
43020
42909
42924
42910
42925
42911
42926
42912
42927
42913
42928
42914
42929
42915
42930
42916
42931
42917
42932
42918
42933
42919
42934
42920
42935
42921
42936
42922
42937
42923
42938
42939
43048
42925
42940
42926
42941
42927
42942
42928
42943
42929
42944
42930
42945
42931
42946
42932
42947
42933
42948
42934
42949
42935
42950
42936
42951
42937
42952
42938
42953
42939
42954
42955
43076
42941
42956
42942
42957
42943
42958
42944
42959
42945
42960
42946
42961
42947
42962
42948
42963
42949
42964
42950
42965
42951
42966
42952
42967
42953
42968
42954
42969
42955
42970
42971
43104
42957
42972
42958
42973
42959
42974
42960
42975
42961
42976
42962
42977
42963
42978
42964
42979
42965
42980
42966
42981
42967
42982
42968
42983
42969
42984
42970
42985
42971
42986
42987
43132
42973
42988
42974
42989
42975
42990
42976
42991
42977
42992
42978
42993
42979
42994
42980
42995
42981
42996
42982
42997
42983
42998
42984
42999
42985
43000
42986
43001
42987
43002
43003
43160
42989
43004
42990
43005
42991
43006
42992
43007
42993
43008
42994
43009
42995
43010
42996
43011
42997
43012
42998
43013
42999
43014
43000
43015
43001
43016
43002
43017
43003
43018
43019
43188
43005
43006
43007
43008
43009
43010
43011
43012
43013
43014
43015
43016
43017
43018
43019
43216
43021
43048
43022
43049
43023
43050
43024
43051
43025
43052
43026
43053
43027
43054
43028
43055
43029
43056
43030
43057
43031
43058
43032
43059
43033
43060
43034
43061
43035
43062
43036
43063
43037
43064
43038
43065
43039
43066
43040
43067
43041
43068
43042
43069
43043
43070
43044
43071
43045
43072
43046
43073
43047
43074
43075
43049
43076
43050
43077
43051
43078
43052
43079
43053
43080
43054
43081
43055
43082
43056
43083
43057
43084
43058
43085
43059
43086
43060
43087
43061
43088
43062
43089
43063
43090
43064
43091
43065
43092
43066
43093
43067
43094
43068
43095
43069
43096
43070
43097
43071
43098
43072
43099
43073
43100
43074
43101
43075
43102
43103
43077
43104
43078
43105
43079
43106
43080
43107
43081
43108
43082
43109
43083
43110
43084
43111
43085
43112
43086
43113
43087
43114
43088
43115
43089
43116
43090
43117
43091
43118
43092
43119
43093
43120
43094
43121
43095
43122
43096
43123
43097
43124
43098
43125
43099
43126
43100
43127
43101
43128
43102
43129
43103
43130
43131
43105
43132
43106
43133
43107
43134
43108
43135
43109
43136
43110
43137
43111
43138
43112
43139
43113
43140
43114
43141
43115
43142
43116
43143
43117
43144
43118
43145
43119
43146
43120
43147
43121
43148
43122
43149
43123
43150
43124
43151
43125
43152
43126
43153
43127
43154
43128
43155
43129
43156
43130
43157
43131
43158
43159
43133
43160
43134
43161
43135
43162
43136
43163
43137
43164
43138
43165
43139
43166
43140
43167
43141
43168
43142
43169
43143
43170
43144
43171
43145
43172
43146
43173
43147
43174
43148
43175
43149
43176
43150
43177
43151
43178
43152
43179
43153
43180
43154
43181
43155
43182
43156
43183
43157
43184
43158
43185
43159
43186
43187
43161
43188
43162
43189
43163
43190
43164
43191
43165
43192
43166
43193
43167
43194
43168
43195
43169
43196
43170
43197
43171
43198
43172
43199
43173
43200
43174
43201
43175
43202
43176
43203
43177
43204
43178
43205
43179
43206
43180
43207
43181
43208
43182
43209
43183
43210
43184
43211
43185
43212
43186
43213
43187
43214
43215
43189
43216
43190
43217
43191
43218
43192
43219
43193
43220
43194
43221
43195
43222
43196
43223
43197
43224
43198
43225
43199
43226
43200
43227
43201
43228
43202
43229
43203
43230
43204
43231
43205
43232
43206
43233
43207
43234
43208
43235
43209
43236
43210
43237
43211
43238
43212
43239
43213
43240
43214
43241
43215
43242
43243
43217
44924
43218
44925
43219
44926
43220
44927
43221
44928
43222
44929
43223
44930
43224
44931
43225
44932
43226
44933
43227
44934
43228
44935
43229
44936
43230
44937
43231
44938
43232
44939
43233
44940
43234
44941
43235
44942
43236
44943
43237
44944
43238
44945
43239
44946
43240
44947
43241
44948
43242
44949
43243
44950
44951
43245
43268
43246
43269
43247
43270
43248
43271
43249
43272
43250
43273
43251
43274
43252
43275
43253
43276
43254
43277
43255
43278
43256
43279
43257
43280
43258
43281
43259
43282
43260
43283
43261
43284
43262
43285
43263
43286
43264
43287
43265
43288
43266
43289
43267
43290
43291
43269
43292
43270
43293
43271
43294
43272
43295
43273
43296
43274
43297
43275
43298
43276
43299
43277
43300
43278
43301
43279
43302
43280
43303
43281
43304
43282
43305
43283
43306
43284
43307
43285
43308
43286
43309
43287
43310
43288
43311
43289
43312
43290
43313
43291
43314
43315
43293
43316
43294
43317
43295
43318
43296
43319
43297
43320
43298
43321
43299
43322
43300
43323
43301
43324
43302
43325
43303
43326
43304
43327
43305
43328
43306
43329
43307
43330
43308
43331
43309
43332
43310
43333
43311
43334
43312
43335
43313
43336
43314
43337
43315
43338
43339
43317
43340
43318
43341
43319
43342
43320
43343
43321
43344
43322
43345
43323
43346
43324
43347
43325
43348
43326
43349
43327
43350
43328
43351
43329
43352
43330
43353
43331
43354
43332
43355
43333
43356
43334
43357
43335
43358
43336
43359
43337
43360
43338
43361
43339
43362
43363
43341
43364
43342
43365
43343
43366
43344
43367
43345
43368
43346
43369
43347
43370
43348
43371
43349
43372
43350
43373
43351
43374
43352
43375
43353
43376
43354
43377
43355
43378
43356
43379
43357
43380
43358
43381
43359
43382
43360
43383
43361
43384
43362
43385
43363
43386
43387
43365
43388
43366
43389
43367
43390
43368
43391
43369
43392
43370
43393
43371
43394
43372
43395
43373
43396
43374
43397
43375
43398
43376
43399
43377
43400
43378
43401
43379
43402
43380
43403
43381
43404
43382
43405
43383
43406
43384
43407
43385
43408
43386
43409
43387
43410
43411
43389
43412
43390
43413
43391
43414
43392
43415
43393
43416
43394
43417
43395
43418
43396
43419
43397
43420
43398
43421
43399
43422
43400
43423
43401
43424
43402
43425
43403
43426
43404
43427
43405
43428
43406
43429
43407
43430
43408
43431
43409
43432
43410
43433
43411
43434
43435
43413
43436
43414
43437
43415
43438
43416
43439
43417
43440
43418
43441
43419
43442
43420
43443
43421
43444
43422
43445
43423
43446
43424
43447
43425
43448
43426
43449
43427
43450
43428
43451
43429
43452
43430
43453
43431
43454
43432
43455
43433
43456
43434
43457
43435
43458
43459
43437
43460
43438
43461
43439
43462
43440
43463
43441
43464
43442
43465
43443
43466
43444
43467
43445
43468
43446
43469
43447
43470
43448
43471
43449
43472
43450
43473
43451
43474
43452
43475
43453
43476
43454
43477
43455
43478
43456
43479
43457
43480
43458
43481
43459
43482
43483
43461
43484
43462
43485
43463
43486
43464
43487
43465
43488
43466
43489
43467
43490
43468
43491
43469
43492
43470
43493
43471
43494
43472
43495
43473
43496
43474
43497
43475
43498
43476
43499
43477
43500
43478
43501
43479
43502
43480
43503
43481
43504
43482
43505
43483
43506
43507
43485
43508
43486
43509
43487
43510
43488
43511
43489
43512
43490
43513
43491
43514
43492
43515
43493
43516
43494
43517
43495
43518
43496
43519
43497
43520
43498
43521
43499
43522
43500
43523
43501
43524
43502
43525
43503
43526
43504
43527
43505
43528
43506
43529
43507
43530
43531
43509
43532
43510
43533
43511
43534
43512
43535
43513
43536
43514
43537
43515
43538
43516
43539
43517
43540
43518
43541
43519
43542
43520
43543
43521
43544
43522
43545
43523
43546
43524
43547
43525
43548
43526
43549
43527
43550
43528
43551
43529
43552
43530
43553
43531
43554
43555
43533
43556
43534
43557
43535
43558
43536
43559
43537
43560
43538
43561
43539
43562
43540
43563
43541
43564
43542
43565
43543
43566
43544
43567
43545
43568
43546
43569
43547
43570
43548
43571
43549
43572
43550
43573
43551
43574
43552
43575
43553
43576
43554
43577
43555
43578
43579
43557
43580
43558
43581
43559
43582
43560
43583
43561
43584
43562
43585
43563
43586
43564
43587
43565
43588
43566
43589
43567
43590
43568
43591
43569
43592
43570
43593
43571
43594
43572
43595
43573
43596
43574
43597
43575
43598
43576
43599
43577
43600
43578
43601
43579
43602
43603
43581
43604
43582
43605
43583
43606
43584
43607
43585
43608
43586
43609
43587
43610
43588
43611
43589
43612
43590
43613
43591
43614
43592
43615
43593
43616
43594
43617
43595
43618
43596
43619
43597
43620
43598
43621
43599
43622
43600
43623
43601
43624
43602
43625
43603
43626
43627
43605
43628
43606
43629
43607
43630
43608
43631
43609
43632
43610
43633
43611
43634
43612
43635
43613
43636
43614
43637
43615
43638
43616
43639
43617
43640
43618
43641
43619
43642
43620
43643
43621
43644
43622
43645
43623
43646
43624
43647
43625
43648
43626
43649
43627
43650
43651
43629
43652
43630
43653
43631
43654
43632
43655
43633
43656
43634
43657
43635
43658
43636
43659
43637
43660
43638
43661
43639
43662
43640
43663
43641
43664
43642
43665
43643
43666
43644
43667
43645
43668
43646
43669
43647
43670
43648
43671
43649
43672
43650
43673
43651
43674
43675
43653
43676
43654
43677
43655
43678
43656
43679
43657
43680
43658
43681
43659
43682
43660
43683
43661
43684
43662
43685
43663
43686
43664
43687
43665
43688
43666
43689
43667
43690
43668
43691
43669
43692
43670
43693
43671
43694
43672
43695
43673
43696
43674
43697
43675
43698
43699
43677
43700
43678
43701
43679
43702
43680
43703
43681
43704
43682
43705
43683
43706
43684
43707
43685
43708
43686
43709
43687
43710
43688
43711
43689
43712
43690
43713
43691
43714
43692
43715
43693
43716
43694
43717
43695
43718
43696
43719
43697
43720
43698
43721
43699
43722
43723
43701
43724
43702
43725
43703
43726
43704
43727
43705
43728
43706
43729
43707
43730
43708
43731
43709
43732
43710
43733
43711
43734
43712
43735
43713
43736
43714
43737
43715
43738
43716
43739
43717
43740
43718
43741
43719
43742
43720
43743
43721
43744
43722
43745
43723
43746
43747
43725
43748
43726
43749
43727
43750
43728
43751
43729
43752
43730
43753
43731
43754
43732
43755
43733
43756
43734
43757
43735
43758
43736
43759
43737
43760
43738
43761
43739
43762
43740
43763
43741
43764
43742
43765
43743
43766
43744
43767
43745
43768
43746
43769
43747
43770
43771
43749
43772
43750
43773
43751
43774
43752
43775
43753
43776
43754
43777
43755
43778
43756
43779
43757
43780
43758
43781
43759
43782
43760
43783
43761
43784
43762
43785
43763
43786
43764
43787
43765
43788
43766
43789
43767
43790
43768
43791
43769
43792
43770
43793
43771
43794
43795
43773
43796
43774
43797
43775
43798
43776
43799
43777
43800
43778
43801
43779
43802
43780
43803
43781
43804
43782
43805
43783
43806
43784
43807
43785
43808
43786
43809
43787
43810
43788
43811
43789
43812
43790
43813
43791
43814
43792
43815
43793
43816
43794
43817
43795
43818
43819
43797
43820
43798
43821
43799
43822
43800
43823
43801
43824
43802
43825
43803
43826
43804
43827
43805
43828
43806
43829
43807
43830
43808
43831
43809
43832
43810
43833
43811
43834
43812
43835
43813
43836
43814
43837
43815
43838
43816
43839
43817
43840
43818
43841
43819
43842
43843
43821
43844
43822
43845
43823
43846
43824
43847
43825
43848
43826
43849
43827
43850
43828
43851
43829
43852
43830
43853
43831
43854
43832
43855
43833
43856
43834
43857
43835
43858
43836
43859
43837
43860
43838
43861
43839
43862
43840
43863
43841
43864
43842
43865
43843
43866
43867
43845
43868
43846
43869
43847
43870
43848
43871
43849
43872
43850
43873
43851
43874
43852
43875
43853
43876
43854
43877
43855
43878
43856
43879
43857
43880
43858
43881
43859
43882
43860
43883
43861
43884
43862
43885
43863
43886
43864
43887
43865
43888
43866
43889
43867
43890
43891
43869
43892
43870
43893
43871
43894
43872
43895
43873
43896
43874
43897
43875
43898
43876
43899
43877
43900
43878
43901
43879
43902
43880
43903
43881
43904
43882
43905
43883
43906
43884
43907
43885
43908
43886
43909
43887
43910
43888
43911
43889
43912
43890
43913
43891
43914
43915
43893
43916
43894
43917
43895
43918
43896
43919
43897
43920
43898
43921
43899
43922
43900
43923
43901
43924
43902
43925
43903
43926
43904
43927
43905
43928
43906
43929
43907
43930
43908
43931
43909
43932
43910
43933
43911
43934
43912
43935
43913
43936
43914
43937
43915
43938
43939
43917
43940
43918
43941
43919
43942
43920
43943
43921
43944
43922
43945
43923
43946
43924
43947
43925
43948
43926
43949
43927
43950
43928
43951
43929
43952
43930
43953
43931
43954
43932
43955
43933
43956
43934
43957
43935
43958
43936
43959
43937
43960
43938
43961
43939
43962
43963
43941
43964
43942
43965
43943
43966
43944
43967
43945
43968
43946
43969
43947
43970
43948
43971
43949
43972
43950
43973
43951
43974
43952
43975
43953
43976
43954
43977
43955
43978
43956
43979
43957
43980
43958
43981
43959
43982
43960
43983
43961
43984
43962
43985
43963
43986
43987
43965
43988
43966
43989
43967
43990
43968
43991
43969
43992
43970
43993
43971
43994
43972
43995
43973
43996
43974
43997
43975
43998
43976
43999
43977
44000
43978
44001
43979
44002
43980
44003
43981
44004
43982
44005
43983
44006
43984
44007
43985
44008
43986
44009
43987
44010
44011
43989
44012
43990
44013
43991
44014
43992
44015
43993
44016
43994
44017
43995
44018
43996
44019
43997
44020
43998
44021
43999
44022
44000
44023
44001
44024
44002
44025
44003
44026
44004
44027
44005
44028
44006
44029
44007
44030
44008
44031
44009
44032
44010
44033
44011
44034
44035
44013
44036
44014
44037
44015
44038
44016
44039
44017
44040
44018
44041
44019
44042
44020
44043
44021
44044
44022
44045
44023
44046
44024
44047
44025
44048
44026
44049
44027
44050
44028
44051
44029
44052
44030
44053
44031
44054
44032
44055
44033
44056
44034
44057
44035
44058
44059
44037
44060
44038
44061
44039
44062
44040
44063
44041
44064
44042
44065
44043
44066
44044
44067
44045
44068
44046
44069
44047
44070
44048
44071
44049
44072
44050
44073
44051
44074
44052
44075
44053
44076
44054
44077
44055
44078
44056
44079
44057
44080
44058
44081
44059
44082
44083
44061
44084
44062
44085
44063
44086
44064
44087
44065
44088
44066
44089
44067
44090
44068
44091
44069
44092
44070
44093
44071
44094
44072
44095
44073
44096
44074
44097
44075
44098
44076
44099
44077
44100
44078
44101
44079
44102
44080
44103
44081
44104
44082
44105
44083
44106
44107
44085
44108
44086
44109
44087
44110
44088
44111
44089
44112
44090
44113
44091
44114
44092
44115
44093
44116
44094
44117
44095
44118
44096
44119
44097
44120
44098
44121
44099
44122
44100
44123
44101
44124
44102
44125
44103
44126
44104
44127
44105
44128
44106
44129
44107
44130
44131
44109
44132
44110
44133
44111
44134
44112
44135
44113
44136
44114
44137
44115
44138
44116
44139
44117
44140
44118
44141
44119
44142
44120
44143
44121
44144
44122
44145
44123
44146
44124
44147
44125
44148
44126
44149
44127
44150
44128
44151
44129
44152
44130
44153
44131
44154
44155
44133
44156
44134
44157
44135
44158
44136
44159
44137
44160
44138
44161
44139
44162
44140
44163
44141
44164
44142
44165
44143
44166
44144
44167
44145
44168
44146
44169
44147
44170
44148
44171
44149
44172
44150
44173
44151
44174
44152
44175
44153
44176
44154
44177
44155
44178
44179
44157
44180
44158
44181
44159
44182
44160
44183
44161
44184
44162
44185
44163
44186
44164
44187
44165
44188
44166
44189
44167
44190
44168
44191
44169
44192
44170
44193
44171
44194
44172
44195
44173
44196
44174
44197
44175
44198
44176
44199
44177
44200
44178
44201
44179
44202
44203
44181
44204
44182
44205
44183
44206
44184
44207
44185
44208
44186
44209
44187
44210
44188
44211
44189
44212
44190
44213
44191
44214
44192
44215
44193
44216
44194
44217
44195
44218
44196
44219
44197
44220
44198
44221
44199
44222
44200
44223
44201
44224
44202
44225
44203
44226
44227
44205
44228
44206
44229
44207
44230
44208
44231
44209
44232
44210
44233
44211
44234
44212
44235
44213
44236
44214
44237
44215
44238
44216
44239
44217
44240
44218
44241
44219
44242
44220
44243
44221
44244
44222
44245
44223
44246
44224
44247
44225
44248
44226
44249
44227
44250
44251
44229
44252
44230
44253
44231
44254
44232
44255
44233
44256
44234
44257
44235
44258
44236
44259
44237
44260
44238
44261
44239
44262
44240
44263
44241
44264
44242
44265
44243
44266
44244
44267
44245
44268
44246
44269
44247
44270
44248
44271
44249
44272
44250
44273
44251
44274
44275
44253
44276
44254
44277
44255
44278
44256
44279
44257
44280
44258
44281
44259
44282
44260
44283
44261
44284
44262
44285
44263
44286
44264
44287
44265
44288
44266
44289
44267
44290
44268
44291
44269
44292
44270
44293
44271
44294
44272
44295
44273
44296
44274
44297
44275
44298
44299
44277
44300
44278
44301
44279
44302
44280
44303
44281
44304
44282
44305
44283
44306
44284
44307
44285
44308
44286
44309
44287
44310
44288
44311
44289
44312
44290
44313
44291
44314
44292
44315
44293
44316
44294
44317
44295
44318
44296
44319
44297
44320
44298
44321
44299
44322
44323
44301
44324
44302
44325
44303
44326
44304
44327
44305
44328
44306
44329
44307
44330
44308
44331
44309
44332
44310
44333
44311
44334
44312
44335
44313
44336
44314
44337
44315
44338
44316
44339
44317
44340
44318
44341
44319
44342
44320
44343
44321
44344
44322
44345
44323
44346
44347
44325
44348
44326
44349
44327
44350
44328
44351
44329
44352
44330
44353
44331
44354
44332
44355
44333
44356
44334
44357
44335
44358
44336
44359
44337
44360
44338
44361
44339
44362
44340
44363
44341
44364
44342
44365
44343
44366
44344
44367
44345
44368
44346
44369
44347
44370
44371
44349
44372
44350
44373
44351
44374
44352
44375
44353
44376
44354
44377
44355
44378
44356
44379
44357
44380
44358
44381
44359
44382
44360
44383
44361
44384
44362
44385
44363
44386
44364
44387
44365
44388
44366
44389
44367
44390
44368
44391
44369
44392
44370
44393
44371
44394
44395
44373
44396
44374
44397
44375
44398
44376
44399
44377
44400
44378
44401
44379
44402
44380
44403
44381
44404
44382
44405
44383
44406
44384
44407
44385
44408
44386
44409
44387
44410
44388
44411
44389
44412
44390
44413
44391
44414
44392
44415
44393
44416
44394
44417
44395
44418
44419
44397
44420
44398
44421
44399
44422
44400
44423
44401
44424
44402
44425
44403
44426
44404
44427
44405
44428
44406
44429
44407
44430
44408
44431
44409
44432
44410
44433
44411
44434
44412
44435
44413
44436
44414
44437
44415
44438
44416
44439
44417
44440
44418
44441
44419
44442
44443
44421
44444
44422
44445
44423
44446
44424
44447
44425
44448
44426
44449
44427
44450
44428
44451
44429
44452
44430
44453
44431
44454
44432
44455
44433
44456
44434
44457
44435
44458
44436
44459
44437
44460
44438
44461
44439
44462
44440
44463
44441
44464
44442
44465
44443
44466
44467
44445
44468
44446
44469
44447
44470
44448
44471
44449
44472
44450
44473
44451
44474
44452
44475
44453
44476
44454
44477
44455
44478
44456
44479
44457
44480
44458
44481
44459
44482
44460
44483
44461
44484
44462
44485
44463
44486
44464
44487
44465
44488
44466
44489
44467
44490
44491
44469
44492
44470
44493
44471
44494
44472
44495
44473
44496
44474
44497
44475
44498
44476
44499
44477
44500
44478
44501
44479
44502
44480
44503
44481
44504
44482
44505
44483
44506
44484
44507
44485
44508
44486
44509
44487
44510
44488
44511
44489
44512
44490
44513
44491
44514
44515
44493
44516
44494
44517
44495
44518
44496
44519
44497
44520
44498
44521
44499
44522
44500
44523
44501
44524
44502
44525
44503
44526
44504
44527
44505
44528
44506
44529
44507
44530
44508
44531
44509
44532
44510
44533
44511
44534
44512
44535
44513
44536
44514
44537
44515
44538
44539
44517
44540
44518
44541
44519
44542
44520
44543
44521
44544
44522
44545
44523
44546
44524
44547
44525
44548
44526
44549
44527
44550
44528
44551
44529
44552
44530
44553
44531
44554
44532
44555
44533
44556
44534
44557
44535
44558
44536
44559
44537
44560
44538
44561
44539
44562
44563
44541
44564
44542
44565
44543
44566
44544
44567
44545
44568
44546
44569
44547
44570
44548
44571
44549
44572
44550
44573
44551
44574
44552
44575
44553
44576
44554
44577
44555
44578
44556
44579
44557
44580
44558
44581
44559
44582
44560
44583
44561
44584
44562
44585
44563
44586
44587
44565
44588
44566
44589
44567
44590
44568
44591
44569
44592
44570
44593
44571
44594
44572
44595
44573
44596
44574
44597
44575
44598
44576
44599
44577
44600
44578
44601
44579
44602
44580
44603
44581
44604
44582
44605
44583
44606
44584
44607
44585
44608
44586
44609
44587
44610
44611
44589
44612
44590
44613
44591
44614
44592
44615
44593
44616
44594
44617
44595
44618
44596
44619
44597
44620
44598
44621
44599
44622
44600
44623
44601
44624
44602
44625
44603
44626
44604
44627
44605
44628
44606
44629
44607
44630
44608
44631
44609
44632
44610
44633
44611
44634
44635
44613
44636
44614
44637
44615
44638
44616
44639
44617
44640
44618
44641
44619
44642
44620
44643
44621
44644
44622
44645
44623
44646
44624
44647
44625
44648
44626
44649
44627
44650
44628
44651
44629
44652
44630
44653
44631
44654
44632
44655
44633
44656
44634
44657
44635
44658
44659
44637
44660
44638
44661
44639
44662
44640
44663
44641
44664
44642
44665
44643
44666
44644
44667
44645
44668
44646
44669
44647
44670
44648
44671
44649
44672
44650
44673
44651
44674
44652
44675
44653
44676
44654
44677
44655
44678
44656
44679
44657
44680
44658
44681
44659
44682
44683
44661
44684
44662
44685
44663
44686
44664
44687
44665
44688
44666
44689
44667
44690
44668
44691
44669
44692
44670
44693
44671
44694
44672
44695
44673
44696
44674
44697
44675
44698
44676
44699
44677
44700
44678
44701
44679
44702
44680
44703
44681
44704
44682
44705
44683
44706
44707
44685
44708
44686
44709
44687
44710
44688
44711
44689
44712
44690
44713
44691
44714
44692
44715
44693
44716
44694
44717
44695
44718
44696
44719
44697
44720
44698
44721
44699
44722
44700
44723
44701
44724
44702
44725
44703
44726
44704
44727
44705
44728
44706
44729
44707
44730
44731
44709
44732
44710
44733
44711
44734
44712
44735
44713
44736
44714
44737
44715
44738
44716
44739
44717
44740
44718
44741
44719
44742
44720
44743
44721
44744
44722
44745
44723
44746
44724
44747
44725
44748
44726
44749
44727
44750
44728
44751
44729
44752
44730
44753
44731
44754
44755
44733
44756
44734
44757
44735
44758
44736
44759
44737
44760
44738
44761
44739
44762
44740
44763
44741
44764
44742
44765
44743
44766
44744
44767
44745
44768
44746
44769
44747
44770
44748
44771
44749
44772
44750
44773
44751
44774
44752
44775
44753
44776
44754
44777
44755
44778
44779
44757
44780
44758
44781
44759
44782
44760
44783
44761
44784
44762
44785
44763
44786
44764
44787
44765
44788
44766
44789
44767
44790
44768
44791
44769
44792
44770
44793
44771
44794
44772
44795
44773
44796
44774
44797
44775
44798
44776
44799
44777
44800
44778
44801
44779
44802
44803
44781
44804
44782
44805
44783
44806
44784
44807
44785
44808
44786
44809
44787
44810
44788
44811
44789
44812
44790
44813
44791
44814
44792
44815
44793
44816
44794
44817
44795
44818
44796
44819
44797
44820
44798
44821
44799
44822
44800
44823
44801
44824
44802
44825
44803
44826
44827
44805
44828
44806
44829
44807
44830
44808
44831
44809
44832
44810
44833
44811
44834
44812
44835
44813
44836
44814
44837
44815
44838
44816
44839
44817
44840
44818
44841
44819
44842
44820
44843
44821
44844
44822
44845
44823
44846
44824
44847
44825
44848
44826
44849
44827
44850
44851
44829
44852
44830
44853
44831
44854
44832
44855
44833
44856
44834
44857
44835
44858
44836
44859
44837
44860
44838
44861
44839
44862
44840
44863
44841
44864
44842
44865
44843
44866
44844
44867
44845
44868
44846
44869
44847
44870
44848
44871
44849
44872
44850
44873
44851
44874
44875
44853
44876
44854
44877
44855
44878
44856
44879
44857
44880
44858
44881
44859
44882
44860
44883
44861
44884
44862
44885
44863
44886
44864
44887
44865
44888
44866
44889
44867
44890
44868
44891
44869
44892
44870
44893
44871
44894
44872
44895
44873
44896
44874
44897
44875
44898
44899
44877
44900
44878
44901
44879
44902
44880
44903
44881
44904
44882
44905
44883
44906
44884
44907
44885
44908
44886
44909
44887
44910
44888
44911
44889
44912
44890
44913
44891
44914
44892
44915
44893
44916
44894
44917
44895
44918
44896
44919
44897
44920
44898
44921
44899
44922
44923
44901
46884
44902
46885
44903
46886
44904
46887
44905
46888
44906
46889
44907
46890
44908
46891
44909
46892
44910
46893
44911
46894
44912
46895
44913
46896
44914
46897
44915
46898
44916
46899
44917
46900
44918
46901
44919
46902
44920
46903
44921
46904
44922
46905
44923
46906
46907
44925
44952
44926
44953
44927
44954
44928
44955
44929
44956
44930
44957
44931
44958
44932
44959
44933
44960
44934
44961
44935
44962
44936
44963
44937
44964
44938
44965
44939
44966
44940
44967
44941
44968
44942
44969
44943
44970
44944
44971
44945
44972
44946
44973
44947
44974
44948
44975
44949
44976
44950
44977
44951
44978
44979
44953
44980
44954
44981
44955
44982
44956
44983
44957
44984
44958
44985
44959
44986
44960
44987
44961
44988
44962
44989
44963
44990
44964
44991
44965
44992
44966
44993
44967
44994
44968
44995
44969
44996
44970
44997
44971
44998
44972
44999
44973
45000
44974
45001
44975
45002
44976
45003
44977
45004
44978
45005
44979
45006
45007
44981
45008
44982
45009
44983
45010
44984
45011
44985
45012
44986
45013
44987
45014
44988
45015
44989
45016
44990
45017
44991
45018
44992
45019
44993
45020
44994
45021
44995
45022
44996
45023
44997
45024
44998
45025
44999
45026
45000
45027
45001
45028
45002
45029
45003
45030
45004
45031
45005
45032
45006
45033
45007
45034
45035
45009
45036
45010
45037
45011
45038
45012
45039
45013
45040
45014
45041
45015
45042
45016
45043
45017
45044
45018
45045
45019
45046
45020
45047
45021
45048
45022
45049
45023
45050
45024
45051
45025
45052
45026
45053
45027
45054
45028
45055
45029
45056
45030
45057
45031
45058
45032
45059
45033
45060
45034
45061
45035
45062
45063
45037
45064
45038
45065
45039
45066
45040
45067
45041
45068
45042
45069
45043
45070
45044
45071
45045
45072
45046
45073
45047
45074
45048
45075
45049
45076
45050
45077
45051
45078
45052
45079
45053
45080
45054
45081
45055
45082
45056
45083
45057
45084
45058
45085
45059
45086
45060
45087
45061
45088
45062
45089
45063
45090
45091
45065
45092
45066
45093
45067
45094
45068
45095
45069
45096
45070
45097
45071
45098
45072
45099
45073
45100
45074
45101
45075
45102
45076
45103
45077
45104
45078
45105
45079
45106
45080
45107
45081
45108
45082
45109
45083
45110
45084
45111
45085
45112
45086
45113
45087
45114
45088
45115
45089
45116
45090
45117
45091
45118
45119
45093
45120
45094
45121
45095
45122
45096
45123
45097
45124
45098
45125
45099
45126
45100
45127
45101
45128
45102
45129
45103
45130
45104
45131
45105
45132
45106
45133
45107
45134
45108
45135
45109
45136
45110
45137
45111
45138
45112
45139
45113
45140
45114
45141
45115
45142
45116
45143
45117
45144
45118
45145
45119
45146
45147
45121
45148
45122
45149
45123
45150
45124
45151
45125
45152
45126
45153
45127
45154
45128
45155
45129
45156
45130
45157
45131
45158
45132
45159
45133
45160
45134
45161
45135
45162
45136
45163
45137
45164
45138
45165
45139
45166
45140
45167
45141
45168
45142
45169
45143
45170
45144
45171
45145
45172
45146
45173
45147
45174
45175
45149
45176
45150
45177
45151
45178
45152
45179
45153
45180
45154
45181
45155
45182
45156
45183
45157
45184
45158
45185
45159
45186
45160
45187
45161
45188
45162
45189
45163
45190
45164
45191
45165
45192
45166
45193
45167
45194
45168
45195
45169
45196
45170
45197
45171
45198
45172
45199
45173
45200
45174
45201
45175
45202
45203
45177
45204
45178
45205
45179
45206
45180
45207
45181
45208
45182
45209
45183
45210
45184
45211
45185
45212
45186
45213
45187
45214
45188
45215
45189
45216
45190
45217
45191
45218
45192
45219
45193
45220
45194
45221
45195
45222
45196
45223
45197
45224
45198
45225
45199
45226
45200
45227
45201
45228
45202
45229
45203
45230
45231
45205
45232
45206
45233
45207
45234
45208
45235
45209
45236
45210
45237
45211
45238
45212
45239
45213
45240
45214
45241
45215
45242
45216
45243
45217
45244
45218
45245
45219
45246
45220
45247
45221
45248
45222
45249
45223
45250
45224
45251
45225
45252
45226
45253
45227
45254
45228
45255
45229
45256
45230
45257
45231
45258
45259
45233
45260
45234
45261
45235
45262
45236
45263
45237
45264
45238
45265
45239
45266
45240
45267
45241
45268
45242
45269
45243
45270
45244
45271
45245
45272
45246
45273
45247
45274
45248
45275
45249
45276
45250
45277
45251
45278
45252
45279
45253
45280
45254
45281
45255
45282
45256
45283
45257
45284
45258
45285
45259
45286
45287
45261
45288
45262
45289
45263
45290
45264
45291
45265
45292
45266
45293
45267
45294
45268
45295
45269
45296
45270
45297
45271
45298
45272
45299
45273
45300
45274
45301
45275
45302
45276
45303
45277
45304
45278
45305
45279
45306
45280
45307
45281
45308
45282
45309
45283
45310
45284
45311
45285
45312
45286
45313
45287
45314
45315
45289
45316
45290
45317
45291
45318
45292
45319
45293
45320
45294
45321
45295
45322
45296
45323
45297
45324
45298
45325
45299
45326
45300
45327
45301
45328
45302
45329
45303
45330
45304
45331
45305
45332
45306
45333
45307
45334
45308
45335
45309
45336
45310
45337
45311
45338
45312
45339
45313
45340
45314
45341
45315
45342
45343
45317
45344
45318
45345
45319
45346
45320
45347
45321
45348
45322
45349
45323
45350
45324
45351
45325
45352
45326
45353
45327
45354
45328
45355
45329
45356
45330
45357
45331
45358
45332
45359
45333
45360
45334
45361
45335
45362
45336
45363
45337
45364
45338
45365
45339
45366
45340
45367
45341
45368
45342
45369
45343
45370
45371
45345
45372
45346
45373
45347
45374
45348
45375
45349
45376
45350
45377
45351
45378
45352
45379
45353
45380
45354
45381
45355
45382
45356
45383
45357
45384
45358
45385
45359
45386
45360
45387
45361
45388
45362
45389
45363
45390
45364
45391
45365
45392
45366
45393
45367
45394
45368
45395
45369
45396
45370
45397
45371
45398
45399
45373
45400
45374
45401
45375
45402
45376
45403
45377
45404
45378
45405
45379
45406
45380
45407
45381
45408
45382
45409
45383
45410
45384
45411
45385
45412
45386
45413
45387
45414
45388
45415
45389
45416
45390
45417
45391
45418
45392
45419
45393
45420
45394
45421
45395
45422
45396
45423
45397
45424
45398
45425
45399
45426
45427
45401
45428
45402
45429
45403
45430
45404
45431
45405
45432
45406
45433
45407
45434
45408
45435
45409
45436
45410
45437
45411
45438
45412
45439
45413
45440
45414
45441
45415
45442
45416
45443
45417
45444
45418
45445
45419
45446
45420
45447
45421
45448
45422
45449
45423
45450
45424
45451
45425
45452
45426
45453
45427
45454
45455
45429
45456
45430
45457
45431
45458
45432
45459
45433
45460
45434
45461
45435
45462
45436
45463
45437
45464
45438
45465
45439
45466
45440
45467
45441
45468
45442
45469
45443
45470
45444
45471
45445
45472
45446
45473
45447
45474
45448
45475
45449
45476
45450
45477
45451
45478
45452
45479
45453
45480
45454
45481
45455
45482
45483
45457
45484
45458
45485
45459
45486
45460
45487
45461
45488
45462
45489
45463
45490
45464
45491
45465
45492
45466
45493
45467
45494
45468
45495
45469
45496
45470
45497
45471
45498
45472
45499
45473
45500
45474
45501
45475
45502
45476
45503
45477
45504
45478
45505
45479
45506
45480
45507
45481
45508
45482
45509
45483
45510
45511
45485
45512
45486
45513
45487
45514
45488
45515
45489
45516
45490
45517
45491
45518
45492
45519
45493
45520
45494
45521
45495
45522
45496
45523
45497
45524
45498
45525
45499
45526
45500
45527
45501
45528
45502
45529
45503
45530
45504
45531
45505
45532
45506
45533
45507
45534
45508
45535
45509
45536
45510
45537
45511
45538
45539
45513
45540
45514
45541
45515
45542
45516
45543
45517
45544
45518
45545
45519
45546
45520
45547
45521
45548
45522
45549
45523
45550
45524
45551
45525
45552
45526
45553
45527
45554
45528
45555
45529
45556
45530
45557
45531
45558
45532
45559
45533
45560
45534
45561
45535
45562
45536
45563
45537
45564
45538
45565
45539
45566
45567
45541
45568
45542
45569
45543
45570
45544
45571
45545
45572
45546
45573
45547
45574
45548
45575
45549
45576
45550
45577
45551
45578
45552
45579
45553
45580
45554
45581
45555
45582
45556
45583
45557
45584
45558
45585
45559
45586
45560
45587
45561
45588
45562
45589
45563
45590
45564
45591
45565
45592
45566
45593
45567
45594
45595
45569
45596
45570
45597
45571
45598
45572
45599
45573
45600
45574
45601
45575
45602
45576
45603
45577
45604
45578
45605
45579
45606
45580
45607
45581
45608
45582
45609
45583
45610
45584
45611
45585
45612
45586
45613
45587
45614
45588
45615
45589
45616
45590
45617
45591
45618
45592
45619
45593
45620
45594
45621
45595
45622
45623
45597
45624
45598
45625
45599
45626
45600
45627
45601
45628
45602
45629
45603
45630
45604
45631
45605
45632
45606
45633
45607
45634
45608
45635
45609
45636
45610
45637
45611
45638
45612
45639
45613
45640
45614
45641
45615
45642
45616
45643
45617
45644
45618
45645
45619
45646
45620
45647
45621
45648
45622
45649
45623
45650
45651
45625
45652
45626
45653
45627
45654
45628
45655
45629
45656
45630
45657
45631
45658
45632
45659
45633
45660
45634
45661
45635
45662
45636
45663
45637
45664
45638
45665
45639
45666
45640
45667
45641
45668
45642
45669
45643
45670
45644
45671
45645
45672
45646
45673
45647
45674
45648
45675
45649
45676
45650
45677
45651
45678
45679
45653
45680
45654
45681
45655
45682
45656
45683
45657
45684
45658
45685
45659
45686
45660
45687
45661
45688
45662
45689
45663
45690
45664
45691
45665
45692
45666
45693
45667
45694
45668
45695
45669
45696
45670
45697
45671
45698
45672
45699
45673
45700
45674
45701
45675
45702
45676
45703
45677
45704
45678
45705
45679
45706
45707
45681
45708
45682
45709
45683
45710
45684
45711
45685
45712
45686
45713
45687
45714
45688
45715
45689
45716
45690
45717
45691
45718
45692
45719
45693
45720
45694
45721
45695
45722
45696
45723
45697
45724
45698
45725
45699
45726
45700
45727
45701
45728
45702
45729
45703
45730
45704
45731
45705
45732
45706
45733
45707
45734
45735
45709
45736
45710
45737
45711
45738
45712
45739
45713
45740
45714
45741
45715
45742
45716
45743
45717
45744
45718
45745
45719
45746
45720
45747
45721
45748
45722
45749
45723
45750
45724
45751
45725
45752
45726
45753
45727
45754
45728
45755
45729
45756
45730
45757
45731
45758
45732
45759
45733
45760
45734
45761
45735
45762
45763
45737
45764
45738
45765
45739
45766
45740
45767
45741
45768
45742
45769
45743
45770
45744
45771
45745
45772
45746
45773
45747
45774
45748
45775
45749
45776
45750
45777
45751
45778
45752
45779
45753
45780
45754
45781
45755
45782
45756
45783
45757
45784
45758
45785
45759
45786
45760
45787
45761
45788
45762
45789
45763
45790
45791
45765
45792
45766
45793
45767
45794
45768
45795
45769
45796
45770
45797
45771
45798
45772
45799
45773
45800
45774
45801
45775
45802
45776
45803
45777
45804
45778
45805
45779
45806
45780
45807
45781
45808
45782
45809
45783
45810
45784
45811
45785
45812
45786
45813
45787
45814
45788
45815
45789
45816
45790
45817
45791
45818
45819
45793
45820
45794
45821
45795
45822
45796
45823
45797
45824
45798
45825
45799
45826
45800
45827
45801
45828
45802
45829
45803
45830
45804
45831
45805
45832
45806
45833
45807
45834
45808
45835
45809
45836
45810
45837
45811
45838
45812
45839
45813
45840
45814
45841
45815
45842
45816
45843
45817
45844
45818
45845
45819
45846
45847
45821
45848
45822
45849
45823
45850
45824
45851
45825
45852
45826
45853
45827
45854
45828
45855
45829
45856
45830
45857
45831
45858
45832
45859
45833
45860
45834
45861
45835
45862
45836
45863
45837
45864
45838
45865
45839
45866
45840
45867
45841
45868
45842
45869
45843
45870
45844
45871
45845
45872
45846
45873
45847
45874
45875
45849
45876
45850
45877
45851
45878
45852
45879
45853
45880
45854
45881
45855
45882
45856
45883
45857
45884
45858
45885
45859
45886
45860
45887
45861
45888
45862
45889
45863
45890
45864
45891
45865
45892
45866
45893
45867
45894
45868
45895
45869
45896
45870
45897
45871
45898
45872
45899
45873
45900
45874
45901
45875
45902
45903
45877
45904
45878
45905
45879
45906
45880
45907
45881
45908
45882
45909
45883
45910
45884
45911
45885
45912
45886
45913
45887
45914
45888
45915
45889
45916
45890
45917
45891
45918
45892
45919
45893
45920
45894
45921
45895
45922
45896
45923
45897
45924
45898
45925
45899
45926
45900
45927
45901
45928
45902
45929
45903
45930
45931
45905
45932
45906
45933
45907
45934
45908
45935
45909
45936
45910
45937
45911
45938
45912
45939
45913
45940
45914
45941
45915
45942
45916
45943
45917
45944
45918
45945
45919
45946
45920
45947
45921
45948
45922
45949
45923
45950
45924
45951
45925
45952
45926
45953
45927
45954
45928
45955
45929
45956
45930
45957
45931
45958
45959
45933
45960
45934
45961
45935
45962
45936
45963
45937
45964
45938
45965
45939
45966
45940
45967
45941
45968
45942
45969
45943
45970
45944
45971
45945
45972
45946
45973
45947
45974
45948
45975
45949
45976
45950
45977
45951
45978
45952
45979
45953
45980
45954
45981
45955
45982
45956
45983
45957
45984
45958
45985
45959
45986
45987
45961
45988
45962
45989
45963
45990
45964
45991
45965
45992
45966
45993
45967
45994
45968
45995
45969
45996
45970
45997
45971
45998
45972
45999
45973
46000
45974
46001
45975
46002
45976
46003
45977
46004
45978
46005
45979
46006
45980
46007
45981
46008
45982
46009
45983
46010
45984
46011
45985
46012
45986
46013
45987
46014
46015
45989
46016
45990
46017
45991
46018
45992
46019
45993
46020
45994
46021
45995
46022
45996
46023
45997
46024
45998
46025
45999
46026
46000
46027
46001
46028
46002
46029
46003
46030
46004
46031
46005
46032
46006
46033
46007
46034
46008
46035
46009
46036
46010
46037
46011
46038
46012
46039
46013
46040
46014
46041
46015
46042
46043
46017
46044
46018
46045
46019
46046
46020
46047
46021
46048
46022
46049
46023
46050
46024
46051
46025
46052
46026
46053
46027
46054
46028
46055
46029
46056
46030
46057
46031
46058
46032
46059
46033
46060
46034
46061
46035
46062
46036
46063
46037
46064
46038
46065
46039
46066
46040
46067
46041
46068
46042
46069
46043
46070
46071
46045
46072
46046
46073
46047
46074
46048
46075
46049
46076
46050
46077
46051
46078
46052
46079
46053
46080
46054
46081
46055
46082
46056
46083
46057
46084
46058
46085
46059
46086
46060
46087
46061
46088
46062
46089
46063
46090
46064
46091
46065
46092
46066
46093
46067
46094
46068
46095
46069
46096
46070
46097
46071
46098
46099
46073
46100
46074
46101
46075
46102
46076
46103
46077
46104
46078
46105
46079
46106
46080
46107
46081
46108
46082
46109
46083
46110
46084
46111
46085
46112
46086
46113
46087
46114
46088
46115
46089
46116
46090
46117
46091
46118
46092
46119
46093
46120
46094
46121
46095
46122
46096
46123
46097
46124
46098
46125
46099
46126
46127
46101
46128
46102
46129
46103
46130
46104
46131
46105
46132
46106
46133
46107
46134
46108
46135
46109
46136
46110
46137
46111
46138
46112
46139
46113
46140
46114
46141
46115
46142
46116
46143
46117
46144
46118
46145
46119
46146
46120
46147
46121
46148
46122
46149
46123
46150
46124
46151
46125
46152
46126
46153
46127
46154
46155
46129
46156
46130
46157
46131
46158
46132
46159
46133
46160
46134
46161
46135
46162
46136
46163
46137
46164
46138
46165
46139
46166
46140
46167
46141
46168
46142
46169
46143
46170
46144
46171
46145
46172
46146
46173
46147
46174
46148
46175
46149
46176
46150
46177
46151
46178
46152
46179
46153
46180
46154
46181
46155
46182
46183
46157
46184
46158
46185
46159
46186
46160
46187
46161
46188
46162
46189
46163
46190
46164
46191
46165
46192
46166
46193
46167
46194
46168
46195
46169
46196
46170
46197
46171
46198
46172
46199
46173
46200
46174
46201
46175
46202
46176
46203
46177
46204
46178
46205
46179
46206
46180
46207
46181
46208
46182
46209
46183
46210
46211
46185
46212
46186
46213
46187
46214
46188
46215
46189
46216
46190
46217
46191
46218
46192
46219
46193
46220
46194
46221
46195
46222
46196
46223
46197
46224
46198
46225
46199
46226
46200
46227
46201
46228
46202
46229
46203
46230
46204
46231
46205
46232
46206
46233
46207
46234
46208
46235
46209
46236
46210
46237
46211
46238
46239
46213
46240
46214
46241
46215
46242
46216
46243
46217
46244
46218
46245
46219
46246
46220
46247
46221
46248
46222
46249
46223
46250
46224
46251
46225
46252
46226
46253
46227
46254
46228
46255
46229
46256
46230
46257
46231
46258
46232
46259
46233
46260
46234
46261
46235
46262
46236
46263
46237
46264
46238
46265
46239
46266
46267
46241
46268
46242
46269
46243
46270
46244
46271
46245
46272
46246
46273
46247
46274
46248
46275
46249
46276
46250
46277
46251
46278
46252
46279
46253
46280
46254
46281
46255
46282
46256
46283
46257
46284
46258
46285
46259
46286
46260
46287
46261
46288
46262
46289
46263
46290
46264
46291
46265
46292
46266
46293
46267
46294
46295
46269
46296
46270
46297
46271
46298
46272
46299
46273
46300
46274
46301
46275
46302
46276
46303
46277
46304
46278
46305
46279
46306
46280
46307
46281
46308
46282
46309
46283
46310
46284
46311
46285
46312
46286
46313
46287
46314
46288
46315
46289
46316
46290
46317
46291
46318
46292
46319
46293
46320
46294
46321
46295
46322
46323
46297
46324
46298
46325
46299
46326
46300
46327
46301
46328
46302
46329
46303
46330
46304
46331
46305
46332
46306
46333
46307
46334
46308
46335
46309
46336
46310
46337
46311
46338
46312
46339
46313
46340
46314
46341
46315
46342
46316
46343
46317
46344
46318
46345
46319
46346
46320
46347
46321
46348
46322
46349
46323
46350
46351
46325
46352
46326
46353
46327
46354
46328
46355
46329
46356
46330
46357
46331
46358
46332
46359
46333
46360
46334
46361
46335
46362
46336
46363
46337
46364
46338
46365
46339
46366
46340
46367
46341
46368
46342
46369
46343
46370
46344
46371
46345
46372
46346
46373
46347
46374
46348
46375
46349
46376
46350
46377
46351
46378
46379
46353
46380
46354
46381
46355
46382
46356
46383
46357
46384
46358
46385
46359
46386
46360
46387
46361
46388
46362
46389
46363
46390
46364
46391
46365
46392
46366
46393
46367
46394
46368
46395
46369
46396
46370
46397
46371
46398
46372
46399
46373
46400
46374
46401
46375
46402
46376
46403
46377
46404
46378
46405
46379
46406
46407
46381
46408
46382
46409
46383
46410
46384
46411
46385
46412
46386
46413
46387
46414
46388
46415
46389
46416
46390
46417
46391
46418
46392
46419
46393
46420
46394
46421
46395
46422
46396
46423
46397
46424
46398
46425
46399
46426
46400
46427
46401
46428
46402
46429
46403
46430
46404
46431
46405
46432
46406
46433
46407
46434
46435
46409
46436
46410
46437
46411
46438
46412
46439
46413
46440
46414
46441
46415
46442
46416
46443
46417
46444
46418
46445
46419
46446
46420
46447
46421
46448
46422
46449
46423
46450
46424
46451
46425
46452
46426
46453
46427
46454
46428
46455
46429
46456
46430
46457
46431
46458
46432
46459
46433
46460
46434
46461
46435
46462
46463
46437
46464
46438
46465
46439
46466
46440
46467
46441
46468
46442
46469
46443
46470
46444
46471
46445
46472
46446
46473
46447
46474
46448
46475
46449
46476
46450
46477
46451
46478
46452
46479
46453
46480
46454
46481
46455
46482
46456
46483
46457
46484
46458
46485
46459
46486
46460
46487
46461
46488
46462
46489
46463
46490
46491
46465
46492
46466
46493
46467
46494
46468
46495
46469
46496
46470
46497
46471
46498
46472
46499
46473
46500
46474
46501
46475
46502
46476
46503
46477
46504
46478
46505
46479
46506
46480
46507
46481
46508
46482
46509
46483
46510
46484
46511
46485
46512
46486
46513
46487
46514
46488
46515
46489
46516
46490
46517
46491
46518
46519
46493
46520
46494
46521
46495
46522
46496
46523
46497
46524
46498
46525
46499
46526
46500
46527
46501
46528
46502
46529
46503
46530
46504
46531
46505
46532
46506
46533
46507
46534
46508
46535
46509
46536
46510
46537
46511
46538
46512
46539
46513
46540
46514
46541
46515
46542
46516
46543
46517
46544
46518
46545
46519
46546
46547
46521
46548
46522
46549
46523
46550
46524
46551
46525
46552
46526
46553
46527
46554
46528
46555
46529
46556
46530
46557
46531
46558
46532
46559
46533
46560
46534
46561
46535
46562
46536
46563
46537
46564
46538
46565
46539
46566
46540
46567
46541
46568
46542
46569
46543
46570
46544
46571
46545
46572
46546
46573
46547
46574
46575
46549
46576
46550
46577
46551
46578
46552
46579
46553
46580
46554
46581
46555
46582
46556
46583
46557
46584
46558
46585
46559
46586
46560
46587
46561
46588
46562
46589
46563
46590
46564
46591
46565
46592
46566
46593
46567
46594
46568
46595
46569
46596
46570
46597
46571
46598
46572
46599
46573
46600
46574
46601
46575
46602
46603
46577
46604
46578
46605
46579
46606
46580
46607
46581
46608
46582
46609
46583
46610
46584
46611
46585
46612
46586
46613
46587
46614
46588
46615
46589
46616
46590
46617
46591
46618
46592
46619
46593
46620
46594
46621
46595
46622
46596
46623
46597
46624
46598
46625
46599
46626
46600
46627
46601
46628
46602
46629
46603
46630
46631
46605
46632
46606
46633
46607
46634
46608
46635
46609
46636
46610
46637
46611
46638
46612
46639
46613
46640
46614
46641
46615
46642
46616
46643
46617
46644
46618
46645
46619
46646
46620
46647
46621
46648
46622
46649
46623
46650
46624
46651
46625
46652
46626
46653
46627
46654
46628
46655
46629
46656
46630
46657
46631
46658
46659
46633
46660
46634
46661
46635
46662
46636
46663
46637
46664
46638
46665
46639
46666
46640
46667
46641
46668
46642
46669
46643
46670
46644
46671
46645
46672
46646
46673
46647
46674
46648
46675
46649
46676
46650
46677
46651
46678
46652
46679
46653
46680
46654
46681
46655
46682
46656
46683
46657
46684
46658
46685
46659
46686
46687
46661
46688
46662
46689
46663
46690
46664
46691
46665
46692
46666
46693
46667
46694
46668
46695
46669
46696
46670
46697
46671
46698
46672
46699
46673
46700
46674
46701
46675
46702
46676
46703
46677
46704
46678
46705
46679
46706
46680
46707
46681
46708
46682
46709
46683
46710
46684
46711
46685
46712
46686
46713
46687
46714
46715
46689
46716
46690
46717
46691
46718
46692
46719
46693
46720
46694
46721
46695
46722
46696
46723
46697
46724
46698
46725
46699
46726
46700
46727
46701
46728
46702
46729
46703
46730
46704
46731
46705
46732
46706
46733
46707
46734
46708
46735
46709
46736
46710
46737
46711
46738
46712
46739
46713
46740
46714
46741
46715
46742
46743
46717
46744
46718
46745
46719
46746
46720
46747
46721
46748
46722
46749
46723
46750
46724
46751
46725
46752
46726
46753
46727
46754
46728
46755
46729
46756
46730
46757
46731
46758
46732
46759
46733
46760
46734
46761
46735
46762
46736
46763
46737
46764
46738
46765
46739
46766
46740
46767
46741
46768
46742
46769
46743
46770
46771
46745
46772
46746
46773
46747
46774
46748
46775
46749
46776
46750
46777
46751
46778
46752
46779
46753
46780
46754
46781
46755
46782
46756
46783
46757
46784
46758
46785
46759
46786
46760
46787
46761
46788
46762
46789
46763
46790
46764
46791
46765
46792
46766
46793
46767
46794
46768
46795
46769
46796
46770
46797
46771
46798
46799
46773
46800
46774
46801
46775
46802
46776
46803
46777
46804
46778
46805
46779
46806
46780
46807
46781
46808
46782
46809
46783
46810
46784
46811
46785
46812
46786
46813
46787
46814
46788
46815
46789
46816
46790
46817
46791
46818
46792
46819
46793
46820
46794
46821
46795
46822
46796
46823
46797
46824
46798
46825
46799
46826
46827
46801
46828
46802
46829
46803
46830
46804
46831
46805
46832
46806
46833
46807
46834
46808
46835
46809
46836
46810
46837
46811
46838
46812
46839
46813
46840
46814
46841
46815
46842
46816
46843
46817
46844
46818
46845
46819
46846
46820
46847
46821
46848
46822
46849
46823
46850
46824
46851
46825
46852
46826
46853
46827
46854
46855
46829
46856
46830
46857
46831
46858
46832
46859
46833
46860
46834
46861
46835
46862
46836
46863
46837
46864
46838
46865
46839
46866
46840
46867
46841
46868
46842
46869
46843
46870
46844
46871
46845
46872
46846
46873
46847
46874
46848
46875
46849
46876
46850
46877
46851
46878
46852
46879
46853
46880
46854
46881
46855
46882
46883
46857
48004
46858
48005
46859
48006
46860
48007
46861
48008
46862
48009
46863
48010
46864
48011
46865
48012
46866
48013
46867
48014
46868
48015
46869
48016
46870
48017
46871
48018
46872
48019
46873
48020
46874
48021
46875
48022
46876
48023
46877
48024
46878
48025
46879
48026
46880
48027
46881
48028
46882
48029
46883
48030
48031
46885
46908
46886
46909
46887
46910
46888
46911
46889
46912
46890
46913
46891
46914
46892
46915
46893
46916
46894
46917
46895
46918
46896
46919
46897
46920
46898
46921
46899
46922
46900
46923
46901
46924
46902
46925
46903
46926
46904
46927
46905
46928
46906
46929
46907
46930
46931
47556
46909
46932
46910
46933
46911
46934
46912
46935
46913
46936
46914
46937
46915
46938
46916
46939
46917
46940
46918
46941
46919
46942
46920
46943
46921
46944
46922
46945
46923
46946
46924
46947
46925
46948
46926
46949
46927
46950
46928
46951
46929
46952
46930
46953
46931
46954
46955
47572
46933
46956
46934
46957
46935
46958
46936
46959
46937
46960
46938
46961
46939
46962
46940
46963
46941
46964
46942
46965
46943
46966
46944
46967
46945
46968
46946
46969
46947
46970
46948
46971
46949
46972
46950
46973
46951
46974
46952
46975
46953
46976
46954
46977
46955
46978
46979
47588
46957
46980
46958
46981
46959
46982
46960
46983
46961
46984
46962
46985
46963
46986
46964
46987
46965
46988
46966
46989
46967
46990
46968
46991
46969
46992
46970
46993
46971
46994
46972
46995
46973
46996
46974
46997
46975
46998
46976
46999
46977
47000
46978
47001
46979
47002
47003
47604
46981
47004
46982
47005
46983
47006
46984
47007
46985
47008
46986
47009
46987
47010
46988
47011
46989
47012
46990
47013
46991
47014
46992
47015
46993
47016
46994
47017
46995
47018
46996
47019
46997
47020
46998
47021
46999
47022
47000
47023
47001
47024
47002
47025
47003
47026
47027
47620
47005
47028
47006
47029
47007
47030
47008
47031
47009
47032
47010
47033
47011
47034
47012
47035
47013
47036
47014
47037
47015
47038
47016
47039
47017
47040
47018
47041
47019
47042
47020
47043
47021
47044
47022
47045
47023
47046
47024
47047
47025
47048
47026
47049
47027
47050
47051
47636
47029
47052
47030
47053
47031
47054
47032
47055
47033
47056
47034
47057
47035
47058
47036
47059
47037
47060
47038
47061
47039
47062
47040
47063
47041
47064
47042
47065
47043
47066
47044
47067
47045
47068
47046
47069
47047
47070
47048
47071
47049
47072
47050
47073
47051
47074
47075
47652
47053
47076
47054
47077
47055
47078
47056
47079
47057
47080
47058
47081
47059
47082
47060
47083
47061
47084
47062
47085
47063
47086
47064
47087
47065
47088
47066
47089
47067
47090
47068
47091
47069
47092
47070
47093
47071
47094
47072
47095
47073
47096
47074
47097
47075
47098
47099
47668
47077
47100
47078
47101
47079
47102
47080
47103
47081
47104
47082
47105
47083
47106
47084
47107
47085
47108
47086
47109
47087
47110
47088
47111
47089
47112
47090
47113
47091
47114
47092
47115
47093
47116
47094
47117
47095
47118
47096
47119
47097
47120
47098
47121
47099
47122
47123
47684
47101
47124
47102
47125
47103
47126
47104
47127
47105
47128
47106
47129
47107
47130
47108
47131
47109
47132
47110
47133
47111
47134
47112
47135
47113
47136
47114
47137
47115
47138
47116
47139
47117
47140
47118
47141
47119
47142
47120
47143
47121
47144
47122
47145
47123
47146
47147
47700
47125
47148
47126
47149
47127
47150
47128
47151
47129
47152
47130
47153
47131
47154
47132
47155
47133
47156
47134
47157
47135
47158
47136
47159
47137
47160
47138
47161
47139
47162
47140
47163
47141
47164
47142
47165
47143
47166
47144
47167
47145
47168
47146
47169
47147
47170
47171
47716
47149
47172
47150
47173
47151
47174
47152
47175
47153
47176
47154
47177
47155
47178
47156
47179
47157
47180
47158
47181
47159
47182
47160
47183
47161
47184
47162
47185
47163
47186
47164
47187
47165
47188
47166
47189
47167
47190
47168
47191
47169
47192
47170
47193
47171
47194
47195
47732
47173
47196
47174
47197
47175
47198
47176
47199
47177
47200
47178
47201
47179
47202
47180
47203
47181
47204
47182
47205
47183
47206
47184
47207
47185
47208
47186
47209
47187
47210
47188
47211
47189
47212
47190
47213
47191
47214
47192
47215
47193
47216
47194
47217
47195
47218
47219
47748
47197
47220
47198
47221
47199
47222
47200
47223
47201
47224
47202
47225
47203
47226
47204
47227
47205
47228
47206
47229
47207
47230
47208
47231
47209
47232
47210
47233
47211
47234
47212
47235
47213
47236
47214
47237
47215
47238
47216
47239
47217
47240
47218
47241
47219
47242
47243
47764
47221
47244
47222
47245
47223
47246
47224
47247
47225
47248
47226
47249
47227
47250
47228
47251
47229
47252
47230
47253
47231
47254
47232
47255
47233
47256
47234
47257
47235
47258
47236
47259
47237
47260
47238
47261
47239
47262
47240
47263
47241
47264
47242
47265
47243
47266
47267
47780
47245
47268
47246
47269
47247
47270
47248
47271
47249
47272
47250
47273
47251
47274
47252
47275
47253
47276
47254
47277
47255
47278
47256
47279
47257
47280
47258
47281
47259
47282
47260
47283
47261
47284
47262
47285
47263
47286
47264
47287
47265
47288
47266
47289
47267
47290
47291
47796
47269
47292
47270
47293
47271
47294
47272
47295
47273
47296
47274
47297
47275
47298
47276
47299
47277
47300
47278
47301
47279
47302
47280
47303
47281
47304
47282
47305
47283
47306
47284
47307
47285
47308
47286
47309
47287
47310
47288
47311
47289
47312
47290
47313
47291
47314
47315
47812
47293
47316
47294
47317
47295
47318
47296
47319
47297
47320
47298
47321
47299
47322
47300
47323
47301
47324
47302
47325
47303
47326
47304
47327
47305
47328
47306
47329
47307
47330
47308
47331
47309
47332
47310
47333
47311
47334
47312
47335
47313
47336
47314
47337
47315
47338
47339
47828
47317
47340
47318
47341
47319
47342
47320
47343
47321
47344
47322
47345
47323
47346
47324
47347
47325
47348
47326
47349
47327
47350
47328
47351
47329
47352
47330
47353
47331
47354
47332
47355
47333
47356
47334
47357
47335
47358
47336
47359
47337
47360
47338
47361
47339
47362
47363
47844
47341
47364
47342
47365
47343
47366
47344
47367
47345
47368
47346
47369
47347
47370
47348
47371
47349
47372
47350
47373
47351
47374
47352
47375
47353
47376
47354
47377
47355
47378
47356
47379
47357
47380
47358
47381
47359
47382
47360
47383
47361
47384
47362
47385
47363
47386
47387
47860
47365
47388
47366
47389
47367
47390
47368
47391
47369
47392
47370
47393
47371
47394
47372
47395
47373
47396
47374
47397
47375
47398
47376
47399
47377
47400
47378
47401
47379
47402
47380
47403
47381
47404
47382
47405
47383
47406
47384
47407
47385
47408
47386
47409
47387
47410
47411
47876
47389
47412
47390
47413
47391
47414
47392
47415
47393
47416
47394
47417
47395
47418
47396
47419
47397
47420
47398
47421
47399
47422
47400
47423
47401
47424
47402
47425
47403
47426
47404
47427
47405
47428
47406
47429
47407
47430
47408
47431
47409
47432
47410
47433
47411
47434
47435
47892
47413
47436
47414
47437
47415
47438
47416
47439
47417
47440
47418
47441
47419
47442
47420
47443
47421
47444
47422
47445
47423
47446
47424
47447
47425
47448
47426
47449
47427
47450
47428
47451
47429
47452
47430
47453
47431
47454
47432
47455
47433
47456
47434
47457
47435
47458
47459
47908
47437
47460
47438
47461
47439
47462
47440
47463
47441
47464
47442
47465
47443
47466
47444
47467
47445
47468
47446
47469
47447
47470
47448
47471
47449
47472
47450
47473
47451
47474
47452
47475
47453
47476
47454
47477
47455
47478
47456
47479
47457
47480
47458
47481
47459
47482
47483
47924
47461
47484
47462
47485
47463
47486
47464
47487
47465
47488
47466
47489
47467
47490
47468
47491
47469
47492
47470
47493
47471
47494
47472
47495
47473
47496
47474
47497
47475
47498
47476
47499
47477
47500
47478
47501
47479
47502
47480
47503
47481
47504
47482
47505
47483
47506
47507
47940
47485
47508
47486
47509
47487
47510
47488
47511
47489
47512
47490
47513
47491
47514
47492
47515
47493
47516
47494
47517
47495
47518
47496
47519
47497
47520
47498
47521
47499
47522
47500
47523
47501
47524
47502
47525
47503
47526
47504
47527
47505
47528
47506
47529
47507
47530
47531
47956
47509
47532
47510
47533
47511
47534
47512
47535
47513
47536
47514
47537
47515
47538
47516
47539
47517
47540
47518
47541
47519
47542
47520
47543
47521
47544
47522
47545
47523
47546
47524
47547
47525
47548
47526
47549
47527
47550
47528
47551
47529
47552
47530
47553
47531
47554
47555
47972
47533
47534
47535
47536
47537
47538
47539
47540
47541
47542
47543
47544
47545
47546
47547
47548
47549
47550
47551
47552
47553
47554
47555
47988
47557
47572
47558
47573
47559
47574
47560
47575
47561
47576
47562
47577
47563
47578
47564
47579
47565
47580
47566
47581
47567
47582
47568
47583
47569
47584
47570
47585
47571
47586
47587
48004
47573
47588
47574
47589
47575
47590
47576
47591
47577
47592
47578
47593
47579
47594
47580
47595
47581
47596
47582
47597
47583
47598
47584
47599
47585
47600
47586
47601
47587
47602
47603
48032
47589
47604
47590
47605
47591
47606
47592
47607
47593
47608
47594
47609
47595
47610
47596
47611
47597
47612
47598
47613
47599
47614
47600
47615
47601
47616
47602
47617
47603
47618
47619
48060
47605
47620
47606
47621
47607
47622
47608
47623
47609
47624
47610
47625
47611
47626
47612
47627
47613
47628
47614
47629
47615
47630
47616
47631
47617
47632
47618
47633
47619
47634
47635
48088
47621
47636
47622
47637
47623
47638
47624
47639
47625
47640
47626
47641
47627
47642
47628
47643
47629
47644
47630
47645
47631
47646
47632
47647
47633
47648
47634
47649
47635
47650
47651
48116
47637
47652
47638
47653
47639
47654
47640
47655
47641
47656
47642
47657
47643
47658
47644
47659
47645
47660
47646
47661
47647
47662
47648
47663
47649
47664
47650
47665
47651
47666
47667
48144
47653
47668
47654
47669
47655
47670
47656
47671
47657
47672
47658
47673
47659
47674
47660
47675
47661
47676
47662
47677
47663
47678
47664
47679
47665
47680
47666
47681
47667
47682
47683
48172
47669
47684
47670
47685
47671
47686
47672
47687
47673
47688
47674
47689
47675
47690
47676
47691
47677
47692
47678
47693
47679
47694
47680
47695
47681
47696
47682
47697
47683
47698
47699
48200
47685
47700
47686
47701
47687
47702
47688
47703
47689
47704
47690
47705
47691
47706
47692
47707
47693
47708
47694
47709
47695
47710
47696
47711
47697
47712
47698
47713
47699
47714
47715
48228
47701
47716
47702
47717
47703
47718
47704
47719
47705
47720
47706
47721
47707
47722
47708
47723
47709
47724
47710
47725
47711
47726
47712
47727
47713
47728
47714
47729
47715
47730
47731
48256
47717
47732
47718
47733
47719
47734
47720
47735
47721
47736
47722
47737
47723
47738
47724
47739
47725
47740
47726
47741
47727
47742
47728
47743
47729
47744
47730
47745
47731
47746
47747
48284
47733
47748
47734
47749
47735
47750
47736
47751
47737
47752
47738
47753
47739
47754
47740
47755
47741
47756
47742
47757
47743
47758
47744
47759
47745
47760
47746
47761
47747
47762
47763
48312
47749
47764
47750
47765
47751
47766
47752
47767
47753
47768
47754
47769
47755
47770
47756
47771
47757
47772
47758
47773
47759
47774
47760
47775
47761
47776
47762
47777
47763
47778
47779
48340
47765
47780
47766
47781
47767
47782
47768
47783
47769
47784
47770
47785
47771
47786
47772
47787
47773
47788
47774
47789
47775
47790
47776
47791
47777
47792
47778
47793
47779
47794
47795
48368
47781
47796
47782
47797
47783
47798
47784
47799
47785
47800
47786
47801
47787
47802
47788
47803
47789
47804
47790
47805
47791
47806
47792
47807
47793
47808
47794
47809
47795
47810
47811
48396
47797
47812
47798
47813
47799
47814
47800
47815
47801
47816
47802
47817
47803
47818
47804
47819
47805
47820
47806
47821
47807
47822
47808
47823
47809
47824
47810
47825
47811
47826
47827
48424
47813
47828
47814
47829
47815
47830
47816
47831
47817
47832
47818
47833
47819
47834
47820
47835
47821
47836
47822
47837
47823
47838
47824
47839
47825
47840
47826
47841
47827
47842
47843
48452
47829
47844
47830
47845
47831
47846
47832
47847
47833
47848
47834
47849
47835
47850
47836
47851
47837
47852
47838
47853
47839
47854
47840
47855
47841
47856
47842
47857
47843
47858
47859
48480
47845
47860
47846
47861
47847
47862
47848
47863
47849
47864
47850
47865
47851
47866
47852
47867
47853
47868
47854
47869
47855
47870
47856
47871
47857
47872
47858
47873
47859
47874
47875
48508
47861
47876
47862
47877
47863
47878
47864
47879
47865
47880
47866
47881
47867
47882
47868
47883
47869
47884
47870
47885
47871
47886
47872
47887
47873
47888
47874
47889
47875
47890
47891
48536
47877
47892
47878
47893
47879
47894
47880
47895
47881
47896
47882
47897
47883
47898
47884
47899
47885
47900
47886
47901
47887
47902
47888
47903
47889
47904
47890
47905
47891
47906
47907
48564
47893
47908
47894
47909
47895
47910
47896
47911
47897
47912
47898
47913
47899
47914
47900
47915
47901
47916
47902
47917
47903
47918
47904
47919
47905
47920
47906
47921
47907
47922
47923
48592
47909
47924
47910
47925
47911
47926
47912
47927
47913
47928
47914
47929
47915
47930
47916
47931
47917
47932
47918
47933
47919
47934
47920
47935
47921
47936
47922
47937
47923
47938
47939
48620
47925
47940
47926
47941
47927
47942
47928
47943
47929
47944
47930
47945
47931
47946
47932
47947
47933
47948
47934
47949
47935
47950
47936
47951
47937
47952
47938
47953
47939
47954
47955
48648
47941
47956
47942
47957
47943
47958
47944
47959
47945
47960
47946
47961
47947
47962
47948
47963
47949
47964
47950
47965
47951
47966
47952
47967
47953
47968
47954
47969
47955
47970
47971
48676
47957
47972
47958
47973
47959
47974
47960
47975
47961
47976
47962
47977
47963
47978
47964
47979
47965
47980
47966
47981
47967
47982
47968
47983
47969
47984
47970
47985
47971
47986
47987
48704
47973
47988
47974
47989
47975
47990
47976
47991
47977
47992
47978
47993
47979
47994
47980
47995
47981
47996
47982
47997
47983
47998
47984
47999
47985
48000
47986
48001
47987
48002
48003
48732
47989
47990
47991
47992
47993
47994
47995
47996
47997
47998
47999
48000
48001
48002
48003
48760
48005
48032
48006
48033
48007
48034
48008
48035
48009
48036
48010
48037
48011
48038
48012
48039
48013
48040
48014
48041
48015
48042
48016
48043
48017
48044
48018
48045
48019
48046
48020
48047
48021
48048
48022
48049
48023
48050
48024
48051
48025
48052
48026
48053
48027
48054
48028
48055
48029
48056
48030
48057
48031
48058
48059
48033
48060
48034
48061
48035
48062
48036
48063
48037
48064
48038
48065
48039
48066
48040
48067
48041
48068
48042
48069
48043
48070
48044
48071
48045
48072
48046
48073
48047
48074
48048
48075
48049
48076
48050
48077
48051
48078
48052
48079
48053
48080
48054
48081
48055
48082
48056
48083
48057
48084
48058
48085
48059
48086
48087
48061
48088
48062
48089
48063
48090
48064
48091
48065
48092
48066
48093
48067
48094
48068
48095
48069
48096
48070
48097
48071
48098
48072
48099
48073
48100
48074
48101
48075
48102
48076
48103
48077
48104
48078
48105
48079
48106
48080
48107
48081
48108
48082
48109
48083
48110
48084
48111
48085
48112
48086
48113
48087
48114
48115
48089
48116
48090
48117
48091
48118
48092
48119
48093
48120
48094
48121
48095
48122
48096
48123
48097
48124
48098
48125
48099
48126
48100
48127
48101
48128
48102
48129
48103
48130
48104
48131
48105
48132
48106
48133
48107
48134
48108
48135
48109
48136
48110
48137
48111
48138
48112
48139
48113
48140
48114
48141
48115
48142
48143
48117
48144
48118
48145
48119
48146
48120
48147
48121
48148
48122
48149
48123
48150
48124
48151
48125
48152
48126
48153
48127
48154
48128
48155
48129
48156
48130
48157
48131
48158
48132
48159
48133
48160
48134
48161
48135
48162
48136
48163
48137
48164
48138
48165
48139
48166
48140
48167
48141
48168
48142
48169
48143
48170
48171
48145
48172
48146
48173
48147
48174
48148
48175
48149
48176
48150
48177
48151
48178
48152
48179
48153
48180
48154
48181
48155
48182
48156
48183
48157
48184
48158
48185
48159
48186
48160
48187
48161
48188
48162
48189
48163
48190
48164
48191
48165
48192
48166
48193
48167
48194
48168
48195
48169
48196
48170
48197
48171
48198
48199
48173
48200
48174
48201
48175
48202
48176
48203
48177
48204
48178
48205
48179
48206
48180
48207
48181
48208
48182
48209
48183
48210
48184
48211
48185
48212
48186
48213
48187
48214
48188
48215
48189
48216
48190
48217
48191
48218
48192
48219
48193
48220
48194
48221
48195
48222
48196
48223
48197
48224
48198
48225
48199
48226
48227
48201
48228
48202
48229
48203
48230
48204
48231
48205
48232
48206
48233
48207
48234
48208
48235
48209
48236
48210
48237
48211
48238
48212
48239
48213
48240
48214
48241
48215
48242
48216
48243
48217
48244
48218
48245
48219
48246
48220
48247
48221
48248
48222
48249
48223
48250
48224
48251
48225
48252
48226
48253
48227
48254
48255
48229
48256
48230
48257
48231
48258
48232
48259
48233
48260
48234
48261
48235
48262
48236
48263
48237
48264
48238
48265
48239
48266
48240
48267
48241
48268
48242
48269
48243
48270
48244
48271
48245
48272
48246
48273
48247
48274
48248
48275
48249
48276
48250
48277
48251
48278
48252
48279
48253
48280
48254
48281
48255
48282
48283
48257
48284
48258
48285
48259
48286
48260
48287
48261
48288
48262
48289
48263
48290
48264
48291
48265
48292
48266
48293
48267
48294
48268
48295
48269
48296
48270
48297
48271
48298
48272
48299
48273
48300
48274
48301
48275
48302
48276
48303
48277
48304
48278
48305
48279
48306
48280
48307
48281
48308
48282
48309
48283
48310
48311
48285
48312
48286
48313
48287
48314
48288
48315
48289
48316
48290
48317
48291
48318
48292
48319
48293
48320
48294
48321
48295
48322
48296
48323
48297
48324
48298
48325
48299
48326
48300
48327
48301
48328
48302
48329
48303
48330
48304
48331
48305
48332
48306
48333
48307
48334
48308
48335
48309
48336
48310
48337
48311
48338
48339
48313
48340
48314
48341
48315
48342
48316
48343
48317
48344
48318
48345
48319
48346
48320
48347
48321
48348
48322
48349
48323
48350
48324
48351
48325
48352
48326
48353
48327
48354
48328
48355
48329
48356
48330
48357
48331
48358
48332
48359
48333
48360
48334
48361
48335
48362
48336
48363
48337
48364
48338
48365
48339
48366
48367
48341
48368
48342
48369
48343
48370
48344
48371
48345
48372
48346
48373
48347
48374
48348
48375
48349
48376
48350
48377
48351
48378
48352
48379
48353
48380
48354
48381
48355
48382
48356
48383
48357
48384
48358
48385
48359
48386
48360
48387
48361
48388
48362
48389
48363
48390
48364
48391
48365
48392
48366
48393
48367
48394
48395
48369
48396
48370
48397
48371
48398
48372
48399
48373
48400
48374
48401
48375
48402
48376
48403
48377
48404
48378
48405
48379
48406
48380
48407
48381
48408
48382
48409
48383
48410
48384
48411
48385
48412
48386
48413
48387
48414
48388
48415
48389
48416
48390
48417
48391
48418
48392
48419
48393
48420
48394
48421
48395
48422
48423
48397
48424
48398
48425
48399
48426
48400
48427
48401
48428
48402
48429
48403
48430
48404
48431
48405
48432
48406
48433
48407
48434
48408
48435
48409
48436
48410
48437
48411
48438
48412
48439
48413
48440
48414
48441
48415
48442
48416
48443
48417
48444
48418
48445
48419
48446
48420
48447
48421
48448
48422
48449
48423
48450
48451
48425
48452
48426
48453
48427
48454
48428
48455
48429
48456
48430
48457
48431
48458
48432
48459
48433
48460
48434
48461
48435
48462
48436
48463
48437
48464
48438
48465
48439
48466
48440
48467
48441
48468
48442
48469
48443
48470
48444
48471
48445
48472
48446
48473
48447
48474
48448
48475
48449
48476
48450
48477
48451
48478
48479
48453
48480
48454
48481
48455
48482
48456
48483
48457
48484
48458
48485
48459
48486
48460
48487
48461
48488
48462
48489
48463
48490
48464
48491
48465
48492
48466
48493
48467
48494
48468
48495
48469
48496
48470
48497
48471
48498
48472
48499
48473
48500
48474
48501
48475
48502
48476
48503
48477
48504
48478
48505
48479
48506
48507
48481
48508
48482
48509
48483
48510
48484
48511
48485
48512
48486
48513
48487
48514
48488
48515
48489
48516
48490
48517
48491
48518
48492
48519
48493
48520
48494
48521
48495
48522
48496
48523
48497
48524
48498
48525
48499
48526
48500
48527
48501
48528
48502
48529
48503
48530
48504
48531
48505
48532
48506
48533
48507
48534
48535
48509
48536
48510
48537
48511
48538
48512
48539
48513
48540
48514
48541
48515
48542
48516
48543
48517
48544
48518
48545
48519
48546
48520
48547
48521
48548
48522
48549
48523
48550
48524
48551
48525
48552
48526
48553
48527
48554
48528
48555
48529
48556
48530
48557
48531
48558
48532
48559
48533
48560
48534
48561
48535
48562
48563
48537
48564
48538
48565
48539
48566
48540
48567
48541
48568
48542
48569
48543
48570
48544
48571
48545
48572
48546
48573
48547
48574
48548
48575
48549
48576
48550
48577
48551
48578
48552
48579
48553
48580
48554
48581
48555
48582
48556
48583
48557
48584
48558
48585
48559
48586
48560
48587
48561
48588
48562
48589
48563
48590
48591
48565
48592
48566
48593
48567
48594
48568
48595
48569
48596
48570
48597
48571
48598
48572
48599
48573
48600
48574
48601
48575
48602
48576
48603
48577
48604
48578
48605
48579
48606
48580
48607
48581
48608
48582
48609
48583
48610
48584
48611
48585
48612
48586
48613
48587
48614
48588
48615
48589
48616
48590
48617
48591
48618
48619
48593
48620
48594
48621
48595
48622
48596
48623
48597
48624
48598
48625
48599
48626
48600
48627
48601
48628
48602
48629
48603
48630
48604
48631
48605
48632
48606
48633
48607
48634
48608
48635
48609
48636
48610
48637
48611
48638
48612
48639
48613
48640
48614
48641
48615
48642
48616
48643
48617
48644
48618
48645
48619
48646
48647
48621
48648
48622
48649
48623
48650
48624
48651
48625
48652
48626
48653
48627
48654
48628
48655
48629
48656
48630
48657
48631
48658
48632
48659
48633
48660
48634
48661
48635
48662
48636
48663
48637
48664
48638
48665
48639
48666
48640
48667
48641
48668
48642
48669
48643
48670
48644
48671
48645
48672
48646
48673
48647
48674
48675
48649
48676
48650
48677
48651
48678
48652
48679
48653
48680
48654
48681
48655
48682
48656
48683
48657
48684
48658
48685
48659
48686
48660
48687
48661
48688
48662
48689
48663
48690
48664
48691
48665
48692
48666
48693
48667
48694
48668
48695
48669
48696
48670
48697
48671
48698
48672
48699
48673
48700
48674
48701
48675
48702
48703
48677
48704
48678
48705
48679
48706
48680
48707
48681
48708
48682
48709
48683
48710
48684
48711
48685
48712
48686
48713
48687
48714
48688
48715
48689
48716
48690
48717
48691
48718
48692
48719
48693
48720
48694
48721
48695
48722
48696
48723
48697
48724
48698
48725
48699
48726
48700
48727
48701
48728
48702
48729
48703
48730
48731
48705
48732
48706
48733
48707
48734
48708
48735
48709
48736
48710
48737
48711
48738
48712
48739
48713
48740
48714
48741
48715
48742
48716
48743
48717
48744
48718
48745
48719
48746
48720
48747
48721
48748
48722
48749
48723
48750
48724
48751
48725
48752
48726
48753
48727
48754
48728
48755
48729
48756
48730
48757
48731
48758
48759
48733
48760
48734
48761
48735
48762
48736
48763
48737
48764
48738
48765
48739
48766
48740
48767
48741
48768
48742
48769
48743
48770
48744
48771
48745
48772
48746
48773
48747
48774
48748
48775
48749
48776
48750
48777
48751
48778
48752
48779
48753
48780
48754
48781
48755
48782
48756
48783
48757
48784
48758
48785
48759
48786
48787
48761
48762
48763
48764
48765
48766
48767
48768
48769
48770
48771
48772
48773
48774
48775
48776
48777
48778
48779
48780
48781
48782
48783
48784
48785
48786
48787
)


// ************************************************************************* //
